case_id,target,slot,gt_x_mm,gt_y_mm,gt_z_mm,pred_seed42_x,pred_seed42_y,pred_seed42_z,pred_seed43_x,pred_seed43_y,pred_seed43_z,pred_seed44_x,pred_seed44_y,pred_seed44_z,pred_ens_x,pred_ens_y,pred_ens_z,error_seed42_mm,error_seed43_mm,error_seed44_mm,error_ens_mm
FLARE22_Tr_0001,liver,4,-103.1277104237688,-130.48160110474703,158.7161095311577,-99.62532,-90.411224,164.68466,-106.98014,-88.789024,175.899,-105.675064,-92.590324,158.28696,-104.093506,-90.59686,166.2902,40.66356409179508,45.25885517005049,37.979231600151635,40.609014542515446
FLARE22_Tr_0001,kidney_right,1,-99.01719525454816,-197.54057556909297,102.11616234092376,-101.83121,-145.94328,91.93979,-102.75021,-143.86208,107.938065,-97.97614,-139.83986,91.46542,-100.852516,-143.21507,97.11442,52.66647732495849,54.12218869019805,58.68470599466934,54.58613485509363
FLARE22_Tr_0001,spleen,0,-260.1354003832481,-196.12709336098243,159.92364613084612,-255.59897,-144.62305,150.46771,-258.32938,-143.23776,167.07918,-257.75394,-149.15944,149.97879,-257.22742,-145.67342,155.84189,52.56101883797779,53.40172920083389,48.06799428717171,50.70197884403761
FLARE22_Tr_0001,pancreas,6,-176.55191608002258,-132.82255691727408,122.12718511703339,-182.05484,-88.73294,121.21225,-182.02698,-92.19244,137.47154,-182.6536,-89.52897,117.16641,-182.24513,-90.15145,125.283394,44.441124421484105,43.77479074932523,44.001983169044884,43.164773102210866
FLARE22_Tr_0001,aorta,51,-175.33196541508102,-179.11902859500148,163.5703901689243,-176.57458,-120.573,176.12444,-179.40591,-125.09221,181.617,-176.95953,-120.968925,182.40848,-177.64668,-122.21137,180.04997,59.889780835837065,57.10669483526633,61.14701150668951,59.29094271153377
FLARE22_Tr_0001,inferior_vena_cava,62,-141.6459920446527,-161.8397149063956,128.36829936632986,-145.85373,-103.65109,134.29742,-147.16011,-108.6403,156.29108,-145.52763,-106.96117,141.97081,-146.1805,-106.41752,144.18645,58.6410722036274,60.33460919103194,56.672308261257164,57.813453182303014
FLARE22_Tr_0001,adrenal_gland_right,7,-132.0759080751286,-181.85678643594116,161.4768026004728,-132.66518,-131.41559,145.00258,-135.52116,-130.85385,157.56042,-133.79791,-131.69629,139.31653,-133.99475,-131.32191,147.29317,53.06657847021939,51.26896911022269,54.86454731881543,52.522668799272864
FLARE22_Tr_0001,adrenal_gland_left,8,-200.17673517996366,-170.2115649492,148.7732803575863,-200.95932,-118.37941,127.064766,-200.618,-120.81882,153.18527,-200.61127,-118.86554,126.79908,-200.72954,-119.35459,135.68303,56.200038667210634,49.59136940781065,55.85220343160006,52.51754019962664
FLARE22_Tr_0001,gallbladder,3,-97.74683540655624,-109.3769710473225,107.12767166894042,-87.93562,-59.526985,125.44974,-97.46116,-65.265785,136.09857,-95.69492,-70.28405,131.1323,-93.697235,-65.025604,130.89354,54.00906475584889,52.77491240706968,45.92046056776807,50.48028793421782
FLARE22_Tr_0001,esophagus,14,-175.4901759747036,-171.83904794680183,225.21312674557788,-173.01836,-122.165184,220.91312,-175.90236,-119.727356,228.2163,-176.22714,-123.04414,206.71619,-175.04927,-121.64557,218.61519,49.92086475820725,52.19978301155948,52.188337775013544,50.62719160086177
FLARE22_Tr_0001,stomach,5,-204.0458595586435,-108.99036558916477,146.9461807233205,-208.28119,-74.585396,144.9906,-205.57051,-76.43022,163.29762,-212.28606,-76.5291,144.37595,-208.71259,-75.84824,150.88805,34.71979628615884,36.46720711876919,33.589296101241146,33.700398764897685
FLARE22_Tr_0001,duodenum,18,-156.7802665623476,-140.9517038837056,87.01309337846047,-137.26437,-88.55026,84.80333,-139.37257,-90.07619,105.989914,-137.13458,-84.79162,89.67907,-137.92384,-87.80602,93.490776,55.96127403721048,57.021624746155176,59.55682612231403,56.76256250791967
FLARE22_Tr_0001,kidney_left,2,-240.16833959240356,-195.3405122151549,94.8943849826198,-228.18234,-143.28995,87.977005,-230.82553,-142.27853,112.2812,-232.33167,-139.53897,94.884285,-230.44652,-141.70248,98.38083,53.85884846061149,56.614157498352895,56.34913999287942,54.6233206956576
FLARE22_Tr_0002,liver,4,-113.61485634074761,-204.5063890571735,183.16186369571025,-121.91176,-127.39202,162.55457,-133.88792,-133.42761,168.3848,-130.71301,-134.77576,173.02782,-128.83757,-131.86513,167.98906,80.25038977602784,75.37606722492073,72.50797837301107,75.75419379200694
FLARE22_Tr_0002,kidney_right,1,-106.02883130252222,-250.2491459812504,80.69370320546042,-126.22734,-191.10788,96.38128,-130.8522,-186.73187,99.84982,-125.8466,-188.80322,103.57673,-127.64205,-188.88098,99.93594,64.43422382912503,70.83502487692242,68.49801781968772,67.84870470286914
FLARE22_Tr_0002,spleen,0,-285.39354186541374,-249.70796038640313,198.95349093419642,-297.28036,-189.8492,153.80505,-293.6466,-185.54236,159.98439,-293.4117,-195.96999,162.84145,-294.77957,-190.45384,158.87695,75.91277531113452,75.52435607728167,65.23910447594183,72.14760538035496
FLARE22_Tr_0002,pancreas,6,-196.2476719237209,-185.4257454970053,134.75990392797956,-210.42305,-131.07516,123.10141,-213.22328,-131.7518,127.09368,-210.11847,-134.996,133.022,-211.25493,-132.60765,127.73904,57.36590840299443,56.81403584605474,52.33142771270943,55.355771724301896
FLARE22_Tr_0002,aorta,51,-201.44824002794525,-224.13130504423188,164.0425934163701,-205.57019,-166.05992,166.10825,-208.6038,-168.82063,164.73212,-209.67746,-169.56439,169.97592,-207.95049,-168.14832,166.93877,58.25412439617506,55.77587300442641,55.50200383553741,56.43369682428024
FLARE22_Tr_0002,inferior_vena_cava,62,-166.51199889201365,-210.59079829400596,138.37562185700997,-174.9923,-152.80963,139.3078,-178.15558,-150.41095,147.82901,-176.71214,-155.77473,149.48926,-176.62001,-152.99843,145.54202,58.407598998080395,62.02059071182229,56.85381863190023,58.91018819906943
FLARE22_Tr_0002,adrenal_gland_right,7,-155.32061818416489,-233.77011815484445,157.85340684195646,-159.29012,-173.65659,146.42584,-164.92583,-173.28358,151.39253,-162.4321,-177.21039,156.7833,-162.21602,-174.71686,151.53389,61.31869963150392,61.58428109704675,57.015097519550956,59.78938358518554
FLARE22_Tr_0002,adrenal_gland_left,8,-221.7767113701833,-221.0515153045991,157.59661835748793,-235.33202,-163.27162,129.80862,-233.32106,-161.73433,143.45526,-232.68895,-166.3512,143.83636,-233.78069,-163.78572,139.03342,65.5319388038728,62.06269842196619,57.45038226772224,61.384518116981994
FLARE22_Tr_0002,gallbladder,3,-107.1066418859756,-165.66334874379254,133.6915914590282,-117.14717,-97.45118,124.42033,-124.33494,-106.62253,124.337425,-126.31153,-108.19732,141.96994,-122.59788,-104.09034,130.24257,69.56772683176223,62.21039398365874,61.1531143693285,63.58545104510932
FLARE22_Tr_0002,esophagus,14,-198.18469337554941,-221.70302970294938,234.5515882493432,-203.01382,-160.65433,216.59018,-206.31339,-159.95914,216.99928,-207.53409,-165.90762,221.53325,-205.62044,-162.17369,218.37425,63.81909406388285,64.7029160368468,58.051836477544605,62.134842729361615
FLARE22_Tr_0002,stomach,5,-226.26629545698873,-158.68764097828597,174.61191413433923,-234.37311,-110.88214,155.37982,-238.63412,-115.09425,158.05623,-241.16214,-118.101265,166.31694,-238.05646,-114.69256,159.91766,52.162818193822716,48.24352134920182,44.022115931102284,47.85912892917288
FLARE22_Tr_0002,duodenum,18,-175.8386064648706,-190.17425676659485,102.1880548768458,-168.25706,-136.57133,88.567924,-172.59978,-128.55896,93.248245,-170.44612,-136.0884,93.519455,-170.43433,-133.73956,91.77854,55.82348040393596,62.34464701698221,55.040930725255144,57.64060092268299
FLARE22_Tr_0002,kidney_left,2,-270.4798947048247,-258.2067936973459,124.93952356793653,-268.48447,-187.40439,94.06724,-266.44748,-185.03772,100.96281,-269.5951,-185.48018,104.37181,-268.1757,-185.9741,99.80062,77.26616562684575,77.10289690954302,75.58421917262923,76.5168934106513
FLARE22_Tr_0003,liver,4,-150.24346549629192,-173.63176061913953,181.181537046233,-122.794754,-119.357414,143.25508,-129.12395,-117.211105,157.4004,-131.55994,-127.519005,152.56693,-127.82621,-121.36251,151.07414,71.67672209543035,64.76778980473794,57.39561413443258,64.351091996091
FLARE22_Tr_0003,kidney_right,1,-126.79770504279468,-243.29921774661855,115.1289515397422,-127.81298,-184.74388,78.35077,-127.53215,-177.60815,89.05682,-124.27103,-181.97725,90.28881,-126.53872,-181.4431,85.8988,69.15484746147375,70.6796369221784,66.21027512750902,68.41526088144506
FLARE22_Tr_0003,spleen,0,-298.07333523681393,-252.13363901781378,143.0524485001807,-296.6264,-182.0961,134.73781,-293.7719,-178.24854,147.3715,-289.2187,-185.93585,144.14891,-293.20566,-182.0935,142.08607,70.5441971079975,74.13612529107179,66.79636209331044,70.2157276755364
FLARE22_Tr_0003,pancreas,6,-195.35965915151988,-172.59433831622576,114.90561380071443,-210.91441,-122.231476,103.48744,-209.88373,-122.11236,115.71065,-214.25285,-125.33696,111.32263,-211.68367,-123.22693,110.17358,53.93276319680877,52.53595895510085,51.02009769668701,52.211173527705355
FLARE22_Tr_0003,aorta,51,-207.353638326907,-219.3875182075818,142.1645222877065,-204.9684,-158.33963,150.52995,-206.20314,-158.81201,156.95271,-205.92668,-156.99574,159.88867,-205.6994,-158.04913,155.79045,61.66453143075452,62.365104161717646,64.87615373235282,62.855388757910234
FLARE22_Tr_0003,inferior_vena_cava,62,-175.50813485903478,-203.67635920641354,116.09325935184903,-174.67368,-145.43323,117.99653,-175.35727,-142.34604,135.28343,-174.41542,-146.60965,136.82396,-174.81544,-144.79631,130.03465,58.280195115564915,64.26269279955807,60.72532655900215,60.51200221943961
FLARE22_Tr_0003,adrenal_gland_right,7,-163.10197561081853,-232.33230102082976,158.85697708152017,-158.54895,-165.23361,125.00012,-160.29425,-162.53185,136.62267,-161.19362,-167.28897,136.74547,-160.01227,-165.01814,132.78943,75.294426964238,73.3099691982253,68.72550793235462,72.25136179462713
FLARE22_Tr_0003,adrenal_gland_left,8,-237.4598643196402,-216.05704323815556,142.6058920965452,-235.3633,-154.68057,108.2281,-232.45186,-154.8487,128.93202,-231.31863,-156.71306,125.17536,-233.0446,-155.41411,120.778496,70.3796781392174,62.916745608941156,62.15502095265405,64.60259543282649
FLARE22_Tr_0003,gallbladder,3,-120.3375945211438,-146.7911991728738,150.9070644718793,-117.09548,-91.81604,106.427986,-119.21319,-92.2079,118.55524,-126.11164,-102.435776,124.75525,-120.80677,-95.48657,116.57949,70.78960252057443,63.46055059334929,51.81371101937222,61.73141171012835
FLARE22_Tr_0003,esophagus,14,-208.28744319079541,-215.10598383861023,213.31743869209808,-203.1689,-154.1275,197.98798,-204.37918,-151.00323,202.24808,-204.86162,-156.42377,204.2874,-204.13658,-153.8515,201.50781,63.083810179845656,65.1687632216761,59.47167773038563,62.520464930356596
FLARE22_Tr_0003,stomach,5,-258.88122288127715,-171.85122532293474,155.28266726461666,-236.30008,-106.917274,135.04073,-234.71136,-100.71804,150.24763,-241.42432,-118.24179,143.34239,-237.47859,-108.6257,142.8769,71.66632552367037,75.29584039745147,57.630592837211815,67.89287372591856
FLARE22_Tr_0003,duodenum,18,-180.73119227350236,-180.76642400884427,99.47091215189282,-169.04274,-126.95741,72.98004,-169.03545,-122.01989,84.79077,-166.2951,-126.63701,80.89981,-168.12444,-125.20477,79.55688,61.10479394640498,61.67213540044554,59.01931910263615,60.353924290958886
FLARE22_Tr_0003,kidney_left,2,-264.76672806298654,-240.49918407868321,100.0858957923574,-269.21838,-180.5538,76.03035,-265.14838,-178.26938,91.26998,-263.51755,-178.4249,93.2041,-265.96143,-179.08269,86.83481,64.74515664338847,62.85232441634817,62.46708536728171,62.84110667427052
FLARE22_Tr_0004,liver,4,-132.78046419229545,-154.02949828108177,133.3152284524567,-133.34572,-115.84591,113.65623,-133.44594,-104.17253,119.84901,-138.62396,-114.19862,121.635635,-135.13853,-111.40568,118.38029,42.95092929538889,51.647837890881604,41.91727494797668,45.22613226537815
FLARE22_Tr_0004,kidney_right,1,-116.83055098362286,-211.65633549491014,77.0496905042316,-136.01862,-171.57544,51.59905,-130.61578,-161.151,58.413883,-130.956,-167.3161,56.641872,-132.53014,-166.68085,55.5516,51.20932755407931,55.57080860626764,50.81400947179288,52.26317401425419
FLARE22_Tr_0004,spleen,0,-295.77810339535085,-219.87862426238348,125.55236700682326,-290.008,-169.37381,103.755905,-292.13464,-160.13986,111.679,-292.24237,-173.46921,115.015915,-291.46167,-167.66096,110.15027,55.30927748346641,61.43667306596895,47.72161112906435,54.61263752165954
FLARE22_Tr_0004,pancreas,6,-219.18845064666417,-153.5542587860937,93.51444739775359,-214.64708,-118.57358,77.6691,-214.73491,-105.12052,82.241516,-215.93547,-114.227356,81.33326,-215.10582,-112.64048,80.41462,38.669719283592755,49.927346369794,41.29852905399633,43.153338908607395
FLARE22_Tr_0004,aorta,51,-201.4635386637224,-184.93390631862266,119.15726896974027,-209.1829,-143.41158,127.57624,-206.63695,-137.19844,135.89641,-211.95114,-143.73145,131.77208,-209.257,-141.44716,131.74825,43.064738513012635,50.849165484979395,44.34823612189372,45.9387417174183
FLARE22_Tr_0004,inferior_vena_cava,62,-168.83612230442503,-170.75468989560233,102.03921485079609,-178.38965,-129.4151,93.88124,-178.03912,-123.74228,106.50266,-178.4878,-130.84755,108.337585,-178.30553,-128.00165,102.907166,43.20629683415948,48.11220605257313,41.53798356050074,43.79778024381617
FLARE22_Tr_0004,adrenal_gland_right,7,-151.39437819681416,-204.07663492552635,128.05184248554914,-164.96117,-157.13692,96.539856,-164.15103,-145.41489,102.09477,-166.5347,-154.7669,106.79473,-165.21562,-152.43958,101.809784,58.141208663324676,65.40414685068997,55.790172746822755,59.5487896884547
FLARE22_Tr_0004,adrenal_gland_left,8,-227.2516014691047,-192.52899369178283,120.7419547079857,-235.94354,-144.60071,82.44676,-233.02713,-136.65384,89.275024,-232.48215,-143.44217,91.299484,-233.81761,-141.56557,87.67376,61.96121516871564,64.38600261539737,57.47811770611545,61.10555527677997
FLARE22_Tr_0004,gallbladder,3,-134.6744916742808,-127.4965669072972,106.36255597657596,-124.60506,-94.167274,83.398964,-121.20841,-78.743935,78.72725,-132.02014,-91.723045,95.47906,-125.94454,-88.21142,85.86843,41.70805453665904,57.63561949598359,37.48654374790241,45.161311872748655
FLARE22_Tr_0004,esophagus,14,-202.71631186420802,-182.49365486258492,185.01332899869962,-205.4494,-143.92346,170.9957,-206.13971,-134.9351,171.32153,-210.8033,-142.44337,173.08252,-207.46413,-140.43398,171.79993,41.12935169967095,49.60847355278982,42.564874263676465,44.341317020139336
FLARE22_Tr_0004,stomach,5,-255.35909608764928,-148.65711511857634,125.65042058054235,-244.32452,-105.1103,101.7331,-238.84006,-92.18105,113.4331,-246.8349,-102.965805,112.87346,-243.33318,-100.08572,109.34656,50.89327294868794,60.097314325872354,48.203822325605664,52.62717452008269
FLARE22_Tr_0004,duodenum,18,-193.33154603933377,-152.06882359250295,66.89048305695746,-170.3538,-119.19581,45.458477,-167.96815,-102.29379,57.11322,-169.8486,-113.41768,53.323246,-169.39018,-111.635765,51.96498,45.47463653803892,56.71375649966937,47.21683555070925,49.303059932136684
FLARE22_Tr_0004,kidney_left,2,-259.0276918263774,-222.0874729843754,81.29501219116881,-261.8129,-169.13556,51.901825,-262.48355,-161.35332,58.817585,-263.21558,-165.83908,60.599384,-262.504,-165.44266,57.106262,60.62690828661545,64.85225800066151,60.08102038844225,61.69129155411109
FLARE22_Tr_0005,liver,4,-129.79092348167273,-171.82257802286477,143.33966339387192,-120.0107,-93.23955,108.89696,-133.41074,-100.97698,129.85744,-136.77519,-102.856636,144.34282,-130.06554,-99.02438,127.69907,86.3553442931915,72.20783840763843,69.32595101796811,74.45992596469189
FLARE22_Tr_0005,kidney_right,1,-129.07474316842345,-244.48320228624942,105.22576268558359,-126.56832,-157.64638,48.548527,-133.50273,-160.33313,73.45662,-128.92621,-162.48135,91.41904,-129.66576,-160.15361,71.141396,103.72668581708972,90.05620599618294,83.1561837880237,90.95918576285332
FLARE22_Tr_0005,spleen,0,-307.81519921210355,-223.58188423250976,145.6866259672038,-305.70444,-159.4307,102.852196,-298.02478,-160.49756,127.993774,-301.36047,-167.98317,140.46396,-301.69656,-162.63715,123.76998,77.16617693503497,66.24591640526356,56.21527202624668,65.05411692395965
FLARE22_Tr_0005,pancreas,6,-231.95745524009794,-167.75133470133642,102.78078580102134,-213.79272,-96.50143,71.53891,-217.06197,-105.61395,97.58787,-217.77406,-107.80838,113.38587,-216.20958,-103.30792,94.170876,79.89093589765383,64.1084725234049,62.50435397880807,66.89603530595502
FLARE22_Tr_0005,aorta,51,-218.0341159009083,-207.53598371493328,115.8770351402322,-205.31766,-140.01654,111.102394,-208.33826,-142.63832,122.25039,-214.09633,-142.46233,136.34486,-209.25075,-141.70573,123.232544,68.87220571750335,65.9267469208652,68.3302210114599,66.81970376545854
FLARE22_Tr_0005,inferior_vena_cava,62,-186.10584442913435,-188.1589308910583,101.66662799870076,-176.89575,-121.44984,88.77475,-180.4994,-124.58692,113.54527,-183.64807,-125.4604,128.24054,-180.34773,-123.83239,110.18685,68.56478375745196,64.91482666303423,68.1419017067925,65.14333385466944
FLARE22_Tr_0005,adrenal_gland_right,7,-171.15893556652995,-211.89643518809035,134.85830828681839,-157.6766,-142.08295,91.60063,-167.64056,-145.54514,120.43171,-167.1771,-150.00562,136.55864,-164.16475,-145.8779,116.197,83.22813813858971,67.99265157289777,62.042080776385326,68.96093257086731
FLARE22_Tr_0005,adrenal_gland_left,8,-249.68290923425815,-211.46953626233727,122.71392617449665,-240.73111,-131.51607,78.14704,-238.25989,-137.53943,111.63519,-239.62517,-138.2294,122.747375,-239.53871,-135.76163,104.17654,91.97227358427675,75.62330695789944,73.92751008536058,78.60169880749099
FLARE22_Tr_0005,gallbladder,3,-123.05509756810577,-153.16083050925462,99.39152737242416,-120.86102,-62.937515,73.00428,-129.14874,-79.31819,91.23897,-137.25983,-75.46073,110.583855,-129.08986,-72.57214,91.60904,94.02843930080098,74.54080807444709,79.77686321293055,81.188188372455
FLARE22_Tr_0005,esophagus,14,-212.53466098822756,-194.88456180586238,177.47374941009912,-205.85536,-129.41559,160.6466,-209.04083,-132.38264,174.27505,-217.61603,-134.35896,183.89694,-210.8374,-132.05238,172.93953,67.92607936376763,62.68116249303634,61.07721181505524,63.018429670921854
FLARE22_Tr_0005,stomach,5,-249.57271498072262,-140.41326117905726,144.46125292776293,-239.0839,-76.38622,107.73131,-241.58063,-86.382904,121.8996,-246.10635,-88.47261,139.2078,-242.25696,-83.747246,122.94623,74.55579041524157,59.094680514049145,52.32060477987795,61.05287787473086
FLARE22_Tr_0005,duodenum,18,-203.96708721160815,-168.11267332862337,75.98607124601895,-174.9475,-100.02338,41.82067,-175.67343,-102.39099,69.38103,-177.79251,-107.45697,80.23719,-176.13782,-103.29044,63.81296,81.52032676917797,71.8574774559078,66.19890311445438,71.5861323753267
FLARE22_Tr_0005,kidney_left,2,-284.55443000322964,-239.28796558288715,96.14386343202841,-277.4041,-155.22884,46.258827,-270.10266,-160.07959,78.02126,-271.61554,-159.7194,89.9001,-273.04077,-158.3426,71.393394,98.008066593446,82.53029172790488,80.85514895683163,85.42424334206179
FLARE22_Tr_0006,liver,4,-150.1641618302998,-208.50107428033718,119.4720502035014,-148.60062,-156.62975,117.12273,-153.30582,-159.69037,130.58638,-155.31985,-159.11171,121.938995,-152.40877,-158.47728,123.216034,51.94803891817512,50.15858157728451,49.71897355940926,50.21389944632786
FLARE22_Tr_0006,kidney_right,1,-155.72634584408553,-272.63671293005615,88.11153764128812,-150.66193,-213.67967,55.498592,-152.99142,-215.69627,68.29114,-151.61455,-210.99396,58.789845,-151.75597,-213.45662,60.85986,67.56615418420463,60.353472612158846,68.38492426149216,65.27404816956073
FLARE22_Tr_0006,spleen,0,-307.54581739350465,-264.65333551527516,137.77491820923515,-309.12823,-216.21098,109.91914,-312.30905,-215.55359,122.03066,-314.0973,-216.72287,107.35175,-311.84485,-216.16248,113.10052,55.90268070755909,51.78180285461834,57.14735599801767,54.57720428757575
FLARE22_Tr_0006,pancreas,6,-230.20451361457816,-211.01609142061844,101.21233555688647,-234.2069,-155.88382,79.072815,-235.08769,-159.76166,92.345146,-241.36992,-154.37021,79.53108,-236.88817,-156.67189,83.64968,59.54615705063534,52.244516034219075,61.672514520352955,57.50139365455375
FLARE22_Tr_0006,aorta,51,-222.67817034546474,-250.20262119064526,136.20104798676226,-228.34569,-195.26662,144.79848,-229.7585,-195.03789,148.87671,-231.20013,-193.24426,150.45544,-229.76811,-194.51625,148.04353,55.89276446489034,57.04341568246208,59.330146527869566,57.371452854629766
FLARE22_Tr_0006,inferior_vena_cava,62,-191.41985517246673,-234.73154703749492,108.2990742393716,-197.0753,-172.81471,96.545784,-198.68703,-180.0373,115.458084,-199.53798,-176.54692,110.68726,-198.43343,-176.46631,107.56371,63.275732377218404,55.637439641576556,58.79675261068935,58.6904501716171
FLARE22_Tr_0006,adrenal_gland_right,7,-180.012496254959,-259.6437375162895,127.1469509399358,-181.57787,-198.26547,96.98698,-185.55775,-200.23373,114.35762,-186.09503,-196.99231,102.49368,-184.41022,-198.49718,104.61276,68.40589052964073,61.023482129557614,67.60164412594946,65.31486392017992
FLARE22_Tr_0006,adrenal_gland_left,8,-247.21965175781955,-238.93616705834114,118.36740408849062,-253.59103,-187.46762,85.67642,-253.79877,-191.30556,97.888565,-255.89764,-188.18927,93.77104,-254.42915,-188.98749,92.44534,61.30502476808394,52.26224829631739,57.05730578590361,56.7344756304214
FLARE22_Tr_0006,gallbladder,3,-156.78818198966707,-184.02546561971934,65.43617274403664,-136.45831,-126.383026,83.44641,-145.02455,-134.28323,85.036194,-149.06287,-132.03961,92.43759,-143.51524,-130.90196,86.9734,63.72066455681068,54.74334182508232,59.08710618420254,58.839863196282145
FLARE22_Tr_0006,esophagus,14,-219.37664379393138,-242.92721667107116,189.05554273849347,-223.7525,-198.44789,181.89465,-227.9925,-193.99097,187.95932,-230.21608,-199.02457,171.52423,-227.32036,-197.15446,180.4594,45.26407921717561,49.70101717115208,48.500339613627965,47.245541094582094
FLARE22_Tr_0006,stomach,5,-255.57136677853072,-182.13613152981213,114.82081116104662,-259.51123,-141.95898,105.67738,-259.78796,-147.6996,122.77443,-265.42706,-141.59695,105.72647,-261.5754,-143.75185,111.39276,41.39236584444687,35.59374132509129,42.69972667907219,39.001966618604754
FLARE22_Tr_0006,duodenum,18,-201.36862765663307,-211.68206513625898,66.88550270578183,-188.76543,-155.861,48.200607,-190.2265,-156.25742,66.00731,-191.0583,-152.50436,56.386856,-190.01674,-154.87425,56.864925,60.199320180543396,56.540339206067436,60.979707022042724,58.79119785671638
FLARE22_Tr_0006,kidney_left,2,-273.41155293347043,-258.67154108311786,84.82401080127852,-283.64713,-212.05377,54.859158,-284.6373,-214.19952,69.0242,-285.95117,-212.56725,64.98251,-284.7452,-212.94019,62.95529,56.35490898758895,48.511974634332496,51.73522140640198,51.94275220045258
FLARE22_Tr_0007,liver,4,-112.14450617596644,-190.33672880144204,169.98374834527942,-126.52945,-125.14298,127.9948,-136.33072,-122.84891,161.59592,-138.6735,-131.2752,159.25786,-133.84456,-126.42236,149.6162,78.86839169298308,72.17987695583363,65.62846277079588,70.50372757313312
FLARE22_Tr_0007,kidney_right,1,-131.74190913276814,-256.8293971764617,130.09338510964218,-133.95187,-185.86108,65.74464,-135.7456,-180.13147,88.3732,-131.30527,-183.90636,86.279816,-133.66759,-183.29964,80.132545,95.82351936820409,87.40237725519927,85.07402270278375,88.9180487231003
FLARE22_Tr_0007,spleen,0,-311.37150364162716,-207.36911728998936,141.26910249431023,-309.2068,-184.96556,119.57875,-301.69565,-181.18773,150.18724,-302.48547,-192.31299,148.07062,-304.46265,-186.15544,139.27887,31.25822613086106,29.302226279192006,18.75924195720974,22.398959434699496
FLARE22_Tr_0007,pancreas,6,-177.32010880447,-171.7717140998651,119.40071631433888,-219.00697,-124.683334,87.8861,-218.69551,-124.91568,117.442696,-222.27151,-128.77014,114.15395,-219.99133,-126.12305,106.494255,70.34402013721036,62.539952659331895,62.42830020196339,63.80604153507242
FLARE22_Tr_0007,aorta,51,-205.16650191629887,-209.86463829839815,158.06912451476876,-216.48903,-154.39276,160.17793,-217.3599,-161.89996,162.23055,-216.00198,-161.8381,161.35954,-216.61699,-159.37694,161.256,56.65488359848755,49.664940013596286,49.343515176049806,51.86788704819249
FLARE22_Tr_0007,inferior_vena_cava,62,-172.29760441916764,-202.1911098453486,137.63794567062817,-184.11543,-141.9029,101.05828,-184.95032,-144.21408,136.19742,-185.12907,-149.31479,134.99869,-184.73161,-145.14392,124.0848,71.50106306930056,59.35909500994033,54.47492654273763,59.93891956098462
FLARE22_Tr_0007,adrenal_gland_right,7,-163.25374320330897,-240.92671147037262,183.3660351826793,-163.95764,-169.3853,109.10635,-170.3794,-166.4518,140.44681,-170.43785,-174.04865,140.1032,-168.2583,-169.96191,129.88545,103.11726023597062,86.25165386116078,79.97474914337076,89.00124053246101
FLARE22_Tr_0007,adrenal_gland_left,8,-231.50887716663772,-209.466018747377,150.0611570247934,-247.69925,-151.90286,94.5855,-240.69945,-157.6232,130.66542,-242.69678,-161.56956,123.865585,-243.69849,-157.03188,116.37217,81.5671093728651,56.11006229660395,55.726541125575416,63.504911769338484
FLARE22_Tr_0007,gallbladder,3,-102.61789006249101,-163.61114852051148,126.29213483146067,-118.76553,-97.67896,96.8241,-127.22337,-96.649315,121.78899,-133.61108,-102.70535,129.31181,-126.533325,-99.01121,115.97497,74.00111340699618,71.4814334139204,68.40476944085619,69.65302821386506
FLARE22_Tr_0007,esophagus,14,-207.7825826231381,-201.6403168673042,214.74840008257638,-211.67827,-159.62115,185.35344,-214.31854,-155.84766,213.08174,-216.98492,-161.20494,211.0983,-214.32726,-158.89125,203.17781,51.428105813800855,46.28676148809456,41.629628659397824,44.76822472468805
FLARE22_Tr_0007,stomach,5,-225.15976134205025,-141.32036047673824,150.8516588627544,-246.3794,-110.88513,120.7103,-245.27023,-105.65222,155.33163,-249.8979,-110.89887,151.38019,-247.18251,-109.14541,142.47404,47.8024862564314,41.191229450693214,39.21379802961287,39.879987697027694
FLARE22_Tr_0007,duodenum,18,-177.73453817432218,-183.6921827166148,96.99226939203355,-177.681,-128.82147,61.77272,-177.87444,-123.907845,85.78911,-178.87958,-131.09943,77.89485,-178.145,-127.94291,75.15223,65.2013372418198,60.825138561508936,55.96445755268271,59.876016286426925
FLARE22_Tr_0007,kidney_left,2,-277.07500968518326,-241.7928453835156,110.14177982359617,-279.386,-179.63016,57.539513,-275.46088,-181.35799,88.94168,-279.22632,-182.33444,86.960266,-278.02438,-181.10754,77.81382,81.46495501162714,64.06576148275909,63.85383640267525,68.76557361897153
FLARE22_Tr_0008,liver,4,-118.5455528199249,-191.6631330267059,159.50097533810165,-117.963455,-113.37356,127.76302,-127.06388,-113.658615,135.6845,-128.30649,-121.95372,150.33089,-124.44461,-116.328636,137.92613,84.48013957885546,82.00299696431824,70.98428439419217,78.58472596962675
FLARE22_Tr_0008,kidney_right,1,-137.5485828353868,-241.5809251229443,72.0418803870763,-123.554054,-174.1308,66.65746,-124.402054,-170.37141,65.83884,-122.53504,-178.6372,85.42862,-123.49705,-174.3798,72.64164,69.09673207106692,72.67808076889294,66.07967041645621,68.6570877647356
FLARE22_Tr_0008,spleen,0,-307.10883414547516,-251.05580547697235,150.71826259806457,-294.90125,-177.77962,121.78775,-297.11234,-174.44833,126.117035,-290.59396,-185.87547,141.8102,-294.2025,-179.36781,129.90498,79.7207597008999,81.07931376508236,67.82750429687978,75.75575171877418
FLARE22_Tr_0008,pancreas,6,-213.37085535675345,-180.16250168745262,104.7395351976656,-209.93326,-112.514984,88.46721,-211.57568,-114.872765,92.01444,-211.25519,-123.052826,110.987755,-210.92139,-116.81353,97.15647,69.66198612680961,66.54247063226339,57.48940217349023,63.84821824675118
FLARE22_Tr_0008,aorta,51,-218.97930990084916,-226.2901151665634,143.84305860284388,-204.97922,-153.59148,146.59604,-208.00493,-154.62408,139.60732,-205.46938,-156.46135,150.6909,-206.15117,-154.89232,145.63142,74.08558266702046,72.62505438161209,71.45255635551298,72.563109020699
FLARE22_Tr_0008,inferior_vena_cava,62,-179.10727547989032,-206.94310456311285,113.60998005650656,-173.96498,-135.49316,103.09015,-176.9244,-136.12807,110.678566,-174.03023,-143.39641,130.33015,-174.9732,-138.33922,114.69962,72.40306648384775,70.90929211631911,65.90541160668924,68.73697031752747
FLARE22_Tr_0008,adrenal_gland_right,7,-170.22686085572843,-229.39245933521923,134.54296322489392,-154.58804,-158.2994,108.42991,-160.29019,-156.31378,116.090225,-159.77092,-165.74759,133.40659,-158.21638,-160.12025,119.30891,77.33491032334078,76.02456217631813,64.50804262318822,71.93723914654636
FLARE22_Tr_0008,adrenal_gland_left,8,-247.38260650846516,-223.78443311129615,124.01679156258673,-233.79591,-146.12254,94.354614,-235.92447,-149.30803,100.28981,-231.08182,-155.59274,121.72266,-233.60075,-150.34111,105.45569,84.23664349713812,78.99995762091723,70.1504482248578,76.99594592057963
FLARE22_Tr_0008,gallbladder,3,-113.26595929674758,-149.89881152259426,144.59824426748537,-107.80042,-84.97937,95.415215,-117.21571,-83.02547,96.042175,-124.75429,-96.173584,121.95702,-116.59015,-88.05947,104.47147,81.62950677506379,82.73654942653955,59.42227390775584,73.79235714831432
FLARE22_Tr_0008,esophagus,14,-211.44683563287342,-212.1071723155369,204.0401919616077,-200.87288,-151.042,188.02643,-207.35112,-148.20084,186.88129,-205.96246,-153.99802,199.39223,-204.72882,-151.08029,191.4333,64.00940202712682,66.29647590278547,58.55216410912697,62.67651476725501
FLARE22_Tr_0008,stomach,5,-242.9503402330392,-159.36969442918823,165.71107427348133,-235.54642,-99.72173,122.60989,-237.83063,-91.997406,133.86919,-240.07867,-105.876656,142.43552,-237.81856,-99.1986,132.97153,73.96221417441501,74.69365789493317,58.40807535700616,68.69333048390973
FLARE22_Tr_0008,duodenum,18,-196.79621034207727,-177.6318099742999,94.63058312655087,-167.33003,-118.71801,60.91809,-170.79813,-113.5965,61.923466,-168.17232,-123.10941,74.79605,-168.76683,-118.47464,65.8792,73.99745682449037,76.46029863727317,64.69488125519432,71.49726374426265
FLARE22_Tr_0008,kidney_left,2,-279.1493929567278,-249.62537858420808,77.9260366010335,-267.36188,-172.92122,59.534016,-272.07687,-172.03506,64.44156,-267.4113,-176.37967,83.84267,-268.94998,-173.77864,69.27274,79.75424799739122,79.0702755599984,74.4158828785703,77.01710924842953
FLARE22_Tr_0009,liver,4,-126.42857137503681,-170.19938992219582,131.52022854343767,-128.76385,-110.01625,128.66232,-134.26462,-102.75441,127.399734,-139.7721,-114.091644,143.37976,-134.26686,-108.9541,133.14728,60.29619748419488,68.02358004153247,58.87934476246706,61.76626441106467
FLARE22_Tr_0009,kidney_right,1,-132.9510752078066,-217.23594290046555,66.14081589515959,-132.2468,-170.0297,60.685097,-131.08575,-162.2716,64.57305,-134.74773,-169.60475,78.89435,-132.69342,-167.30202,68.050835,47.52568625351313,55.01832048544324,49.34177668503224,49.97110657500378
FLARE22_Tr_0009,spleen,0,-303.44981190781186,-230.42321210095915,159.56183535732524,-302.74634,-172.46652,118.76168,-304.9511,-166.39291,119.60011,-305.76382,-177.74066,137.49255,-304.4871,-172.20003,125.28478,70.88106521488282,75.4921999758673,57.165190208344576,67.57167702434778
FLARE22_Tr_0009,pancreas,6,-222.50942381091357,-168.17116631007548,109.62818273523753,-218.75183,-111.747284,86.104935,-220.12753,-107.31395,88.53124,-223.76483,-114.9932,106.5631,-220.8814,-111.35148,93.73309,61.24636482291786,64.45428709020764,53.28101566172726,59.02356534814422
FLARE22_Tr_0009,aorta,51,-207.6122010687869,-197.2539923723619,98.19744792881013,-214.44557,-155.21576,124.38569,-215.42802,-149.55734,131.37563,-218.28635,-154.17642,133.91179,-216.0533,-152.98317,129.89104,49.99731950445863,58.624644759489016,56.96603015943965,55.096655739887666
FLARE22_Tr_0009,inferior_vena_cava,62,-181.03923953991494,-188.2295974385176,103.27365529601995,-183.24426,-133.72787,104.304245,-183.37881,-127.39781,110.6824,-185.99295,-136.76468,124.50701,-184.20534,-132.63011,113.16455,54.55604473952549,61.325926783747114,55.89304516841208,56.56108914231279
FLARE22_Tr_0009,adrenal_gland_right,7,-166.40215595447128,-208.3507161983688,130.06905524419537,-165.12517,-155.0877,112.90808,-168.48888,-148.58401,108.985054,-173.0177,-157.5902,129.04726,-168.87724,-153.75397,116.980125,55.97390309137214,63.41094617446046,51.2000003994754,56.198319652247704
FLARE22_Tr_0009,adrenal_gland_left,8,-241.36999292219596,-194.94459433495481,124.79117415287628,-243.43776,-146.46284,98.84598,-243.04942,-142.08864,95.79179,-243.78409,-148.54732,119.452835,-243.42375,-145.6996,104.69686,55.02643824671639,60.31199777727708,46.76572480959289,53.22657965167839
FLARE22_Tr_0009,gallbladder,3,-148.1720371187494,-133.2379200954844,89.63998484760184,-123.717964,-79.6273,91.870316,-123.12444,-74.883224,85.200035,-138.88976,-86.27257,109.66013,-128.5774,-80.26103,95.57682,58.966728132190575,63.65819367331687,51.89134247894805,56.79565803778966
FLARE22_Tr_0009,esophagus,14,-213.38566406185308,-195.28654669671926,185.2660010940919,-211.82141,-148.51529,181.14899,-214.2438,-142.3959,173.46872,-219.14708,-148.44168,184.21729,-215.07076,-146.45096,179.61165,46.97815675010743,54.197161243188205,47.20948171016019,49.190709822257155
FLARE22_Tr_0009,stomach,5,-237.4251638983783,-154.37677319634977,158.22417668583378,-242.53662,-90.17266,126.26318,-242.59161,-85.17333,123.68195,-251.25198,-99.33544,135.21274,-245.46008,-91.56048,128.38596,71.90132209595785,77.5175698500877,61.239329176548885,70.005473113559
FLARE22_Tr_0009,duodenum,18,-214.40739357234486,-158.94104751237688,82.33451999912906,-177.75284,-115.82875,54.672848,-174.03447,-104.27002,63.836082,-181.70175,-115.43907,72.47961,-177.82967,-111.84595,63.66284,62.9872581577794,70.43498052581452,55.31003734143224,62.48607987723068
FLARE22_Tr_0009,kidney_left,2,-269.87530780632557,-212.3269459682446,80.22962280738477,-275.50864,-168.48602,59.791153,-274.85098,-165.7139,66.84686,-279.03702,-168.91267,78.19808,-276.46555,-167.70421,68.278694,48.697966826024924,48.750711526059696,44.41692361528927,46.66309720755536
FLARE22_Tr_0010,liver,4,-130.1701107115693,-185.81220926692654,159.23147352727636,-126.43859,-123.2735,125.71458,-136.0984,-122.88632,135.52773,-140.87033,-132.65211,147.78601,-134.4691,-126.27065,136.34277,71.05207210795552,67.50318236902122,55.421015553819984,63.93411342035174
FLARE22_Tr_0010,kidney_right,1,-119.84445170287295,-241.80707255410272,94.15189117510165,-134.32724,-182.60655,60.96065,-137.2696,-179.99469,66.6544,-135.15329,-183.14645,75.62753,-135.58339,-181.9159,67.74753,69.39820728037145,69.86070797328463,63.39227521492648,67.31907507331714
FLARE22_Tr_0010,spleen,0,-317.2037821176236,-268.95885128383566,146.64131091559935,-317.82617,-188.96506,117.897514,-310.9142,-184.96184,126.1393,-308.13806,-196.24875,137.01761,-312.29282,-190.05855,127.018135,85.00353095397722,86.69134609407018,73.90238116293777,81.45209929335223
FLARE22_Tr_0010,pancreas,6,-211.7744569565876,-177.72405655430597,106.96753606622677,-224.62265,-123.31185,83.52916,-223.40024,-124.79562,93.189896,-222.88701,-132.14056,105.76229,-223.63664,-126.74935,94.16045,60.622781368607775,55.91423036887886,46.93395591625639,53.88091829501763
FLARE22_Tr_0010,aorta,51,-209.18811205537378,-235.74812113217953,137.20633523977122,-218.15512,-170.04982,146.11795,-219.62672,-166.96413,137.91145,-222.40488,-170.17897,147.5741,-220.06226,-169.06432,143.86784,66.90359415528494,69.5751372360444,67.68668171210794,67.89221304098604
FLARE22_Tr_0010,inferior_vena_cava,62,-176.17794352584102,-207.99170400232646,119.72666009204471,-187.80444,-146.89517,96.9053,-188.44632,-146.29892,113.04205,-189.52795,-154.51859,127.26822,-188.5929,-149.23756,112.40519,66.2478403473569,63.255012905911954,55.62798151065964,60.49614798759788
FLARE22_Tr_0010,adrenal_gland_right,7,-161.43605072713277,-233.48998929300723,154.5208189951824,-166.97885,-168.63385,102.195335,-171.30266,-165.85559,115.78025,-175.1831,-175.62674,128.731,-171.15486,-170.03873,115.56887,83.51645145974021,78.5658541667342,64.82477774307709,75.08510026026669
FLARE22_Tr_0010,adrenal_gland_left,8,-244.83697926926413,-221.28706487866228,133.2566185318893,-251.54037,-157.31407,90.61723,-249.26003,-159.59024,104.44733,-246.36685,-165.48946,113.5083,-249.05574,-160.79791,102.85763,77.17251160859219,68.23515789507185,59.20903394594173,67.82944878243534
FLARE22_Tr_0010,gallbladder,3,-134.28506160299082,-143.85807176357136,121.1075193138667,-119.834564,-93.199615,91.219536,-128.06883,-91.966415,96.02244,-139.30028,-103.12576,112.00365,-129.06789,-96.09727,99.748535,60.567215760609685,57.971085958367695,42.03752928718141,52.57869891021489
FLARE22_Tr_0010,esophagus,14,-219.5975551122426,-227.7303705957105,197.47080111860504,-217.63748,-168.09099,184.43335,-219.84435,-162.07248,188.70148,-221.65498,-170.70804,193.34387,-219.71227,-166.95717,188.82623,61.07923515474821,66.2413816743175,57.208486538598066,61.385045420067854
FLARE22_Tr_0010,stomach,5,-245.38418903599927,-154.09710350097527,158.57954486210312,-248.76854,-107.50807,118.03552,-247.25882,-102.19734,132.10216,-251.98811,-109.18136,139.08987,-249.33849,-106.29559,129.74251,61.8531280180569,58.2936662816674,49.405295672947986,55.96602131794904
FLARE22_Tr_0010,duodenum,18,-197.97762127354133,-179.73719897723305,77.49365412206159,-183.12715,-125.61394,57.082558,-183.3569,-125.24565,64.67062,-184.0093,-131.8071,70.53797,-183.49779,-127.555565,64.09705,59.719986244139726,57.857793615206376,50.406252281608225,55.78581747466384
FLARE22_Tr_0010,kidney_left,2,-279.3741210268275,-235.85388308048945,80.21412849881985,-284.8249,-182.52681,52.8125,-285.79404,-183.17293,69.23598,-281.8614,-182.56718,75.86233,-284.1601,-182.75563,65.97027,60.20246576692015,54.19426325014328,53.521929385679144,55.183489664550805
FLARE22_Tr_0011,liver,4,-121.2667427896407,-180.11375503857286,126.37829317253923,-124.51578,-123.53317,124.68716,-129.30081,-130.8374,133.5295,-131.72752,-132.33081,135.32045,-128.51471,-128.90047,131.17903,56.699016552443155,50.436543202779795,49.725243985238656,51.94594294381925
FLARE22_Tr_0011,kidney_right,1,-116.54792907069863,-245.12803735572152,81.40498511516165,-129.89426,-182.28127,67.647865,-125.162384,-183.66994,78.65179,-129.0455,-190.56685,83.26024,-128.03404,-185.50603,76.519966,65.70463885479617,62.119940583757796,56.00495146908556,60.91451634389893
FLARE22_Tr_0011,spleen,0,-308.6334488077874,-227.0739718669644,135.97275479566724,-290.11588,-181.31946,121.32344,-291.34268,-187.7078,132.93777,-291.49408,-195.56322,133.11725,-290.98422,-188.19682,129.12616,51.487653636470945,43.10310511040303,35.98387910163119,43.24122745590145
FLARE22_Tr_0011,pancreas,6,-207.85509373832647,-176.74644541464326,102.81865361011793,-211.63135,-126.24983,93.44712,-211.19528,-130.58939,102.92414,-210.81538,-136.36215,105.65684,-211.214,-131.06712,100.67603,51.49751134015597,46.27787938259165,40.59199123037469,45.85273779319491
FLARE22_Tr_0011,aorta,51,-200.97161582310198,-218.60259999060386,128.54113720156064,-203.17865,-169.47647,114.09066,-202.92352,-168.06784,127.07616,-207.83545,-172.18634,123.30836,-204.64587,-169.91022,121.49172,51.25489091599629,50.593655912762024,47.21189845488356,49.33703031226
FLARE22_Tr_0011,inferior_vena_cava,62,-165.96859465140543,-203.42975366699397,109.99509021725788,-174.79105,-144.88365,109.298645,-175.09875,-151.61967,115.891785,-178.82051,-155.69324,117.07986,-176.23677,-150.7322,114.090096,59.21120449582571,52.93784200044023,49.94137226099212,53.84456711058796
FLARE22_Tr_0011,adrenal_gland_right,7,-148.46489774000747,-221.71378875607022,134.3425476279417,-160.64285,-167.39116,117.47682,-161.56941,-174.3865,128.8092,-162.231,-177.50867,128.76407,-161.4811,-173.09544,125.0167,58.169608824017935,49.4188017494164,46.633870385355415,51.187266659333034
FLARE22_Tr_0011,adrenal_gland_left,8,-237.91430757459833,-216.77819553366487,128.49560061208877,-231.96028,-159.75871,108.85568,-231.57036,-164.45483,117.82109,-231.81067,-169.23302,116.596115,-231.78044,-164.4822,114.42429,60.600315438596006,53.77662148570735,49.39024361692281,54.50227408759276
FLARE22_Tr_0011,gallbladder,3,-126.69037916735095,-146.70677656429626,77.94711775332567,-126.09975,-96.83644,82.36085,-129.48,-106.21825,96.36686,-131.8706,-103.563354,101.94404,-129.15012,-102.20602,93.55725,50.06875494805364,44.56893440750282,49.63911575282244,47.223343878455076
FLARE22_Tr_0011,esophagus,14,-208.76869304059653,-201.4593258077879,174.40643863179073,-204.0339,-156.69258,172.41805,-205.06566,-160.757,179.04102,-209.77441,-163.80936,176.34927,-206.29132,-160.41965,175.93611,45.0603301300822,41.13235692632786,37.713475806618334,41.1428303717406
FLARE22_Tr_0011,stomach,5,-237.91722622991082,-158.0002583306044,122.51802147883184,-232.8223,-100.1743,119.50697,-234.97475,-109.48675,126.75404,-236.69899,-112.61426,131.35648,-234.83202,-107.4251,125.8725,58.12801431390826,48.78691196062316,46.25463672089014,50.7800890723326
FLARE22_Tr_0011,duodenum,18,-183.55033921689832,-185.90482540040543,71.36249220351064,-169.15524,-125.937256,55.720356,-172.74858,-129.85521,72.51015,-174.43126,-137.17924,75.26756,-172.1117,-130.99057,67.83269,63.623931185177874,57.09250873024893,49.72513834956335,56.20389272543829
FLARE22_Tr_0011,kidney_left,2,-268.2538118072541,-246.04314048022803,86.08666199910893,-265.03674,-181.05519,74.70207,-265.44165,-186.24976,83.84808,-264.88495,-190.28006,77.81492,-265.12112,-185.86165,78.78836,66.05597618137782,59.901321604490526,56.47381821679863,60.703302252780176
FLARE22_Tr_0012,liver,4,-128.94571431422398,-208.9401640316255,164.4992219914468,-143.50705,-119.20492,133.29465,-154.00493,-123.11783,144.19177,-156.61519,-117.56161,151.53253,-151.37572,-119.96146,143.00632,96.1154117087439,91.68331377661308,96.35235068504082,94.24574481964142
FLARE22_Tr_0012,kidney_right,1,-141.50972916228017,-236.96732923905404,86.32068705848603,-145.97714,-173.3811,68.48398,-149.43738,-178.35728,75.978775,-149.91669,-169.13272,85.66089,-148.44374,-173.6237,76.70788,66.19149539442274,60.04115337361162,68.35675794165184,64.4430104711172
FLARE22_Tr_0012,spleen,0,-301.81110711512866,-251.16877297125467,161.8874431171786,-316.82828,-180.88899,124.04784,-319.31482,-183.0541,133.18765,-319.22342,-181.74516,144.51344,-318.45547,-181.89607,133.9163,81.2194485493486,75.95832822195001,73.65244136171424,76.53839925684444
FLARE22_Tr_0012,pancreas,6,-221.53489757065887,-170.63095079047125,119.45900876444583,-235.3555,-117.32965,91.3946,-236.67331,-124.45348,103.33482,-240.63354,-113.253815,107.9335,-237.55412,-118.34565,100.88764,61.80330612209636,51.20077475251326,61.56079416750947,57.75174418162573
FLARE22_Tr_0012,aorta,51,-237.26157825245085,-223.9670838390675,155.2544663458369,-230.55086,-163.28494,157.82014,-233.2491,-157.76616,165.43776,-234.17474,-159.39282,171.97275,-232.65825,-160.14796,165.07689,61.10596320893768,67.09964145370529,66.77473130216124,64.73446241949316
FLARE22_Tr_0012,inferior_vena_cava,62,-189.5098367358167,-201.92629527260874,110.63417841363349,-197.28741,-136.28813,103.654755,-200.1824,-143.8534,124.9219,-200.01282,-137.70784,137.62712,-199.16089,-139.28313,122.06793,66.46481466356795,60.74952283297778,70.44814797000083,64.40527990693715
FLARE22_Tr_0012,adrenal_gland_right,7,-176.20749689639555,-228.9566648065931,139.7125710675932,-179.11084,-159.78802,109.71918,-186.0398,-166.40358,124.12718,-187.7973,-159.60895,136.6139,-184.31598,-161.93352,123.486755,75.44755674907722,65.21094150140125,70.37777467590637,69.43433486306738
FLARE22_Tr_0012,adrenal_gland_left,8,-257.2209000365717,-195.9046982153646,122.22727272727273,-257.2483,-150.72511,94.9126,-258.50977,-157.59503,106.254074,-259.59073,-148.0744,119.56672,-258.4496,-152.13152,106.91113,52.79476444128409,41.52631448350283,47.962817722636444,46.39165154754105
FLARE22_Tr_0012,gallbladder,3,-119.45789719116081,-169.8327824768875,127.50823926835297,-132.84299,-85.75858,99.51334,-141.43866,-92.49663,103.69554,-149.88666,-88.39839,126.324265,-141.38943,-88.884544,109.84438,89.61777618631552,83.85153140358071,86.94176936634703,85.70660070564206
FLARE22_Tr_0012,esophagus,14,-225.87587313865194,-225.14067580515834,202.49578285539027,-227.0545,-163.5923,197.92279,-230.71259,-160.83101,205.29593,-233.70601,-159.8776,202.7671,-230.49103,-161.43364,201.99529,61.729279467953845,64.55205542951602,65.73168558198454,63.875947134583214
FLARE22_Tr_0012,stomach,5,-225.920304438037,-140.4795577731437,149.83956335980972,-259.32187,-99.58705,123.81281,-261.70947,-104.61508,144.90005,-269.37158,-95.32345,140.36804,-263.46765,-99.84186,136.3603,58.86640239448491,50.90701270960942,63.37820978052089,56.9466091730646
FLARE22_Tr_0012,duodenum,18,-184.4468809365199,-171.30856847718442,89.20774424090055,-190.62398,-116.204666,63.166275,-191.48721,-119.44274,73.067795,-192.84583,-112.53278,80.81467,-191.65234,-116.06006,72.34958,61.2597314386734,54.77342662679701,59.963146291466394,58.2109463829022
FLARE22_Tr_0012,kidney_left,2,-293.4009596535284,-213.96342632127082,80.43986798623504,-289.9404,-173.3187,59.123978,-291.26477,-180.91777,75.69757,-291.21677,-171.60185,87.9243,-290.80734,-175.27943,74.24862,46.025393402271774,33.452474689786044,43.073081892839696,39.26206386491106
FLARE22_Tr_0013,liver,4,-121.5260071982613,-188.13123186764005,139.38853025471983,-126.38303,-132.9997,120.75882,-130.06404,-125.90776,134.94266,-131.38928,-132.21295,136.0587,-129.2788,-130.37347,130.58673,58.39643142811901,62.963673514605965,56.87904729715748,58.936711340784214
FLARE22_Tr_0013,kidney_right,1,-119.94497056378715,-226.24626339691252,53.36681637015984,-130.12888,-190.76495,60.04694,-127.47308,-182.68097,74.499084,-127.743,-184.22995,71.294556,-128.44832,-185.89197,68.613525,37.51345516144452,49.001837665595986,46.34202882730357,43.96860512945903
FLARE22_Tr_0013,spleen,0,-308.21702739897097,-241.95132170230454,130.5999357020385,-287.89603,-189.24225,110.69973,-295.47598,-183.54388,128.1123,-292.80786,-193.0254,123.45193,-292.05997,-188.60384,120.75466,59.893302274471345,59.83269403513746,51.790748820983374,56.603305970085216
FLARE22_Tr_0013,pancreas,6,-215.97095159517815,-178.1365586460506,111.49414898262161,-212.16373,-137.4657,88.521484,-214.94243,-126.38336,96.831955,-214.24837,-130.24548,95.7022,-213.78484,-131.36485,93.68521,46.86530876624247,53.79991798632331,50.45699138321566,50.09520761214111
FLARE22_Tr_0013,aorta,51,-207.3293940226937,-224.47120839384405,142.7251433496983,-206.04227,-168.66846,134.48907,-208.75826,-166.66618,139.21414,-208.88106,-169.91771,141.94147,-207.89386,-168.41747,138.54823,56.42195124853414,57.929178153323754,54.581187842755874,56.21198561170131
FLARE22_Tr_0013,inferior_vena_cava,62,-176.65994714485265,-203.06026791093802,117.46295312585863,-175.87033,-148.48492,102.37939,-176.83029,-146.53384,117.97289,-175.95355,-149.7386,118.49533,-176.21806,-148.25246,112.949196,56.62689813551941,56.52898067838341,53.33633739387246,54.99514014427971
FLARE22_Tr_0013,adrenal_gland_right,7,-160.82799713216443,-227.94426522514524,133.0383148404993,-160.27443,-176.15225,100.45237,-163.21635,-167.92587,119.61905,-163.00627,-172.8965,119.24472,-162.1657,-172.32487,113.10538,61.19283350324985,61.54663575716447,56.79141326982761,59.098460401097284
FLARE22_Tr_0013,adrenal_gland_left,8,-235.67846640082018,-216.93399503469522,130.19842190763518,-233.19252,-163.42111,90.587364,-233.94098,-160.06299,103.63129,-233.8283,-162.7414,106.29309,-233.65393,-162.07516,100.170586,66.62465358995519,62.79444998515586,59.25981774207063,62.57204608771045
FLARE22_Tr_0013,gallbladder,3,-139.1073767180039,-150.6549522703326,85.557121083227,-115.95024,-106.78312,88.04851,-120.20618,-96.891174,89.96417,-126.35595,-105.0198,106.409874,-120.837456,-102.89803,94.80752,49.6708936357928,57.15961232198188,51.76875004352606,51.96232462114913
FLARE22_Tr_0013,esophagus,14,-213.47650370293857,-207.0393717110482,191.40395638193766,-202.92119,-167.0114,174.5104,-207.20935,-157.91237,185.4813,-206.62411,-168.53067,186.83939,-205.58488,-164.48482,182.27702,44.71068512198151,49.878026930962626,39.37906332876476,44.23198664161962
FLARE22_Tr_0013,stomach,5,-236.2100619265348,-145.1292031745968,159.43840247971164,-240.94235,-122.744835,106.12919,-238.59637,-108.50591,128.00206,-242.48015,-115.933075,128.15404,-240.67296,-115.72794,120.76176,58.011436857864126,48.32394354269987,43.248576627147386,48.78764631919606
FLARE22_Tr_0013,duodenum,18,-194.6422448312243,-180.15762075217117,84.73698921124713,-166.19217,-135.64734,54.122044,-169.0637,-122.319855,69.7222,-169.66252,-128.21149,66.33525,-168.30614,-128.72623,63.39316,61.0560962696916,64.99932919179338,60.50629215219346,61.598196597690446
FLARE22_Tr_0013,kidney_left,2,-275.5500627466717,-240.62621128030972,76.55075911155832,-261.13013,-188.68158,59.42535,-266.21268,-183.22626,73.52334,-266.75186,-185.52243,76.72919,-264.6982,-185.8101,69.892624,56.56375995728937,58.23321014137111,55.80203262902277,56.275207801116125
FLARE22_Tr_0014,liver,4,-131.24171196213243,-186.80340747258174,87.97701368547827,-139.77293,-137.07864,103.86775,-136.73923,-143.05013,97.56041,-139.74501,-140.98282,104.80853,-138.75238,-140.37053,102.078896,52.89470141476656,45.12664254623147,49.549293446614975,49.10484089800156
FLARE22_Tr_0014,kidney_right,1,-145.08669952355498,-263.60168087672713,78.54972524928225,-142.18924,-189.50667,52.436756,-133.46707,-194.20322,48.58221,-139.82257,-197.25381,47.773567,-138.49297,-193.65459,49.597515,78.61522340065203,76.4801578382751,73.3275003124346,75.98883976497446
FLARE22_Tr_0014,spleen,0,-290.71083235221886,-236.57624044327056,115.93809676827028,-293.63184,-192.25107,100.72518,-306.3845,-202.10655,97.7626,-304.07504,-201.42535,103.706024,-301.3638,-198.59431,100.73127,46.95408344748425,42.00204201339,39.545044397520435,42.27718059104741
FLARE22_Tr_0014,pancreas,6,-210.99165658347465,-187.47578905874263,70.08034015826026,-223.14584,-137.98837,76.28417,-222.22498,-140.95395,68.927574,-222.45322,-144.15793,74.66235,-222.60802,-141.03342,73.29137,51.3343565040143,47.872726369789866,45.042194102854864,47.98066761817705
FLARE22_Tr_0014,aorta,51,-203.5559731166432,-231.98151145851386,114.14363363016075,-212.21588,-182.04727,101.12355,-213.95602,-181.16055,95.27645,-216.71172,-190.85504,98.64465,-214.29454,-184.68762,98.34821,52.325375057530124,55.1987450849553,45.876775000490206,51.00513805073035
FLARE22_Tr_0014,inferior_vena_cava,62,-176.5869982853587,-218.80324546320944,89.14719720122245,-185.23611,-158.01758,94.076645,-185.45523,-166.36508,78.660324,-188.51578,-163.89197,84.7794,-186.40239,-162.75821,85.83878,61.59548700732521,54.20683594917684,56.361527777011204,56.99415403829727
FLARE22_Tr_0014,adrenal_gland_right,7,-168.4322545895862,-236.17991930405347,120.38381742738589,-170.40851,-175.46402,99.74945,-169.66373,-184.11075,96.32672,-174.2602,-184.41638,96.87214,-171.44414,-181.33038,97.64944,64.15686343036892,57.37123820446569,57.15092037209952,59.4507787547056
FLARE22_Tr_0014,adrenal_gland_left,8,-235.05473058011123,-226.65146870294194,110.35031847133757,-241.04298,-171.42651,92.33072,-244.9241,-176.54178,84.88794,-242.87186,-179.82896,92.66185,-242.94633,-175.93242,89.96017,58.398294518145256,57.067664212981754,50.659019958295424,55.23094891732356
FLARE22_Tr_0014,gallbladder,3,-113.86025643157714,-168.4271845178422,27.73576845028303,-139.75195,-113.95551,65.042145,-139.73239,-116.718475,62.2193,-140.14026,-109.1877,64.56112,-139.87486,-113.28723,63.940857,70.91761889734637,67.32214993053044,74.53899444332167,70.90826887403239
FLARE22_Tr_0014,esophagus,14,-206.69881125465417,-212.2335824793971,151.77331404406854,-213.74342,-172.76146,152.14595,-215.95349,-179.22784,141.74016,-219.91255,-181.49225,151.1151,-216.53648,-177.8272,148.33374,40.09755507807047,35.71683183755876,33.46738417622198,35.95010461576742
FLARE22_Tr_0014,stomach,5,-222.78625717736617,-154.87561086441303,88.42981504251726,-245.94745,-119.69353,98.67477,-246.04233,-122.24029,94.93888,-248.21123,-120.44734,99.180984,-246.73366,-120.793724,97.598206,43.349496361553896,40.59897875492595,44.12847673450604,42.651053812212915
FLARE22_Tr_0014,duodenum,18,-177.35847600830925,-202.23931614028083,41.2303094233474,-179.5655,-130.14874,40.675385,-185.5585,-139.96315,42.080444,-186.9067,-142.90051,42.310375,-184.01024,-137.67079,41.688736,72.12648407755255,62.819455783699745,60.11180062730902,64.91186685848119
FLARE22_Tr_0014,kidney_left,2,-269.79290939459923,-241.2897202247226,64.31376610296148,-269.05957,-193.98885,63.771744,-281.86627,-199.2484,50.937157,-277.20294,-197.41527,51.56352,-276.04294,-196.88417,55.424137,47.30966384760976,45.74027276488561,46.28655266785868,45.7158747865711
FLARE22_Tr_0015,liver,4,-109.90077180463861,-185.17650951576172,125.38315945899812,-115.84894,-118.5006,105.00398,-119.10824,-111.98781,101.42939,-122.5186,-117.75253,116.98224,-119.15859,-116.080315,107.80521,69.97405290128086,77.55737558458095,69.10700169471414,71.895589732964
FLARE22_Tr_0015,kidney_right,1,-103.8869168257452,-237.84874537687114,35.85450053841769,-119.26924,-177.31291,43.50647,-118.68441,-170.62036,41.141922,-115.18218,-172.7966,57.285023,-117.711945,-173.57661,47.31114,62.926589482287994,69.04041030112091,69.41636606531142,66.73299604195597
FLARE22_Tr_0015,spleen,0,-283.5541269829523,-248.0554255884879,130.08309665051482,-278.58804,-176.02594,96.91487,-283.12137,-171.12328,91.16219,-278.61182,-178.49178,111.44498,-280.1071,-175.21367,99.840675,79.4546409536984,86.21820965117006,72.18661480509056,78.94559940116223
FLARE22_Tr_0015,pancreas,6,-191.84102874597858,-169.1163213769505,82.05728907118488,-200.82352,-122.33509,68.10275,-204.2143,-113.26364,63.47472,-202.57404,-118.87096,78.981995,-202.53728,-118.156555,70.186485,49.63766440642537,60.149243074041735,51.47088082166415,53.40621204626522
FLARE22_Tr_0015,aorta,51,-194.8503666851553,-206.21884126835633,119.17133331507749,-196.64606,-153.19241,120.08305,-195.14148,-142.89308,128.27867,-196.60187,-154.80756,129.57988,-196.1298,-150.29768,125.98053,53.06465676814304,63.97796636758035,52.483576784663406,56.34871768612821
FLARE22_Tr_0015,inferior_vena_cava,62,-152.26534408096148,-198.83970614988598,102.52867687260799,-165.2833,-136.06857,87.79544,-165.23752,-131.0257,91.05122,-163.77928,-137.18463,108.60132,-164.76671,-134.75963,95.816,65.77803922127029,69.99106538652475,63.01425220583812,65.63231286763421
FLARE22_Tr_0015,adrenal_gland_right,7,-144.98452522032264,-233.73987448071256,112.15149921094161,-148.58287,-161.69089,85.12474,-150.78432,-154.16331,79.256905,-150.75781,-160.59032,106.50633,-150.04167,-158.81483,90.296,77.03538343902532,86.30249583241546,73.5938621576456,78.21124780219738
FLARE22_Tr_0015,adrenal_gland_left,8,-220.40204740498538,-207.44546798844485,103.53107625099285,-223.63028,-150.80148,74.92708,-223.46727,-145.4625,71.9799,-219.09122,-148.03142,89.33712,-222.06291,-148.09846,78.74804,63.53858042499603,69.61868719695161,61.100049287642484,64.33524820919406
FLARE22_Tr_0015,gallbladder,3,-94.4171415527261,-144.65581925379144,72.14772011163126,-107.12763,-91.58423,74.48618,-106.544205,-84.52437,60.683617,-116.161125,-92.081406,90.356125,-109.94433,-89.39667,75.17531,54.62251114637551,62.40418835937842,59.73621845348557,57.47898462084318
FLARE22_Tr_0015,esophagus,14,-206.44703881393292,-200.07224437406038,173.84258527070483,-191.97206,-151.4494,163.56183,-195.06654,-142.6137,155.24039,-195.5155,-154.66087,169.71783,-194.1847,-149.57466,162.84001,51.7629186792927,61.45764844515639,46.890347178174956,53.11711276347209
FLARE22_Tr_0015,stomach,5,-226.46020562733148,-148.35329239915663,118.23227756312859,-229.97351,-107.4221,95.57258,-226.75906,-96.73563,98.7548,-231.47299,-104.479065,108.8859,-229.40186,-102.87893,101.0711,46.91660788704668,55.17105176961131,45.13790635668732,48.69370688839708
FLARE22_Tr_0015,duodenum,18,-158.2158935998907,-166.64248127819448,45.74537572739012,-157.23615,-120.49655,38.76297,-154.83862,-109.88987,41.70031,-155.53061,-116.19559,51.45965,-155.86845,-115.527336,43.974308,46.68148167382849,56.99673181165014,50.840464082766104,51.19966033186668
FLARE22_Tr_0015,kidney_left,2,-262.0507784543964,-231.9723918169769,52.341619779268555,-252.33014,-174.09836,44.42326,-251.41364,-172.12045,43.72928,-249.38239,-171.38106,60.6195,-251.04205,-172.53328,49.59068,59.21650974573488,61.396871508904134,62.45255190472589,60.51254240351048
FLARE22_Tr_0016,liver,4,-136.9181271598607,-169.59358710880628,139.18304583301008,-134.11319,-121.81502,134.21272,-136.13432,-114.09951,164.96239,-133.15808,-123.6211,152.27039,-134.46852,-119.84521,150.48183,48.11822399227246,61.19461869240614,47.9466980797671,51.07410618719128
FLARE22_Tr_0016,kidney_right,1,-128.04417178536505,-231.39429537115834,72.00893583619708,-137.89886,-175.73337,70.074844,-131.07814,-166.23447,108.343895,-131.57216,-171.53897,96.09614,-133.51637,-171.16895,91.50495,56.55965459511738,74.66751308811071,64.61656028034457,63.53843244993428
FLARE22_Tr_0016,spleen,0,-281.07392145915674,-214.18031162368888,150.9819133256401,-283.34653,-172.6488,126.93091,-284.5293,-165.8062,163.85806,-285.4692,-174.42432,146.5684,-284.44836,-170.95978,145.78578,48.04666204126147,50.1775816512554,40.24098348490075,43.66235435294094
FLARE22_Tr_0016,pancreas,6,-200.40925998249884,-176.7953926610992,105.10153872408203,-212.86938,-121.26373,93.544815,-209.769,-114.83857,134.88455,-207.94205,-123.88306,120.48187,-210.19348,-119.99512,116.30375,58.073899525287366,69.37780970366383,55.614861809147335,58.715345527967244
FLARE22_Tr_0016,aorta,51,-202.82866550330488,-210.17438036285654,147.6656030473929,-204.70135,-152.79807,146.06508,-203.9361,-149.1057,161.29547,-206.73155,-153.5809,151.71323,-205.123,-151.82822,153.02458,57.429175401334916,62.58101724048749,56.87211583940308,58.636656296404524
FLARE22_Tr_0016,inferior_vena_cava,62,-171.99764531912228,-196.07866549795693,133.34313546700707,-177.87888,-134.55547,120.31876,-174.67047,-133.41565,150.07085,-176.2328,-138.62347,137.44147,-176.26073,-135.53154,135.9437,63.161121299719525,64.9123555357906,57.7566611166666,60.75270521686515
FLARE22_Tr_0016,adrenal_gland_right,7,-164.0516287874749,-221.5779771477754,135.44632206759442,-165.13095,-160.18423,123.82277,-163.53247,-154.35474,156.02766,-162.35573,-159.10869,139.78595,-163.67305,-157.88255,139.8788,62.49370800355231,70.30522935564086,62.6428007783956,63.85058513552126
FLARE22_Tr_0016,adrenal_gland_left,8,-225.96423851150033,-205.2781124817951,129.8609865470852,-230.47748,-153.18518,113.22018,-228.53616,-144.8761,152.27292,-227.42807,-152.99399,132.22379,-228.8139,-150.35176,132.5723,54.872209986188906,64.47722681043662,52.35795345690491,55.06701275756122
FLARE22_Tr_0016,gallbladder,3,-137.0355137901463,-139.38460289615566,88.87134448285528,-127.656555,-99.265594,96.60664,-134.70428,-95.67441,126.21249,-130.70677,-98.44354,116.031525,-131.02254,-97.79452,112.95022,41.9205743568764,57.535872639735906,49.536842750177705,48.432254216096474
FLARE22_Tr_0016,esophagus,14,-200.30348391531896,-196.07901698676662,195.8604260089686,-201.94246,-152.77774,191.88937,-203.19952,-142.44194,211.44281,-205.57011,-151.1962,199.65485,-203.5707,-148.80528,200.99568,43.51386035198345,55.92972139298717,45.34977952101449,47.663943151502046
FLARE22_Tr_0016,stomach,5,-218.04727183797223,-149.26465856902112,123.196272628949,-240.43208,-110.554695,122.6212,-232.84819,-102.38719,153.52364,-235.93367,-104.4631,142.70358,-236.40465,-105.80167,139.61613,44.71992569263066,57.76082618534849,52.034972303899906,49.95634916866
FLARE22_Tr_0016,duodenum,18,-165.15194798301266,-181.80989870196285,82.97422964772637,-167.18088,-120.41072,56.937325,-168.77785,-113.665634,103.19389,-171.10803,-121.89755,89.592186,-169.02226,-118.65797,83.24114,66.72253013867623,71.17318835044495,60.570302244980965,63.27098153062451
FLARE22_Tr_0016,kidney_left,2,-262.09795919268527,-222.59163953752534,90.69964171422549,-256.1973,-175.76506,79.6622,-258.28198,-166.16882,118.940506,-256.52618,-171.61032,93.876144,-257.0018,-171.1814,97.49295,48.4703149870731,63.21109310850698,51.383165360836095,52.10693780355019
FLARE22_Tr_0017,liver,4,-142.96632437798462,-162.68385596544383,166.828461787024,-143.2844,-97.36673,166.70056,-149.23688,-97.63823,165.06985,-151.17422,-108.295006,190.97687,-147.8985,-101.09998,174.2491,65.31802588224419,65.37083503871285,60.07214129431441,62.225120267628405
FLARE22_Tr_0017,kidney_right,1,-156.8149875968695,-241.66611586447698,124.56060893679536,-144.54863,-153.95224,98.27977,-151.41508,-154.14236,97.67583,-150.5134,-165.049,121.63484,-148.8257,-157.71454,105.86349,92.38436045163361,91.71890481648842,76.9314838972201,86.37869195450163
FLARE22_Tr_0017,spleen,0,-346.5298088543866,-222.4022138872199,177.17606197746008,-338.757,-163.25798,161.11588,-330.2393,-164.58162,158.42078,-329.99496,-175.76208,180.16348,-332.99707,-167.86723,166.56671,61.77691069383369,62.93141473071628,49.57446301434229,57.18179292220165
FLARE22_Tr_0017,pancreas,6,-245.168150514452,-172.97761354854217,125.00397008719756,-240.7485,-96.48644,123.10557,-239.3252,-99.81375,125.903496,-240.44296,-108.892265,148.52295,-240.17223,-101.73083,132.51067,76.64226274518987,73.40231619442564,68.42807638224262,71.81513970196113
FLARE22_Tr_0017,aorta,51,-243.9280290474808,-220.88765099833046,168.66293297345928,-232.7326,-151.581,159.26933,-234.28677,-148.66547,159.70932,-239.85654,-150.96349,175.95348,-235.6253,-150.40332,164.97737,70.83071364261555,73.41093209081433,70.42100507445818,71.0672882653374
FLARE22_Tr_0017,inferior_vena_cava,62,-211.38500461004332,-198.6276533232544,131.12604861260485,-202.65343,-124.150085,134.20341,-205.08278,-124.180016,141.81444,-207.41098,-135.81831,163.45569,-205.04907,-128.04948,146.49118,75.05077444768533,75.47456844056035,70.7531740644344,72.50868405541927
FLARE22_Tr_0017,adrenal_gland_right,7,-189.08839405766636,-207.38994988282775,176.05112987902305,-182.95352,-140.984,153.24522,-187.8995,-142.05167,150.03888,-189.53253,-156.20251,174.39624,-186.79518,-146.41272,159.22679,70.48047276089831,70.3359221010445,51.21610531747022,63.297233654144385
FLARE22_Tr_0017,adrenal_gland_left,8,-278.80766083741435,-209.48234812281896,161.9822517421603,-269.98013,-134.31802,138.19263,-267.07623,-137.1616,141.82515,-266.24426,-145.00803,157.75087,-267.76688,-138.82921,145.92287,79.33187986567653,75.98832104753642,65.82310964822747,73.2916702316992
FLARE22_Tr_0017,gallbladder,3,-140.28725037990418,-131.71184005470693,115.55999305434972,-144.43158,-62.649506,129.18083,-144.70636,-62.938675,125.94339,-154.82224,-76.25579,155.55045,-147.98672,-67.28132,136.89156,70.51459958008101,69.69283822777173,69.89903777048653,68.30526745688915
FLARE22_Tr_0017,esophagus,14,-236.89941998673171,-200.49650712167772,222.20224356015143,-237.22893,-139.07152,219.68753,-234.26706,-139.19547,216.92796,-241.29561,-148.67174,229.51126,-237.59718,-142.31291,222.04224,61.477326327666155,61.58380558063408,52.52194720292732,58.1879989225885
FLARE22_Tr_0017,stomach,5,-264.1891047284421,-144.3733165509046,171.95623154922347,-259.71982,-66.44656,166.3778,-262.79126,-72.64612,164.78658,-264.62924,-81.93393,185.15524,-262.38013,-73.67554,172.10652,78.25389538582616,72.0981895018748,63.820723000430405,70.72107893447368
FLARE22_Tr_0017,duodenum,18,-215.30225466325513,-174.2630170224823,98.43644007410575,-207.26678,-100.2012,94.06972,-203.37143,-97.285095,96.92848,-203.90672,-110.66903,110.416275,-204.84831,-102.718445,100.4715,74.62432198130092,77.91161000541574,65.70821767039949,72.33292594197964
FLARE22_Tr_0017,kidney_left,2,-324.5751124666619,-229.58891785930004,100.87487440910513,-308.897,-155.1083,95.2408,-306.5927,-159.79451,99.363525,-307.22147,-161.88243,112.96124,-307.5704,-158.92842,102.52185,76.32108049821272,72.08959891715067,70.93234593653139,72.69648170492653
FLARE22_Tr_0018,liver,4,-138.38539598694246,-190.44447080574804,179.8072814828425,-137.86612,-123.37729,148.0679,-143.32574,-122.3619,146.98645,-145.9929,-124.07216,163.74796,-142.39491,-123.27045,152.9341,74.20016699810972,75.74199900814416,68.70996975831682,72.46098092945923
FLARE22_Tr_0018,kidney_right,1,-139.4276972772279,-260.17732166797,142.95612874138283,-142.46837,-184.74272,83.22485,-140.97931,-182.26912,81.9789,-145.3833,-185.69812,111.659805,-142.94366,-184.23665,92.28785,96.26759483633714,98.94603721475676,81.00666971195227,91.35985106588042
FLARE22_Tr_0018,spleen,0,-304.4033556362772,-282.92939309949134,195.2696852050586,-314.02734,-189.28793,139.932,-314.35147,-185.25479,140.88074,-314.4638,-195.59506,161.11345,-314.28085,-190.04594,147.30873,109.19525071442501,112.2383646374935,94.31408417401144,105.00072931696252
FLARE22_Tr_0018,pancreas,6,-240.53454460367172,-193.5546113229979,140.68755061473902,-228.42276,-125.759155,110.94414,-229.24792,-126.95308,107.57049,-229.34918,-129.87221,133.81528,-229.00664,-127.528145,117.4433,75.01726338899695,75.23225174273884,65.02145042675507,70.94139962690075
FLARE22_Tr_0018,aorta,51,-219.12203414005023,-229.90259866425873,142.64562682215742,-222.46239,-170.09547,144.60692,-225.68256,-169.84665,145.10352,-225.63751,-170.89925,151.05331,-224.59416,-170.28046,146.92125,59.93243490560906,60.46320150395004,59.954451559417706,60.025202728917435
FLARE22_Tr_0018,inferior_vena_cava,62,-194.2901609277014,-211.75222823644603,130.10754386657715,-192.60652,-147.16612,126.481834,-193.6848,-148.38522,126.9503,-194.53607,-152.63933,144.09326,-193.60913,-149.3969,132.50847,64.70970153550881,63.44849834020487,60.745335211884495,62.405253423072864
FLARE22_Tr_0018,adrenal_gland_right,7,-182.32495566584606,-236.08327467332492,173.80825138948268,-174.16617,-171.09079,128.08743,-178.39279,-167.7543,130.57753,-178.89075,-174.26312,158.83977,-177.1499,-171.03607,139.16826,79.88105000722257,80.95187191055493,63.69914055488841,73.87725548023337
FLARE22_Tr_0018,adrenal_gland_left,8,-248.18470613784856,-237.58976916460492,151.1973376243417,-254.32903,-159.47359,118.15874,-252.59198,-161.38593,119.277336,-251.33862,-164.32068,143.36076,-252.75322,-161.72673,126.932274,85.03787207507315,82.73654802767075,73.7544486861806,79.78010587384662
FLARE22_Tr_0018,gallbladder,3,-120.37740461844936,-173.44591012904638,122.4348628083929,-136.19562,-90.18254,105.786835,-134.02739,-92.73801,108.69122,-146.60776,-97.6743,133.39919,-138.94359,-93.53162,115.95908,86.37222562902696,82.99985188284631,80.92950332615553,82.29783268249103
FLARE22_Tr_0018,esophagus,14,-235.96614103615937,-219.6400021572212,216.0527215536105,-221.93793,-158.90656,194.20462,-224.4401,-161.72324,195.58316,-228.2603,-163.04362,203.68736,-224.87944,-161.22447,197.82506,66.05060098209081,62.49963589175759,58.44169754896012,62.189523317516674
FLARE22_Tr_0018,stomach,5,-269.52663787962774,-187.1820418390292,173.12644535106068,-254.35666,-103.8911,138.26332,-254.12656,-102.80731,144.88487,-255.46686,-99.690346,160.52983,-254.65002,-102.129585,147.89268,91.55843504514142,90.29863777381259,89.50502214766581,89.95541485619337
FLARE22_Tr_0018,duodenum,18,-200.3468581720697,-193.46561345823616,115.81085980832174,-188.22775,-129.39398,78.80888,-187.02505,-124.23242,78.275986,-190.81755,-131.00856,101.121994,-188.69012,-128.21165,86.06895,74.97461518665195,79.87222315280265,64.86489022562584,72.65356126976279
FLARE22_Tr_0018,kidney_left,2,-295.06897401146944,-249.17105602181147,103.05663195984916,-291.834,-182.00446,87.24858,-285.34387,-183.95943,83.248474,-285.5517,-187.60318,104.894394,-287.5765,-184.52234,91.79715,69.07757707473901,68.84400700188347,62.32623284967027,66.04823710623003
FLARE22_Tr_0019,liver,4,-117.34360867928673,-171.55027927023102,371.436441001184,-113.883,-110.914444,372.83606,-128.09131,-121.34625,372.7494,-126.27362,-113.402695,383.74698,-122.749306,-115.22113,376.44412,60.75063164092143,51.358360540724384,60.10354435480101,56.80907892570985
FLARE22_Tr_0019,kidney_right,1,-111.73726252617749,-214.236334143097,266.184036589249,-112.61509,-158.81897,278.32318,-114.53776,-165.41205,286.12967,-123.2423,-164.65237,302.7765,-116.79838,-162.96114,289.07645,56.738114963823726,52.815546179232626,62.68925427194726,56.38105427643031
FLARE22_Tr_0019,spleen,0,-298.8955269090771,-229.99918251757575,376.6671917191719,-302.45306,-167.49791,355.25687,-290.56454,-172.08649,345.38058,-296.5588,-169.41652,365.4859,-296.52548,-169.66698,355.37442,66.16243058486867,66.34860485372897,61.65014697412704,64.0232322181606
FLARE22_Tr_0019,pancreas,6,-199.0674998855862,-175.8003042845692,322.3170337833473,-203.08426,-105.316444,312.20868,-203.27998,-113.5924,318.10602,-207.77814,-112.86589,337.10297,-204.71413,-110.591576,322.47256,71.31821430113612,62.492408157628255,65.23219635444991,65.45293634883812
FLARE22_Tr_0019,aorta,51,-202.50160020246074,-233.38412545550494,378.52304325437694,-200.68362,-151.54213,367.2024,-205.38411,-158.07658,373.51288,-207.17917,-145.74338,381.03815,-204.41565,-151.78737,373.91782,82.6412395084743,75.52904363443957,87.80151515464439,81.74902080042878
FLARE22_Tr_0019,inferior_vena_cava,62,-166.64301195560216,-204.20454700345852,335.7199341021417,-169.84198,-128.75012,316.52658,-168.15952,-137.11234,329.70377,-173.8989,-132.98334,346.35638,-170.63347,-132.9486,330.86224,77.92296483702259,67.37847539715722,72.37570456966759,71.53273280115343
FLARE22_Tr_0019,adrenal_gland_right,7,-155.8262612893623,-231.80894992310118,367.44210090984285,-155.25412,-151.01328,343.9288,-157.46497,-159.30823,342.98325,-158.11838,-160.9035,369.32623,-156.94582,-157.075,352.07944,84.14953125822305,76.53284059542486,70.96750027343826,76.30483971959853
FLARE22_Tr_0019,adrenal_gland_left,8,-232.14039701434507,-214.96284369324468,352.69981834695733,-232.72713,-140.60266,327.73987,-232.49405,-147.55093,332.67453,-232.6784,-148.21909,349.6281,-232.6332,-145.45757,336.68085,78.43965907446118,70.32426915603091,66.81657025296876,71.32905445844685
FLARE22_Tr_0019,gallbladder,3,-120.91605623076384,-134.6739666506183,319.28060382105514,-105.296104,-73.57802,330.41608,-113.155876,-82.44536,331.64142,-126.40933,-81.20044,341.78397,-114.95377,-79.07461,334.6138,64.03668142604849,54.22949073992571,58.27517056947252,57.982276784169564
FLARE22_Tr_0019,esophagus,14,-207.19794292775438,-207.21576757732274,418.48925892970635,-200.7598,-146.4526,423.0491,-202.36015,-150.63112,428.2666,-206.67523,-142.8269,437.4801,-203.26506,-146.63689,429.5986,61.27318900155189,57.626583436592284,67.13308485632572,61.714551733405486
FLARE22_Tr_0019,stomach,5,-226.4968484246687,-148.33356979339712,358.99689177733825,-225.86789,-76.680664,358.71088,-225.16843,-88.92841,360.39392,-233.54123,-87.783066,373.47876,-228.1925,-84.46404,364.1945,71.65623695038079,59.4364282432804,62.65549725256393,64.10309476590497
FLARE22_Tr_0019,duodenum,18,-180.1750306568757,-177.72085913678757,295.9340280768237,-170.32564,-109.16067,282.14563,-163.83836,-112.50264,281.54556,-172.10574,-113.29071,297.60657,-168.75658,-111.65134,287.09924,70.62315733796952,68.75558712508032,64.95502170220477,67.6285170465635
FLARE22_Tr_0019,kidney_left,2,-274.5016944650256,-239.54765227929605,312.8780379984047,-274.76807,-157.23685,272.42416,-261.25537,-168.88498,285.71213,-270.03583,-166.02422,305.00012,-268.68643,-164.04869,287.71213,91.71507819574563,76.8548315065739,74.0790203268544,79.79494661834
FLARE22_Tr_0020,liver,4,-119.67226418837228,-178.87442078124616,133.47056164050917,-129.6666,-123.84516,116.24521,-136.14929,-119.39053,127.39574,-140.1285,-129.6025,135.39668,-135.3148,-124.279396,126.34588,58.5219516416983,62.02200251310851,53.38436222738256,57.236936389112756
FLARE22_Tr_0020,kidney_right,1,-125.37043785525631,-244.9034405348398,92.90963338308681,-133.15378,-182.29279,55.07474,-133.86092,-175.17374,66.0597,-133.95192,-183.4765,69.97507,-133.65553,-180.31433,63.70317,73.56734020555393,75.20132151893,66.12794417266348,71.36815340396515
FLARE22_Tr_0020,spleen,0,-309.08808325484694,-224.52068646122103,136.00855978692414,-298.8413,-183.13129,108.68031,-302.2328,-178.243,119.30587,-300.0633,-191.49956,127.6472,-300.37912,-184.29128,118.54446,50.644959043293014,49.67493865667636,35.23853147984795,44.71293428063977
FLARE22_Tr_0020,pancreas,6,-212.71655486961777,-164.77147226298436,104.94602262427033,-218.2444,-125.37276,78.79762,-220.60391,-119.924576,90.423386,-220.71922,-129.42343,93.81223,-219.85585,-124.90692,87.67774,47.60834653029641,47.79499466980622,37.914218476757384,44.02664500310275
FLARE22_Tr_0020,aorta,51,-212.67772142811015,-209.20138395225428,134.40717399409218,-213.02751,-161.97275,132.31247,-214.31267,-158.32503,142.61456,-216.607,-166.89374,142.93668,-214.64905,-162.39717,139.2879,47.27635997723363,51.56004202120321,43.33738012764184,47.09927802013057
FLARE22_Tr_0020,inferior_vena_cava,62,-174.59740983848312,-195.2089883764683,117.1996184994311,-181.68384,-142.1521,95.25284,-183.63484,-140.05153,112.58364,-183.19164,-148.79996,120.03663,-182.83678,-143.66786,109.29104,57.85250276830521,56.083221723768936,47.28326874427313,52.79129207288786
FLARE22_Tr_0020,adrenal_gland_right,7,-160.81326126328352,-226.7937847374957,154.2663944883899,-164.54062,-168.27097,95.93397,-168.78561,-160.91034,110.583046,-169.94452,-172.68561,119.92591,-167.75691,-167.28897,108.81431,82.71327333222919,79.45075029527418,64.73286242619157,75.19926398569196
FLARE22_Tr_0020,adrenal_gland_left,8,-249.10018549363247,-223.06110256647608,141.76682433885185,-240.98135,-155.29291,84.603355,-242.24704,-152.34105,97.05501,-239.42444,-160.16983,105.18157,-240.88428,-155.9346,95.61331,89.02867988694831,83.94902072744081,73.39899792521115,81.87560750773495
FLARE22_Tr_0020,gallbladder,3,-102.48761994351943,-149.8745692756738,67.41448005008823,-119.43952,-94.8829,83.93345,-124.79491,-90.12237,88.78166,-134.72026,-103.169426,108.37705,-126.31824,-96.05823,93.69739,59.86925243875584,67.26438193269928,69.98746932580664,64.45842222714984
FLARE22_Tr_0020,esophagus,14,-218.2311313624907,-201.72941226946094,196.9877635342727,-209.70233,-161.15128,174.3613,-212.5691,-154.77243,182.03531,-215.61635,-165.91211,183.9278,-212.62926,-160.61194,180.10814,47.23645371367774,49.60436034378827,38.213597641089024,44.79898847463264
FLARE22_Tr_0020,stomach,5,-239.56994824810985,-139.38371911323128,122.60517085261675,-244.296,-109.16786,107.51845,-244.6401,-102.879196,127.29644,-251.44487,-113.19753,126.71304,-246.79366,-108.41486,120.50931,34.10194788798645,37.152317620613125,29.044874644479048,31.869179457114566
FLARE22_Tr_0020,duodenum,18,-179.86827811085485,-171.57020648450316,79.18282808334156,-173.43875,-126.20995,49.370422,-174.49788,-116.80577,63.568085,-175.63979,-130.77188,66.20278,-174.52547,-124.59586,59.713764,54.65959128163662,57.19969234570338,43.02168181397297,51.12904256811402
FLARE22_Tr_0020,kidney_left,2,-280.9949424291439,-220.99971216640247,79.7062617461131,-271.35455,-180.08551,50.541603,-273.6959,-177.14632,67.39391,-271.10004,-182.78096,69.80713,-272.05014,-180.00426,62.580883,51.16137543900891,46.130145960127024,40.70104424635104,45.320143509396175
FLARE22_Tr_0021,liver,4,-152.08169462112406,-206.74614669479845,162.57535443487876,-159.55746,-156.36588,144.16014,-159.0563,-165.5398,157.78755,-160.55606,-161.79797,182.237,-159.72328,-161.23454,161.3949,54.15883099171395,42.06580165316122,49.78688010630179,46.16376738341608
FLARE22_Tr_0021,kidney_right,1,-163.79260519500576,-268.2625928246619,106.6224088876846,-159.13797,-210.9743,81.55629,-158.58539,-213.23141,101.05584,-161.9607,-211.05331,139.12416,-159.89468,-211.753,107.24542,62.705055419763575,55.55656899650424,65.82265062953957,56.647288919135995
FLARE22_Tr_0021,spleen,0,-308.7974481855009,-268.9713166412746,173.2875112156969,-329.3346,-218.57922,138.72162,-329.6209,-218.25961,151.7295,-328.21866,-220.9839,188.87827,-329.05807,-219.27425,159.77646,64.46656772718558,58.90705388780831,54.065210529318264,55.34293400972781
FLARE22_Tr_0021,pancreas,6,-249.5956773687217,-198.28788763410964,120.89216724825523,-248.56866,-155.7807,107.08256,-244.81242,-159.8945,121.084946,-245.7187,-160.77576,153.26138,-246.3666,-158.81699,127.14297,44.70593936213685,38.690681525495975,49.698662052783085,40.09303629318338
FLARE22_Tr_0021,aorta,51,-234.39255725513937,-242.9830097184189,149.79081804056608,-239.1044,-204.07289,142.02808,-235.08853,-196.19572,162.81784,-235.49147,-199.71701,168.72783,-236.56146,-199.9952,157.85791,39.955712354060175,48.57198529586962,47.241556724980356,43.79194525896641
FLARE22_Tr_0021,inferior_vena_cava,62,-208.51889947089919,-221.00169584713603,110.80423662119622,-209.52444,-178.10657,119.68788,-209.36832,-184.23788,137.62982,-210.51309,-184.54979,162.86218,-209.80196,-182.29808,140.05995,43.81691811084198,45.51825295090587,63.582607896073846,48.533626995534284
FLARE22_Tr_0021,adrenal_gland_right,7,-195.15814774133722,-242.4356959520554,155.91454081632654,-194.68123,-196.78511,130.32239,-193.24823,-202.25113,145.52959,-194.4125,-202.69879,181.03165,-194.11397,-200.57835,152.29454,52.33700132529198,41.54869991923066,47.01538648120967,42.02656064573718
FLARE22_Tr_0021,adrenal_gland_left,8,-263.5661219812805,-234.3123816863126,136.62268831754622,-267.87958,-187.81743,114.5672,-269.34793,-190.09625,135.61813,-265.74634,-197.24757,172.78987,-267.65796,-191.72041,140.99174,51.64137044147488,44.60386227851694,51.832600165948925,43.01055178870214
FLARE22_Tr_0021,gallbladder,3,-159.77036691027035,-163.56557688114125,120.79739880372792,-159.29123,-123.5347,100.980835,-159.51062,-133.76315,115.85778,-160.34552,-130.6722,154.58792,-159.71579,-129.32335,123.808846,44.669866806327796,30.210126819716738,47.16041501111971,34.37443760001711
FLARE22_Tr_0021,esophagus,14,-231.43033889757217,-227.9406500261797,202.74771513890147,-239.50119,-197.54007,184.98357,-237.62234,-200.3523,202.91803,-238.95432,-198.69905,206.27217,-238.69263,-198.86382,198.05792,36.12338462139462,28.27520616458233,30.399064586026423,30.33475401796901
FLARE22_Tr_0021,stomach,5,-246.55104184883868,-168.56461438778257,146.25521150739527,-269.18048,-130.54457,134.53165,-269.55615,-144.49228,148.62573,-270.609,-133.45425,180.98096,-269.7819,-136.16371,154.71278,45.77179470537752,33.38160881042246,54.93087084221269,40.755630044931294
FLARE22_Tr_0021,duodenum,18,-227.5432489757305,-199.00914306200013,88.14156411956868,-206.54303,-155.18547,76.872665,-208.5764,-155.62476,93.71437,-209.64949,-161.25456,133.06358,-208.2563,-157.35493,101.21688,49.88498325149948,47.67601658901177,61.348046212188635,47.728642442747905
FLARE22_Tr_0021,kidney_left,2,-295.1535293762835,-253.38989355085502,102.11794531583188,-304.29544,-210.8985,84.96837,-302.98016,-214.39384,105.265785,-300.82086,-215.66544,141.78644,-302.69882,-213.65259,110.67353,46.7247383778239,39.89808181279643,55.034922378113194,41.34226579936075
FLARE22_Tr_0022,liver,4,-131.13377283735764,-202.01485681355567,380.8800356347439,-123.327576,-153.1246,380.0772,-130.20114,-152.4595,384.57477,-132.4487,-150.65582,376.283,-128.65913,-152.07997,380.31165,49.51603917174695,49.701649103197795,51.581122961815005,49.99939694693918
FLARE22_Tr_0022,kidney_right,1,-125.84260115255145,-237.1770846540817,293.5110822022042,-123.79388,-198.95334,293.2449,-122.722786,-193.61453,300.35492,-126.56921,-194.16402,293.99,-124.36196,-195.57729,295.86328,38.279536097084616,44.2070956711616,43.021870259701494,41.69254612062543
FLARE22_Tr_0022,spleen,0,-294.3455429792589,-273.4396222062647,376.3686826596821,-299.71167,-205.8554,360.28333,-291.00314,-201.27342,365.29156,-292.28226,-199.1217,359.3463,-294.33237,-202.0835,361.64038,69.67899363545654,73.08785528311849,76.270381883962,72.86027574278012
FLARE22_Tr_0022,pancreas,6,-219.23893837856556,-196.38754746149073,342.4307171895851,-208.39746,-147.3862,324.5113,-206.41203,-144.6886,334.56293,-212.99687,-147.67786,333.59802,-209.2688,-146.58421,330.89075,53.28954407608243,53.844339796272976,49.89603078784527,52.085954833424154
FLARE22_Tr_0022,aorta,51,-210.401482533832,-240.76960922956508,375.20923478157783,-206.1616,-180.14438,375.0598,-206.88652,-184.44688,381.11383,-206.55443,-179.09126,376.23758,-206.53418,-181.2275,377.47043,60.773493088791184,56.74036103232828,61.8067612522779,59.71040612161713
FLARE22_Tr_0022,inferior_vena_cava,62,-175.9667902806217,-220.36541249458838,341.0576862123613,-174.87329,-167.0819,329.29822,-172.57178,-166.91849,348.82455,-172.91695,-162.13345,345.84723,-173.454,-165.37794,341.32333,54.57668174414193,54.11491606864916,58.508139018158126,55.045492979517775
FLARE22_Tr_0022,adrenal_gland_right,7,-159.63237582946493,-243.82002741362075,358.1588785046729,-164.03333,-193.9903,351.5338,-160.57327,-188.16068,356.91556,-161.85464,-190.50133,358.70343,-162.15375,-190.8841,355.71762,50.460499734788,55.681187476748846,53.367769062489415,53.052144871615376
FLARE22_Tr_0022,adrenal_gland_left,8,-236.09959133916539,-229.01998392037052,355.1568825910931,-234.94083,-178.60217,333.25354,-231.25479,-177.78793,350.2724,-230.32123,-179.34225,346.55353,-232.17229,-178.57745,343.35983,54.98231373877183,51.69190714832518,50.747255908663846,51.952314365044636
FLARE22_Tr_0022,gallbladder,3,-138.04895617281022,-163.8799661472777,360.9161582365676,-112.92026,-118.19885,343.44968,-115.71739,-120.19553,349.22806,-127.29827,-119.84804,336.43756,-118.6453,-119.41415,343.03842,54.984485246442425,50.4345128248938,51.51300486119774,51.70420091397673
FLARE22_Tr_0022,esophagus,14,-219.08942340263718,-230.10266066464732,431.91845711385554,-203.80621,-181.06473,428.92914,-203.0825,-178.36397,438.97424,-205.32841,-177.15715,431.4171,-204.07239,-178.86195,433.10684,51.451252633743685,54.61591257395326,54.70688960546058,53.409115952093266
FLARE22_Tr_0022,stomach,5,-244.02337069497733,-178.2496558175874,374.6579726686615,-232.65594,-123.17746,364.26395,-231.84479,-126.11611,376.65155,-237.80734,-129.31326,364.02402,-234.1027,-126.20228,368.3132,57.18567070163391,53.57423498744096,50.46276409531639,53.36295727756596
FLARE22_Tr_0022,duodenum,18,-183.6557672804071,-194.18751498751243,319.01000326193326,-173.15054,-152.47458,293.11066,-168.24821,-141.66295,298.16415,-170.33633,-146.35796,293.52716,-170.57835,-146.83183,294.934,50.210605688977175,58.57279384165107,55.8072511782547,54.710453846301995
FLARE22_Tr_0022,kidney_left,2,-276.54074735137755,-248.57287583773416,299.17269049300114,-273.1409,-195.88495,287.49896,-263.64603,-194.02052,300.53696,-266.18704,-197.84216,301.7884,-267.658,-195.91588,296.6081,54.07265995613587,56.07222340731434,51.8425145575486,53.46250963143336
FLARE22_Tr_0023,liver,4,-137.87529711080595,-174.86114449936645,166.922021830157,-134.65952,-112.76083,148.63657,-134.11642,-107.56908,168.77,-139.03569,-107.99124,169.43448,-135.93721,-109.44039,162.28035,64.81626136629271,67.42230026083172,66.92714610191342,65.61384167156145
FLARE22_Tr_0023,kidney_right,1,-130.74990226274016,-192.61780667780195,82.27840616102056,-137.77206,-170.0708,82.55379,-132.23978,-159.84421,110.14325,-133.33585,-157.89223,109.92201,-134.44923,-162.60242,100.87302,23.616817483149102,43.04390788854792,44.460341189313134,35.501664773679664
FLARE22_Tr_0023,spleen,0,-287.84665076716396,-215.66733988271903,169.67161003098727,-291.80463,-167.97076,136.79309,-292.8996,-162.73415,164.45425,-294.05444,-167.18875,161.12067,-292.91956,-165.96455,154.12267,58.065703584545496,53.429168736095114,49.6168205625086,52.32466898289812
FLARE22_Tr_0023,pancreas,6,-207.09770468768107,-149.57962042448221,126.71055245600384,-216.13687,-116.58346,111.06442,-214.7801,-107.56128,135.49014,-216.8294,-107.21657,138.16109,-215.91547,-110.45377,128.23854,37.619870430718485,43.6078144574098,44.94940464868245,40.13626247665672
FLARE22_Tr_0023,aorta,51,-204.21263698664475,-199.38868299811503,165.79414654688378,-210.11415,-148.6089,154.48605,-209.56604,-142.947,165.53348,-213.28493,-142.71487,169.4874,-210.98836,-144.75693,163.16898,52.35730127944823,56.695588446903386,57.514060386044065,55.112889783024876
FLARE22_Tr_0023,inferior_vena_cava,62,-179.37469612097144,-173.6325443714454,120.11121461724521,-181.0868,-129.53203,128.11836,-179.89674,-126.52025,153.60692,-182.08116,-127.293816,156.79723,-181.02156,-127.782036,146.17418,44.854222402220145,57.80833098927449,59.16473751716645,52.76608203195898
FLARE22_Tr_0023,adrenal_gland_right,7,-168.91998080995236,-199.3750827157226,146.7297511911064,-167.14815,-154.21231,132.85344,-166.1134,-147.79291,157.32976,-168.13399,-148.67435,158.81189,-167.13184,-150.22652,149.66502,47.27967207738035,52.73478731171997,52.12638933534564,49.268598787402006
FLARE22_Tr_0023,adrenal_gland_left,8,-233.86899167561762,-186.8530142320086,144.29242749731472,-238.43971,-145.75511,118.80181,-234.14194,-139.07977,151.35175,-234.9396,-141.1574,150.10214,-235.84041,-141.99744,140.08524,48.5767495861918,48.292763993227204,46.07590120543211,45.095562962146055
FLARE22_Tr_0023,gallbladder,3,-139.57635788690476,-125.05654339150433,139.82717803030303,-130.46234,-88.1988,106.48938,-133.5051,-81.875824,124.729324,-138.64734,-84.91202,137.51994,-134.20493,-84.995544,122.91288,50.52689774086361,46.14520485381315,40.221503476477345,43.81585789131156
FLARE22_Tr_0023,esophagus,14,-208.1515311716792,-186.02394658521303,209.29291979949875,-208.27443,-145.36015,201.28632,-209.66881,-136.54428,216.67386,-211.85771,-139.50035,217.8292,-209.93365,-140.46826,211.9298,41.444721042482136,50.05015177772525,47.445217752058326,45.666721969267364
FLARE22_Tr_0023,stomach,5,-237.98167285559387,-140.74048615737837,151.83714793332288,-244.06192,-99.247826,134.46439,-240.02429,-91.427826,156.02972,-245.57767,-93.86978,160.57956,-243.2213,-94.84848,150.3579,45.391884112477975,49.53270078394428,48.28034634530306,46.213829878223756
FLARE22_Tr_0023,duodenum,18,-173.17265461340696,-155.2940213768806,98.28651685393258,-172.2494,-114.94505,75.464905,-173.84805,-105.287186,105.72074,-174.6268,-106.116585,104.12741,-173.57475,-108.782936,95.10435,46.36504727053681,50.56092832583088,49.54443312770786,46.621550172287805
FLARE22_Tr_0023,kidney_left,2,-273.070568161932,-204.8249467712769,100.44035466371113,-267.77487,-170.63358,90.50677,-265.65472,-161.32445,116.231674,-264.58627,-163.10043,116.759254,-266.00528,-165.01949,107.83256,35.996811409917235,46.86847491370753,45.59851721059879,41.09790405632439
FLARE22_Tr_0024,liver,4,-119.30600684920229,-206.10452547914406,164.27075343615414,-125.605576,-115.238266,139.76855,-134.1571,-115.57007,135.02966,-133.90619,-116.172585,149.8142,-131.22296,-115.66031,141.53748,94.3224226936957,96.29166314921721,92.24918123588688,94.01580745834916
FLARE22_Tr_0024,kidney_right,1,-129.35301782314238,-225.47809652997034,86.89277996031268,-130.2763,-169.20299,67.5095,-132.99615,-171.06535,69.423325,-130.24557,-168.68005,85.9019,-131.17268,-169.64946,74.278244,59.52690093461883,57.26430767646586,56.81369700105523,57.2649489284158
FLARE22_Tr_0024,spleen,0,-318.0718644392798,-255.11386817193574,161.9362665943876,-303.26532,-178.57802,125.31247,-305.96164,-176.31117,125.41088,-305.07834,-180.84729,139.33551,-304.76843,-178.57881,130.01962,86.12939458179646,87.6962153549729,78.70927853731786,83.98373846568067
FLARE22_Tr_0024,pancreas,6,-208.8127775117855,-168.0308468989393,128.46844431349442,-218.62209,-111.83694,92.72029,-221.299,-115.8183,94.2711,-224.07085,-112.39054,107.68928,-221.33064,-113.348595,98.22689,67.3194510922312,63.65150460008419,61.322312988650694,63.72909250396851
FLARE22_Tr_0024,aorta,51,-216.4205313122215,-209.5663636579122,153.35367877121456,-214.48126,-158.40277,149.9902,-217.87831,-154.70964,147.54553,-214.0436,-156.88676,156.25957,-215.46771,-156.6664,151.26509,51.310690330793065,55.18260381372966,52.81320082940451,52.949754724454806
FLARE22_Tr_0024,inferior_vena_cava,62,-180.5861988942386,-196.66877312170175,125.2104981593312,-183.65645,-133.909,107.97355,-185.49207,-136.44513,117.02513,-182.33388,-135.5739,130.98752,-183.82745,-135.30934,118.66207,65.15618468925247,60.975036056412875,61.39228021626594,61.792940412926306
FLARE22_Tr_0024,adrenal_gland_right,7,-169.25490811204662,-216.50407322700778,146.85152202072538,-164.04858,-157.00009,114.96814,-168.54352,-157.59756,116.309074,-168.72362,-159.45038,132.91936,-167.10524,-158.016,121.398865,67.70804765692301,66.35754613842373,58.73254272404023,63.82251004859336
FLARE22_Tr_0024,adrenal_gland_left,8,-245.95130397568474,-199.73433569731694,140.55547792062606,-242.82082,-147.65685,101.38283,-245.48055,-150.41583,100.77029,-243.76765,-147.5894,119.20584,-244.02301,-148.55403,107.11965,65.24079630938917,63.36716674482173,56.388558310186596,61.164502256155764
FLARE22_Tr_0024,gallbladder,3,-101.03579654510557,-188.4664131477927,131.24664107485606,-116.125824,-80.21292,102.94897,-124.17569,-84.32875,96.48477,-126.88321,-88.17382,121.52917,-122.394905,-84.238495,106.98764,112.90387866821064,112.19846244181512,104.02462296164671,109.1245599322407
FLARE22_Tr_0024,esophagus,14,-213.8492694112628,-201.8657476535836,205.48333667938164,-211.29677,-155.72327,198.42462,-214.94585,-150.4296,192.36176,-214.29218,-156.24237,195.89162,-213.5116,-154.13174,195.55933,46.74900297283371,53.09478392293612,46.622846210099944,48.755872215501164
FLARE22_Tr_0024,stomach,5,-254.0129458535702,-159.51672826117945,168.2450374996646,-243.5834,-93.54386,128.59961,-245.55064,-94.33498,137.37186,-249.96574,-95.825066,139.84438,-246.3666,-94.56797,135.27196,77.67209580339266,72.61834926234933,69.85417188228845,73.23955144787475
FLARE22_Tr_0024,duodenum,18,-189.82755076121447,-173.28390827392855,93.74331696079284,-179.76886,-114.256645,62.838825,-178.45917,-112.5581,68.89858,-177.56273,-111.60812,76.618195,-178.59692,-112.80762,69.451866,67.38310365116791,66.58922603427118,65.17359945035709,66.13307302234324
FLARE22_Tr_0024,kidney_left,2,-297.27164973196807,-215.63999149211918,95.40140436154228,-277.04834,-170.23761,62.663956,-279.88513,-174.15459,69.58241,-279.92377,-170.70378,85.441895,-278.95242,-171.69867,72.56275,59.515536341590256,51.86472922017871,49.18743610028172,52.80187402922515
FLARE22_Tr_0025,liver,4,-151.63399907170682,-200.8659489376351,123.56584118530398,-153.62788,-134.75081,122.58589,-158.53745,-136.03241,127.67318,-157.06311,-140.29279,121.68917,-156.40948,-137.02533,123.98275,66.15245758284837,65.32928600505522,60.84492790871539,64.0203386133188
FLARE22_Tr_0025,kidney_right,1,-154.60348855791938,-239.90456129576222,56.22811563564714,-155.59085,-196.6266,59.569874,-155.54297,-197.34058,64.56052,-151.26944,-194.83144,59.341156,-154.13441,-196.26619,61.15718,43.41801443865694,43.38207411415499,45.303349897175295,43.91836973283228
FLARE22_Tr_0025,spleen,0,-316.635431232376,-251.79418944898512,142.78107269779912,-317.71692,-197.02034,114.0997,-321.05087,-197.42552,120.324554,-320.44568,-204.24632,116.88216,-319.73782,-199.56407,117.102135,61.83821867979618,58.98934948614416,54.27772555622005,58.28394203296022
FLARE22_Tr_0025,pancreas,6,-245.05994782054287,-199.83289765572508,100.42484766418416,-240.37651,-136.707,84.54597,-241.07751,-141.17464,88.56236,-238.23236,-140.84314,84.12058,-239.89546,-139.57494,85.74297,65.26064889570382,59.978078378817756,61.5811379697894,62.23545051519195
FLARE22_Tr_0025,aorta,51,-230.29283272450365,-249.7970792194677,133.41886675930215,-232.76218,-177.34079,122.73685,-234.09923,-180.14777,128.26477,-234.99292,-180.01988,126.53839,-233.95143,-179.16948,125.84667,73.28108271367253,69.94340689875924,70.2729605778223,71.12651640859555
FLARE22_Tr_0025,inferior_vena_cava,62,-199.21355705813258,-225.37176198851043,112.35439707456297,-203.4867,-158.96812,103.12137,-203.3367,-159.04103,108.87604,-201.49187,-160.93692,106.08323,-202.77174,-159.6487,106.02688,67.17850554239642,66.54971964539268,64.77937237565811,66.1227606088514
FLARE22_Tr_0025,adrenal_gland_right,7,-183.33333821718153,-245.63002333166673,124.22116527942926,-186.97455,-179.55334,106.49435,-189.58247,-181.1417,109.34431,-188.60536,-183.71964,109.098694,-188.38745,-181.47156,108.31245,68.51004281469751,66.47644201482984,63.94825688391575,66.29434448578063
FLARE22_Tr_0025,adrenal_gland_left,8,-259.9339902145164,-241.96111412346932,122.22890416189385,-261.55438,-170.29115,93.38515,-260.33603,-174.10007,96.437614,-259.10397,-173.39911,94.67232,-260.33145,-172.59679,94.83169,77.27335456907271,72.5980299909828,73.89724594462743,74.57999315906518
FLARE22_Tr_0025,gallbladder,3,-160.27782754380894,-175.4298963231482,84.96746203904556,-149.33855,-105.52353,82.67901,-148.50098,-111.59836,86.68035,-152.89203,-111.33685,90.54438,-150.24385,-109.486244,86.63458,70.79410334796115,64.9314521130675,64.75778129240514,66.72349838668295
FLARE22_Tr_0025,esophagus,14,-234.3013074957073,-226.64224783681374,166.44419889502763,-231.98769,-169.60269,175.49185,-232.4847,-172.08228,171.6417,-235.14348,-177.6731,170.83643,-233.20528,-173.11934,172.65666,57.7989951197338,54.83707339819134,49.17294753757993,53.89339248130315
FLARE22_Tr_0025,stomach,5,-248.95139147032305,-162.68502393389835,123.04972811865204,-263.12918,-117.57532,116.80572,-263.87903,-121.4731,121.16342,-267.65884,-123.283554,113.87058,-264.889,-120.77732,117.27991,47.695733640149925,43.87271670471099,44.572427795809126,45.20568566887318
FLARE22_Tr_0025,duodenum,18,-212.76737595562332,-209.0890673777992,73.17394468704512,-196.32988,-140.35556,53.022156,-195.39601,-138.42313,60.778107,-195.62027,-138.6236,53.414146,-195.78206,-139.1341,55.73814,73.48864451658928,73.81799474013094,75.16552073456873,74.06893107146078
FLARE22_Tr_0025,kidney_left,2,-296.1910956686483,-242.68548296607682,67.62050408650697,-292.58984,-194.18639,59.060192,-291.21866,-197.15744,66.38696,-292.09064,-194.19753,58.390434,-291.96637,-195.18044,61.279194,49.3802627834114,45.815384263676044,49.528678700882715,48.11226548774786
FLARE22_Tr_0026,liver,4,-129.71434131238036,-192.8492326825407,316.9424313567216,-128.27272,-149.19376,310.5171,-128.70041,-158.18462,323.43796,-122.238556,-145.96063,315.07117,-126.4039,-151.11299,316.34207,44.14933657414376,35.28251076318924,47.51767924987198,41.87162875524444
FLARE22_Tr_0026,kidney_right,1,-132.4258655197852,-245.99384898662476,284.91181883769895,-117.52004,-199.15211,261.41208,-115.34996,-201.2338,257.3002,-117.11864,-192.04762,255.41019,-116.66288,-197.47784,258.0408,54.48457943917868,55.294216449943036,63.36286664767148,57.65696815472905
FLARE22_Tr_0026,spleen,0,-283.29481572169476,-249.35775945406502,330.1397911832947,-263.85645,-192.27095,313.49048,-260.1173,-199.21692,314.5262,-264.06476,-190.69933,314.45883,-262.6795,-194.0624,314.15854,62.561598715816615,57.40282616784757,63.69065443785386,61.13893210314688
FLARE22_Tr_0026,pancreas,6,-202.71368686394854,-193.26314003117542,291.89477589288725,-190.85843,-150.89395,279.39984,-191.65222,-154.67519,287.18747,-192.60681,-146.63013,284.40332,-191.70581,-150.7331,283.66354,45.73640425589439,40.417136586386626,48.30019404307986,44.69598866361603
FLARE22_Tr_0026,aorta,51,-206.22880451502212,-218.32845353203052,327.5003331112592,-186.58415,-168.29239,311.35712,-185.61049,-177.0,320.47125,-186.83237,-168.48125,313.618,-186.34233,-171.25787,315.1488,56.125961569583055,46.7179193196732,55.26015425875752,52.570634496007756
FLARE22_Tr_0026,inferior_vena_cava,62,-173.19283588461798,-205.12088696069048,299.8093349036137,-156.04802,-161.87106,297.13416,-158.26936,-167.59592,304.4523,-156.15909,-157.85355,296.80994,-156.82549,-162.44017,299.46545,46.600950318169225,40.64960706781564,50.33235997908498,45.71271154898832
FLARE22_Tr_0026,adrenal_gland_right,7,-162.71691542436878,-222.13540110729258,319.9083094555874,-150.82623,-189.6179,305.94617,-147.28217,-190.91919,308.86426,-147.04218,-183.97966,306.76974,-148.38353,-188.17226,307.1934,37.332523726920286,36.532922838402676,43.291799850721674,38.99500378955965
FLARE22_Tr_0026,adrenal_gland_left,8,-227.3628802282739,-224.13232797017625,323.08377270064443,-207.37451,-175.74396,300.3784,-206.87071,-181.68701,307.79846,-208.17938,-175.11143,304.33087,-207.47487,-177.51414,304.16925,57.06578475644006,49.5497179077242,55.8813550839294,54.09757058419574
FLARE22_Tr_0026,gallbladder,3,-128.58864575852957,-185.58162417173324,264.4265041888804,-126.70868,-135.83456,265.03375,-123.15517,-137.35901,280.3432,-124.88832,-127.32235,273.45068,-124.91739,-133.50531,272.94254,49.786273204987474,51.07136729258089,59.07005415153077,52.89558966501359
FLARE22_Tr_0026,esophagus,14,-210.82494655522788,-205.96498193299735,367.9125862635557,-185.90472,-161.2161,366.98492,-185.03386,-174.21027,378.3374,-186.0017,-161.30423,370.0771,-185.64677,-165.57686,371.7998,51.228321534275324,42.21633512435172,51.14158516311785,47.75197732424395
FLARE22_Tr_0026,stomach,5,-222.04922768145087,-167.6608970147577,294.57372936609715,-221.36723,-138.4343,300.37512,-218.06462,-140.32933,308.38684,-220.84116,-129.94763,306.82205,-220.091,-136.23708,305.19467,29.80462213752053,30.881931122770233,39.67078540958573,33.22793397487399
FLARE22_Tr_0026,duodenum,18,-156.97827838414804,-197.1596592898686,261.93733766233765,-150.63394,-157.59592,242.73436,-151.74687,-152.83972,251.57358,-151.94316,-147.21872,247.00189,-151.44133,-152.55145,247.10327,44.43303606041499,45.815193984923496,52.36905011802219,47.33497035044666
FLARE22_Tr_0026,kidney_left,2,-251.0935107471978,-249.81127092637632,282.6778518127926,-234.07738,-201.31566,270.02695,-234.8871,-203.37335,269.46048,-237.37383,-197.51683,269.47363,-235.4461,-200.73529,269.6537,52.92842909777194,50.92962768653412,55.65329891147061,53.13117738463922
FLARE22_Tr_0027,liver,4,-148.58663932841162,-205.5865975921055,156.7635991374732,-150.48119,-146.29376,151.94112,-153.87097,-148.28554,142.10725,-155.5421,-150.15268,167.83246,-153.2981,-148.24399,153.96028,59.51878674135066,59.38134456927771,56.954519996680816,57.60409084640938
FLARE22_Tr_0027,kidney_right,1,-155.82184120776,-244.03296154625585,72.37118831223987,-151.25333,-196.79605,80.230255,-154.57877,-199.88438,76.82593,-154.52908,-201.94644,95.763245,-153.45372,-199.54228,84.27314,48.10365863587449,44.390165862093504,48.16777635307087,46.11599513919881
FLARE22_Tr_0027,spleen,0,-359.9482784044473,-266.6155717904118,150.72226992253326,-328.08698,-210.91643,139.21394,-333.6964,-212.1395,134.0265,-332.39062,-215.74326,154.66884,-331.39133,-212.93306,142.63643,65.19186213060296,62.73397777636543,57.99131157105539,61.34078912324191
FLARE22_Tr_0027,pancreas,6,-242.98103037360255,-198.7214733405665,107.18539298493295,-243.03317,-144.28836,107.20499,-245.44736,-147.06433,100.93373,-245.00218,-148.55579,125.94,-244.49425,-146.63615,111.35958,54.43314124516625,52.09247924252741,53.594930756700975,52.274220644701394
FLARE22_Tr_0027,aorta,51,-240.45106997705054,-268.86436666564003,153.41595772106214,-236.79388,-196.49905,152.29039,-241.553,-194.66483,145.79045,-241.75562,-196.92162,161.96988,-240.03416,-196.0285,153.35023,72.46640872570735,74.59848863231211,72.46123681635495,72.83708605338147
FLARE22_Tr_0027,inferior_vena_cava,62,-211.54514289343788,-233.9729659075761,112.34730491476694,-205.4893,-168.45364,121.73143,-208.90933,-167.19577,117.86242,-208.1367,-172.99998,140.34338,-207.51178,-169.5498,126.645744,66.46440072622347,67.05637807448363,67.1796272973314,66.11397045317251
FLARE22_Tr_0027,adrenal_gland_right,7,-186.65632472812715,-252.55165889799733,134.94895591647332,-186.66049,-189.35455,135.88463,-193.01425,-189.59154,124.14827,-193.48648,-194.177,149.34653,-191.05376,-191.04103,136.45981,63.2040320383718,64.19544336457035,60.5106739359363,61.68612033388245
FLARE22_Tr_0027,adrenal_gland_left,8,-279.3598257425373,-247.57406458183166,138.34144916244642,-265.05035,-182.68163,121.42081,-272.04248,-183.93639,115.09333,-268.6659,-184.88472,134.30212,-268.58624,-183.83424,123.605415,68.57184395858806,68.14523233589529,63.72307491242718,66.30222878116068
FLARE22_Tr_0027,gallbladder,3,-160.96118693155785,-183.35885713035114,123.33079654997464,-146.30376,-110.88188,114.45675,-149.8672,-110.527664,104.34792,-155.67036,-116.44713,132.38196,-150.61377,-112.6189,117.06222,74.47483431800696,76.07764867791558,67.72810186786938,71.76702696707804
FLARE22_Tr_0027,esophagus,14,-240.3632144026665,-244.2990865820138,191.20057343375555,-235.6148,-190.51204,207.63914,-240.2861,-187.34305,199.2865,-242.18361,-196.45161,211.19379,-239.36151,-191.43556,206.03981,56.44307283573142,57.52719755883419,51.88856334694624,54.91592276893876
FLARE22_Tr_0027,stomach,5,-260.02895176619035,-170.56320411883416,150.26182007223377,-265.80606,-118.177765,150.45587,-268.4168,-119.81463,142.51366,-267.92136,-122.317314,158.03598,-267.38144,-120.10324,150.33517,52.70338592159841,52.017382713607745,49.501449604257424,50.99286551844641
FLARE22_Tr_0027,duodenum,18,-211.5456155508799,-201.8932421104159,78.11371054139572,-205.26448,-144.40916,79.62871,-204.28809,-140.85086,73.525986,-206.86086,-147.27542,88.916336,-205.47113,-144.17848,80.690346,57.846063481071475,61.64325831860379,55.87262358095453,58.09072169846241
FLARE22_Tr_0027,kidney_left,2,-319.48612421128377,-264.24099406735763,90.27763973097439,-304.2202,-200.74638,82.65935,-307.6833,-204.58134,73.35774,-306.65546,-201.52126,91.70424,-306.1863,-202.283,82.57378,65.74687760424592,63.125776287174396,64.03457522928555,63.8359382676995
FLARE22_Tr_0028,liver,4,-161.65260816496476,-205.0506366303588,151.59567156762384,-168.52267,-148.04236,125.74382,-166.05667,-158.09917,134.284,-169.82011,-159.94058,132.79565,-168.13316,-155.3607,130.94116,62.971897056356774,50.23475265356106,49.54862063742364,54.200515774434955
FLARE22_Tr_0028,kidney_right,1,-166.88198948496614,-236.89922758601614,62.53864991998448,-165.50842,-194.63953,67.73648,-167.68869,-208.02332,82.0245,-172.19148,-209.67517,73.36536,-168.46288,-204.11267,74.37545,42.60031076591754,34.8449041285225,29.775116343306262,34.89365757427
FLARE22_Tr_0028,spleen,0,-343.6120575477685,-258.68060483584617,146.14004004421548,-334.51837,-211.36829,119.60378,-345.14417,-215.7233,130.84055,-347.7467,-225.50761,130.32132,-342.46973,-217.53307,126.92188,55.00294157398129,45.62622237507462,36.98343590361101,45.42865245134137
FLARE22_Tr_0028,pancreas,6,-242.34586268973177,-188.58050860677338,108.7124147427071,-256.63156,-149.14218,89.82266,-258.82166,-152.63766,100.59141,-261.36313,-155.37198,93.60167,-258.9388,-152.38394,94.67191,46.00310405464711,40.364470970145476,41.14362024846372,42.22147699680549
FLARE22_Tr_0028,aorta,51,-252.27184692727957,-239.9253644166394,127.4535460467871,-247.68732,-203.91516,139.87723,-247.59746,-193.89386,142.86497,-252.59424,-206.12753,137.73799,-249.29301,-201.31218,140.16005,38.36796220874217,48.76742217900076,35.32940931108867,40.75913045281307
FLARE22_Tr_0028,inferior_vena_cava,62,-221.98819321135537,-221.95843117736507,103.24413272535229,-217.57657,-170.96234,110.41026,-220.75912,-179.89352,117.40924,-223.8406,-186.92807,116.078835,-220.72542,-179.2613,114.63278,51.68575275237162,44.402897376054455,37.35354341465024,44.207921984497105
FLARE22_Tr_0028,adrenal_gland_right,7,-201.5603531262206,-249.39195142518605,142.7621412803532,-199.41328,-189.91187,114.01183,-204.67445,-195.88791,125.428185,-207.2167,-202.58281,121.88264,-203.76814,-196.12752,120.44089,66.09894683760655,56.328023599966926,51.5659169488681,57.794572473145124
FLARE22_Tr_0028,adrenal_gland_left,8,-278.5868020864847,-230.38971570486757,139.2937750273025,-276.00018,-181.20105,103.45123,-282.685,-188.67462,116.28903,-282.1154,-194.34283,109.67043,-280.26685,-188.07283,109.803566,60.917183751482575,47.81383153822429,46.79071433557254,51.60633464102742
FLARE22_Tr_0028,gallbladder,3,-171.64273729043774,-163.50044296058866,109.4080172367931,-163.29234,-118.67706,84.07599,-168.42535,-125.434204,96.71855,-168.18156,-126.717865,91.53969,-166.6331,-123.60971,90.778076,52.15914244772003,40.2543492473191,41.03918793264305,44.3107398546146
FLARE22_Tr_0028,esophagus,14,-245.52553741376363,-236.0876083854384,197.2661740854208,-245.4058,-199.70667,186.99823,-250.01636,-196.48706,181.19827,-255.5925,-209.74416,185.07578,-250.33821,-201.9793,184.42409,37.80235508758747,42.97148249976976,30.723395436250456,36.76218351968715
FLARE22_Tr_0028,stomach,5,-273.17812468803754,-171.76961514316912,144.22227864412702,-279.16473,-121.29648,120.01648,-280.94507,-133.85983,132.2624,-283.33643,-130.09665,119.7752,-281.14874,-128.41765,124.01803,56.296516303849494,40.5032786596049,49.37091080496275,48.48850907744701
FLARE22_Tr_0028,duodenum,18,-234.03573635106534,-193.27199329572954,85.26758316876804,-214.94766,-139.90222,59.38126,-224.02621,-149.58536,76.08602,-221.1873,-155.23843,68.43711,-220.05373,-148.242,67.96813,62.312027913691374,45.74946703975217,43.53043436984146,50.22417265114511
FLARE22_Tr_0028,kidney_left,2,-306.57126867788844,-254.89664999811646,94.73315324523618,-310.79367,-202.9623,70.516464,-318.84076,-213.27686,82.600235,-315.4816,-211.91681,74.48832,-315.03867,-209.38531,75.86834,57.45827946375647,45.05502637595328,48.33750086184809,49.98859498297424
FLARE22_Tr_0029,liver,4,-114.67072083890379,-190.61956991693557,142.81344841941288,-120.89457,-124.2595,115.21629,-128.75954,-123.74008,133.20811,-133.11809,-129.19373,144.9312,-127.59074,-125.7311,131.11853,72.13874358015477,69.0190053783199,64.17105704449646,67.18787972691078
FLARE22_Tr_0029,kidney_right,1,-121.54051565011181,-224.66645678064506,69.07751111597055,-126.09141,-183.40973,50.719345,-127.18211,-180.62964,59.694313,-128.22487,-184.42981,76.868,-127.16614,-182.82306,62.427216,45.38557552482473,45.37745456795318,41.52541406789478,42.740425654484
FLARE22_Tr_0029,spleen,0,-295.7567254353662,-255.23682252507712,168.19395456929263,-300.19244,-185.52408,108.3326,-295.87665,-183.00906,121.7144,-295.04553,-188.60378,135.9761,-297.0382,-185.7123,122.0077,91.99415010130761,85.89070031456852,74.0166107226298,83.47737622607733
FLARE22_Tr_0029,pancreas,6,-225.37722113397587,-178.1828391455025,107.38682417219538,-211.84409,-122.263535,70.56115,-210.87326,-125.35226,89.01604,-213.20758,-129.5361,104.467896,-211.97498,-125.71729,88.01502,68.309916481161,57.78339839034988,50.23072070258629,57.511046323317565
FLARE22_Tr_0029,aorta,51,-217.86510408719514,-222.63900138151496,135.0071129707113,-209.48479,-161.57712,129.85852,-208.01837,-159.848,139.42375,-210.2149,-166.39731,141.2477,-209.23936,-162.60747,136.84332,61.848939610319185,63.71164563785954,57.10165023918798,60.675860848020015
FLARE22_Tr_0029,inferior_vena_cava,62,-175.01583970876467,-205.678688439264,117.11541571652677,-176.46846,-144.13937,87.198135,-177.07867,-146.52187,107.766716,-178.18813,-148.7573,122.69505,-177.24507,-146.47285,105.886635,68.44151530865737,59.92648106159696,57.28211701839151,60.30245229814226
FLARE22_Tr_0029,adrenal_gland_right,7,-166.1376422878943,-223.8373577378102,126.63788377192982,-157.89923,-167.20045,94.513016,-161.078,-166.50922,109.75685,-164.35396,-171.64615,128.62051,-161.1104,-168.45193,110.96346,65.63244130181276,59.97570350552967,52.25930208306055,57.77980387691112
FLARE22_Tr_0029,adrenal_gland_left,8,-244.78055467587603,-217.39831410762423,126.78459937565036,-236.44693,-154.85559,78.23703,-234.59772,-159.58714,100.49336,-235.31937,-159.7638,116.218544,-235.45467,-158.06885,98.316315,79.61097931196412,64.31991005046315,59.35396804727088,66.46353149630906
FLARE22_Tr_0029,gallbladder,3,-108.5428185055541,-154.96695404357885,87.2754270696452,-111.19314,-97.079544,79.22273,-119.91177,-96.3068,94.68501,-127.27273,-102.1343,113.08301,-119.45922,-98.50689,95.66358,58.50489139335887,60.20937365849431,61.71004813633015,58.11426578292885
FLARE22_Tr_0029,esophagus,14,-214.76114538995552,-221.72156189617564,193.60684704583105,-205.1743,-160.52515,173.85735,-207.2094,-160.10469,183.64297,-209.24611,-162.96196,193.49063,-207.20995,-161.19727,183.66365,65.01501095816816,62.87246214930636,59.01796308213361,61.7986910338456
FLARE22_Tr_0029,stomach,5,-239.9339697536572,-165.4938766989598,157.26966522165822,-238.08847,-111.42953,108.73087,-235.67067,-105.62416,126.3457,-244.54001,-116.26052,132.71672,-239.43306,-111.10474,122.597755,72.6799427993041,67.5192568542859,55.20856820862176,64.50248700337931
FLARE22_Tr_0029,duodenum,18,-200.6942056732683,-177.7017890215782,88.96925901963769,-169.28865,-128.76709,43.97956,-170.59564,-127.56437,58.69934,-173.3069,-130.45789,69.16687,-171.06372,-128.92978,57.28192,73.51861410404106,65.84794866795775,58.087739790940994,65.27451234769579
FLARE22_Tr_0029,kidney_left,2,-287.36929189363036,-244.95274361487438,98.01119460402134,-268.75702,-180.25899,41.205948,-269.7062,-183.89847,61.86822,-271.23712,-179.08891,76.106415,-269.90012,-181.08214,59.726864,88.08254563890048,73.11582350920166,71.26086222795881,76.48736066664232
FLARE22_Tr_0030,liver,4,-133.81408926502286,-183.76564802426813,146.95227805956648,-138.46103,-124.392815,148.36215,-145.23476,-125.29787,158.49127,-148.8063,-133.10562,158.08517,-144.16737,-127.59876,154.97954,59.57109314695411,60.67999224395427,53.99209404126128,57.67448679790763
FLARE22_Tr_0030,kidney_right,1,-135.91454526454828,-240.61386228653475,73.49896943494872,-139.70724,-183.84843,80.97711,-143.44185,-181.86923,91.63709,-139.8017,-182.84625,90.97952,-140.9836,-182.85463,87.86457,57.38136440920569,61.94015963859982,60.47955387345584,59.7343682564684
FLARE22_Tr_0030,spleen,0,-292.60393208612203,-245.1783851254478,143.67218238490233,-302.77673,-182.96947,138.15656,-304.81073,-183.39565,151.21245,-302.99005,-190.7333,147.55902,-303.52585,-185.69946,145.64268,63.27604210202872,63.426875077546065,55.562987057171725,60.50548178671042
FLARE22_Tr_0030,pancreas,6,-209.34211170083958,-185.59983277066127,89.68878446265894,-222.85297,-127.81123,107.72914,-224.66635,-127.712814,120.29938,-224.25168,-132.01033,117.29902,-223.92366,-129.17812,115.109184,62.02837953721462,67.25137638883719,62.100362401253996,63.57852173419534
FLARE22_Tr_0030,aorta,51,-212.88737696883726,-231.19150817068152,141.05063863939074,-218.04343,-167.13698,149.422,-220.46275,-169.31624,157.2297,-223.23206,-164.51392,166.34007,-220.5794,-166.98904,157.66393,64.8046858269771,64.40262067500906,72.05878950247322,66.7617030385903
FLARE22_Tr_0030,inferior_vena_cava,62,-179.95235257527648,-211.01272142205715,111.21959404490725,-187.6425,-146.98578,124.056015,-189.31401,-147.23691,136.89601,-189.69916,-149.49014,141.01218,-188.88521,-147.90428,133.98807,65.75227356765919,69.38496544627547,69.04799677148036,67.68215771046235
FLARE22_Tr_0030,adrenal_gland_right,7,-170.2618793593157,-233.9611751177167,134.84340044742729,-173.21527,-168.26744,135.28429,-176.17035,-169.38812,143.61932,-176.9997,-174.07712,142.03413,-175.46178,-170.57756,140.31258,65.76156652495685,65.43398170063419,60.68941515168771,63.8312887906915
FLARE22_Tr_0030,adrenal_gland_left,8,-242.79169257420114,-227.49445260763517,107.88354356116163,-244.85852,-159.00667,122.08927,-244.79306,-159.75267,136.15002,-244.47919,-162.05746,124.31425,-244.71025,-160.27226,127.517845,69.97607529214025,73.42988822285798,67.48936995446385,70.05718733952952
FLARE22_Tr_0030,gallbladder,3,-138.7656957878394,-163.66242640758955,106.15124858115777,-133.36523,-95.882355,111.86028,-135.90042,-98.000145,117.42451,-141.693,-106.54085,131.61441,-136.98622,-100.14111,120.299736,68.23412762000555,66.68456614879001,62.60843732965285,65.10225378272182
FLARE22_Tr_0030,esophagus,14,-216.60200818187303,-214.8945602200437,197.53634533661372,-217.40855,-161.36417,203.01447,-217.75218,-161.02165,208.82822,-222.08421,-166.86069,207.49481,-219.08165,-163.08217,206.44585,53.81601427556629,55.05560345313888,49.36069876878288,52.6312812120126
FLARE22_Tr_0030,stomach,5,-236.3930817883293,-153.26062502909775,146.33716430895834,-245.25809,-104.44533,142.08453,-246.52846,-110.24241,151.93094,-256.9331,-114.42239,149.20833,-249.57323,-109.70338,147.74127,49.79564674713885,44.54865977200398,44.02890369118505,45.52934899771524
FLARE22_Tr_0030,duodenum,18,-195.41193337933862,-187.8891991775331,66.910987426924,-181.66202,-129.67525,75.472885,-183.75963,-126.91922,91.86342,-181.79825,-130.09125,84.27413,-182.40662,-128.89525,83.87015,60.42541250058122,66.90095962423115,61.866100690749974,62.74581754020618
FLARE22_Tr_0030,kidney_left,2,-281.1177664527767,-245.94299704209723,73.2921804839613,-276.06317,-182.21622,82.278404,-276.81113,-181.66966,97.21468,-275.24966,-181.98373,92.94917,-276.0413,-181.95654,90.81409,64.55543073907027,68.71604495530232,67.16858855659642,66.53611139919468
FLARE22_Tr_0031,liver,4,-154.3312098901188,-227.5286304821581,161.4376158009879,-150.65424,-169.25568,133.52489,-159.15018,-167.03458,159.805,-163.54202,-171.97815,169.27547,-157.78215,-169.4228,154.20178,64.71767730077941,60.707647620800365,56.85179794655866,58.6562284895434
FLARE22_Tr_0031,kidney_right,1,-174.07943768507468,-253.8566279209502,91.0551014316384,-155.99002,-223.41505,67.09007,-152.3526,-218.99814,88.88057,-159.58963,-216.31198,112.38031,-155.97742,-219.57507,89.45032,42.75791170741682,41.132691993146246,45.54469830142173,38.800560256291114
FLARE22_Tr_0031,spleen,0,-327.44346537066707,-263.7700942925186,160.60282833958806,-316.05765,-221.8624,124.26851,-317.24298,-224.3194,151.03857,-316.8026,-221.7111,163.87355,-316.70108,-222.63097,146.39354,56.62221090954047,41.85549376347374,43.507285918714906,44.83001884008499
FLARE22_Tr_0031,pancreas,6,-236.04037555954426,-202.0194141440356,105.17186985624932,-236.12099,-171.224,95.78735,-236.64394,-168.42859,120.69761,-237.7536,-168.42957,135.59613,-236.83952,-169.36072,117.36036,32.193683193940714,37.01022024403916,45.352493935747866,34.86815679166009
FLARE22_Tr_0031,aorta,51,-239.89354585612452,-242.6921430046026,143.77722634416088,-232.54037,-201.11653,154.40671,-230.93875,-203.71915,154.63983,-236.19131,-203.08658,167.10898,-233.22346,-202.64075,158.7185,43.53833349011717,41.43765168785061,46.11591822403134,43.264837095732
FLARE22_Tr_0031,inferior_vena_cava,62,-209.44069160877567,-223.92916886077936,116.97598978288633,-202.31664,-180.79391,105.94601,-201.94875,-186.66077,137.26863,-206.33281,-185.20468,156.22798,-203.53273,-184.21979,133.14754,45.089498213765,43.09123283053795,55.22647662078652,43.28114966518612
FLARE22_Tr_0031,adrenal_gland_right,7,-200.3163085670544,-253.66115730560333,149.95827372436815,-187.17378,-210.9464,112.9621,-188.97986,-208.67598,142.15555,-192.00896,-205.15735,158.20624,-189.38753,-208.2599,137.77463,58.01718641360472,47.043212492172444,49.89649745835091,48.26130317187606
FLARE22_Tr_0031,adrenal_gland_left,8,-267.9247304685745,-234.77663163332275,132.01656775469831,-259.48535,-193.86201,99.36696,-256.30444,-200.53036,136.32062,-258.01758,-198.22346,145.21999,-257.9358,-197.53862,126.969185,53.02099552177135,36.41926272198423,40.10755431755521,38.88347330282066
FLARE22_Tr_0031,gallbladder,3,-146.05389048114847,-185.40049638912143,117.31157146516394,-137.36035,-139.56686,98.62291,-153.13608,-140.31357,119.11404,-161.7739,-144.84045,134.07487,-150.75677,-141.57362,117.27061,50.25500532275882,45.67534739832389,46.61806433175418,44.07849332071909
FLARE22_Tr_0031,esophagus,14,-237.1918261092693,-240.25351980002208,199.85747452598994,-228.74985,-201.94003,195.91916,-230.5119,-202.2692,207.4283,-235.95546,-201.2524,213.00351,-231.73907,-201.82054,205.45032,39.42969195836556,39.30327796412143,41.1756545156925,39.21869731605681
FLARE22_Tr_0031,stomach,5,-263.3098937835251,-188.41717502144857,126.5655441094061,-266.31836,-154.18253,115.38228,-259.60944,-149.41055,147.9687,-267.9208,-149.33688,161.00526,-264.6162,-150.97665,141.45209,36.14038620191297,44.64644681968444,52.29363275867964,40.31263134711009
FLARE22_Tr_0031,duodenum,18,-195.0240669434543,-203.2332173319889,73.12911472780135,-190.33444,-167.53384,61.0355,-193.18893,-166.2098,87.26125,-200.40536,-168.05527,108.586655,-194.6429,-167.26631,85.62781,37.982803543749846,39.67138763009904,50.23627845484463,38.07861496877597
FLARE22_Tr_0031,kidney_left,2,-303.42283844508887,-256.47037763829485,88.38845996924333,-290.12418,-221.40718,64.666885,-289.15338,-220.04425,92.8164,-287.11212,-217.27975,108.56227,-288.79657,-219.57707,88.68185,44.3733624692842,39.37114153418281,46.999224163359635,39.68790495634818
FLARE22_Tr_0032,liver,4,-153.72951636839187,-220.8977404362286,166.44472028030088,-163.76016,-156.81924,133.52473,-178.88847,-152.47632,139.9202,-173.40137,-147.79102,151.28131,-172.01666,-152.3622,141.57542,72.73508767482402,77.57586276361947,77.21077584903347,75.16662955760358
FLARE22_Tr_0032,kidney_right,1,-143.060099136702,-251.79589900894982,60.97248430257405,-169.38966,-214.46603,64.294655,-177.70142,-207.92374,72.881454,-167.46259,-200.78957,74.991714,-171.51788,-207.72644,70.72261,45.80176430462925,57.15427405166098,58.2551813649791,53.35754510235831
FLARE22_Tr_0032,spleen,0,-332.112507787378,-288.12632495768935,184.53843737550181,-346.29364,-215.56593,123.61364,-341.17258,-208.36513,131.12201,-339.2491,-213.28363,138.11841,-342.23843,-212.4049,130.95135,95.80159663865084,96.42223941045766,88.35824355267935,93.31582331632896
FLARE22_Tr_0032,pancreas,6,-235.70813671797288,-210.4503334814449,117.39242984555145,-254.59642,-154.93008,88.79185,-261.29465,-152.33957,100.81831,-257.61505,-146.51562,101.17748,-257.83536,-151.26176,96.92922,65.24767167752698,65.6218849685224,69.50168607876446,66.4202037996521
FLARE22_Tr_0032,aorta,51,-244.55831799252746,-256.3061071190958,146.22755215644514,-253.7745,-189.59421,149.80861,-256.587,-185.50162,162.96002,-254.72461,-186.16342,149.11118,-255.0287,-187.08643,153.95993,67.44063758658329,73.74239372285136,70.93423074776031,70.43282540709271
FLARE22_Tr_0032,inferior_vena_cava,62,-207.41651289757922,-232.80413263847592,108.884934975539,-220.43546,-174.64087,99.82949,-225.14642,-172.71034,124.23437,-220.20871,-170.4342,125.496864,-221.93019,-172.59514,116.52024,60.286475716367804,64.50750672207721,65.79973010330946,62.40246563379183
FLARE22_Tr_0032,adrenal_gland_right,7,-199.1935250707672,-259.76164492392877,141.63936557462299,-202.2639,-198.87836,111.82588,-210.83926,-193.43246,119.25155,-206.8028,-191.7453,130.317,-206.63531,-194.68538,120.464806,67.86048753675334,70.96758229752139,69.37088772571745,68.83794454648816
FLARE22_Tr_0032,adrenal_gland_left,8,-272.430506114181,-244.20223833500378,136.28729838709677,-282.86713,-184.65303,94.6095,-282.51657,-183.18768,106.15297,-278.8148,-180.18497,114.21208,-281.3995,-182.67522,104.991516,73.43071791264568,68.79376746142952,68.01680139584522,69.60921874690571
FLARE22_Tr_0032,gallbladder,3,-145.00708829615516,-181.46666064168016,117.11211892385502,-153.87865,-126.16982,98.68467,-166.31921,-125.38666,103.76144,-168.19855,-118.34845,117.58914,-162.79881,-123.30164,106.67841,58.957745299394134,61.46067154543604,67.24566808442748,61.713668731906594
FLARE22_Tr_0032,esophagus,14,-250.4554920965433,-247.8022585205237,210.1698717948718,-249.16925,-190.77954,194.58017,-253.2064,-187.21867,199.48895,-254.02231,-184.78143,196.2703,-252.13264,-187.59322,196.7798,59.12937967896657,61.57938216933165,64.63392972570234,61.70280107444153
FLARE22_Tr_0032,stomach,5,-286.762686016138,-190.24061779465814,163.39575850287417,-283.41638,-141.44751,123.351585,-285.82916,-135.86159,138.90186,-284.4153,-127.21972,137.15157,-284.55362,-134.84294,133.13501,63.20997502956818,59.648149048818375,68.30740453030587,63.16245286782635
FLARE22_Tr_0032,duodenum,18,-235.64129284342795,-204.09536623660722,98.41121240540011,-215.05853,-159.98685,59.836975,-216.9941,-150.16727,70.87431,-214.19547,-150.56259,72.72156,-215.41602,-153.57224,67.81095,62.106225729396726,63.3580200630687,63.13192422706604,62.43416213487384
FLARE22_Tr_0032,kidney_left,2,-321.3344371441244,-264.112993861442,95.42062636426556,-313.7708,-211.82053,55.197746,-311.80692,-209.1233,73.976105,-313.32767,-200.26427,75.018875,-312.96848,-207.06938,68.06425,66.404748889429,59.78718024443322,67.50555343115917,63.814845361061344
FLARE22_Tr_0033,liver,4,-147.401964273611,-218.58106616805176,191.16272701106865,-154.19975,-167.48346,143.04483,-164.29951,-169.781,161.92296,-159.67192,-169.827,174.46939,-159.3904,-169.03049,159.8124,70.51600754938354,59.34591113862522,52.97337705623981,59.848356859387174
FLARE22_Tr_0033,kidney_right,1,-144.1738774511541,-270.59663208312304,113.30034482495556,-158.27579,-227.858,76.80804,-161.09024,-224.52557,83.51631,-151.61795,-221.47014,101.11781,-156.99466,-224.6179,87.14738,57.94085720658029,57.40900964344886,51.158974466965475,54.427874759808645
FLARE22_Tr_0033,spleen,0,-316.93562709068857,-270.9992521614334,169.13804880662184,-322.92596,-224.69835,135.80748,-316.24677,-224.03745,147.99982,-317.66083,-227.53159,161.63733,-318.94452,-225.42244,148.48155,57.3636173947647,51.50447266605153,44.11603722123684,50.07966001876615
FLARE22_Tr_0033,pancreas,6,-233.76632709876264,-219.33453859983356,130.27257050970104,-238.92844,-169.32275,102.19902,-239.7536,-171.95409,115.587685,-238.15724,-169.57169,130.60356,-238.94643,-170.28285,116.13009,57.58428775275028,49.963992861885934,49.95729382925926,51.31190075167602
FLARE22_Tr_0033,aorta,51,-229.92854174508736,-249.30176002387705,152.02548151948523,-237.27643,-193.75153,165.6138,-237.10374,-198.12659,172.96523,-235.44104,-194.78452,168.34375,-236.60707,-195.5542,168.97426,57.658150765552676,55.757104872146,57.17345089383603,56.75089499734045
FLARE22_Tr_0033,inferior_vena_cava,62,-198.25328519015187,-238.35508879913758,136.93390623259958,-203.65335,-182.22037,115.19676,-204.73729,-187.02414,136.59445,-203.36543,-185.98529,149.2663,-203.91869,-185.0766,133.68584,60.438159201097875,51.739964302097775,54.044589650635935,53.677222197277054
FLARE22_Tr_0033,adrenal_gland_right,7,-190.94537562606894,-265.0537663485112,168.70103556956326,-188.81232,-212.00755,123.21986,-192.20494,-210.93198,134.99641,-190.20168,-210.69179,155.90755,-190.40631,-211.21043,138.04128,69.90699786633981,63.77112327057297,55.852047055545164,61.96302082712696
FLARE22_Tr_0033,adrenal_gland_left,8,-253.59983921051025,-248.80019760131836,145.97359381708887,-263.49744,-193.04237,106.39603,-257.32294,-201.28427,127.42677,-258.72836,-198.86874,142.05156,-259.84958,-197.73181,125.29145,69.08893680956243,51.14302762807604,50.347136753825325,55.45079218931034
FLARE22_Tr_0033,gallbladder,3,-132.83732949930143,-190.92760763456096,149.6545887662989,-142.84338,-143.42093,106.071266,-153.1333,-146.11282,124.72356,-155.25313,-144.30688,141.10977,-150.40993,-144.61354,123.9682,65.24194701081572,55.15294822100124,52.43065633554119,55.799458145225444
FLARE22_Tr_0033,esophagus,14,-237.1294580025234,-242.05784310094046,216.78383656301637,-232.37772,-196.96964,202.93991,-234.08754,-200.02823,215.49275,-235.93289,-192.42444,218.07535,-234.13274,-196.4741,212.16936,47.404428468191384,42.159324567015716,49.66462147957475,45.91460403324732
FLARE22_Tr_0033,stomach,5,-253.88509116466778,-190.87720867107834,170.12374423983474,-268.30466,-155.54196,130.0151,-265.82947,-154.93823,150.40479,-267.8982,-153.17862,164.25783,-267.34412,-154.55293,148.2259,55.36430622993259,42.69795655242784,40.64430640889328,44.49846829330251
FLARE22_Tr_0033,duodenum,18,-201.12174662638571,-217.78566858156822,109.00689638542596,-194.96783,-171.82764,71.70651,-196.63959,-170.33752,84.21509,-196.5292,-171.33868,95.43226,-196.04553,-171.16795,83.784615,59.50907467892938,53.72196854819224,48.60745411533154,53.24605913313367
FLARE22_Tr_0033,kidney_left,2,-289.6667336162198,-270.5348699974481,99.12627267633933,-291.88574,-221.28061,70.15495,-287.3736,-226.01167,87.249374,-292.36032,-219.34526,103.50204,-290.5399,-222.21252,86.96879,57.18604354361542,46.13712458945567,51.44685447409836,49.83588976506839
FLARE22_Tr_0034,liver,4,-120.1817058479033,-198.7099940600242,157.7576530344102,-125.56009,-132.37189,122.258514,-133.21022,-135.86525,132.48903,-132.33023,-124.839165,152.34158,-130.36685,-131.02544,135.69637,75.43116246517351,68.97613685823232,75.0587762597752,71.91409429074925
FLARE22_Tr_0034,kidney_right,1,-130.17347564033744,-238.96535029485423,89.48545139484301,-132.04349,-194.60283,68.86116,-128.57158,-191.22746,64.43557,-131.2472,-181.41179,101.900185,-130.62074,-189.08069,78.398964,48.95805986814557,53.93485466881135,58.88710294753984,51.103715490980235
FLARE22_Tr_0034,spleen,0,-294.8311106608763,-261.51143979308955,165.45867379711098,-293.32968,-190.90662,114.50974,-290.53677,-189.80641,121.84257,-294.27585,-186.18054,148.53136,-292.7141,-188.96452,128.29456,87.08093349918474,84.03818840950231,77.21131095902622,81.53961278543458
FLARE22_Tr_0034,pancreas,6,-216.88655493668907,-193.80663333497813,134.93279138588798,-210.95078,-139.01251,94.79947,-213.11261,-136.25122,89.90709,-212.41298,-126.42893,125.51656,-212.1588,-133.89755,103.40771,68.17853590465145,73.17227643694488,68.17941655158012,67.86221764190664
FLARE22_Tr_0034,aorta,51,-207.59946499712476,-222.83351756108175,136.74826911981538,-206.10582,-164.48761,137.53165,-206.1824,-168.67151,132.29602,-206.8588,-157.81192,147.31787,-206.38232,-163.65701,139.04851,58.37028012460856,54.36316560896116,65.87923197406136,59.23370010720045
FLARE22_Tr_0034,inferior_vena_cava,62,-170.97875252640213,-207.85177818497024,112.35975727841972,-176.9847,-152.1298,109.34965,-177.76482,-155.30524,112.73732,-177.42467,-148.53036,140.26733,-177.3914,-151.98848,120.78477,56.12548652221067,52.98426393459664,65.8742189254697,56.85781395015682
FLARE22_Tr_0034,adrenal_gland_right,7,-164.0560507651033,-235.6341417034064,151.79935767410413,-161.22537,-178.413,108.91734,-163.98361,-175.94763,113.74641,-163.38266,-168.18384,145.27768,-162.86388,-174.18147,122.64715,71.56213811426987,70.78496871783537,67.76820217936124,68.0272233671002
FLARE22_Tr_0034,adrenal_gland_left,8,-232.6182312624795,-222.70205016018002,141.231778425656,-236.7478,-165.7723,98.36406,-231.9192,-167.27823,98.51802,-232.2771,-160.2392,136.92407,-233.64803,-164.42992,111.268715,71.38411539582408,69.97680845665514,62.6121454343454,65.53233726058264
FLARE22_Tr_0034,gallbladder,3,-122.20721151924258,-174.42438686478764,121.65570778538927,-122.55052,-106.93658,88.41226,-126.569595,-111.716354,86.21771,-131.47446,-103.744606,125.61003,-126.86486,-107.46584,100.079994,75.23196829565596,72.16078747279634,71.39432700497079,70.50284874113764
FLARE22_Tr_0034,esophagus,14,-210.5669513716795,-214.5884487926264,193.734625564378,-204.03667,-162.70354,169.84023,-205.9181,-165.37302,181.47516,-208.92722,-150.98392,201.15973,-206.29399,-159.68681,184.15837,57.49461763111253,50.93196521191772,64.05745334512531,55.894117896111936
FLARE22_Tr_0034,stomach,5,-227.00607548434286,-160.30674344831883,141.6413289948817,-242.9867,-125.218124,111.00982,-238.84473,-122.8531,118.07319,-240.46986,-114.03193,148.0085,-240.76709,-120.70105,125.69717,49.24307838677848,45.8081436812349,48.612476842242025,44.85747211644817
FLARE22_Tr_0034,duodenum,18,-174.9071822935301,-190.27035377603323,100.61223900841233,-167.81096,-138.84946,61.565506,-169.45462,-133.71405,60.783764,-171.51785,-129.47223,87.919426,-169.59447,-134.01192,70.08957,64.95469493585993,69.38770298770231,62.20134269698745,64.22515096535709
FLARE22_Tr_0034,kidney_left,2,-263.90590539159786,-248.85509030813768,104.47028744092353,-267.50336,-192.2958,67.67486,-262.25867,-191.29893,65.58061,-265.23917,-184.28111,102.033844,-265.0004,-189.29195,78.42977,67.57068757857293,69.48259679374696,64.63367875269543,65.0159557081485
FLARE22_Tr_0035,liver,4,-189.1512207098999,-211.46437006317544,155.51656562165482,-183.4186,-147.28726,147.68073,-182.46545,-139.53499,159.85771,-190.30362,-142.47308,164.7873,-185.39587,-143.09845,157.44191,64.90735401860653,72.36975176952383,69.62091655083084,68.4960483899977
FLARE22_Tr_0035,kidney_right,1,-188.39995076261587,-271.0920964283249,101.94267808441788,-185.27086,-200.83554,81.138885,-182.39764,-195.18613,97.13092,-185.3764,-192.59311,103.787094,-184.34831,-196.20491,94.01896,73.33875248101252,76.29480281713806,78.57884393021551,75.41413492492529
FLARE22_Tr_0035,spleen,0,-348.2430010922919,-271.0861094969695,156.66335055867208,-344.20392,-205.47144,135.43143,-349.00348,-201.7537,156.51605,-350.79474,-202.19159,157.38107,-348.00073,-203.13892,149.77618,69.08251735446555,69.33674388435526,68.94549583693689,68.29577481936126
FLARE22_Tr_0035,pancreas,6,-283.3886725031279,-220.25683867200024,118.0453636278401,-267.6584,-146.43668,109.02281,-266.77155,-141.82935,124.799576,-269.21307,-142.01993,132.68904,-267.881,-143.42865,122.17047,76.01489827172074,80.4525944165259,80.84799989137854,78.48614296465456
FLARE22_Tr_0035,aorta,51,-263.4408079480269,-248.1171273070329,141.60553929351062,-262.11182,-186.37111,154.12173,-260.99878,-183.61557,155.814,-268.59857,-184.77023,161.90753,-263.90305,-184.91899,157.28108,63.01580864858038,66.09307538598898,66.72032991333656,65.11482725997709
FLARE22_Tr_0035,inferior_vena_cava,62,-231.24812521594717,-231.47211077519242,116.8110585452395,-232.11867,-164.08919,127.25443,-231.4841,-164.28305,140.22314,-234.41618,-163.77032,147.8058,-232.67299,-164.04753,138.4278,68.1929632732577,71.15160764278711,74.52679057924666,70.81940051844076
FLARE22_Tr_0035,adrenal_gland_right,7,-220.52318948004253,-259.08927219145744,144.93446291560102,-217.51166,-187.63068,134.31444,-217.1858,-183.3901,148.84235,-221.57356,-183.48914,153.11385,-218.757,-184.83662,145.42354,72.30619051475192,75.87340383812588,76.04857802528257,74.27526067533914
FLARE22_Tr_0035,adrenal_gland_left,8,-287.4662339297843,-248.73857426835505,128.76190476190476,-288.34473,-180.54385,122.93295,-288.0875,-176.92175,142.4018,-290.9083,-175.28612,142.31001,-289.11353,-177.58391,135.88159,68.44901996801639,73.10327202931595,74.7707323188168,71.5289454197322
FLARE22_Tr_0035,gallbladder,3,-171.94747819707797,-179.7008876960445,93.04381585154898,-178.01193,-116.46238,105.093094,-179.48087,-113.16628,119.69793,-188.63936,-116.5625,129.9799,-182.04405,-115.39706,118.25698,64.66120652871598,72.06973955947049,75.02899099822065,69.80420612595151
FLARE22_Tr_0035,esophagus,14,-268.7090304471263,-241.39771169796543,198.04221900412165,-260.06003,-183.27374,206.60753,-259.8955,-177.40771,210.79742,-267.18777,-182.35124,211.0145,-262.3811,-181.01091,209.47314,59.38489325459841,65.84142420385592,60.47379400862224,61.78409611573654
FLARE22_Tr_0035,stomach,5,-309.62926783439406,-196.19535205491715,150.9587779328561,-290.93744,-126.51534,136.92036,-290.8912,-121.653305,152.58684,-297.59195,-122.4626,156.55132,-293.14017,-123.54374,148.68617,73.49670212700573,76.87836077184511,74.9179025937739,74.5339654600839
FLARE22_Tr_0035,duodenum,18,-255.15213282715035,-211.8079555556226,72.85451849941988,-225.97542,-147.52187,73.16261,-227.88281,-140.31894,94.48167,-229.93585,-140.48921,94.11178,-227.93135,-142.77667,87.25202,70.59799526396971,79.51118677747576,78.57541018594497,75.58820767387193
FLARE22_Tr_0035,kidney_left,2,-325.2832849689834,-264.6365729092852,91.75422960492955,-320.71368,-201.44229,87.85519,-323.4779,-197.68713,101.956116,-324.34158,-193.68048,104.66185,-322.8444,-197.60332,98.157715,63.47913848574291,67.74633034132961,72.12669721326185,67.38256592381266
FLARE22_Tr_0036,liver,4,-151.40447970414544,-181.42448744334035,123.31428044156628,-149.20099,-140.69543,134.25735,-150.23865,-144.44234,144.35384,-147.7088,-133.64133,135.62788,-149.04948,-139.59303,138.0797,42.2310548678754,42.56408714120049,49.48245447224496,44.42335099954478
FLARE22_Tr_0036,kidney_right,1,-139.48097166461667,-241.84200307860098,97.34735463657614,-146.06207,-193.59914,73.921906,-143.18207,-193.31752,79.767395,-139.84674,-179.74286,80.89432,-143.03029,-188.88652,78.19454,54.031812369406836,51.743391245353024,64.24282001288567,56.42438332099014
FLARE22_Tr_0036,spleen,0,-286.3161630007793,-226.10064489799498,148.22387607872565,-282.34082,-189.09799,126.57453,-279.64838,-188.95569,136.40515,-285.54138,-187.76665,127.03647,-282.5102,-188.60677,130.00539,43.05454439974737,39.546041756995656,43.80641384974763,41.85916566673742
FLARE22_Tr_0036,pancreas,6,-199.24369745056907,-183.2075412776489,76.53438062387522,-217.53897,-142.97598,101.770546,-216.84541,-148.22675,110.990585,-214.85312,-132.4411,110.53962,-216.41252,-141.21461,107.766914,50.89360845416465,52.160392119100784,63.06537684134489,55.07853980455758
FLARE22_Tr_0036,aorta,51,-204.6003963333413,-212.22679339062688,131.80013807386953,-209.25093,-163.42056,139.62653,-206.77199,-163.74873,150.31992,-210.94585,-161.95636,148.15186,-208.98958,-163.04189,146.03276,49.64804091491872,51.94054547978507,53.24246319750876,51.39054036323588
FLARE22_Tr_0036,inferior_vena_cava,62,-176.28204712871363,-200.18328392598437,107.77098058513018,-181.50916,-153.18057,121.382866,-179.63498,-156.6716,131.01671,-181.88643,-148.36629,128.18974,-181.0102,-152.73949,126.8631,49.21240658629695,49.44565322212492,55.97621013429774,51.35930500718395
FLARE22_Tr_0036,adrenal_gland_right,7,-170.7641767475916,-222.72533734907276,141.55027173913044,-173.08653,-175.87111,125.44143,-170.51358,-179.20375,126.92732,-170.53833,-168.39877,124.970024,-171.37947,-174.49121,125.779594,49.600472376552766,45.9132002648373,56.8008027334399,50.75060394271098
FLARE22_Tr_0036,adrenal_gland_left,8,-224.75729213971246,-212.30754249176118,132.39908256880733,-233.63518,-170.2974,111.23199,-227.5489,-170.50291,123.49213,-229.36926,-164.06357,118.298416,-230.18445,-168.28795,117.67417,47.871864163687036,42.834027287256866,50.47355871989002,46.73330371950759
FLARE22_Tr_0036,gallbladder,3,-135.30330654978752,-171.34532095777868,61.39809553872054,-148.42818,-128.29788,93.918594,-142.45047,-125.544716,97.3119,-144.8169,-114.68492,107.231094,-145.23186,-122.84251,99.487206,55.52411240820411,58.639393974432245,73.49539462204372,62.4650257122369
FLARE22_Tr_0036,esophagus,14,-207.79855923121667,-204.1672615659675,179.68767142073506,-207.46577,-164.4752,181.17075,-206.7115,-165.9483,197.53122,-210.56831,-161.25095,188.40247,-208.24854,-163.8915,189.0348,39.721148675499805,42.19315913199609,43.87971420354363,41.348624917708854
FLARE22_Tr_0036,stomach,5,-228.68881396002791,-167.93692487591977,97.81590475473214,-249.89252,-138.33524,121.063324,-242.26498,-136.4089,125.207016,-246.69334,-126.283676,126.25682,-246.28362,-133.67595,124.17572,43.200689057520506,43.91584459765719,53.554102871531626,46.67152622343708
FLARE22_Tr_0036,duodenum,18,-181.78346727710297,-187.19285734907032,45.21277435654508,-173.22621,-144.39302,62.941513,-174.90677,-144.23462,79.18991,-172.47064,-130.06046,79.93922,-173.53455,-139.5627,74.02355,47.11009260099491,55.20095124957018,67.50382112269817,56.2737741212203
FLARE22_Tr_0036,kidney_left,2,-258.04322917360633,-241.74871855531723,98.62498856515575,-254.6741,-196.99646,89.1649,-248.63159,-193.1496,86.84262,-257.0955,-184.76778,86.34409,-253.46706,-191.63794,87.45054,45.86511642628996,50.88494577689621,58.29705273146914,51.54512461783258
FLARE22_Tr_0037,liver,4,-116.6720642458674,-158.2160124717608,120.03767969257925,-122.218124,-106.675514,111.33856,-124.66887,-105.68925,117.94081,-122.95053,-114.25467,119.135124,-123.279175,-108.873146,116.13816,52.56288035734763,53.17336571399118,44.4165898561179,49.93574495568033
FLARE22_Tr_0037,kidney_right,1,-120.89098134051072,-229.01106728625342,81.87469746428528,-126.19623,-170.11227,53.59363,-121.265045,-159.94128,56.427227,-116.72906,-170.70471,55.203045,-121.39678,-166.91942,55.074635,65.55175170216208,73.60943291544204,64.25207965021976,67.63040792291956
FLARE22_Tr_0037,spleen,0,-292.0665009691441,-205.57407086645583,130.56822186678232,-278.19052,-164.0721,104.94757,-287.61462,-161.10709,113.3694,-277.02896,-176.13707,111.09358,-280.9447,-167.10542,109.80352,50.70872059805118,47.8845633588198,38.36569082366869,45.10769463086358
FLARE22_Tr_0037,pancreas,6,-204.70045096399045,-157.6193973616038,87.4397002084881,-203.94344,-114.21803,78.30011,-206.5389,-105.476654,82.71692,-197.55792,-121.920265,84.66613,-202.6801,-113.87165,81.89439,44.35970724024368,52.38845500521357,36.512141041025345,44.144055827059255
FLARE22_Tr_0037,aorta,51,-199.38504876002898,-197.11688561953423,111.77412259730325,-198.31384,-143.48367,115.84351,-198.9555,-143.16086,110.84567,-198.08122,-150.36145,117.45119,-198.4502,-145.66866,114.71346,53.79803816236882,53.96572455490741,47.116873477420015,51.540605983573
FLARE22_Tr_0037,inferior_vena_cava,62,-167.93597298982104,-180.2270343452746,105.90645767604215,-167.79454,-129.69644,95.781235,-169.33362,-124.45204,100.00432,-167.34053,-134.81609,104.3933,-168.15623,-129.65486,100.05962,51.535239795233956,56.103818718739014,45.440053208449314,50.90951437500433
FLARE22_Tr_0037,adrenal_gland_right,7,-155.16709156090062,-208.40423658029036,135.04691108545035,-153.58813,-152.91335,97.2318,-155.26134,-145.57596,104.34244,-152.5387,-157.95395,105.56601,-153.79607,-152.14775,102.38009,67.16930120565492,69.9297227445228,58.491568095112655,65.06760464588797
FLARE22_Tr_0037,adrenal_gland_left,8,-230.57432151987535,-201.45813365644776,119.36901991207654,-225.24057,-140.19998,82.334076,-227.13531,-137.49994,95.53769,-220.53885,-147.35167,93.89424,-224.30492,-141.68385,90.58866,71.78159348246122,68.34039623484794,60.63979335987208,66.63767026891288
FLARE22_Tr_0037,gallbladder,3,-117.34921575408988,-141.89328707147476,61.14350859001249,-117.9261,-88.30256,75.55867,-116.57814,-79.39017,77.804276,-119.923744,-91.223274,84.64412,-118.14266,-86.30533,79.335686,55.49861100229241,64.690151499267,55.91383639113483,58.49449562827461
FLARE22_Tr_0037,esophagus,14,-204.79823389727736,-181.90457281475523,168.24570627409744,-195.86324,-137.34612,163.70166,-200.72357,-134.01425,165.35336,-199.4763,-144.1444,164.46599,-198.6877,-138.50159,164.507,45.67207795549408,48.15029985790341,38.32023390493693,43.99017760709933
FLARE22_Tr_0037,stomach,5,-224.87984522499534,-130.91741083154412,114.73321258896554,-233.52666,-98.113045,102.36934,-231.08774,-88.13418,109.59011,-229.41183,-101.77316,111.42719,-231.34209,-96.0068,107.79554,36.10760530439171,43.53612783752254,29.679216418688405,36.17516789069765
FLARE22_Tr_0037,duodenum,18,-176.1296243610771,-161.38990937488896,67.20741444550016,-159.15755,-114.20621,45.47756,-163.62137,-103.68193,55.328568,-161.22104,-118.329155,50.489395,-161.33333,-112.072426,50.43184,54.6492434448653,60.23100773355269,48.5385070062721,54.15315773406109
FLARE22_Tr_0037,kidney_left,2,-271.7375150852289,-219.06800338096332,66.32128829120131,-250.76999,-166.71361,56.488922,-259.4375,-160.44215,60.1805,-250.69722,-169.9669,58.519184,-253.6349,-165.70757,58.3962,57.24766643277615,60.21619280001487,53.985968959174926,56.902091078893704
FLARE22_Tr_0038,liver,4,-135.7938968420827,-176.66228638646368,172.92496314074768,-132.43759,-120.1939,155.53894,-141.16605,-119.98772,169.48639,-142.79099,-127.74981,181.67557,-138.7982,-122.64381,168.9003,59.179532881356785,57.032364768861804,50.17930590603341,54.25145110752415
FLARE22_Tr_0038,kidney_right,1,-127.98846972251062,-240.82512984378312,105.34604484244772,-136.72481,-176.1682,87.86396,-141.19818,-175.45721,107.04979,-139.09293,-181.56276,108.44729,-139.0053,-177.72939,101.12035,67.54602701963533,66.71104553941645,60.373464475491865,64.18956200483477
FLARE22_Tr_0038,spleen,0,-316.2491044676195,-263.52758620401465,181.59277156098113,-315.46307,-180.92766,147.59538,-314.95868,-178.7019,166.089,-315.1018,-189.05858,168.54462,-315.17453,-182.89606,160.743,89.3263030705592,86.24052586198067,75.61219311281732,83.29052360957532
FLARE22_Tr_0038,pancreas,6,-225.10564157408405,-184.54477063958873,132.13914268173775,-225.72498,-118.61428,110.918915,-228.86746,-120.53511,133.422,-229.78566,-126.69983,139.0609,-228.12604,-121.94974,127.8006,69.26406824444193,64.13293696729124,58.44527804991916,62.817863132026
FLARE22_Tr_0038,aorta,51,-215.04760979563656,-224.802752471313,155.99580567846607,-220.9015,-162.47772,159.83887,-224.13728,-161.84503,166.07083,-225.92845,-161.24344,169.33208,-223.65575,-161.8554,165.08058,62.717195468859565,64.4034386195592,65.84857792646355,64.1794617027008
FLARE22_Tr_0038,inferior_vena_cava,62,-183.03177803972017,-205.39745959806078,112.6001889574119,-190.41797,-140.24033,128.097,-194.29501,-143.03448,151.42282,-195.34431,-150.76729,154.59834,-193.35243,-144.68071,144.70605,67.38070226418309,74.31822018441187,69.99927939809075,69.4537703724377
FLARE22_Tr_0038,adrenal_gland_right,7,-165.4280255832239,-227.83548449527126,161.4154267815192,-171.80203,-165.37201,138.55411,-177.23958,-162.06705,156.12181,-179.07808,-171.87854,163.30252,-176.0399,-166.4392,152.65947,66.82030837853986,67.03001193638087,57.62867967353166,62.918862209899515
FLARE22_Tr_0038,adrenal_gland_left,8,-246.70883827612215,-223.16997035332747,149.77486756915832,-252.23479,-151.1736,122.477005,-253.41122,-153.0274,150.22717,-252.55795,-161.19168,150.54752,-252.73466,-155.13089,141.0839,77.19576972068525,70.46350873921348,62.25847323536314,68.85608251056162
FLARE22_Tr_0038,gallbladder,3,-140.53425417114948,-167.45670269072056,142.1125,-121.927666,-88.427246,116.832855,-135.27173,-88.706566,130.69115,-141.32552,-98.94372,147.1794,-132.84163,-92.02585,131.5678,85.0348198335732,79.74788734116319,68.70464775532926,76.55181950864402
FLARE22_Tr_0038,esophagus,14,-219.16691639846798,-213.98695766479528,226.77194752774975,-218.26984,-158.43945,209.04889,-223.10802,-155.47923,221.9447,-225.55083,-156.93814,227.17242,-222.30957,-156.95229,219.38867,58.31326445138447,58.83866451491048,57.40629054683316,57.596378632015366
FLARE22_Tr_0038,stomach,5,-263.96382651847205,-174.3426065939103,181.22144185859005,-248.39029,-100.806496,149.85861,-252.36809,-96.78307,168.80441,-254.33376,-107.51144,171.83083,-251.69737,-101.70034,163.49794,81.44766273231626,79.39851983566236,68.17130803316384,75.77260235834018
FLARE22_Tr_0038,duodenum,18,-204.54975702989995,-181.9105561260408,103.21895732367196,-184.08034,-121.28766,79.26433,-189.50456,-116.76776,101.00557,-189.35878,-130.3581,102.42716,-187.64789,-122.804504,94.23235,68.3224494156639,66.89425008747847,53.74987584063445,62.12855684203047
FLARE22_Tr_0038,kidney_left,2,-281.43151284145557,-255.23577298609564,106.9655987394958,-288.56488,-175.46211,81.41208,-286.95502,-177.33534,109.05005,-290.96332,-181.21246,104.57077,-288.82773,-178.0033,98.3443,84.06963916725762,78.12381913172928,74.67289250962139,78.06334814447558
FLARE22_Tr_0039,liver,4,-140.4805263864702,-226.53411892470413,171.28389837936385,-151.71606,-136.57712,141.9398,-151.33661,-132.65556,150.22107,-154.53021,-134.98303,154.3059,-152.52763,-134.73857,148.82227,95.28680504581396,96.82293370123722,94.16606512596306,95.26846449879777
FLARE22_Tr_0039,kidney_right,1,-143.92656317403006,-257.8242639147065,78.06922165550505,-152.03955,-187.39539,74.21625,-151.33661,-188.03398,84.927216,-152.44193,-187.26497,82.94547,-151.93936,-187.56477,80.69631,70.99924547448299,70.51683772175609,71.23835574457102,70.76370910681025
FLARE22_Tr_0039,spleen,0,-336.6266342220239,-245.19642989068652,152.74111077331176,-326.87292,-200.70561,130.76158,-328.69104,-199.17412,142.65465,-331.00836,-202.56079,144.29758,-328.85745,-200.81352,139.23793,50.57338646248727,47.77827516454991,43.82528894720014,47.03762910697329
FLARE22_Tr_0039,pancreas,6,-244.74004640213926,-204.98133873297155,131.63508043318262,-243.48502,-133.28021,98.24629,-240.91939,-135.2609,111.04489,-245.99048,-132.41602,108.92224,-243.46497,-133.65237,106.071144,79.10396832097221,72.79762100397947,76.04710884557218,75.78233199656641
FLARE22_Tr_0039,aorta,51,-234.53279652585948,-251.44476951495184,151.9764650905924,-236.6147,-185.94498,150.12036,-237.37122,-181.3905,149.68802,-238.97331,-181.07376,156.24884,-237.65308,-182.80309,152.01907,65.55915107295048,70.14908322509068,70.64028746099338,68.71258086175243
FLARE22_Tr_0039,inferior_vena_cava,62,-203.7157541864441,-230.16297342632785,125.46194539616869,-206.56723,-157.20302,115.60049,-205.3198,-157.47992,128.97502,-205.57831,-156.72357,129.03471,-205.82178,-157.1355,124.53674,73.67858814085444,72.78558224826776,73.5498436119162,73.06369476700446
FLARE22_Tr_0039,adrenal_gland_right,7,-187.3057276960577,-258.35223924109454,138.49976336961666,-186.53134,-177.94145,122.82836,-189.1765,-177.48314,134.83206,-191.49889,-179.48541,136.3075,-189.06891,-178.30334,131.32265,81.92732883841728,80.97384260217328,79.0086385300224,80.38933584900629
FLARE22_Tr_0039,adrenal_gland_left,8,-272.34717850421725,-239.1799003034319,132.96571428571428,-264.8099,-172.20798,110.63048,-266.33655,-173.13522,124.29617,-267.66507,-169.57133,120.9636,-266.2705,-171.63818,118.63009,70.99937839405683,66.88189571224017,70.79071459965762,69.31319918079647
FLARE22_Tr_0039,gallbladder,3,-124.23159833073066,-177.54183980657547,149.3265359705934,-145.8917,-100.48546,103.96527,-146.42357,-101.035034,111.16792,-151.42914,-102.286995,121.18988,-147.9148,-101.269165,112.10769,92.00266292689251,88.32810766165184,84.8213961165223,88.11161838229006
FLARE22_Tr_0039,esophagus,14,-240.82270957714576,-237.10232468559124,211.90252315252314,-235.57538,-178.7453,203.63484,-235.98651,-175.81625,204.11362,-240.0349,-183.42511,202.55011,-237.19893,-179.3289,203.43286,59.17289356821467,61.968043182585774,54.49157434232684,58.50329211810339
FLARE22_Tr_0039,stomach,5,-264.29956164585406,-173.36616866739314,179.51319386190738,-265.04895,-110.27423,136.87576,-263.03015,-109.71154,149.8443,-269.93137,-109.548386,143.72098,-266.0035,-109.84473,143.48035,76.1518529184504,70.24077468612744,73.38602990217707,73.04959357522372
FLARE22_Tr_0039,duodenum,18,-203.76226879429692,-204.36002239305063,103.5795266010397,-204.77284,-132.92046,71.061226,-199.72751,-130.43604,84.21307,-204.01205,-131.93121,77.41385,-202.83748,-131.76257,77.56271,78.49887130489863,76.52512447585201,77.01063211556337,77.1240521340636
FLARE22_Tr_0039,kidney_left,2,-309.96026055431065,-245.1685598276943,82.50810823333178,-302.999,-191.07478,72.72645,-304.00977,-193.66733,85.53627,-306.71225,-188.2373,79.531784,-304.5737,-190.99315,79.26484,55.410078317436124,51.93221588270752,57.101452622360675,54.53905929653226
FLARE22_Tr_0040,liver,4,-127.46937526698966,-161.5358005878187,151.0070819026947,-115.94948,-100.37102,142.33568,-123.63703,-103.3571,154.13821,-120.48041,-105.38962,163.26854,-120.02231,-103.039246,153.24748,62.84132373728673,58.38879928304592,57.89285652206225,59.01122896885305
FLARE22_Tr_0040,kidney_right,1,-129.95576086177454,-235.43479134182348,97.26841463886417,-124.060936,-171.54674,80.29243,-122.850426,-165.91995,94.876915,-119.63004,-171.61865,111.33247,-122.18047,-169.69511,95.50061,66.36728498659102,69.91793684199489,66.15827842519911,66.22148735415482
FLARE22_Tr_0040,spleen,0,-287.4301605006148,-231.20597731653376,153.88837064676616,-297.99802,-166.15762,136.17674,-290.07056,-166.1478,153.2362,-288.94568,-172.7261,163.06125,-292.3381,-168.34384,150.82474,68.23979563675506,65.11500506458705,59.21430558300221,63.12782169830577
FLARE22_Tr_0040,pancreas,6,-212.52470048699172,-182.08538505818956,128.07156365084106,-207.82396,-107.18193,106.051476,-204.38545,-110.80299,122.39903,-204.26224,-113.717476,135.89081,-205.49055,-110.56747,121.447105,78.21450470830621,71.96946767392095,69.30786305696739,72.16768870892565
FLARE22_Tr_0040,aorta,51,-196.61315403380783,-215.49737612286776,137.72284482758621,-198.42038,-146.86356,137.14784,-198.2679,-146.54382,145.55913,-199.82088,-149.25313,146.30792,-198.83638,-147.55351,143.00496,68.66001725479832,69.41713020038667,66.87520800648697,68.18513077661089
FLARE22_Tr_0040,inferior_vena_cava,62,-172.48329163584648,-193.05461514339135,127.72732856420262,-171.22813,-130.68414,118.77659,-169.85602,-131.46397,135.49048,-170.9653,-133.45108,141.65608,-170.68315,-131.86641,131.97438,63.021956143705,62.13353474695652,61.22822742600446,61.36183251526755
FLARE22_Tr_0040,adrenal_gland_right,7,-156.02253424334162,-211.56149046157154,148.17557251908397,-155.04993,-148.13187,131.09727,-155.80728,-153.07416,145.63213,-154.80457,-157.09055,158.74298,-155.2206,-152.76552,145.15746,65.6957488775453,58.54300595722872,55.49988646224959,58.87884586724501
FLARE22_Tr_0040,adrenal_gland_left,8,-223.41912033488927,-214.8330308238337,144.3137544273908,-233.94052,-141.42267,118.52832,-227.24731,-143.63284,139.52515,-226.26436,-146.76825,145.9669,-229.15074,-143.94125,134.67346,78.51541117723077,71.46364516231223,68.144278834484,71.77346857268937
FLARE22_Tr_0040,gallbladder,3,-144.5177585761707,-134.2399512225824,119.01497344824584,-121.81882,-72.44887,100.784485,-115.80666,-75.33483,114.31947,-126.575485,-84.01627,128.79135,-121.40033,-77.266655,114.631775,68.30615380206656,65.69770058452687,54.221034121779105,61.64076928878531
FLARE22_Tr_0040,esophagus,14,-198.7795408138654,-187.8182912488768,201.70504099075526,-200.56244,-135.27115,189.7973,-201.90955,-135.54526,198.6005,-203.54257,-139.00894,200.1001,-202.00484,-136.60844,196.16597,53.9089525015031,52.45860455275871,49.06745273212139,51.60942044034158
FLARE22_Tr_0040,stomach,5,-246.06698495849474,-149.42625849921134,168.81017579883536,-230.4779,-78.225624,138.17142,-227.82074,-87.90367,151.92468,-227.1279,-93.11957,161.78778,-228.47551,-86.41629,150.62796,79.06505721707882,66.3556635440634,59.820117118364024,67.89925671343082
FLARE22_Tr_0040,duodenum,18,-190.96690097630713,-185.20066557130608,103.16901011739787,-167.99504,-110.72919,74.31058,-167.36885,-112.493515,92.63513,-167.72041,-116.10418,99.67316,-167.69476,-113.108955,88.872955,83.10545477792404,77.16320567590674,72.98592047836439,77.09205054984469
FLARE22_Tr_0040,kidney_left,2,-255.49864487773314,-241.3022082317556,112.23237988124912,-270.48798,-164.32646,83.754074,-262.41266,-166.62546,103.71871,-265.2862,-164.86722,102.69301,-266.0623,-165.27304,96.721924,83.43236476353842,75.47783244624127,77.64730163824973,78.31091286277987
FLARE22_Tr_0041,liver,4,-125.39743378359576,-175.65511092519634,126.21908862449246,-144.79143,-120.48909,146.49911,-145.8385,-121.250404,149.80081,-138.25986,-113.20417,139.72093,-142.96327,-118.31455,145.34029,61.89261938643009,62.72006848734331,65.17562200987966,62.94536152112611
FLARE22_Tr_0041,kidney_right,1,-137.55736349738913,-217.96926266887175,51.718033706796525,-147.26752,-181.23676,86.49509,-142.67233,-177.38611,90.92737,-137.48517,-166.90688,87.95257,-142.475,-175.17657,88.45834,51.507354697852605,56.661514537776235,62.61241141827304,56.61490718823226
FLARE22_Tr_0041,spleen,0,-266.12752351646634,-223.86627929680225,129.52221511300047,-286.6367,-172.0989,140.78513,-286.10327,-171.79633,143.1057,-288.41452,-170.47581,128.26524,-287.0515,-171.45702,137.38536,56.809680326057745,57.40053635201156,57.86909277575833,56.97695413990027
FLARE22_Tr_0041,pancreas,6,-182.81163461823502,-162.3965097186915,87.1853980278195,-215.64989,-125.01021,110.45377,-217.65814,-125.06338,116.03574,-224.62138,-112.731384,103.4018,-219.30981,-120.93499,109.963776,54.93180926024549,58.65478922761299,66.91525655974651,59.74972168068279
FLARE22_Tr_0041,aorta,51,-193.54524788705473,-199.18906198619138,142.030735126715,-211.52292,-149.5879,147.91644,-211.34796,-151.16644,160.59741,-207.61768,-147.31303,158.3794,-210.16284,-149.35579,155.63109,53.08590104959962,54.47779410176346,56.18215165699001,54.26296260559749
FLARE22_Tr_0041,inferior_vena_cava,62,-172.4659192380571,-183.89089945546957,107.07247269012129,-183.60991,-139.19109,132.9165,-181.87643,-139.45734,139.26184,-178.92842,-132.22356,132.3931,-181.47157,-136.95734,134.85715,52.82211466850783,55.66915428096506,57.90001957714288,55.279736564687006
FLARE22_Tr_0041,adrenal_gland_right,7,-162.57101106546884,-212.29648692118815,120.24145299145299,-171.96457,-160.8735,136.98413,-170.54019,-161.87238,132.16373,-166.10034,-151.53589,121.203224,-169.53503,-158.09392,130.11702,54.889701232662766,52.42365368722038,60.87061260451794,55.533259665764426
FLARE22_Tr_0041,adrenal_gland_left,8,-212.2646428338295,-194.90725804929323,111.58346581875993,-237.04074,-150.22081,126.05568,-233.45071,-151.74385,126.03203,-234.3234,-142.92537,114.20837,-234.93828,-148.29668,122.098694,53.105354224338654,50.20647671684177,56.52959757570969,52.88865720404804
FLARE22_Tr_0041,gallbladder,3,-130.0846048654455,-152.09481454616918,61.36651215234277,-140.95695,-103.30588,100.82938,-133.62054,-101.12036,106.743286,-133.69675,-90.37076,111.382866,-136.09142,-98.26566,106.31851,63.68583827634245,68.33702778423134,79.52699140451685,70.38708404378251
FLARE22_Tr_0041,esophagus,14,-195.37857448346062,-187.66940953768338,182.55453501722158,-208.99252,-145.9276,192.7211,-208.03175,-151.6973,197.09766,-206.2177,-144.06853,176.97067,-207.74733,-147.23114,188.92981,45.06747774333125,40.81174166265679,45.27364617728665,42.76545175341511
FLARE22_Tr_0041,stomach,5,-225.4975325050121,-154.2039009815767,135.4369999055869,-247.50896,-113.52767,131.90704,-242.58783,-115.747635,136.48859,-247.00446,-107.29821,133.26582,-245.70042,-112.19117,133.88715,46.38446955744091,42.095943872785085,51.64693195233036,46.64363264403479
FLARE22_Tr_0041,duodenum,18,-168.90102611565598,-170.52053556420077,64.24529617236117,-173.41687,-128.94351,72.09303,-173.5461,-121.09362,87.97618,-169.05719,-111.43041,80.68344,-172.00671,-120.48919,80.250885,42.551483045203454,55.025008226477304,61.33416393912579,52.62090644092922
FLARE22_Tr_0041,kidney_left,2,-248.13025763117653,-215.91134934995216,73.03677593823542,-261.78558,-178.21738,97.84165,-256.84482,-179.01381,93.92068,-262.1941,-169.27638,97.64816,-260.2748,-175.50252,96.47016,47.1443036880638,43.28405439110367,54.574095822677776,48.26476357272017
FLARE22_Tr_0042,liver,4,-124.64344047634793,-211.33015771666618,146.74215769786304,-134.22064,-116.57553,118.664085,-143.13626,-120.49414,124.1622,-146.97142,-130.19604,118.90655,-141.44276,-122.421906,120.577614,99.29018188359551,95.4097524325092,88.63466666026476,94.18852342623859
FLARE22_Tr_0042,kidney_right,1,-152.3923223895722,-253.5325302336574,67.84554035556891,-137.4881,-173.1212,54.37311,-140.13956,-174.60353,56.91425,-138.87433,-185.81754,51.961563,-138.834,-177.84741,54.41631,82.88319596393951,80.61892037482093,70.85448055085699,78.05388822254683
FLARE22_Tr_0042,spleen,0,-333.0117407847851,-245.77281990078524,129.46894125259496,-316.68353,-182.9181,109.07258,-317.57693,-181.32652,114.599014,-314.2257,-196.23306,106.95122,-316.16208,-186.82588,110.2076,68.06862011797223,67.91666341884981,57.5686585115382,64.26236638706162
FLARE22_Tr_0042,pancreas,6,-228.48842358917514,-193.57877929588452,105.67362078858923,-229.20294,-115.69038,77.94348,-231.38531,-120.39253,81.38799,-236.31018,-127.81887,73.46451,-232.29948,-121.3006,77.59866,82.68055689519936,77.16482647988452,73.6408339558772,77.632872484714
FLARE22_Tr_0042,aorta,51,-246.43721979580403,-246.3173513091537,133.4697884558544,-222.56137,-165.31778,137.86246,-227.12912,-164.26054,132.33218,-227.33142,-167.193,139.27556,-225.67397,-165.59044,136.49007,84.55934205563204,84.3054952044879,81.60516263604852,83.40904751193283
FLARE22_Tr_0042,inferior_vena_cava,62,-199.26389908774766,-222.3590755552717,105.02207984480295,-191.55084,-137.98325,91.51468,-193.3572,-140.40424,102.06017,-193.8792,-151.53827,100.7338,-192.92908,-143.30858,98.10288,85.79756268423169,82.22078704087671,71.15455699145481,79.60519046244454
FLARE22_Tr_0042,adrenal_gland_right,7,-187.89908938403528,-240.10920094285504,138.40857011915674,-170.9286,-160.5149,93.963036,-178.169,-161.78905,103.052475,-178.86174,-176.2026,100.399635,-175.98645,-166.16885,99.138374,92.72894280705633,86.47990781415773,74.90264119701033,84.56497023841555
FLARE22_Tr_0042,adrenal_gland_left,8,-268.659034105855,-226.13616621920485,113.0197847969455,-253.11131,-150.21002,83.85127,-255.44014,-155.1001,87.723335,-254.3786,-162.31711,80.00195,-254.31001,-155.87575,83.85886,82.80889517840471,76.5556827622603,73.25967614028929,77.41305175302007
FLARE22_Tr_0042,gallbladder,3,-124.4965228423458,-171.10361336117634,123.12620339576405,-124.62089,-83.31885,86.80313,-135.896,-84.348885,85.87807,-138.56339,-102.52297,93.36094,-133.02675,-90.06357,88.68072,95.0028743630873,95.09865729645436,76.0733325751507,88.46889389327156
FLARE22_Tr_0042,esophagus,14,-234.99093893143754,-228.41660443170025,193.32347173383826,-219.69707,-160.47086,175.51688,-227.86691,-157.32208,179.2096,-228.25801,-171.38066,170.41162,-225.27399,-163.05786,175.04602,71.88603566345637,72.83120428650254,61.833518920002106,68.55836697154263
FLARE22_Tr_0042,stomach,5,-224.20781643255714,-152.70963587711162,152.1157970124821,-254.1806,-98.6192,111.78306,-255.89868,-94.31363,123.063995,-262.93127,-110.55234,112.11684,-257.6702,-101.16172,115.654625,73.83002663451555,72.5149068705267,69.8330926595875,71.45862826703681
FLARE22_Tr_0042,duodenum,18,-203.25300808740175,-196.97147285626022,82.37785133482046,-188.16203,-116.88046,51.381298,-185.9272,-115.80836,53.66029,-185.7171,-128.87177,45.141045,-186.60211,-120.520195,50.06088,87.19572098252256,87.81989122159315,79.5717158704956,84.65481054360707
FLARE22_Tr_0042,kidney_left,2,-305.619033821586,-239.89589845608918,56.86769331083154,-289.10925,-175.11923,49.337883,-286.73825,-178.12091,55.23953,-290.13007,-186.20216,49.100304,-288.6592,-179.8141,51.225903,67.27025644829318,64.61643760933762,56.42036530650758,62.684030379589785
FLARE22_Tr_0043,liver,4,-180.24932458980663,-165.77377555876626,140.82303474903475,-182.74525,-130.28961,125.18193,-184.67813,-140.6856,125.67245,-178.96863,-130.17212,132.13333,-182.13068,-133.71577,127.66257,38.85871438312971,29.640707678341137,36.66918419740412,34.70522758077492
FLARE22_Tr_0043,kidney_right,1,-164.4780863652888,-222.8907153468294,79.72779687819266,-179.33806,-183.6342,66.573456,-178.30862,-190.86398,58.49599,-172.54135,-180.70822,76.13016,-176.72932,-185.0688,67.066536,43.987832120703274,40.838522805425384,43.096659308873654,41.724063782588324
FLARE22_Tr_0043,spleen,0,-310.6008905392524,-230.68155357327905,149.86539700723134,-321.51523,-180.51317,117.258644,-321.81433,-187.06302,112.98225,-322.4098,-187.0471,127.18434,-321.91312,-184.87444,119.14175,60.82096661880381,58.21240952630406,50.57514794184025,56.30454002511086
FLARE22_Tr_0043,pancreas,6,-248.99765680101532,-185.55648754526223,106.02428019414731,-253.35353,-133.60608,92.5203,-256.80078,-144.66928,85.450554,-247.70961,-133.65294,106.669846,-252.62129,-137.30943,94.880226,53.85328224400783,46.4319999960559,51.92354174341096,49.649762815610494
FLARE22_Tr_0043,aorta,51,-235.06710887475006,-209.51860877014488,136.3116883116883,-246.31575,-156.55637,132.90742,-244.55344,-160.69823,136.09554,-245.66286,-161.57571,139.63464,-245.51068,-159.61009,136.21254,54.2505308901736,49.73396035812454,49.212123093062324,50.989587783065915
FLARE22_Tr_0043,inferior_vena_cava,62,-206.68601704863676,-198.0897658532013,124.1476366109498,-217.75746,-143.2252,111.61855,-219.0224,-152.95447,107.77217,-216.19943,-147.71877,126.6092,-217.65974,-147.96614,115.333305,57.355687698734975,49.573554925646754,51.32058129046804,52.062394472110384
FLARE22_Tr_0043,adrenal_gland_right,7,-197.4623504047316,-218.95496313866315,136.44504748982362,-207.0376,-168.53143,114.73301,-208.77896,-176.70529,103.865364,-203.94083,-168.70967,123.824875,-206.5858,-171.31548,114.14108,55.728182651383484,54.53930860874875,52.20947029248183,53.387498200030194
FLARE22_Tr_0043,adrenal_gland_left,8,-255.79523469404282,-215.40765981775044,128.8433575677462,-270.52258,-161.08975,99.78506,-268.2414,-167.13184,94.40677,-264.53326,-161.40616,113.7405,-267.76575,-163.20924,102.64411,63.33809836554662,60.59158934947482,56.75043236421842,59.61852305716083
FLARE22_Tr_0043,gallbladder,3,-172.61197250335073,-156.33723078115003,84.3964808726838,-179.44914,-115.9277,86.489624,-177.41437,-118.11142,80.27568,-176.15524,-110.18094,103.89556,-177.67293,-114.74002,90.22028,41.037283341026864,38.74605307991548,50.231187486834564,42.30671138764812
FLARE22_Tr_0043,esophagus,14,-235.80340961919262,-195.0836543523032,184.54808728448276,-244.67117,-155.61209,177.72029,-244.53365,-163.42873,179.00255,-246.60501,-158.21991,181.7591,-245.26994,-159.08691,179.49397,41.027555833661026,33.30171918843181,38.51478607571461,37.56227687022964
FLARE22_Tr_0043,stomach,5,-283.25597968128204,-166.11201315340483,126.0659100370183,-285.047,-124.819595,113.169464,-280.12595,-129.69193,106.03706,-280.39456,-120.84573,123.285034,-281.85583,-125.11908,114.16386,43.29653369420818,41.681825988820385,45.44179842131076,42.70877995952812
FLARE22_Tr_0043,duodenum,18,-220.1993963775658,-187.96575126103673,76.72873830768567,-208.82817,-132.86809,56.09624,-210.89548,-140.4824,54.88826,-208.36893,-129.51294,73.1015,-209.36418,-134.28781,61.362,59.92292749246,53.08707400648257,59.748205504538156,56.87582775615381
FLARE22_Tr_0043,kidney_left,2,-283.2726945746273,-237.04171669081933,95.95917571781912,-293.03375,-187.87497,74.694466,-286.7174,-191.29692,59.403805,-293.29474,-182.9253,78.094086,-291.0153,-187.36572,70.73078,54.45030005927931,58.6578855992959,57.8635474879756,56.25054691762974
FLARE22_Tr_0044,liver,4,-168.53559859914026,-209.67132272279474,116.47066614467877,-159.37708,-145.86081,103.09684,-162.68481,-149.34276,114.76555,-168.99551,-162.65985,119.269485,-163.6858,-152.62114,112.3773,65.83706706084281,60.635590213606804,47.09695720850433,57.4020867548787
FLARE22_Tr_0044,kidney_right,1,-171.1002846621516,-268.21631906716243,53.40513393863438,-163.21214,-206.3355,44.177246,-162.07913,-210.42567,52.109997,-164.55144,-217.246,55.173187,-163.2809,-211.33574,50.486813,63.060392336818865,58.504847497683784,51.41971037551941,57.48964919187316
FLARE22_Tr_0044,spleen,0,-356.15519905567015,-281.80347152963253,116.97696029524727,-334.65363,-212.38516,96.687996,-335.1826,-215.53616,107.69081,-333.6582,-224.85645,112.82882,-334.49814,-217.59259,105.73588,75.4510529452338,70.12445487924406,61.370071653893625,68.6908106706541
FLARE22_Tr_0044,pancreas,6,-275.0238611356356,-216.36612218115036,79.56435236004391,-252.31676,-146.96106,64.40372,-250.67596,-156.11542,75.25998,-254.46367,-159.83331,78.50067,-252.48547,-154.30327,72.72146,74.58230452551786,65.12676195262344,60.164868822037356,66.38224102806286
FLARE22_Tr_0044,aorta,51,-250.430900192803,-261.3357348791284,119.18124416094842,-242.83392,-196.96109,113.26539,-244.8337,-194.9292,118.288345,-248.76497,-205.0841,120.37126,-245.47752,-198.99146,117.30833,65.09075431761782,66.64798540661744,56.28887252485011,62.568785998243236
FLARE22_Tr_0044,inferior_vena_cava,62,-221.55798851292354,-236.20019144723014,111.18351706798182,-214.26396,-169.4672,82.64406,-213.65555,-175.16284,95.79251,-214.34982,-180.88583,101.70262,-214.08977,-175.17195,93.37973,72.94516116864911,63.442018293028234,56.58200420767657,64.00933719329944
FLARE22_Tr_0044,adrenal_gland_right,7,-204.42020326797214,-258.1221660191308,113.22901721664276,-194.91356,-192.59384,82.27112,-197.97694,-195.99025,96.84455,-200.061,-203.78868,105.47371,-197.65051,-197.4576,94.86312,73.09397449258127,64.5781801731185,55.0570159707932,63.74421487400486
FLARE22_Tr_0044,adrenal_gland_left,8,-287.79819462673726,-250.6118201794506,98.73884297520661,-273.74957,-182.31735,71.84564,-273.5532,-191.2639,83.4634,-272.8167,-192.99918,92.52877,-273.37314,-188.86015,82.61261,74.73113390025065,62.91609284551456,59.851705123005644,65.4324538412141
FLARE22_Tr_0044,gallbladder,3,-169.9361582936596,-168.09775542467779,76.17066863686738,-154.65508,-113.786095,65.7901,-155.39851,-122.93422,74.117744,-162.06073,-133.2724,88.36841,-157.37144,-123.3309,76.09208,57.36744897590988,47.49002627045004,37.730791257266475,46.496767205584945
FLARE22_Tr_0044,esophagus,14,-255.71106230361005,-247.5400310469486,166.17667261986537,-242.02936,-188.31647,158.60071,-242.49693,-189.45464,160.63423,-246.96255,-203.15077,168.21854,-243.82964,-193.64062,162.48448,61.253691966770575,59.826791894626005,45.28920289834362,55.316783576182914
FLARE22_Tr_0044,stomach,5,-296.9853805360614,-194.73487347814927,115.45157219522207,-275.82065,-128.24005,96.58534,-273.31866,-133.0397,111.66489,-281.91336,-147.80057,108.05834,-277.01755,-136.3601,105.43619,72.28721811017067,66.1872075937195,49.8463108347222,62.503084641430114
FLARE22_Tr_0044,duodenum,18,-232.9759884865837,-214.362538686953,54.370761837372484,-209.5357,-146.20683,36.067856,-206.3195,-152.49792,51.086403,-209.59612,-158.81091,48.304752,-208.48378,-152.50523,45.153004,74.36157250066917,67.44320307611687,60.575556596827006,67.16518084960929
FLARE22_Tr_0044,kidney_left,2,-319.8385636931055,-274.1568552766002,57.230089064183545,-309.62762,-205.89029,40.84589,-309.54285,-212.86017,54.610985,-309.35635,-213.9083,53.280663,-309.50894,-210.88625,49.57918,70.94384600366404,62.210491968892214,61.28102274944855,64.56320552909357
FLARE22_Tr_0045,liver,4,-166.20946066809645,-208.3993509135778,179.33124209036328,-168.49452,-146.60863,171.33067,-173.66287,-151.85896,178.84122,-176.00072,-156.84811,189.29004,-172.71938,-151.7719,179.82063,62.34840920431349,57.03164852694766,53.4095156951749,57.00251840849044
FLARE22_Tr_0045,kidney_right,1,-156.4822442117454,-257.7838967450271,79.8274857209465,-167.93457,-194.4941,98.18375,-175.31374,-208.28398,107.00571,-173.1012,-202.78856,110.82997,-172.1165,-201.85555,105.339806,66.8857765226661,59.527492880363695,65.2826995394394,63.42940146759063
FLARE22_Tr_0045,spleen,0,-379.84793111952945,-280.7696309404467,169.28268679166783,-351.44824,-211.34088,160.60352,-348.4077,-217.83354,167.64873,-350.68036,-218.65753,174.47598,-350.1788,-215.94398,167.57608,75.51305591482014,70.37121805237085,68.81591719431187,71.31293061400858
FLARE22_Tr_0045,pancreas,6,-280.6042914218398,-205.57399839721975,141.38515065975184,-262.01962,-143.484,124.31799,-260.9802,-155.62607,136.48349,-264.81458,-152.83667,142.60901,-262.6048,-150.64891,134.47017,67.02123899960402,53.88809899033518,55.063951746595045,58.21137375837186
FLARE22_Tr_0045,aorta,51,-270.5543915750541,-281.6379472448776,169.1468001019888,-255.30627,-198.14255,175.22406,-258.6049,-197.23405,180.30804,-259.22723,-196.5274,185.09018,-257.7128,-197.30133,180.20744,85.09359509477737,85.97314166803439,87.32869106947204,86.02272512159733
FLARE22_Tr_0045,inferior_vena_cava,62,-231.3029858756481,-247.28506207122422,138.19377137970355,-223.27423,-167.36214,138.77922,-226.54283,-177.06937,155.95837,-227.29376,-177.41959,162.73863,-225.70361,-173.95036,152.49208,80.3273156136523,72.58432398515612,74.16002149740906,74.92511386084419
FLARE22_Tr_0045,adrenal_gland_right,7,-199.34591217931228,-264.9389297702176,163.80853357979052,-204.93549,-188.40842,153.65433,-208.23856,-197.60345,160.29118,-213.08076,-197.87726,167.50932,-208.7516,-194.62971,160.48494,77.4032987697267,68.01115410018238,68.55370011311042,71.01337175330309
FLARE22_Tr_0045,adrenal_gland_left,8,-301.89997345698026,-263.51793299774016,151.260907504363,-284.38147,-180.84491,139.24158,-285.00296,-192.51126,152.39098,-287.2759,-187.94093,151.58678,-285.55344,-187.09904,147.73979,85.35918850154599,72.99817519409565,76.97955789600992,78.22693913492766
FLARE22_Tr_0045,gallbladder,3,-158.121526931888,-170.85896780418457,127.74072595891275,-163.60867,-108.013794,131.93219,-165.20328,-118.47746,140.49408,-175.77264,-122.229485,151.83185,-168.19487,-116.24024,141.41937,63.22335818897529,54.37482221568263,57.06812371378768,57.199500183665265
FLARE22_Tr_0045,esophagus,14,-267.3477859225451,-267.5166187683783,229.0388859695218,-254.62572,-194.17517,231.66785,-256.32706,-191.36981,232.17126,-261.29456,-198.1021,235.85004,-257.41577,-194.54903,233.22972,74.48308830597215,77.00392486067403,70.01006544425498,73.75959281778755
FLARE22_Tr_0045,stomach,5,-298.7705870437527,-184.9848383294959,196.14515121646548,-283.78488,-116.71428,165.95259,-284.1282,-126.77051,177.7399,-288.19797,-127.47498,177.657,-285.37036,-123.65326,173.78316,76.13823816645014,62.78583414663579,61.32679300120736,66.64223441636048
FLARE22_Tr_0045,duodenum,18,-236.7679605060718,-200.74071063468364,111.2294718153573,-225.0531,-140.63385,95.70946,-221.91498,-151.2688,108.27802,-225.05325,-148.9959,104.51483,-224.00713,-146.96619,102.83411,63.173914506683374,51.73772509300734,53.47753422713868,55.90188283137246
FLARE22_Tr_0045,kidney_left,2,-350.7450138756236,-269.9080389500055,82.09722074493045,-324.36224,-199.0372,99.50702,-324.23633,-211.78717,108.20366,-326.36514,-205.41815,108.13352,-324.9879,-205.41418,105.2814,77.60043378365711,69.0093609695516,73.69676135925917,73.21469579908714
FLARE22_Tr_0046,liver,4,-125.80456607857043,-170.40138192291698,147.82307236553123,-128.05576,-121.178444,136.69734,-131.25943,-124.05668,155.85027,-130.25711,-126.87777,143.66887,-129.85744,-124.03763,145.4055,50.514823161646,47.35000400707245,43.94755282217757,46.603305359433904
FLARE22_Tr_0046,kidney_right,1,-124.37185233002617,-220.14107033552946,87.5469696969697,-131.06631,-180.81471,79.60904,-125.87575,-175.77727,85.94528,-123.02977,-174.17738,81.619095,-126.65729,-176.92311,82.391136,40.6741808025186,44.41817320297513,46.36379406476591,43.58437617020191
FLARE22_Tr_0046,spleen,0,-270.7118627918129,-239.86182938148528,147.3834881300425,-277.0149,-175.87407,128.63187,-278.16888,-173.12863,145.43362,-272.24335,-181.64732,137.08037,-275.80905,-176.88335,137.04863,66.97600280097897,67.17684739369277,59.13905993797971,64.02405742512725
FLARE22_Tr_0046,pancreas,6,-195.7761882902253,-173.91910924557763,113.36060156460749,-204.04195,-127.552246,104.80629,-203.3258,-124.24538,115.64598,-198.08934,-128.9545,113.34276,-201.81903,-126.91738,111.265015,47.86841346645089,50.29611711797527,45.024073877041765,47.43490129415539
FLARE22_Tr_0046,aorta,51,-191.72125156016617,-203.74674349689036,142.496991532264,-199.68881,-148.77264,143.01471,-198.31471,-151.45924,156.88147,-197.99854,-153.16536,153.16998,-198.66736,-151.1324,151.02205,55.55089257676265,54.62938373839915,52.07488302085255,53.75122409625869
FLARE22_Tr_0046,inferior_vena_cava,62,-164.55196195870698,-191.57886077680445,120.73311156601842,-170.1755,-140.57166,122.85484,-169.1713,-139.01099,136.03366,-165.98267,-142.13206,129.95717,-168.44316,-140.57158,129.61522,51.360111101647746,54.94384836273503,50.32013287282352,51.920863445691744
FLARE22_Tr_0046,adrenal_gland_right,7,-152.52367924541034,-212.4962625630048,142.77437641723355,-157.19533,-164.13248,124.46515,-156.65382,-161.98082,135.31781,-155.1925,-164.04715,130.2664,-156.34721,-163.38681,130.01646,51.92405881529101,51.229566109474675,50.108767352550984,50.88341616543327
FLARE22_Tr_0046,adrenal_gland_left,8,-219.53385110255792,-198.9851069992286,132.17514124293785,-226.74557,-154.37177,108.69692,-220.56648,-151.31317,131.49295,-215.74338,-155.13968,121.482056,-221.01848,-153.6082,120.55731,50.92726183133057,47.687998039647105,45.28941739851592,46.864077462472
FLARE22_Tr_0046,gallbladder,3,-114.69033975996047,-150.5002015700596,120.2697386519945,-123.558395,-105.5642,99.67726,-121.64783,-103.16635,116.603676,-128.2036,-109.769104,114.5696,-124.46994,-106.16656,110.283516,50.21888735565672,47.98270549829316,43.29113078504384,46.48480657088981
FLARE22_Tr_0046,esophagus,14,-195.21892765594959,-190.7775565715574,199.61723271813912,-197.18628,-147.21327,185.80632,-196.58984,-148.50963,202.66617,-196.08968,-152.17578,198.30862,-196.62193,-149.29956,195.5937,45.74340017210502,42.39991956719178,38.63376394506723,41.696299112973115
FLARE22_Tr_0046,stomach,5,-228.98144162694206,-162.93394814438378,158.09820730845087,-235.91896,-114.60587,123.59612,-229.34482,-112.184105,140.99997,-232.81003,-114.995186,137.39452,-232.69128,-113.92838,133.99687,59.78399321963598,53.553976197708366,52.35862716381695,54.73739786861274
FLARE22_Tr_0046,duodenum,18,-181.22686170534183,-177.78871145265487,89.70594085665032,-161.1914,-129.41748,70.72249,-160.29282,-122.71625,83.84456,-158.66354,-124.30487,77.07153,-160.04926,-125.47953,77.21286,55.69171329066027,59.20782332403073,59.40751474249611,57.79981406466561
FLARE22_Tr_0046,kidney_left,2,-244.95219834340537,-222.50912563123512,90.33468159847381,-251.39139,-180.04492,85.669876,-251.1636,-176.27335,93.57631,-245.19687,-177.0912,86.51506,-249.25061,-177.80316,88.587074,43.20222417487611,46.763629477363885,45.57891153092871,44.94611991271615
FLARE22_Tr_0047,liver,4,-184.324580708178,-235.78388545241583,185.47438530158743,-167.6607,-187.39365,166.41699,-168.79726,-200.06622,160.75438,-168.25388,-200.30597,158.96968,-168.23727,-195.92195,162.04701,54.61212519264902,46.12946885480181,47.111033301833935,48.955255396147386
FLARE22_Tr_0047,kidney_right,1,-183.06955966306703,-304.2529770010208,148.90675800604544,-166.32193,-233.04028,102.80333,-170.99222,-248.50406,96.673164,-173.79599,-239.37291,84.924164,-170.37004,-240.30574,94.800224,86.47113381098559,77.34437511519228,91.59254667517563,84.72333704879401
FLARE22_Tr_0047,spleen,0,-331.29500224883907,-299.11049158769333,201.69103134896957,-330.18195,-246.79599,156.94849,-334.28818,-251.33382,153.30205,-338.12955,-253.8742,153.36722,-334.19986,-250.66801,154.53926,68.84723165813861,68.06661085642996,66.54489779929716,67.66388431077424
FLARE22_Tr_0047,pancreas,6,-257.85551082014285,-236.6289228386902,133.3261179256628,-253.92413,-185.52501,126.624435,-254.3538,-193.43056,120.16718,-258.1512,-187.5271,101.52228,-255.4764,-188.82756,116.10464,51.69118175573237,45.2936894028942,58.50265575056737,50.86462270186708
FLARE22_Tr_0047,aorta,51,-256.57814459492204,-271.2764470826399,172.45116293916115,-245.57187,-233.1591,181.15668,-242.47949,-227.85526,183.5401,-248.0703,-235.015,179.44536,-245.37389,-232.00978,181.38072,40.61841914710703,46.98017068788658,37.89716115754053,41.79884577886721
FLARE22_Tr_0047,inferior_vena_cava,62,-227.00934261559578,-257.15789628086486,136.9092926406663,-215.37035,-203.01883,144.13171,-217.29459,-215.63477,144.31837,-221.45288,-218.83356,129.96967,-218.03926,-212.49573,139.47325,55.8450371795657,43.28326891555111,39.341932631159004,45.62615004110061
FLARE22_Tr_0047,adrenal_gland_right,7,-216.80147261266166,-280.556542739,189.52738990332975,-200.1242,-224.15218,154.64508,-201.23598,-235.8741,145.0422,-207.20723,-227.23047,117.54005,-202.85579,-229.08557,139.07578,68.38391116607819,64.94410646994002,90.09937429546163,73.41054706137233
FLARE22_Tr_0047,adrenal_gland_left,8,-273.7636325945092,-279.15034561143494,174.0415766738661,-273.6224,-215.492,137.93442,-275.2655,-225.02675,136.54395,-277.8712,-227.24243,128.61102,-275.5864,-222.58705,134.36313,73.18559474940388,65.86115485988832,69.10310220084135,69.11662573772834
FLARE22_Tr_0047,gallbladder,3,-166.2908698603408,-215.73652672130325,124.43202843509592,-162.72223,-153.676,119.52969,-165.63965,-169.32411,108.934525,-167.71909,-159.38669,115.183914,-165.36032,-160.79561,114.54938,62.35605582180117,48.93576363369731,57.12155210933502,55.8304326018297
FLARE22_Tr_0047,esophagus,14,-258.8239317577943,-266.9253405327114,233.65098097064464,-243.93358,-234.93448,227.91896,-241.81767,-233.90147,221.49304,-246.89006,-238.44489,222.93521,-244.21376,-235.76027,224.11572,35.749040759690345,39.08457607773724,32.686103164055865,35.716101862891314
FLARE22_Tr_0047,stomach,5,-294.464095992406,-233.31959525051212,167.44770602088778,-275.97897,-162.64252,152.33447,-278.88678,-181.69234,147.96544,-283.96002,-169.97205,137.33342,-279.60858,-171.43562,145.87779,74.60133348498745,57.33746859911302,70.92332348763154,67.19801697637233
FLARE22_Tr_0047,duodenum,18,-231.81047416715123,-238.87655281147622,101.9546488946684,-213.2208,-180.31122,89.791794,-214.10173,-188.8942,93.0329,-221.12958,-187.60286,93.292694,-216.1507,-185.60277,92.03912,62.63712667366519,53.77204928568128,53.0858044848201,56.40604981479648
FLARE22_Tr_0047,kidney_left,2,-307.16395293895636,-295.47117832193004,135.7309178909203,-308.7398,-237.41107,106.82686,-308.6667,-249.2307,102.46352,-311.7776,-242.9718,95.060005,-309.72803,-243.20453,101.45013,64.87606597571268,56.98385979430793,66.57021336286815,62.55837095982773
FLARE22_Tr_0048,liver,4,-109.0849800732074,-173.2813691641507,145.1023236965276,-112.35625,-97.55997,137.4945,-125.979324,-107.4104,143.80005,-127.208855,-105.40155,162.84142,-121.848145,-103.457306,148.04533,76.17290071833621,68.01543438976404,72.46254215267282,71.04195581055943
FLARE22_Tr_0048,kidney_right,1,-115.44575835566184,-243.59105971673904,89.51828779151701,-121.145355,-166.68689,76.50293,-125.9571,-162.68163,82.54778,-121.88132,-164.90678,101.67368,-122.99459,-164.75844,86.908134,78.20573076788277,81.88658502319714,79.87731398571503,79.23622909001557
FLARE22_Tr_0048,spleen,0,-313.57885327994677,-206.62826536158465,128.0555221274566,-303.2257,-166.12271,130.37381,-295.15094,-162.69246,138.11618,-297.56726,-173.06194,158.69974,-298.64798,-167.29237,142.39658,41.87197146361725,48.69455725827734,48.188562333933795,44.45120004066234
FLARE22_Tr_0048,pancreas,6,-191.71207844140378,-176.9881601550299,98.65373392728617,-208.60068,-104.15158,101.72122,-212.76201,-107.64043,106.182236,-211.22734,-109.965614,129.02621,-210.86334,-107.25254,112.3099,74.83182178088585,72.86210294778522,76.12722701837352,73.59564097567674
FLARE22_Tr_0048,aorta,51,-202.40175128305188,-213.82595060848868,129.45892870501982,-199.73972,-147.73663,133.69403,-204.56378,-145.46896,138.33618,-206.96509,-144.987,147.26698,-203.75618,-146.0642,139.76573,66.27835533365472,68.96490168991696,71.25133000876718,68.55450650954536
FLARE22_Tr_0048,inferior_vena_cava,62,-167.57532832487092,-200.480959904679,115.39729166666666,-171.90344,-128.11789,115.17145,-175.90004,-127.891975,125.781006,-175.9063,-132.03905,143.22475,-174.56993,-129.34962,128.05907,72.49274135397803,73.79893637764998,74.35097633233971,72.58727073844206
FLARE22_Tr_0048,adrenal_gland_right,7,-149.8074868051307,-223.4459516194772,144.87726586102718,-153.96532,-148.28885,124.32859,-161.03632,-148.5705,129.76678,-161.16841,-155.04951,154.92899,-158.72334,-150.63629,136.34145,78.02644235241745,77.20587515491813,70.05840597396222,73.84848893502314
FLARE22_Tr_0048,adrenal_gland_left,8,-239.3020380824877,-219.51524987719813,132.8951383238405,-238.35136,-139.07155,111.88942,-235.15189,-138.96353,116.44993,-234.11447,-143.001,140.59834,-235.87256,-140.34537,122.979225,83.14645572309212,82.31796905991597,77.07580398027672,79.86211210521448
FLARE22_Tr_0048,gallbladder,3,-102.36166544416021,-140.35758258462258,103.50935393911224,-119.512535,-66.992004,99.585686,-122.3993,-81.56704,101.08747,-129.46707,-80.261856,130.31291,-123.79297,-76.273636,110.3287,75.44571270237444,62.15867001271236,71.16621464937649,67.91580398712706
FLARE22_Tr_0048,esophagus,14,-204.1832624492164,-200.41557387449208,208.42747495174189,-201.61285,-133.68738,186.31868,-205.79109,-134.69487,190.49417,-210.79044,-136.43715,199.81764,-206.06477,-134.9398,192.21016,70.34243353952482,68.14249349353148,64.89239402791736,67.48049971291219
FLARE22_Tr_0048,stomach,5,-233.43444480606865,-139.1938317761819,155.58588396528094,-233.84984,-77.31529,132.44908,-235.98125,-88.05953,137.14278,-238.54959,-89.002014,158.21565,-236.12689,-84.792274,142.6025,66.06389198476629,54.41829665834558,50.520282651737766,55.99417061343485
FLARE22_Tr_0048,duodenum,18,-167.36731358488174,-188.70461407812095,77.93657058931522,-173.90205,-106.36089,70.56971,-170.3977,-103.9431,77.11586,-169.82823,-112.36049,93.922745,-171.37599,-107.55483,80.53611,82.93046381292088,84.81963871328398,78.03870407265956,81.29030792702208
FLARE22_Tr_0048,kidney_left,2,-270.6572073349803,-256.2421055149153,111.10524857704125,-276.05618,-161.9513,78.798325,-266.5498,-163.85893,83.46336,-270.64957,-164.42003,100.798706,-271.08517,-163.4101,87.6868,99.81805157895288,96.51733116997507,92.39869409371674,95.74126129963838
FLARE22_Tr_0049,liver,4,-147.60174572078122,-161.42478659010186,145.48178434380813,-126.64941,-110.57386,126.91542,-130.18333,-105.34067,136.16028,-135.85109,-106.40651,141.71204,-130.8946,-107.440346,134.92924,58.04762789941913,59.46191989942894,56.385279539543895,57.487428226136196
FLARE22_Tr_0049,kidney_right,1,-141.23289934893975,-228.88633651983972,95.15792338997572,-131.04256,-174.70024,66.42645,-126.76459,-163.05191,77.692184,-127.81802,-166.33801,88.45317,-128.54172,-168.03004,77.52393,62.17293166422788,69.63157150202774,64.32111169776766,64.61820153949951
FLARE22_Tr_0049,spleen,0,-300.9156371308937,-217.40119233736425,125.44287303179657,-292.32108,-169.03763,119.76348,-293.7093,-165.55634,135.23978,-293.29666,-167.35396,136.19424,-293.109,-167.31598,130.39917,49.448521934710094,53.25222953965701,51.75293643192701,50.9316887564911
FLARE22_Tr_0049,pancreas,6,-217.16948827972877,-168.06977971158912,91.69650424942158,-210.4545,-116.693115,91.04928,-211.55931,-109.62129,104.27655,-212.3973,-112.50192,111.504395,-211.47035,-112.93878,102.27674,51.817676953285655,60.04962407008348,59.18541296203942,56.425601460549956
FLARE22_Tr_0049,aorta,51,-218.83826857998025,-206.36042147671625,133.950835086674,-204.96187,-149.02985,123.42686,-202.7733,-146.50998,126.81661,-208.28775,-145.38974,137.93735,-205.34099,-146.97652,129.3936,59.917472097390196,62.37832781123569,62.00507816785461,61.06875723222409
FLARE22_Tr_0049,inferior_vena_cava,62,-188.54771112040135,-185.7938789018952,109.56561554387642,-175.92271,-132.78505,111.78922,-175.65218,-129.50572,116.79213,-178.84389,-128.85036,129.44353,-176.80626,-130.38037,119.34164,54.53687721478254,58.196855026524105,61.088953576692944,57.48120676074041
FLARE22_Tr_0049,adrenal_gland_right,7,-174.93255842864247,-206.4480591123819,137.28368970661361,-161.06953,-155.13202,113.01224,-162.77284,-149.93073,128.04546,-164.38168,-151.71454,132.40761,-162.74135,-152.2591,124.488434,58.43477386108269,58.544109021459654,55.95404728820055,56.99814112835308
FLARE22_Tr_0049,adrenal_gland_left,8,-241.6092863654781,-194.86614287884927,108.62945705024312,-235.42264,-145.73274,101.08835,-233.80919,-141.55911,120.49435,-233.75377,-141.07726,120.5155,-234.32854,-142.78972,114.03274,50.09225479147534,55.165719504417275,55.64379276634891,52.85980246269057
FLARE22_Tr_0049,gallbladder,3,-123.45472867846465,-151.09713988943744,105.45389750365065,-124.56179,-85.31923,86.93486,-125.27806,-82.29442,98.180695,-135.51982,-81.595314,107.73636,-128.45323,-83.06965,97.61731,68.34408439484429,69.21010413594317,70.57818277609485,68.6595710424328
FLARE22_Tr_0049,esophagus,14,-222.33778705811463,-192.36358881226568,172.82360292804856,-204.871,-139.56958,178.17093,-204.89552,-136.81792,180.37006,-211.57959,-136.48122,184.35863,-207.11537,-137.62291,180.96654,55.86492483871301,58.70692634397894,58.065782850201444,57.398356063556896
FLARE22_Tr_0049,stomach,5,-239.33693820177868,-144.557689605336,114.91119977049377,-237.05363,-96.33379,118.0729,-234.04996,-88.336006,128.96046,-241.97263,-95.12565,137.04387,-237.69206,-93.265144,128.02574,48.38133894761449,58.19116509437222,54.22479677036788,52.968122698802645
FLARE22_Tr_0049,duodenum,18,-171.78889942649286,-174.38857123306593,77.73011910121556,-168.53073,-119.96891,56.65882,-172.39862,-108.75839,74.51601,-173.17497,-112.00741,79.37395,-171.3681,-113.57824,70.18293,58.447538566324305,65.71166306105363,62.418209505524835,61.278328842427804
FLARE22_Tr_0049,kidney_left,2,-274.2038362989798,-220.6445883358756,63.97437632239335,-267.0188,-169.94347,69.115555,-264.85928,-163.12944,85.55295,-265.4627,-161.56384,83.679855,-265.78024,-164.87892,79.449455,51.46513642164108,62.13652449463418,62.89076030808533,58.48285723396702
FLARE22_Tr_0050,liver,4,-144.45172355156907,-200.60086508840104,164.0579072207075,-129.69656,-134.01137,139.99915,-141.79352,-145.78682,123.50789,-142.66663,-145.79617,141.09137,-138.05223,-141.86479,134.86613,72.32357780281862,68.23451948378425,59.44916052159526,65.90174041958022
FLARE22_Tr_0050,kidney_right,1,-126.92818785913197,-271.1528643662226,95.27625231546634,-133.99522,-196.2854,79.299805,-142.27472,-200.58278,68.04361,-140.20834,-206.01143,86.77791,-138.8261,-200.95985,78.04044,76.87865139783014,77.18335190945642,67.0223172376654,73.25088397428098
FLARE22_Tr_0050,spleen,0,-305.8329845243995,-282.2483033290803,166.45636848472566,-319.0549,-202.02383,131.85529,-308.3156,-201.02536,118.82008,-309.17007,-210.35724,130.53868,-312.18018,-204.46881,127.07135,88.36299822167102,94.19419082192303,80.43346072896863,87.41347683110094
FLARE22_Tr_0050,pancreas,6,-203.79364554389997,-216.9540324530865,108.59370206425034,-224.98772,-137.73267,103.01335,-227.04504,-143.96832,89.84558,-238.63585,-147.32077,101.1165,-230.22289,-143.00725,97.99181,82.19704291764502,78.86084826644611,78.22198465060312,79.24034127268686
FLARE22_Tr_0050,aorta,51,-215.68593612059874,-257.87798831739644,138.4060061392803,-215.75058,-182.63263,139.67467,-220.43027,-175.68364,146.34634,-218.88266,-178.36784,145.59421,-218.35449,-178.89471,143.87173,75.25608094718581,82.71317075951693,79.89838793199807,79.21712532680466
FLARE22_Tr_0050,inferior_vena_cava,62,-180.69122056034124,-242.75736093724225,131.99687248457204,-187.42049,-161.44385,116.335106,-190.07819,-163.95088,113.63045,-187.56401,-168.34763,124.26625,-188.35423,-164.58078,118.07727,83.08105316008874,81.46104480528759,75.12527172010373,79.7750266565327
FLARE22_Tr_0050,adrenal_gland_right,7,-169.83797804492636,-271.15004995289485,156.287512935495,-167.62393,-182.50183,121.299355,-175.57535,-185.1102,109.27249,-174.61551,-188.6004,121.24094,-172.60493,-185.40413,117.27093,95.32879911761599,98.21499688961977,89.80830461289099,94.24602351750647
FLARE22_Tr_0050,adrenal_gland_left,8,-239.47885007026116,-268.1362722707543,148.29861111111111,-251.98636,-171.43925,108.32575,-249.3981,-176.04303,98.47053,-250.12912,-178.73816,110.97778,-250.50452,-175.40681,105.92468,105.37827295455583,105.17791958408067,97.4591969331413,102.54690372205334
FLARE22_Tr_0050,gallbladder,3,-103.0321129728707,-169.7641775631502,122.79849682980694,-131.11577,-102.09754,99.78953,-132.74579,-117.788124,82.71649,-134.91687,-124.24427,110.28689,-132.92615,-114.709984,97.59763,76.79113197360341,72.04845444733004,56.967008396016595,67.5255586099703
FLARE22_Tr_0050,esophagus,14,-219.98077681756112,-245.32295560600605,203.88690148596586,-217.19742,-173.078,185.34818,-219.62422,-172.97832,177.63004,-223.18405,-171.57027,183.15549,-220.0019,-172.54219,182.04456,74.63755522682082,76.96295761872817,76.67797356632056,75.98768505083335
FLARE22_Tr_0050,stomach,5,-250.83800758335173,-186.8953049546313,138.12106190403645,-248.37796,-119.768875,131.47595,-252.98451,-130.95142,120.613815,-257.96002,-137.87106,134.94128,-253.1075,-129.53046,129.01036,67.49938443299348,58.658587398873095,49.64081336738296,58.12814547976305
FLARE22_Tr_0050,duodenum,18,-198.9628231236542,-223.67483713839852,97.30085957570567,-185.88606,-140.8966,72.67969,-181.56375,-140.09763,66.41868,-180.75699,-147.85797,71.1607,-182.7356,-142.95073,70.08636,87.34666139169293,90.78318726964928,82.23720341755654,86.71985717719986
FLARE22_Tr_0050,kidney_left,2,-291.51997506118545,-273.95343264807855,90.72510263496834,-290.24496,-195.33293,74.53201,-280.84027,-201.80423,68.82721,-280.10715,-207.46738,85.43554,-283.7308,-201.53484,76.26492,80.28091307042784,76.15169915810748,67.66555811187918,74.25780186910416
