subject_id,action_id,sequence_dir,frame_index,depth_frame_path,cam_path,smpl_path,purpose
p000438,a000040,data_external/HuMMan/extracted/p000438_a000040,0,data_external/HuMMan/extracted/p000438_a000040/iphone_depth/iphone/000000.png,data_external/HuMMan/extracted/p000438_a000040/cameras.json,data_external/HuMMan/extracted/p000438_a000040/smpl_params.npz,sensor_acceptance_and_reconstruction
p000438,a000040,data_external/HuMMan/extracted/p000438_a000040,15,data_external/HuMMan/extracted/p000438_a000040/iphone_depth/iphone/000015.png,data_external/HuMMan/extracted/p000438_a000040/cameras.json,data_external/HuMMan/extracted/p000438_a000040/smpl_params.npz,sensor_acceptance_and_reconstruction
p000438,a000040,data_external/HuMMan/extracted/p000438_a000040,31,data_external/HuMMan/extracted/p000438_a000040/iphone_depth/iphone/000031.png,data_external/HuMMan/extracted/p000438_a000040/cameras.json,data_external/HuMMan/extracted/p000438_a000040/smpl_params.npz,sensor_acceptance_and_reconstruction
p000438,a000040,data_external/HuMMan/extracted/p000438_a000040,47,data_external/HuMMan/extracted/p000438_a000040/iphone_depth/iphone/000047.png,data_external/HuMMan/extracted/p000438_a000040/cameras.json,data_external/HuMMan/extracted/p000438_a000040/smpl_params.npz,sensor_acceptance_and_reconstruction
p000438,a000040,data_external/HuMMan/extracted/p000438_a000040,63,data_external/HuMMan/extracted/p000438_a000040/iphone_depth/iphone/000063.png,data_external/HuMMan/extracted/p000438_a000040/cameras.json,data_external/HuMMan/extracted/p000438_a000040/smpl_params.npz,sensor_acceptance_and_reconstruction
p000438,a000040,data_external/HuMMan/extracted/p000438_a000040,79,data_external/HuMMan/extracted/p000438_a000040/iphone_depth/iphone/000079.png,data_external/HuMMan/extracted/p000438_a000040/cameras.json,data_external/HuMMan/extracted/p000438_a000040/smpl_params.npz,sensor_acceptance_and_reconstruction
p000438,a000040,data_external/HuMMan/extracted/p000438_a000040,95,data_external/HuMMan/extracted/p000438_a000040/iphone_depth/iphone/000095.png,data_external/HuMMan/extracted/p000438_a000040/cameras.json,data_external/HuMMan/extracted/p000438_a000040/smpl_params.npz,sensor_acceptance_and_reconstruction
p000438,a000040,data_external/HuMMan/extracted/p000438_a000040,111,data_external/HuMMan/extracted/p000438_a000040/iphone_depth/iphone/000111.png,data_external/HuMMan/extracted/p000438_a000040/cameras.json,data_external/HuMMan/extracted/p000438_a000040/smpl_params.npz,sensor_acceptance_and_reconstruction
p000438,a000040,data_external/HuMMan/extracted/p000438_a000040,127,data_external/HuMMan/extracted/p000438_a000040/iphone_depth/iphone/000127.png,data_external/HuMMan/extracted/p000438_a000040/cameras.json,data_external/HuMMan/extracted/p000438_a000040/smpl_params.npz,sensor_acceptance_and_reconstruction
p000438,a000040,data_external/HuMMan/extracted/p000438_a000040,143,data_external/HuMMan/extracted/p000438_a000040/iphone_depth/iphone/000143.png,data_external/HuMMan/extracted/p000438_a000040/cameras.json,data_external/HuMMan/extracted/p000438_a000040/smpl_params.npz,sensor_acceptance_and_reconstruction
p000439,a001244,data_external/HuMMan/extracted/p000439_a001244,0,data_external/HuMMan/extracted/p000439_a001244/iphone_depth/iphone/000000.png,data_external/HuMMan/extracted/p000439_a001244/cameras.json,data_external/HuMMan/extracted/p000439_a001244/smpl_params.npz,sensor_acceptance_and_reconstruction
p000439,a001244,data_external/HuMMan/extracted/p000439_a001244,10,data_external/HuMMan/extracted/p000439_a001244/iphone_depth/iphone/000010.png,data_external/HuMMan/extracted/p000439_a001244/cameras.json,data_external/HuMMan/extracted/p000439_a001244/smpl_params.npz,sensor_acceptance_and_reconstruction
p000439,a001244,data_external/HuMMan/extracted/p000439_a001244,20,data_external/HuMMan/extracted/p000439_a001244/iphone_depth/iphone/000020.png,data_external/HuMMan/extracted/p000439_a001244/cameras.json,data_external/HuMMan/extracted/p000439_a001244/smpl_params.npz,sensor_acceptance_and_reconstruction
p000439,a001244,data_external/HuMMan/extracted/p000439_a001244,30,data_external/HuMMan/extracted/p000439_a001244/iphone_depth/iphone/000030.png,data_external/HuMMan/extracted/p000439_a001244/cameras.json,data_external/HuMMan/extracted/p000439_a001244/smpl_params.npz,sensor_acceptance_and_reconstruction
p000439,a001244,data_external/HuMMan/extracted/p000439_a001244,40,data_external/HuMMan/extracted/p000439_a001244/iphone_depth/iphone/000040.png,data_external/HuMMan/extracted/p000439_a001244/cameras.json,data_external/HuMMan/extracted/p000439_a001244/smpl_params.npz,sensor_acceptance_and_reconstruction
p000439,a001244,data_external/HuMMan/extracted/p000439_a001244,51,data_external/HuMMan/extracted/p000439_a001244/iphone_depth/iphone/000051.png,data_external/HuMMan/extracted/p000439_a001244/cameras.json,data_external/HuMMan/extracted/p000439_a001244/smpl_params.npz,sensor_acceptance_and_reconstruction
p000439,a001244,data_external/HuMMan/extracted/p000439_a001244,61,data_external/HuMMan/extracted/p000439_a001244/iphone_depth/iphone/000061.png,data_external/HuMMan/extracted/p000439_a001244/cameras.json,data_external/HuMMan/extracted/p000439_a001244/smpl_params.npz,sensor_acceptance_and_reconstruction
p000439,a001244,data_external/HuMMan/extracted/p000439_a001244,71,data_external/HuMMan/extracted/p000439_a001244/iphone_depth/iphone/000071.png,data_external/HuMMan/extracted/p000439_a001244/cameras.json,data_external/HuMMan/extracted/p000439_a001244/smpl_params.npz,sensor_acceptance_and_reconstruction
p000439,a001244,data_external/HuMMan/extracted/p000439_a001244,81,data_external/HuMMan/extracted/p000439_a001244/iphone_depth/iphone/000081.png,data_external/HuMMan/extracted/p000439_a001244/cameras.json,data_external/HuMMan/extracted/p000439_a001244/smpl_params.npz,sensor_acceptance_and_reconstruction
p000439,a001244,data_external/HuMMan/extracted/p000439_a001244,92,data_external/HuMMan/extracted/p000439_a001244/iphone_depth/iphone/000092.png,data_external/HuMMan/extracted/p000439_a001244/cameras.json,data_external/HuMMan/extracted/p000439_a001244/smpl_params.npz,sensor_acceptance_and_reconstruction
p000440,a000050,data_external/HuMMan/extracted/p000440_a000050,0,data_external/HuMMan/extracted/p000440_a000050/iphone_depth/iphone/000000.png,data_external/HuMMan/extracted/p000440_a000050/cameras.json,data_external/HuMMan/extracted/p000440_a000050/smpl_params.npz,sensor_acceptance_and_reconstruction
p000440,a000050,data_external/HuMMan/extracted/p000440_a000050,8,data_external/HuMMan/extracted/p000440_a000050/iphone_depth/iphone/000008.png,data_external/HuMMan/extracted/p000440_a000050/cameras.json,data_external/HuMMan/extracted/p000440_a000050/smpl_params.npz,sensor_acceptance_and_reconstruction
p000440,a000050,data_external/HuMMan/extracted/p000440_a000050,17,data_external/HuMMan/extracted/p000440_a000050/iphone_depth/iphone/000017.png,data_external/HuMMan/extracted/p000440_a000050/cameras.json,data_external/HuMMan/extracted/p000440_a000050/smpl_params.npz,sensor_acceptance_and_reconstruction
p000440,a000050,data_external/HuMMan/extracted/p000440_a000050,26,data_external/HuMMan/extracted/p000440_a000050/iphone_depth/iphone/000026.png,data_external/HuMMan/extracted/p000440_a000050/cameras.json,data_external/HuMMan/extracted/p000440_a000050/smpl_params.npz,sensor_acceptance_and_reconstruction
p000440,a000050,data_external/HuMMan/extracted/p000440_a000050,35,data_external/HuMMan/extracted/p000440_a000050/iphone_depth/iphone/000035.png,data_external/HuMMan/extracted/p000440_a000050/cameras.json,data_external/HuMMan/extracted/p000440_a000050/smpl_params.npz,sensor_acceptance_and_reconstruction
p000440,a000050,data_external/HuMMan/extracted/p000440_a000050,44,data_external/HuMMan/extracted/p000440_a000050/iphone_depth/iphone/000044.png,data_external/HuMMan/extracted/p000440_a000050/cameras.json,data_external/HuMMan/extracted/p000440_a000050/smpl_params.npz,sensor_acceptance_and_reconstruction
p000440,a000050,data_external/HuMMan/extracted/p000440_a000050,53,data_external/HuMMan/extracted/p000440_a000050/iphone_depth/iphone/000053.png,data_external/HuMMan/extracted/p000440_a000050/cameras.json,data_external/HuMMan/extracted/p000440_a000050/smpl_params.npz,sensor_acceptance_and_reconstruction
p000440,a000050,data_external/HuMMan/extracted/p000440_a000050,62,data_external/HuMMan/extracted/p000440_a000050/iphone_depth/iphone/000062.png,data_external/HuMMan/extracted/p000440_a000050/cameras.json,data_external/HuMMan/extracted/p000440_a000050/smpl_params.npz,sensor_acceptance_and_reconstruction
p000440,a000050,data_external/HuMMan/extracted/p000440_a000050,71,data_external/HuMMan/extracted/p000440_a000050/iphone_depth/iphone/000071.png,data_external/HuMMan/extracted/p000440_a000050/cameras.json,data_external/HuMMan/extracted/p000440_a000050/smpl_params.npz,sensor_acceptance_and_reconstruction
p000440,a000050,data_external/HuMMan/extracted/p000440_a000050,80,data_external/HuMMan/extracted/p000440_a000050/iphone_depth/iphone/000080.png,data_external/HuMMan/extracted/p000440_a000050/cameras.json,data_external/HuMMan/extracted/p000440_a000050/smpl_params.npz,sensor_acceptance_and_reconstruction
p000441,a000062,data_external/HuMMan/extracted/p000441_a000062,0,data_external/HuMMan/extracted/p000441_a000062/iphone_depth/iphone/000000.png,data_external/HuMMan/extracted/p000441_a000062/cameras.json,data_external/HuMMan/extracted/p000441_a000062/smpl_params.npz,sensor_acceptance_and_reconstruction
p000441,a000062,data_external/HuMMan/extracted/p000441_a000062,11,data_external/HuMMan/extracted/p000441_a000062/iphone_depth/iphone/000011.png,data_external/HuMMan/extracted/p000441_a000062/cameras.json,data_external/HuMMan/extracted/p000441_a000062/smpl_params.npz,sensor_acceptance_and_reconstruction
p000441,a000062,data_external/HuMMan/extracted/p000441_a000062,22,data_external/HuMMan/extracted/p000441_a000062/iphone_depth/iphone/000022.png,data_external/HuMMan/extracted/p000441_a000062/cameras.json,data_external/HuMMan/extracted/p000441_a000062/smpl_params.npz,sensor_acceptance_and_reconstruction
p000441,a000062,data_external/HuMMan/extracted/p000441_a000062,33,data_external/HuMMan/extracted/p000441_a000062/iphone_depth/iphone/000033.png,data_external/HuMMan/extracted/p000441_a000062/cameras.json,data_external/HuMMan/extracted/p000441_a000062/smpl_params.npz,sensor_acceptance_and_reconstruction
p000441,a000062,data_external/HuMMan/extracted/p000441_a000062,44,data_external/HuMMan/extracted/p000441_a000062/iphone_depth/iphone/000044.png,data_external/HuMMan/extracted/p000441_a000062/cameras.json,data_external/HuMMan/extracted/p000441_a000062/smpl_params.npz,sensor_acceptance_and_reconstruction
p000441,a000062,data_external/HuMMan/extracted/p000441_a000062,55,data_external/HuMMan/extracted/p000441_a000062/iphone_depth/iphone/000055.png,data_external/HuMMan/extracted/p000441_a000062/cameras.json,data_external/HuMMan/extracted/p000441_a000062/smpl_params.npz,sensor_acceptance_and_reconstruction
p000441,a000062,data_external/HuMMan/extracted/p000441_a000062,66,data_external/HuMMan/extracted/p000441_a000062/iphone_depth/iphone/000066.png,data_external/HuMMan/extracted/p000441_a000062/cameras.json,data_external/HuMMan/extracted/p000441_a000062/smpl_params.npz,sensor_acceptance_and_reconstruction
p000441,a000062,data_external/HuMMan/extracted/p000441_a000062,77,data_external/HuMMan/extracted/p000441_a000062/iphone_depth/iphone/000077.png,data_external/HuMMan/extracted/p000441_a000062/cameras.json,data_external/HuMMan/extracted/p000441_a000062/smpl_params.npz,sensor_acceptance_and_reconstruction
p000441,a000062,data_external/HuMMan/extracted/p000441_a000062,88,data_external/HuMMan/extracted/p000441_a000062/iphone_depth/iphone/000088.png,data_external/HuMMan/extracted/p000441_a000062/cameras.json,data_external/HuMMan/extracted/p000441_a000062/smpl_params.npz,sensor_acceptance_and_reconstruction
p000441,a000062,data_external/HuMMan/extracted/p000441_a000062,99,data_external/HuMMan/extracted/p000441_a000062/iphone_depth/iphone/000099.png,data_external/HuMMan/extracted/p000441_a000062/cameras.json,data_external/HuMMan/extracted/p000441_a000062/smpl_params.npz,sensor_acceptance_and_reconstruction
p000442,a000062,data_external/HuMMan/extracted/p000442_a000062,0,data_external/HuMMan/extracted/p000442_a000062/iphone_depth/iphone/000000.png,data_external/HuMMan/extracted/p000442_a000062/cameras.json,data_external/HuMMan/extracted/p000442_a000062/smpl_params.npz,sensor_acceptance_and_reconstruction
p000442,a000062,data_external/HuMMan/extracted/p000442_a000062,15,data_external/HuMMan/extracted/p000442_a000062/iphone_depth/iphone/000015.png,data_external/HuMMan/extracted/p000442_a000062/cameras.json,data_external/HuMMan/extracted/p000442_a000062/smpl_params.npz,sensor_acceptance_and_reconstruction
p000442,a000062,data_external/HuMMan/extracted/p000442_a000062,30,data_external/HuMMan/extracted/p000442_a000062/iphone_depth/iphone/000030.png,data_external/HuMMan/extracted/p000442_a000062/cameras.json,data_external/HuMMan/extracted/p000442_a000062/smpl_params.npz,sensor_acceptance_and_reconstruction
p000442,a000062,data_external/HuMMan/extracted/p000442_a000062,45,data_external/HuMMan/extracted/p000442_a000062/iphone_depth/iphone/000045.png,data_external/HuMMan/extracted/p000442_a000062/cameras.json,data_external/HuMMan/extracted/p000442_a000062/smpl_params.npz,sensor_acceptance_and_reconstruction
p000442,a000062,data_external/HuMMan/extracted/p000442_a000062,60,data_external/HuMMan/extracted/p000442_a000062/iphone_depth/iphone/000060.png,data_external/HuMMan/extracted/p000442_a000062/cameras.json,data_external/HuMMan/extracted/p000442_a000062/smpl_params.npz,sensor_acceptance_and_reconstruction
p000442,a000062,data_external/HuMMan/extracted/p000442_a000062,76,data_external/HuMMan/extracted/p000442_a000062/iphone_depth/iphone/000076.png,data_external/HuMMan/extracted/p000442_a000062/cameras.json,data_external/HuMMan/extracted/p000442_a000062/smpl_params.npz,sensor_acceptance_and_reconstruction
p000442,a000062,data_external/HuMMan/extracted/p000442_a000062,91,data_external/HuMMan/extracted/p000442_a000062/iphone_depth/iphone/000091.png,data_external/HuMMan/extracted/p000442_a000062/cameras.json,data_external/HuMMan/extracted/p000442_a000062/smpl_params.npz,sensor_acceptance_and_reconstruction
p000442,a000062,data_external/HuMMan/extracted/p000442_a000062,106,data_external/HuMMan/extracted/p000442_a000062/iphone_depth/iphone/000106.png,data_external/HuMMan/extracted/p000442_a000062/cameras.json,data_external/HuMMan/extracted/p000442_a000062/smpl_params.npz,sensor_acceptance_and_reconstruction
p000442,a000062,data_external/HuMMan/extracted/p000442_a000062,121,data_external/HuMMan/extracted/p000442_a000062/iphone_depth/iphone/000121.png,data_external/HuMMan/extracted/p000442_a000062/cameras.json,data_external/HuMMan/extracted/p000442_a000062/smpl_params.npz,sensor_acceptance_and_reconstruction
p000442,a000062,data_external/HuMMan/extracted/p000442_a000062,137,data_external/HuMMan/extracted/p000442_a000062/iphone_depth/iphone/000137.png,data_external/HuMMan/extracted/p000442_a000062/cameras.json,data_external/HuMMan/extracted/p000442_a000062/smpl_params.npz,sensor_acceptance_and_reconstruction
p000443,a000170,data_external/HuMMan/extracted/p000443_a000170,0,data_external/HuMMan/extracted/p000443_a000170/iphone_depth/iphone/000000.png,data_external/HuMMan/extracted/p000443_a000170/cameras.json,data_external/HuMMan/extracted/p000443_a000170/smpl_params.npz,sensor_acceptance_and_reconstruction
p000443,a000170,data_external/HuMMan/extracted/p000443_a000170,6,data_external/HuMMan/extracted/p000443_a000170/iphone_depth/iphone/000006.png,data_external/HuMMan/extracted/p000443_a000170/cameras.json,data_external/HuMMan/extracted/p000443_a000170/smpl_params.npz,sensor_acceptance_and_reconstruction
p000443,a000170,data_external/HuMMan/extracted/p000443_a000170,12,data_external/HuMMan/extracted/p000443_a000170/iphone_depth/iphone/000012.png,data_external/HuMMan/extracted/p000443_a000170/cameras.json,data_external/HuMMan/extracted/p000443_a000170/smpl_params.npz,sensor_acceptance_and_reconstruction
p000443,a000170,data_external/HuMMan/extracted/p000443_a000170,18,data_external/HuMMan/extracted/p000443_a000170/iphone_depth/iphone/000018.png,data_external/HuMMan/extracted/p000443_a000170/cameras.json,data_external/HuMMan/extracted/p000443_a000170/smpl_params.npz,sensor_acceptance_and_reconstruction
p000443,a000170,data_external/HuMMan/extracted/p000443_a000170,24,data_external/HuMMan/extracted/p000443_a000170/iphone_depth/iphone/000024.png,data_external/HuMMan/extracted/p000443_a000170/cameras.json,data_external/HuMMan/extracted/p000443_a000170/smpl_params.npz,sensor_acceptance_and_reconstruction
p000443,a000170,data_external/HuMMan/extracted/p000443_a000170,30,data_external/HuMMan/extracted/p000443_a000170/iphone_depth/iphone/000030.png,data_external/HuMMan/extracted/p000443_a000170/cameras.json,data_external/HuMMan/extracted/p000443_a000170/smpl_params.npz,sensor_acceptance_and_reconstruction
p000443,a000170,data_external/HuMMan/extracted/p000443_a000170,36,data_external/HuMMan/extracted/p000443_a000170/iphone_depth/iphone/000036.png,data_external/HuMMan/extracted/p000443_a000170/cameras.json,data_external/HuMMan/extracted/p000443_a000170/smpl_params.npz,sensor_acceptance_and_reconstruction
p000443,a000170,data_external/HuMMan/extracted/p000443_a000170,42,data_external/HuMMan/extracted/p000443_a000170/iphone_depth/iphone/000042.png,data_external/HuMMan/extracted/p000443_a000170/cameras.json,data_external/HuMMan/extracted/p000443_a000170/smpl_params.npz,sensor_acceptance_and_reconstruction
p000443,a000170,data_external/HuMMan/extracted/p000443_a000170,48,data_external/HuMMan/extracted/p000443_a000170/iphone_depth/iphone/000048.png,data_external/HuMMan/extracted/p000443_a000170/cameras.json,data_external/HuMMan/extracted/p000443_a000170/smpl_params.npz,sensor_acceptance_and_reconstruction
p000443,a000170,data_external/HuMMan/extracted/p000443_a000170,55,data_external/HuMMan/extracted/p000443_a000170/iphone_depth/iphone/000055.png,data_external/HuMMan/extracted/p000443_a000170/cameras.json,data_external/HuMMan/extracted/p000443_a000170/smpl_params.npz,sensor_acceptance_and_reconstruction
p000444,a000091,data_external/HuMMan/extracted/p000444_a000091,0,data_external/HuMMan/extracted/p000444_a000091/iphone_depth/iphone/000000.png,data_external/HuMMan/extracted/p000444_a000091/cameras.json,data_external/HuMMan/extracted/p000444_a000091/smpl_params.npz,sensor_acceptance_and_reconstruction
p000444,a000091,data_external/HuMMan/extracted/p000444_a000091,16,data_external/HuMMan/extracted/p000444_a000091/iphone_depth/iphone/000016.png,data_external/HuMMan/extracted/p000444_a000091/cameras.json,data_external/HuMMan/extracted/p000444_a000091/smpl_params.npz,sensor_acceptance_and_reconstruction
p000444,a000091,data_external/HuMMan/extracted/p000444_a000091,33,data_external/HuMMan/extracted/p000444_a000091/iphone_depth/iphone/000033.png,data_external/HuMMan/extracted/p000444_a000091/cameras.json,data_external/HuMMan/extracted/p000444_a000091/smpl_params.npz,sensor_acceptance_and_reconstruction
p000444,a000091,data_external/HuMMan/extracted/p000444_a000091,50,data_external/HuMMan/extracted/p000444_a000091/iphone_depth/iphone/000050.png,data_external/HuMMan/extracted/p000444_a000091/cameras.json,data_external/HuMMan/extracted/p000444_a000091/smpl_params.npz,sensor_acceptance_and_reconstruction
p000444,a000091,data_external/HuMMan/extracted/p000444_a000091,67,data_external/HuMMan/extracted/p000444_a000091/iphone_depth/iphone/000067.png,data_external/HuMMan/extracted/p000444_a000091/cameras.json,data_external/HuMMan/extracted/p000444_a000091/smpl_params.npz,sensor_acceptance_and_reconstruction
p000444,a000091,data_external/HuMMan/extracted/p000444_a000091,84,data_external/HuMMan/extracted/p000444_a000091/iphone_depth/iphone/000084.png,data_external/HuMMan/extracted/p000444_a000091/cameras.json,data_external/HuMMan/extracted/p000444_a000091/smpl_params.npz,sensor_acceptance_and_reconstruction
p000444,a000091,data_external/HuMMan/extracted/p000444_a000091,101,data_external/HuMMan/extracted/p000444_a000091/iphone_depth/iphone/000101.png,data_external/HuMMan/extracted/p000444_a000091/cameras.json,data_external/HuMMan/extracted/p000444_a000091/smpl_params.npz,sensor_acceptance_and_reconstruction
p000444,a000091,data_external/HuMMan/extracted/p000444_a000091,118,data_external/HuMMan/extracted/p000444_a000091/iphone_depth/iphone/000118.png,data_external/HuMMan/extracted/p000444_a000091/cameras.json,data_external/HuMMan/extracted/p000444_a000091/smpl_params.npz,sensor_acceptance_and_reconstruction
p000444,a000091,data_external/HuMMan/extracted/p000444_a000091,135,data_external/HuMMan/extracted/p000444_a000091/iphone_depth/iphone/000135.png,data_external/HuMMan/extracted/p000444_a000091/cameras.json,data_external/HuMMan/extracted/p000444_a000091/smpl_params.npz,sensor_acceptance_and_reconstruction
p000444,a000091,data_external/HuMMan/extracted/p000444_a000091,152,data_external/HuMMan/extracted/p000444_a000091/iphone_depth/iphone/000152.png,data_external/HuMMan/extracted/p000444_a000091/cameras.json,data_external/HuMMan/extracted/p000444_a000091/smpl_params.npz,sensor_acceptance_and_reconstruction
p000446,a000036,data_external/HuMMan/extracted/p000446_a000036,0,data_external/HuMMan/extracted/p000446_a000036/iphone_depth/iphone/000000.png,data_external/HuMMan/extracted/p000446_a000036/cameras.json,data_external/HuMMan/extracted/p000446_a000036/smpl_params.npz,sensor_acceptance_and_reconstruction
p000446,a000036,data_external/HuMMan/extracted/p000446_a000036,12,data_external/HuMMan/extracted/p000446_a000036/iphone_depth/iphone/000012.png,data_external/HuMMan/extracted/p000446_a000036/cameras.json,data_external/HuMMan/extracted/p000446_a000036/smpl_params.npz,sensor_acceptance_and_reconstruction
p000446,a000036,data_external/HuMMan/extracted/p000446_a000036,24,data_external/HuMMan/extracted/p000446_a000036/iphone_depth/iphone/000024.png,data_external/HuMMan/extracted/p000446_a000036/cameras.json,data_external/HuMMan/extracted/p000446_a000036/smpl_params.npz,sensor_acceptance_and_reconstruction
p000446,a000036,data_external/HuMMan/extracted/p000446_a000036,37,data_external/HuMMan/extracted/p000446_a000036/iphone_depth/iphone/000037.png,data_external/HuMMan/extracted/p000446_a000036/cameras.json,data_external/HuMMan/extracted/p000446_a000036/smpl_params.npz,sensor_acceptance_and_reconstruction
p000446,a000036,data_external/HuMMan/extracted/p000446_a000036,49,data_external/HuMMan/extracted/p000446_a000036/iphone_depth/iphone/000049.png,data_external/HuMMan/extracted/p000446_a000036/cameras.json,data_external/HuMMan/extracted/p000446_a000036/smpl_params.npz,sensor_acceptance_and_reconstruction
p000446,a000036,data_external/HuMMan/extracted/p000446_a000036,61,data_external/HuMMan/extracted/p000446_a000036/iphone_depth/iphone/000061.png,data_external/HuMMan/extracted/p000446_a000036/cameras.json,data_external/HuMMan/extracted/p000446_a000036/smpl_params.npz,sensor_acceptance_and_reconstruction
p000446,a000036,data_external/HuMMan/extracted/p000446_a000036,74,data_external/HuMMan/extracted/p000446_a000036/iphone_depth/iphone/000074.png,data_external/HuMMan/extracted/p000446_a000036/cameras.json,data_external/HuMMan/extracted/p000446_a000036/smpl_params.npz,sensor_acceptance_and_reconstruction
p000446,a000036,data_external/HuMMan/extracted/p000446_a000036,86,data_external/HuMMan/extracted/p000446_a000036/iphone_depth/iphone/000086.png,data_external/HuMMan/extracted/p000446_a000036/cameras.json,data_external/HuMMan/extracted/p000446_a000036/smpl_params.npz,sensor_acceptance_and_reconstruction
p000446,a000036,data_external/HuMMan/extracted/p000446_a000036,98,data_external/HuMMan/extracted/p000446_a000036/iphone_depth/iphone/000098.png,data_external/HuMMan/extracted/p000446_a000036/cameras.json,data_external/HuMMan/extracted/p000446_a000036/smpl_params.npz,sensor_acceptance_and_reconstruction
p000446,a000036,data_external/HuMMan/extracted/p000446_a000036,111,data_external/HuMMan/extracted/p000446_a000036/iphone_depth/iphone/000111.png,data_external/HuMMan/extracted/p000446_a000036/cameras.json,data_external/HuMMan/extracted/p000446_a000036/smpl_params.npz,sensor_acceptance_and_reconstruction
p000447,a000036,data_external/HuMMan/extracted/p000447_a000036,0,data_external/HuMMan/extracted/p000447_a000036/iphone_depth/iphone/000000.png,data_external/HuMMan/extracted/p000447_a000036/cameras.json,data_external/HuMMan/extracted/p000447_a000036/smpl_params.npz,sensor_acceptance_and_reconstruction
p000447,a000036,data_external/HuMMan/extracted/p000447_a000036,11,data_external/HuMMan/extracted/p000447_a000036/iphone_depth/iphone/000011.png,data_external/HuMMan/extracted/p000447_a000036/cameras.json,data_external/HuMMan/extracted/p000447_a000036/smpl_params.npz,sensor_acceptance_and_reconstruction
p000447,a000036,data_external/HuMMan/extracted/p000447_a000036,23,data_external/HuMMan/extracted/p000447_a000036/iphone_depth/iphone/000023.png,data_external/HuMMan/extracted/p000447_a000036/cameras.json,data_external/HuMMan/extracted/p000447_a000036/smpl_params.npz,sensor_acceptance_and_reconstruction
p000447,a000036,data_external/HuMMan/extracted/p000447_a000036,35,data_external/HuMMan/extracted/p000447_a000036/iphone_depth/iphone/000035.png,data_external/HuMMan/extracted/p000447_a000036/cameras.json,data_external/HuMMan/extracted/p000447_a000036/smpl_params.npz,sensor_acceptance_and_reconstruction
p000447,a000036,data_external/HuMMan/extracted/p000447_a000036,46,data_external/HuMMan/extracted/p000447_a000036/iphone_depth/iphone/000046.png,data_external/HuMMan/extracted/p000447_a000036/cameras.json,data_external/HuMMan/extracted/p000447_a000036/smpl_params.npz,sensor_acceptance_and_reconstruction
p000447,a000036,data_external/HuMMan/extracted/p000447_a000036,58,data_external/HuMMan/extracted/p000447_a000036/iphone_depth/iphone/000058.png,data_external/HuMMan/extracted/p000447_a000036/cameras.json,data_external/HuMMan/extracted/p000447_a000036/smpl_params.npz,sensor_acceptance_and_reconstruction
p000447,a000036,data_external/HuMMan/extracted/p000447_a000036,70,data_external/HuMMan/extracted/p000447_a000036/iphone_depth/iphone/000070.png,data_external/HuMMan/extracted/p000447_a000036/cameras.json,data_external/HuMMan/extracted/p000447_a000036/smpl_params.npz,sensor_acceptance_and_reconstruction
p000447,a000036,data_external/HuMMan/extracted/p000447_a000036,81,data_external/HuMMan/extracted/p000447_a000036/iphone_depth/iphone/000081.png,data_external/HuMMan/extracted/p000447_a000036/cameras.json,data_external/HuMMan/extracted/p000447_a000036/smpl_params.npz,sensor_acceptance_and_reconstruction
p000447,a000036,data_external/HuMMan/extracted/p000447_a000036,93,data_external/HuMMan/extracted/p000447_a000036/iphone_depth/iphone/000093.png,data_external/HuMMan/extracted/p000447_a000036/cameras.json,data_external/HuMMan/extracted/p000447_a000036/smpl_params.npz,sensor_acceptance_and_reconstruction
p000447,a000036,data_external/HuMMan/extracted/p000447_a000036,105,data_external/HuMMan/extracted/p000447_a000036/iphone_depth/iphone/000105.png,data_external/HuMMan/extracted/p000447_a000036/cameras.json,data_external/HuMMan/extracted/p000447_a000036/smpl_params.npz,sensor_acceptance_and_reconstruction
p000448,a000055,data_external/HuMMan/extracted/p000448_a000055,0,data_external/HuMMan/extracted/p000448_a000055/iphone_depth/iphone/000000.png,data_external/HuMMan/extracted/p000448_a000055/cameras.json,data_external/HuMMan/extracted/p000448_a000055/smpl_params.npz,sensor_acceptance_and_reconstruction
p000448,a000055,data_external/HuMMan/extracted/p000448_a000055,10,data_external/HuMMan/extracted/p000448_a000055/iphone_depth/iphone/000010.png,data_external/HuMMan/extracted/p000448_a000055/cameras.json,data_external/HuMMan/extracted/p000448_a000055/smpl_params.npz,sensor_acceptance_and_reconstruction
p000448,a000055,data_external/HuMMan/extracted/p000448_a000055,20,data_external/HuMMan/extracted/p000448_a000055/iphone_depth/iphone/000020.png,data_external/HuMMan/extracted/p000448_a000055/cameras.json,data_external/HuMMan/extracted/p000448_a000055/smpl_params.npz,sensor_acceptance_and_reconstruction
p000448,a000055,data_external/HuMMan/extracted/p000448_a000055,30,data_external/HuMMan/extracted/p000448_a000055/iphone_depth/iphone/000030.png,data_external/HuMMan/extracted/p000448_a000055/cameras.json,data_external/HuMMan/extracted/p000448_a000055/smpl_params.npz,sensor_acceptance_and_reconstruction
p000448,a000055,data_external/HuMMan/extracted/p000448_a000055,40,data_external/HuMMan/extracted/p000448_a000055/iphone_depth/iphone/000040.png,data_external/HuMMan/extracted/p000448_a000055/cameras.json,data_external/HuMMan/extracted/p000448_a000055/smpl_params.npz,sensor_acceptance_and_reconstruction
p000448,a000055,data_external/HuMMan/extracted/p000448_a000055,50,data_external/HuMMan/extracted/p000448_a000055/iphone_depth/iphone/000050.png,data_external/HuMMan/extracted/p000448_a000055/cameras.json,data_external/HuMMan/extracted/p000448_a000055/smpl_params.npz,sensor_acceptance_and_reconstruction
p000448,a000055,data_external/HuMMan/extracted/p000448_a000055,60,data_external/HuMMan/extracted/p000448_a000055/iphone_depth/iphone/000060.png,data_external/HuMMan/extracted/p000448_a000055/cameras.json,data_external/HuMMan/extracted/p000448_a000055/smpl_params.npz,sensor_acceptance_and_reconstruction
p000448,a000055,data_external/HuMMan/extracted/p000448_a000055,70,data_external/HuMMan/extracted/p000448_a000055/iphone_depth/iphone/000070.png,data_external/HuMMan/extracted/p000448_a000055/cameras.json,data_external/HuMMan/extracted/p000448_a000055/smpl_params.npz,sensor_acceptance_and_reconstruction
p000448,a000055,data_external/HuMMan/extracted/p000448_a000055,80,data_external/HuMMan/extracted/p000448_a000055/iphone_depth/iphone/000080.png,data_external/HuMMan/extracted/p000448_a000055/cameras.json,data_external/HuMMan/extracted/p000448_a000055/smpl_params.npz,sensor_acceptance_and_reconstruction
p000448,a000055,data_external/HuMMan/extracted/p000448_a000055,90,data_external/HuMMan/extracted/p000448_a000055/iphone_depth/iphone/000090.png,data_external/HuMMan/extracted/p000448_a000055/cameras.json,data_external/HuMMan/extracted/p000448_a000055/smpl_params.npz,sensor_acceptance_and_reconstruction
p000449,a000170,data_external/HuMMan/extracted/p000449_a000170,0,data_external/HuMMan/extracted/p000449_a000170/iphone_depth/iphone/000000.png,data_external/HuMMan/extracted/p000449_a000170/cameras.json,data_external/HuMMan/extracted/p000449_a000170/smpl_params.npz,sensor_acceptance_and_reconstruction
p000449,a000170,data_external/HuMMan/extracted/p000449_a000170,4,data_external/HuMMan/extracted/p000449_a000170/iphone_depth/iphone/000004.png,data_external/HuMMan/extracted/p000449_a000170/cameras.json,data_external/HuMMan/extracted/p000449_a000170/smpl_params.npz,sensor_acceptance_and_reconstruction
p000449,a000170,data_external/HuMMan/extracted/p000449_a000170,8,data_external/HuMMan/extracted/p000449_a000170/iphone_depth/iphone/000008.png,data_external/HuMMan/extracted/p000449_a000170/cameras.json,data_external/HuMMan/extracted/p000449_a000170/smpl_params.npz,sensor_acceptance_and_reconstruction
p000449,a000170,data_external/HuMMan/extracted/p000449_a000170,12,data_external/HuMMan/extracted/p000449_a000170/iphone_depth/iphone/000012.png,data_external/HuMMan/extracted/p000449_a000170/cameras.json,data_external/HuMMan/extracted/p000449_a000170/smpl_params.npz,sensor_acceptance_and_reconstruction
p000449,a000170,data_external/HuMMan/extracted/p000449_a000170,16,data_external/HuMMan/extracted/p000449_a000170/iphone_depth/iphone/000016.png,data_external/HuMMan/extracted/p000449_a000170/cameras.json,data_external/HuMMan/extracted/p000449_a000170/smpl_params.npz,sensor_acceptance_and_reconstruction
p000449,a000170,data_external/HuMMan/extracted/p000449_a000170,20,data_external/HuMMan/extracted/p000449_a000170/iphone_depth/iphone/000020.png,data_external/HuMMan/extracted/p000449_a000170/cameras.json,data_external/HuMMan/extracted/p000449_a000170/smpl_params.npz,sensor_acceptance_and_reconstruction
p000449,a000170,data_external/HuMMan/extracted/p000449_a000170,24,data_external/HuMMan/extracted/p000449_a000170/iphone_depth/iphone/000024.png,data_external/HuMMan/extracted/p000449_a000170/cameras.json,data_external/HuMMan/extracted/p000449_a000170/smpl_params.npz,sensor_acceptance_and_reconstruction
p000449,a000170,data_external/HuMMan/extracted/p000449_a000170,28,data_external/HuMMan/extracted/p000449_a000170/iphone_depth/iphone/000028.png,data_external/HuMMan/extracted/p000449_a000170/cameras.json,data_external/HuMMan/extracted/p000449_a000170/smpl_params.npz,sensor_acceptance_and_reconstruction
p000449,a000170,data_external/HuMMan/extracted/p000449_a000170,32,data_external/HuMMan/extracted/p000449_a000170/iphone_depth/iphone/000032.png,data_external/HuMMan/extracted/p000449_a000170/cameras.json,data_external/HuMMan/extracted/p000449_a000170/smpl_params.npz,sensor_acceptance_and_reconstruction
p000449,a000170,data_external/HuMMan/extracted/p000449_a000170,37,data_external/HuMMan/extracted/p000449_a000170/iphone_depth/iphone/000037.png,data_external/HuMMan/extracted/p000449_a000170/cameras.json,data_external/HuMMan/extracted/p000449_a000170/smpl_params.npz,sensor_acceptance_and_reconstruction
p000450,a000075,data_external/HuMMan/extracted/p000450_a000075,0,data_external/HuMMan/extracted/p000450_a000075/iphone_depth/iphone/000000.png,data_external/HuMMan/extracted/p000450_a000075/cameras.json,data_external/HuMMan/extracted/p000450_a000075/smpl_params.npz,sensor_acceptance_and_reconstruction
p000450,a000075,data_external/HuMMan/extracted/p000450_a000075,15,data_external/HuMMan/extracted/p000450_a000075/iphone_depth/iphone/000015.png,data_external/HuMMan/extracted/p000450_a000075/cameras.json,data_external/HuMMan/extracted/p000450_a000075/smpl_params.npz,sensor_acceptance_and_reconstruction
p000450,a000075,data_external/HuMMan/extracted/p000450_a000075,31,data_external/HuMMan/extracted/p000450_a000075/iphone_depth/iphone/000031.png,data_external/HuMMan/extracted/p000450_a000075/cameras.json,data_external/HuMMan/extracted/p000450_a000075/smpl_params.npz,sensor_acceptance_and_reconstruction
p000450,a000075,data_external/HuMMan/extracted/p000450_a000075,46,data_external/HuMMan/extracted/p000450_a000075/iphone_depth/iphone/000046.png,data_external/HuMMan/extracted/p000450_a000075/cameras.json,data_external/HuMMan/extracted/p000450_a000075/smpl_params.npz,sensor_acceptance_and_reconstruction
p000450,a000075,data_external/HuMMan/extracted/p000450_a000075,62,data_external/HuMMan/extracted/p000450_a000075/iphone_depth/iphone/000062.png,data_external/HuMMan/extracted/p000450_a000075/cameras.json,data_external/HuMMan/extracted/p000450_a000075/smpl_params.npz,sensor_acceptance_and_reconstruction
p000450,a000075,data_external/HuMMan/extracted/p000450_a000075,77,data_external/HuMMan/extracted/p000450_a000075/iphone_depth/iphone/000077.png,data_external/HuMMan/extracted/p000450_a000075/cameras.json,data_external/HuMMan/extracted/p000450_a000075/smpl_params.npz,sensor_acceptance_and_reconstruction
p000450,a000075,data_external/HuMMan/extracted/p000450_a000075,93,data_external/HuMMan/extracted/p000450_a000075/iphone_depth/iphone/000093.png,data_external/HuMMan/extracted/p000450_a000075/cameras.json,data_external/HuMMan/extracted/p000450_a000075/smpl_params.npz,sensor_acceptance_and_reconstruction
p000450,a000075,data_external/HuMMan/extracted/p000450_a000075,108,data_external/HuMMan/extracted/p000450_a000075/iphone_depth/iphone/000108.png,data_external/HuMMan/extracted/p000450_a000075/cameras.json,data_external/HuMMan/extracted/p000450_a000075/smpl_params.npz,sensor_acceptance_and_reconstruction
p000450,a000075,data_external/HuMMan/extracted/p000450_a000075,124,data_external/HuMMan/extracted/p000450_a000075/iphone_depth/iphone/000124.png,data_external/HuMMan/extracted/p000450_a000075/cameras.json,data_external/HuMMan/extracted/p000450_a000075/smpl_params.npz,sensor_acceptance_and_reconstruction
p000450,a000075,data_external/HuMMan/extracted/p000450_a000075,140,data_external/HuMMan/extracted/p000450_a000075/iphone_depth/iphone/000140.png,data_external/HuMMan/extracted/p000450_a000075/cameras.json,data_external/HuMMan/extracted/p000450_a000075/smpl_params.npz,sensor_acceptance_and_reconstruction
p000451,a000055,data_external/HuMMan/extracted/p000451_a000055,0,data_external/HuMMan/extracted/p000451_a000055/iphone_depth/iphone/000000.png,data_external/HuMMan/extracted/p000451_a000055/cameras.json,data_external/HuMMan/extracted/p000451_a000055/smpl_params.npz,sensor_acceptance_and_reconstruction
p000451,a000055,data_external/HuMMan/extracted/p000451_a000055,9,data_external/HuMMan/extracted/p000451_a000055/iphone_depth/iphone/000009.png,data_external/HuMMan/extracted/p000451_a000055/cameras.json,data_external/HuMMan/extracted/p000451_a000055/smpl_params.npz,sensor_acceptance_and_reconstruction
p000451,a000055,data_external/HuMMan/extracted/p000451_a000055,19,data_external/HuMMan/extracted/p000451_a000055/iphone_depth/iphone/000019.png,data_external/HuMMan/extracted/p000451_a000055/cameras.json,data_external/HuMMan/extracted/p000451_a000055/smpl_params.npz,sensor_acceptance_and_reconstruction
p000451,a000055,data_external/HuMMan/extracted/p000451_a000055,28,data_external/HuMMan/extracted/p000451_a000055/iphone_depth/iphone/000028.png,data_external/HuMMan/extracted/p000451_a000055/cameras.json,data_external/HuMMan/extracted/p000451_a000055/smpl_params.npz,sensor_acceptance_and_reconstruction
p000451,a000055,data_external/HuMMan/extracted/p000451_a000055,38,data_external/HuMMan/extracted/p000451_a000055/iphone_depth/iphone/000038.png,data_external/HuMMan/extracted/p000451_a000055/cameras.json,data_external/HuMMan/extracted/p000451_a000055/smpl_params.npz,sensor_acceptance_and_reconstruction
p000451,a000055,data_external/HuMMan/extracted/p000451_a000055,47,data_external/HuMMan/extracted/p000451_a000055/iphone_depth/iphone/000047.png,data_external/HuMMan/extracted/p000451_a000055/cameras.json,data_external/HuMMan/extracted/p000451_a000055/smpl_params.npz,sensor_acceptance_and_reconstruction
p000451,a000055,data_external/HuMMan/extracted/p000451_a000055,57,data_external/HuMMan/extracted/p000451_a000055/iphone_depth/iphone/000057.png,data_external/HuMMan/extracted/p000451_a000055/cameras.json,data_external/HuMMan/extracted/p000451_a000055/smpl_params.npz,sensor_acceptance_and_reconstruction
p000451,a000055,data_external/HuMMan/extracted/p000451_a000055,66,data_external/HuMMan/extracted/p000451_a000055/iphone_depth/iphone/000066.png,data_external/HuMMan/extracted/p000451_a000055/cameras.json,data_external/HuMMan/extracted/p000451_a000055/smpl_params.npz,sensor_acceptance_and_reconstruction
p000451,a000055,data_external/HuMMan/extracted/p000451_a000055,76,data_external/HuMMan/extracted/p000451_a000055/iphone_depth/iphone/000076.png,data_external/HuMMan/extracted/p000451_a000055/cameras.json,data_external/HuMMan/extracted/p000451_a000055/smpl_params.npz,sensor_acceptance_and_reconstruction
p000451,a000055,data_external/HuMMan/extracted/p000451_a000055,86,data_external/HuMMan/extracted/p000451_a000055/iphone_depth/iphone/000086.png,data_external/HuMMan/extracted/p000451_a000055/cameras.json,data_external/HuMMan/extracted/p000451_a000055/smpl_params.npz,sensor_acceptance_and_reconstruction
p000452,a000198,data_external/HuMMan/extracted/p000452_a000198,0,data_external/HuMMan/extracted/p000452_a000198/iphone_depth/iphone/000000.png,data_external/HuMMan/extracted/p000452_a000198/cameras.json,data_external/HuMMan/extracted/p000452_a000198/smpl_params.npz,sensor_acceptance_and_reconstruction
p000452,a000198,data_external/HuMMan/extracted/p000452_a000198,14,data_external/HuMMan/extracted/p000452_a000198/iphone_depth/iphone/000014.png,data_external/HuMMan/extracted/p000452_a000198/cameras.json,data_external/HuMMan/extracted/p000452_a000198/smpl_params.npz,sensor_acceptance_and_reconstruction
p000452,a000198,data_external/HuMMan/extracted/p000452_a000198,28,data_external/HuMMan/extracted/p000452_a000198/iphone_depth/iphone/000028.png,data_external/HuMMan/extracted/p000452_a000198/cameras.json,data_external/HuMMan/extracted/p000452_a000198/smpl_params.npz,sensor_acceptance_and_reconstruction
p000452,a000198,data_external/HuMMan/extracted/p000452_a000198,42,data_external/HuMMan/extracted/p000452_a000198/iphone_depth/iphone/000042.png,data_external/HuMMan/extracted/p000452_a000198/cameras.json,data_external/HuMMan/extracted/p000452_a000198/smpl_params.npz,sensor_acceptance_and_reconstruction
p000452,a000198,data_external/HuMMan/extracted/p000452_a000198,56,data_external/HuMMan/extracted/p000452_a000198/iphone_depth/iphone/000056.png,data_external/HuMMan/extracted/p000452_a000198/cameras.json,data_external/HuMMan/extracted/p000452_a000198/smpl_params.npz,sensor_acceptance_and_reconstruction
p000452,a000198,data_external/HuMMan/extracted/p000452_a000198,70,data_external/HuMMan/extracted/p000452_a000198/iphone_depth/iphone/000070.png,data_external/HuMMan/extracted/p000452_a000198/cameras.json,data_external/HuMMan/extracted/p000452_a000198/smpl_params.npz,sensor_acceptance_and_reconstruction
p000452,a000198,data_external/HuMMan/extracted/p000452_a000198,84,data_external/HuMMan/extracted/p000452_a000198/iphone_depth/iphone/000084.png,data_external/HuMMan/extracted/p000452_a000198/cameras.json,data_external/HuMMan/extracted/p000452_a000198/smpl_params.npz,sensor_acceptance_and_reconstruction
p000452,a000198,data_external/HuMMan/extracted/p000452_a000198,98,data_external/HuMMan/extracted/p000452_a000198/iphone_depth/iphone/000098.png,data_external/HuMMan/extracted/p000452_a000198/cameras.json,data_external/HuMMan/extracted/p000452_a000198/smpl_params.npz,sensor_acceptance_and_reconstruction
p000452,a000198,data_external/HuMMan/extracted/p000452_a000198,112,data_external/HuMMan/extracted/p000452_a000198/iphone_depth/iphone/000112.png,data_external/HuMMan/extracted/p000452_a000198/cameras.json,data_external/HuMMan/extracted/p000452_a000198/smpl_params.npz,sensor_acceptance_and_reconstruction
p000452,a000198,data_external/HuMMan/extracted/p000452_a000198,127,data_external/HuMMan/extracted/p000452_a000198/iphone_depth/iphone/000127.png,data_external/HuMMan/extracted/p000452_a000198/cameras.json,data_external/HuMMan/extracted/p000452_a000198/smpl_params.npz,sensor_acceptance_and_reconstruction
p000453,a000170,data_external/HuMMan/extracted/p000453_a000170,0,data_external/HuMMan/extracted/p000453_a000170/iphone_depth/iphone/000000.png,data_external/HuMMan/extracted/p000453_a000170/cameras.json,data_external/HuMMan/extracted/p000453_a000170/smpl_params.npz,sensor_acceptance_and_reconstruction
p000453,a000170,data_external/HuMMan/extracted/p000453_a000170,6,data_external/HuMMan/extracted/p000453_a000170/iphone_depth/iphone/000006.png,data_external/HuMMan/extracted/p000453_a000170/cameras.json,data_external/HuMMan/extracted/p000453_a000170/smpl_params.npz,sensor_acceptance_and_reconstruction
p000453,a000170,data_external/HuMMan/extracted/p000453_a000170,13,data_external/HuMMan/extracted/p000453_a000170/iphone_depth/iphone/000013.png,data_external/HuMMan/extracted/p000453_a000170/cameras.json,data_external/HuMMan/extracted/p000453_a000170/smpl_params.npz,sensor_acceptance_and_reconstruction
p000453,a000170,data_external/HuMMan/extracted/p000453_a000170,19,data_external/HuMMan/extracted/p000453_a000170/iphone_depth/iphone/000019.png,data_external/HuMMan/extracted/p000453_a000170/cameras.json,data_external/HuMMan/extracted/p000453_a000170/smpl_params.npz,sensor_acceptance_and_reconstruction
p000453,a000170,data_external/HuMMan/extracted/p000453_a000170,26,data_external/HuMMan/extracted/p000453_a000170/iphone_depth/iphone/000026.png,data_external/HuMMan/extracted/p000453_a000170/cameras.json,data_external/HuMMan/extracted/p000453_a000170/smpl_params.npz,sensor_acceptance_and_reconstruction
p000453,a000170,data_external/HuMMan/extracted/p000453_a000170,32,data_external/HuMMan/extracted/p000453_a000170/iphone_depth/iphone/000032.png,data_external/HuMMan/extracted/p000453_a000170/cameras.json,data_external/HuMMan/extracted/p000453_a000170/smpl_params.npz,sensor_acceptance_and_reconstruction
p000453,a000170,data_external/HuMMan/extracted/p000453_a000170,39,data_external/HuMMan/extracted/p000453_a000170/iphone_depth/iphone/000039.png,data_external/HuMMan/extracted/p000453_a000170/cameras.json,data_external/HuMMan/extracted/p000453_a000170/smpl_params.npz,sensor_acceptance_and_reconstruction
p000453,a000170,data_external/HuMMan/extracted/p000453_a000170,45,data_external/HuMMan/extracted/p000453_a000170/iphone_depth/iphone/000045.png,data_external/HuMMan/extracted/p000453_a000170/cameras.json,data_external/HuMMan/extracted/p000453_a000170/smpl_params.npz,sensor_acceptance_and_reconstruction
p000453,a000170,data_external/HuMMan/extracted/p000453_a000170,52,data_external/HuMMan/extracted/p000453_a000170/iphone_depth/iphone/000052.png,data_external/HuMMan/extracted/p000453_a000170/cameras.json,data_external/HuMMan/extracted/p000453_a000170/smpl_params.npz,sensor_acceptance_and_reconstruction
p000453,a000170,data_external/HuMMan/extracted/p000453_a000170,59,data_external/HuMMan/extracted/p000453_a000170/iphone_depth/iphone/000059.png,data_external/HuMMan/extracted/p000453_a000170/cameras.json,data_external/HuMMan/extracted/p000453_a000170/smpl_params.npz,sensor_acceptance_and_reconstruction
p000454,a000027,data_external/HuMMan/extracted/p000454_a000027,0,data_external/HuMMan/extracted/p000454_a000027/iphone_depth/iphone/000000.png,data_external/HuMMan/extracted/p000454_a000027/cameras.json,data_external/HuMMan/extracted/p000454_a000027/smpl_params.npz,sensor_acceptance_and_reconstruction
p000454,a000027,data_external/HuMMan/extracted/p000454_a000027,5,data_external/HuMMan/extracted/p000454_a000027/iphone_depth/iphone/000005.png,data_external/HuMMan/extracted/p000454_a000027/cameras.json,data_external/HuMMan/extracted/p000454_a000027/smpl_params.npz,sensor_acceptance_and_reconstruction
p000454,a000027,data_external/HuMMan/extracted/p000454_a000027,11,data_external/HuMMan/extracted/p000454_a000027/iphone_depth/iphone/000011.png,data_external/HuMMan/extracted/p000454_a000027/cameras.json,data_external/HuMMan/extracted/p000454_a000027/smpl_params.npz,sensor_acceptance_and_reconstruction
p000454,a000027,data_external/HuMMan/extracted/p000454_a000027,17,data_external/HuMMan/extracted/p000454_a000027/iphone_depth/iphone/000017.png,data_external/HuMMan/extracted/p000454_a000027/cameras.json,data_external/HuMMan/extracted/p000454_a000027/smpl_params.npz,sensor_acceptance_and_reconstruction
p000454,a000027,data_external/HuMMan/extracted/p000454_a000027,22,data_external/HuMMan/extracted/p000454_a000027/iphone_depth/iphone/000022.png,data_external/HuMMan/extracted/p000454_a000027/cameras.json,data_external/HuMMan/extracted/p000454_a000027/smpl_params.npz,sensor_acceptance_and_reconstruction
p000454,a000027,data_external/HuMMan/extracted/p000454_a000027,28,data_external/HuMMan/extracted/p000454_a000027/iphone_depth/iphone/000028.png,data_external/HuMMan/extracted/p000454_a000027/cameras.json,data_external/HuMMan/extracted/p000454_a000027/smpl_params.npz,sensor_acceptance_and_reconstruction
p000454,a000027,data_external/HuMMan/extracted/p000454_a000027,34,data_external/HuMMan/extracted/p000454_a000027/iphone_depth/iphone/000034.png,data_external/HuMMan/extracted/p000454_a000027/cameras.json,data_external/HuMMan/extracted/p000454_a000027/smpl_params.npz,sensor_acceptance_and_reconstruction
p000454,a000027,data_external/HuMMan/extracted/p000454_a000027,39,data_external/HuMMan/extracted/p000454_a000027/iphone_depth/iphone/000039.png,data_external/HuMMan/extracted/p000454_a000027/cameras.json,data_external/HuMMan/extracted/p000454_a000027/smpl_params.npz,sensor_acceptance_and_reconstruction
p000454,a000027,data_external/HuMMan/extracted/p000454_a000027,45,data_external/HuMMan/extracted/p000454_a000027/iphone_depth/iphone/000045.png,data_external/HuMMan/extracted/p000454_a000027/cameras.json,data_external/HuMMan/extracted/p000454_a000027/smpl_params.npz,sensor_acceptance_and_reconstruction
p000454,a000027,data_external/HuMMan/extracted/p000454_a000027,51,data_external/HuMMan/extracted/p000454_a000027/iphone_depth/iphone/000051.png,data_external/HuMMan/extracted/p000454_a000027/cameras.json,data_external/HuMMan/extracted/p000454_a000027/smpl_params.npz,sensor_acceptance_and_reconstruction
p000455,a000050,data_external/HuMMan/extracted/p000455_a000050,0,data_external/HuMMan/extracted/p000455_a000050/iphone_depth/iphone/000000.png,data_external/HuMMan/extracted/p000455_a000050/cameras.json,data_external/HuMMan/extracted/p000455_a000050/smpl_params.npz,sensor_acceptance_and_reconstruction
p000455,a000050,data_external/HuMMan/extracted/p000455_a000050,12,data_external/HuMMan/extracted/p000455_a000050/iphone_depth/iphone/000012.png,data_external/HuMMan/extracted/p000455_a000050/cameras.json,data_external/HuMMan/extracted/p000455_a000050/smpl_params.npz,sensor_acceptance_and_reconstruction
p000455,a000050,data_external/HuMMan/extracted/p000455_a000050,25,data_external/HuMMan/extracted/p000455_a000050/iphone_depth/iphone/000025.png,data_external/HuMMan/extracted/p000455_a000050/cameras.json,data_external/HuMMan/extracted/p000455_a000050/smpl_params.npz,sensor_acceptance_and_reconstruction
p000455,a000050,data_external/HuMMan/extracted/p000455_a000050,38,data_external/HuMMan/extracted/p000455_a000050/iphone_depth/iphone/000038.png,data_external/HuMMan/extracted/p000455_a000050/cameras.json,data_external/HuMMan/extracted/p000455_a000050/smpl_params.npz,sensor_acceptance_and_reconstruction
p000455,a000050,data_external/HuMMan/extracted/p000455_a000050,50,data_external/HuMMan/extracted/p000455_a000050/iphone_depth/iphone/000050.png,data_external/HuMMan/extracted/p000455_a000050/cameras.json,data_external/HuMMan/extracted/p000455_a000050/smpl_params.npz,sensor_acceptance_and_reconstruction
p000455,a000050,data_external/HuMMan/extracted/p000455_a000050,63,data_external/HuMMan/extracted/p000455_a000050/iphone_depth/iphone/000063.png,data_external/HuMMan/extracted/p000455_a000050/cameras.json,data_external/HuMMan/extracted/p000455_a000050/smpl_params.npz,sensor_acceptance_and_reconstruction
p000455,a000050,data_external/HuMMan/extracted/p000455_a000050,76,data_external/HuMMan/extracted/p000455_a000050/iphone_depth/iphone/000076.png,data_external/HuMMan/extracted/p000455_a000050/cameras.json,data_external/HuMMan/extracted/p000455_a000050/smpl_params.npz,sensor_acceptance_and_reconstruction
p000455,a000050,data_external/HuMMan/extracted/p000455_a000050,88,data_external/HuMMan/extracted/p000455_a000050/iphone_depth/iphone/000088.png,data_external/HuMMan/extracted/p000455_a000050/cameras.json,data_external/HuMMan/extracted/p000455_a000050/smpl_params.npz,sensor_acceptance_and_reconstruction
p000455,a000050,data_external/HuMMan/extracted/p000455_a000050,101,data_external/HuMMan/extracted/p000455_a000050/iphone_depth/iphone/000101.png,data_external/HuMMan/extracted/p000455_a000050/cameras.json,data_external/HuMMan/extracted/p000455_a000050/smpl_params.npz,sensor_acceptance_and_reconstruction
p000455,a000050,data_external/HuMMan/extracted/p000455_a000050,114,data_external/HuMMan/extracted/p000455_a000050/iphone_depth/iphone/000114.png,data_external/HuMMan/extracted/p000455_a000050/cameras.json,data_external/HuMMan/extracted/p000455_a000050/smpl_params.npz,sensor_acceptance_and_reconstruction
p000456,a000031,data_external/HuMMan/extracted/p000456_a000031,0,data_external/HuMMan/extracted/p000456_a000031/iphone_depth/iphone/000000.png,data_external/HuMMan/extracted/p000456_a000031/cameras.json,data_external/HuMMan/extracted/p000456_a000031/smpl_params.npz,sensor_acceptance_and_reconstruction
p000456,a000031,data_external/HuMMan/extracted/p000456_a000031,3,data_external/HuMMan/extracted/p000456_a000031/iphone_depth/iphone/000003.png,data_external/HuMMan/extracted/p000456_a000031/cameras.json,data_external/HuMMan/extracted/p000456_a000031/smpl_params.npz,sensor_acceptance_and_reconstruction
p000456,a000031,data_external/HuMMan/extracted/p000456_a000031,7,data_external/HuMMan/extracted/p000456_a000031/iphone_depth/iphone/000007.png,data_external/HuMMan/extracted/p000456_a000031/cameras.json,data_external/HuMMan/extracted/p000456_a000031/smpl_params.npz,sensor_acceptance_and_reconstruction
p000456,a000031,data_external/HuMMan/extracted/p000456_a000031,11,data_external/HuMMan/extracted/p000456_a000031/iphone_depth/iphone/000011.png,data_external/HuMMan/extracted/p000456_a000031/cameras.json,data_external/HuMMan/extracted/p000456_a000031/smpl_params.npz,sensor_acceptance_and_reconstruction
p000456,a000031,data_external/HuMMan/extracted/p000456_a000031,14,data_external/HuMMan/extracted/p000456_a000031/iphone_depth/iphone/000014.png,data_external/HuMMan/extracted/p000456_a000031/cameras.json,data_external/HuMMan/extracted/p000456_a000031/smpl_params.npz,sensor_acceptance_and_reconstruction
p000456,a000031,data_external/HuMMan/extracted/p000456_a000031,18,data_external/HuMMan/extracted/p000456_a000031/iphone_depth/iphone/000018.png,data_external/HuMMan/extracted/p000456_a000031/cameras.json,data_external/HuMMan/extracted/p000456_a000031/smpl_params.npz,sensor_acceptance_and_reconstruction
p000456,a000031,data_external/HuMMan/extracted/p000456_a000031,22,data_external/HuMMan/extracted/p000456_a000031/iphone_depth/iphone/000022.png,data_external/HuMMan/extracted/p000456_a000031/cameras.json,data_external/HuMMan/extracted/p000456_a000031/smpl_params.npz,sensor_acceptance_and_reconstruction
p000456,a000031,data_external/HuMMan/extracted/p000456_a000031,25,data_external/HuMMan/extracted/p000456_a000031/iphone_depth/iphone/000025.png,data_external/HuMMan/extracted/p000456_a000031/cameras.json,data_external/HuMMan/extracted/p000456_a000031/smpl_params.npz,sensor_acceptance_and_reconstruction
p000456,a000031,data_external/HuMMan/extracted/p000456_a000031,29,data_external/HuMMan/extracted/p000456_a000031/iphone_depth/iphone/000029.png,data_external/HuMMan/extracted/p000456_a000031/cameras.json,data_external/HuMMan/extracted/p000456_a000031/smpl_params.npz,sensor_acceptance_and_reconstruction
p000456,a000031,data_external/HuMMan/extracted/p000456_a000031,33,data_external/HuMMan/extracted/p000456_a000031/iphone_depth/iphone/000033.png,data_external/HuMMan/extracted/p000456_a000031/cameras.json,data_external/HuMMan/extracted/p000456_a000031/smpl_params.npz,sensor_acceptance_and_reconstruction
p000457,a000029,data_external/HuMMan/extracted/p000457_a000029,0,data_external/HuMMan/extracted/p000457_a000029/iphone_depth/iphone/000000.png,data_external/HuMMan/extracted/p000457_a000029/cameras.json,data_external/HuMMan/extracted/p000457_a000029/smpl_params.npz,sensor_acceptance_and_reconstruction
p000457,a000029,data_external/HuMMan/extracted/p000457_a000029,5,data_external/HuMMan/extracted/p000457_a000029/iphone_depth/iphone/000005.png,data_external/HuMMan/extracted/p000457_a000029/cameras.json,data_external/HuMMan/extracted/p000457_a000029/smpl_params.npz,sensor_acceptance_and_reconstruction
p000457,a000029,data_external/HuMMan/extracted/p000457_a000029,10,data_external/HuMMan/extracted/p000457_a000029/iphone_depth/iphone/000010.png,data_external/HuMMan/extracted/p000457_a000029/cameras.json,data_external/HuMMan/extracted/p000457_a000029/smpl_params.npz,sensor_acceptance_and_reconstruction
p000457,a000029,data_external/HuMMan/extracted/p000457_a000029,15,data_external/HuMMan/extracted/p000457_a000029/iphone_depth/iphone/000015.png,data_external/HuMMan/extracted/p000457_a000029/cameras.json,data_external/HuMMan/extracted/p000457_a000029/smpl_params.npz,sensor_acceptance_and_reconstruction
p000457,a000029,data_external/HuMMan/extracted/p000457_a000029,20,data_external/HuMMan/extracted/p000457_a000029/iphone_depth/iphone/000020.png,data_external/HuMMan/extracted/p000457_a000029/cameras.json,data_external/HuMMan/extracted/p000457_a000029/smpl_params.npz,sensor_acceptance_and_reconstruction
p000457,a000029,data_external/HuMMan/extracted/p000457_a000029,25,data_external/HuMMan/extracted/p000457_a000029/iphone_depth/iphone/000025.png,data_external/HuMMan/extracted/p000457_a000029/cameras.json,data_external/HuMMan/extracted/p000457_a000029/smpl_params.npz,sensor_acceptance_and_reconstruction
p000457,a000029,data_external/HuMMan/extracted/p000457_a000029,30,data_external/HuMMan/extracted/p000457_a000029/iphone_depth/iphone/000030.png,data_external/HuMMan/extracted/p000457_a000029/cameras.json,data_external/HuMMan/extracted/p000457_a000029/smpl_params.npz,sensor_acceptance_and_reconstruction
p000457,a000029,data_external/HuMMan/extracted/p000457_a000029,35,data_external/HuMMan/extracted/p000457_a000029/iphone_depth/iphone/000035.png,data_external/HuMMan/extracted/p000457_a000029/cameras.json,data_external/HuMMan/extracted/p000457_a000029/smpl_params.npz,sensor_acceptance_and_reconstruction
p000457,a000029,data_external/HuMMan/extracted/p000457_a000029,40,data_external/HuMMan/extracted/p000457_a000029/iphone_depth/iphone/000040.png,data_external/HuMMan/extracted/p000457_a000029/cameras.json,data_external/HuMMan/extracted/p000457_a000029/smpl_params.npz,sensor_acceptance_and_reconstruction
p000457,a000029,data_external/HuMMan/extracted/p000457_a000029,46,data_external/HuMMan/extracted/p000457_a000029/iphone_depth/iphone/000046.png,data_external/HuMMan/extracted/p000457_a000029/cameras.json,data_external/HuMMan/extracted/p000457_a000029/smpl_params.npz,sensor_acceptance_and_reconstruction
p000465,a000197,data_external/HuMMan/extracted/p000465_a000197,0,data_external/HuMMan/extracted/p000465_a000197/iphone_depth/iphone/000000.png,data_external/HuMMan/extracted/p000465_a000197/cameras.json,data_external/HuMMan/extracted/p000465_a000197/smpl_params.npz,sensor_acceptance_and_reconstruction
p000465,a000197,data_external/HuMMan/extracted/p000465_a000197,10,data_external/HuMMan/extracted/p000465_a000197/iphone_depth/iphone/000010.png,data_external/HuMMan/extracted/p000465_a000197/cameras.json,data_external/HuMMan/extracted/p000465_a000197/smpl_params.npz,sensor_acceptance_and_reconstruction
p000465,a000197,data_external/HuMMan/extracted/p000465_a000197,20,data_external/HuMMan/extracted/p000465_a000197/iphone_depth/iphone/000020.png,data_external/HuMMan/extracted/p000465_a000197/cameras.json,data_external/HuMMan/extracted/p000465_a000197/smpl_params.npz,sensor_acceptance_and_reconstruction
p000465,a000197,data_external/HuMMan/extracted/p000465_a000197,30,data_external/HuMMan/extracted/p000465_a000197/iphone_depth/iphone/000030.png,data_external/HuMMan/extracted/p000465_a000197/cameras.json,data_external/HuMMan/extracted/p000465_a000197/smpl_params.npz,sensor_acceptance_and_reconstruction
p000465,a000197,data_external/HuMMan/extracted/p000465_a000197,40,data_external/HuMMan/extracted/p000465_a000197/iphone_depth/iphone/000040.png,data_external/HuMMan/extracted/p000465_a000197/cameras.json,data_external/HuMMan/extracted/p000465_a000197/smpl_params.npz,sensor_acceptance_and_reconstruction
p000465,a000197,data_external/HuMMan/extracted/p000465_a000197,50,data_external/HuMMan/extracted/p000465_a000197/iphone_depth/iphone/000050.png,data_external/HuMMan/extracted/p000465_a000197/cameras.json,data_external/HuMMan/extracted/p000465_a000197/smpl_params.npz,sensor_acceptance_and_reconstruction
p000465,a000197,data_external/HuMMan/extracted/p000465_a000197,60,data_external/HuMMan/extracted/p000465_a000197/iphone_depth/iphone/000060.png,data_external/HuMMan/extracted/p000465_a000197/cameras.json,data_external/HuMMan/extracted/p000465_a000197/smpl_params.npz,sensor_acceptance_and_reconstruction
p000465,a000197,data_external/HuMMan/extracted/p000465_a000197,70,data_external/HuMMan/extracted/p000465_a000197/iphone_depth/iphone/000070.png,data_external/HuMMan/extracted/p000465_a000197/cameras.json,data_external/HuMMan/extracted/p000465_a000197/smpl_params.npz,sensor_acceptance_and_reconstruction
p000465,a000197,data_external/HuMMan/extracted/p000465_a000197,80,data_external/HuMMan/extracted/p000465_a000197/iphone_depth/iphone/000080.png,data_external/HuMMan/extracted/p000465_a000197/cameras.json,data_external/HuMMan/extracted/p000465_a000197/smpl_params.npz,sensor_acceptance_and_reconstruction
p000465,a000197,data_external/HuMMan/extracted/p000465_a000197,90,data_external/HuMMan/extracted/p000465_a000197/iphone_depth/iphone/000090.png,data_external/HuMMan/extracted/p000465_a000197/cameras.json,data_external/HuMMan/extracted/p000465_a000197/smpl_params.npz,sensor_acceptance_and_reconstruction
p000466,a000157,data_external/HuMMan/extracted/p000466_a000157,0,data_external/HuMMan/extracted/p000466_a000157/iphone_depth/iphone/000000.png,data_external/HuMMan/extracted/p000466_a000157/cameras.json,data_external/HuMMan/extracted/p000466_a000157/smpl_params.npz,sensor_acceptance_and_reconstruction
p000466,a000157,data_external/HuMMan/extracted/p000466_a000157,15,data_external/HuMMan/extracted/p000466_a000157/iphone_depth/iphone/000015.png,data_external/HuMMan/extracted/p000466_a000157/cameras.json,data_external/HuMMan/extracted/p000466_a000157/smpl_params.npz,sensor_acceptance_and_reconstruction
p000466,a000157,data_external/HuMMan/extracted/p000466_a000157,30,data_external/HuMMan/extracted/p000466_a000157/iphone_depth/iphone/000030.png,data_external/HuMMan/extracted/p000466_a000157/cameras.json,data_external/HuMMan/extracted/p000466_a000157/smpl_params.npz,sensor_acceptance_and_reconstruction
p000466,a000157,data_external/HuMMan/extracted/p000466_a000157,46,data_external/HuMMan/extracted/p000466_a000157/iphone_depth/iphone/000046.png,data_external/HuMMan/extracted/p000466_a000157/cameras.json,data_external/HuMMan/extracted/p000466_a000157/smpl_params.npz,sensor_acceptance_and_reconstruction
p000466,a000157,data_external/HuMMan/extracted/p000466_a000157,61,data_external/HuMMan/extracted/p000466_a000157/iphone_depth/iphone/000061.png,data_external/HuMMan/extracted/p000466_a000157/cameras.json,data_external/HuMMan/extracted/p000466_a000157/smpl_params.npz,sensor_acceptance_and_reconstruction
p000466,a000157,data_external/HuMMan/extracted/p000466_a000157,77,data_external/HuMMan/extracted/p000466_a000157/iphone_depth/iphone/000077.png,data_external/HuMMan/extracted/p000466_a000157/cameras.json,data_external/HuMMan/extracted/p000466_a000157/smpl_params.npz,sensor_acceptance_and_reconstruction
p000466,a000157,data_external/HuMMan/extracted/p000466_a000157,92,data_external/HuMMan/extracted/p000466_a000157/iphone_depth/iphone/000092.png,data_external/HuMMan/extracted/p000466_a000157/cameras.json,data_external/HuMMan/extracted/p000466_a000157/smpl_params.npz,sensor_acceptance_and_reconstruction
p000466,a000157,data_external/HuMMan/extracted/p000466_a000157,108,data_external/HuMMan/extracted/p000466_a000157/iphone_depth/iphone/000108.png,data_external/HuMMan/extracted/p000466_a000157/cameras.json,data_external/HuMMan/extracted/p000466_a000157/smpl_params.npz,sensor_acceptance_and_reconstruction
p000466,a000157,data_external/HuMMan/extracted/p000466_a000157,123,data_external/HuMMan/extracted/p000466_a000157/iphone_depth/iphone/000123.png,data_external/HuMMan/extracted/p000466_a000157/cameras.json,data_external/HuMMan/extracted/p000466_a000157/smpl_params.npz,sensor_acceptance_and_reconstruction
p000466,a000157,data_external/HuMMan/extracted/p000466_a000157,139,data_external/HuMMan/extracted/p000466_a000157/iphone_depth/iphone/000139.png,data_external/HuMMan/extracted/p000466_a000157/cameras.json,data_external/HuMMan/extracted/p000466_a000157/smpl_params.npz,sensor_acceptance_and_reconstruction
p000469,a000039,data_external/HuMMan/extracted/p000469_a000039,0,data_external/HuMMan/extracted/p000469_a000039/iphone_depth/iphone/000000.png,data_external/HuMMan/extracted/p000469_a000039/cameras.json,data_external/HuMMan/extracted/p000469_a000039/smpl_params.npz,sensor_acceptance_and_reconstruction
p000469,a000039,data_external/HuMMan/extracted/p000469_a000039,13,data_external/HuMMan/extracted/p000469_a000039/iphone_depth/iphone/000013.png,data_external/HuMMan/extracted/p000469_a000039/cameras.json,data_external/HuMMan/extracted/p000469_a000039/smpl_params.npz,sensor_acceptance_and_reconstruction
p000469,a000039,data_external/HuMMan/extracted/p000469_a000039,27,data_external/HuMMan/extracted/p000469_a000039/iphone_depth/iphone/000027.png,data_external/HuMMan/extracted/p000469_a000039/cameras.json,data_external/HuMMan/extracted/p000469_a000039/smpl_params.npz,sensor_acceptance_and_reconstruction
p000469,a000039,data_external/HuMMan/extracted/p000469_a000039,41,data_external/HuMMan/extracted/p000469_a000039/iphone_depth/iphone/000041.png,data_external/HuMMan/extracted/p000469_a000039/cameras.json,data_external/HuMMan/extracted/p000469_a000039/smpl_params.npz,sensor_acceptance_and_reconstruction
p000469,a000039,data_external/HuMMan/extracted/p000469_a000039,55,data_external/HuMMan/extracted/p000469_a000039/iphone_depth/iphone/000055.png,data_external/HuMMan/extracted/p000469_a000039/cameras.json,data_external/HuMMan/extracted/p000469_a000039/smpl_params.npz,sensor_acceptance_and_reconstruction
p000469,a000039,data_external/HuMMan/extracted/p000469_a000039,69,data_external/HuMMan/extracted/p000469_a000039/iphone_depth/iphone/000069.png,data_external/HuMMan/extracted/p000469_a000039/cameras.json,data_external/HuMMan/extracted/p000469_a000039/smpl_params.npz,sensor_acceptance_and_reconstruction
p000469,a000039,data_external/HuMMan/extracted/p000469_a000039,83,data_external/HuMMan/extracted/p000469_a000039/iphone_depth/iphone/000083.png,data_external/HuMMan/extracted/p000469_a000039/cameras.json,data_external/HuMMan/extracted/p000469_a000039/smpl_params.npz,sensor_acceptance_and_reconstruction
p000469,a000039,data_external/HuMMan/extracted/p000469_a000039,97,data_external/HuMMan/extracted/p000469_a000039/iphone_depth/iphone/000097.png,data_external/HuMMan/extracted/p000469_a000039/cameras.json,data_external/HuMMan/extracted/p000469_a000039/smpl_params.npz,sensor_acceptance_and_reconstruction
p000469,a000039,data_external/HuMMan/extracted/p000469_a000039,111,data_external/HuMMan/extracted/p000469_a000039/iphone_depth/iphone/000111.png,data_external/HuMMan/extracted/p000469_a000039/cameras.json,data_external/HuMMan/extracted/p000469_a000039/smpl_params.npz,sensor_acceptance_and_reconstruction
p000469,a000039,data_external/HuMMan/extracted/p000469_a000039,125,data_external/HuMMan/extracted/p000469_a000039/iphone_depth/iphone/000125.png,data_external/HuMMan/extracted/p000469_a000039/cameras.json,data_external/HuMMan/extracted/p000469_a000039/smpl_params.npz,sensor_acceptance_and_reconstruction
p000470,a000048,data_external/HuMMan/extracted/p000470_a000048,0,data_external/HuMMan/extracted/p000470_a000048/iphone_depth/iphone/000000.png,data_external/HuMMan/extracted/p000470_a000048/cameras.json,data_external/HuMMan/extracted/p000470_a000048/smpl_params.npz,sensor_acceptance_and_reconstruction
p000470,a000048,data_external/HuMMan/extracted/p000470_a000048,16,data_external/HuMMan/extracted/p000470_a000048/iphone_depth/iphone/000016.png,data_external/HuMMan/extracted/p000470_a000048/cameras.json,data_external/HuMMan/extracted/p000470_a000048/smpl_params.npz,sensor_acceptance_and_reconstruction
p000470,a000048,data_external/HuMMan/extracted/p000470_a000048,32,data_external/HuMMan/extracted/p000470_a000048/iphone_depth/iphone/000032.png,data_external/HuMMan/extracted/p000470_a000048/cameras.json,data_external/HuMMan/extracted/p000470_a000048/smpl_params.npz,sensor_acceptance_and_reconstruction
p000470,a000048,data_external/HuMMan/extracted/p000470_a000048,48,data_external/HuMMan/extracted/p000470_a000048/iphone_depth/iphone/000048.png,data_external/HuMMan/extracted/p000470_a000048/cameras.json,data_external/HuMMan/extracted/p000470_a000048/smpl_params.npz,sensor_acceptance_and_reconstruction
p000470,a000048,data_external/HuMMan/extracted/p000470_a000048,64,data_external/HuMMan/extracted/p000470_a000048/iphone_depth/iphone/000064.png,data_external/HuMMan/extracted/p000470_a000048/cameras.json,data_external/HuMMan/extracted/p000470_a000048/smpl_params.npz,sensor_acceptance_and_reconstruction
p000470,a000048,data_external/HuMMan/extracted/p000470_a000048,80,data_external/HuMMan/extracted/p000470_a000048/iphone_depth/iphone/000080.png,data_external/HuMMan/extracted/p000470_a000048/cameras.json,data_external/HuMMan/extracted/p000470_a000048/smpl_params.npz,sensor_acceptance_and_reconstruction
p000470,a000048,data_external/HuMMan/extracted/p000470_a000048,96,data_external/HuMMan/extracted/p000470_a000048/iphone_depth/iphone/000096.png,data_external/HuMMan/extracted/p000470_a000048/cameras.json,data_external/HuMMan/extracted/p000470_a000048/smpl_params.npz,sensor_acceptance_and_reconstruction
p000470,a000048,data_external/HuMMan/extracted/p000470_a000048,112,data_external/HuMMan/extracted/p000470_a000048/iphone_depth/iphone/000112.png,data_external/HuMMan/extracted/p000470_a000048/cameras.json,data_external/HuMMan/extracted/p000470_a000048/smpl_params.npz,sensor_acceptance_and_reconstruction
p000470,a000048,data_external/HuMMan/extracted/p000470_a000048,128,data_external/HuMMan/extracted/p000470_a000048/iphone_depth/iphone/000128.png,data_external/HuMMan/extracted/p000470_a000048/cameras.json,data_external/HuMMan/extracted/p000470_a000048/smpl_params.npz,sensor_acceptance_and_reconstruction
p000470,a000048,data_external/HuMMan/extracted/p000470_a000048,144,data_external/HuMMan/extracted/p000470_a000048/iphone_depth/iphone/000144.png,data_external/HuMMan/extracted/p000470_a000048/cameras.json,data_external/HuMMan/extracted/p000470_a000048/smpl_params.npz,sensor_acceptance_and_reconstruction
p000471,a000014,data_external/HuMMan/extracted/p000471_a000014,0,data_external/HuMMan/extracted/p000471_a000014/iphone_depth/iphone/000000.png,data_external/HuMMan/extracted/p000471_a000014/cameras.json,data_external/HuMMan/extracted/p000471_a000014/smpl_params.npz,sensor_acceptance_and_reconstruction
p000471,a000014,data_external/HuMMan/extracted/p000471_a000014,4,data_external/HuMMan/extracted/p000471_a000014/iphone_depth/iphone/000004.png,data_external/HuMMan/extracted/p000471_a000014/cameras.json,data_external/HuMMan/extracted/p000471_a000014/smpl_params.npz,sensor_acceptance_and_reconstruction
p000471,a000014,data_external/HuMMan/extracted/p000471_a000014,9,data_external/HuMMan/extracted/p000471_a000014/iphone_depth/iphone/000009.png,data_external/HuMMan/extracted/p000471_a000014/cameras.json,data_external/HuMMan/extracted/p000471_a000014/smpl_params.npz,sensor_acceptance_and_reconstruction
p000471,a000014,data_external/HuMMan/extracted/p000471_a000014,14,data_external/HuMMan/extracted/p000471_a000014/iphone_depth/iphone/000014.png,data_external/HuMMan/extracted/p000471_a000014/cameras.json,data_external/HuMMan/extracted/p000471_a000014/smpl_params.npz,sensor_acceptance_and_reconstruction
p000471,a000014,data_external/HuMMan/extracted/p000471_a000014,19,data_external/HuMMan/extracted/p000471_a000014/iphone_depth/iphone/000019.png,data_external/HuMMan/extracted/p000471_a000014/cameras.json,data_external/HuMMan/extracted/p000471_a000014/smpl_params.npz,sensor_acceptance_and_reconstruction
p000471,a000014,data_external/HuMMan/extracted/p000471_a000014,24,data_external/HuMMan/extracted/p000471_a000014/iphone_depth/iphone/000024.png,data_external/HuMMan/extracted/p000471_a000014/cameras.json,data_external/HuMMan/extracted/p000471_a000014/smpl_params.npz,sensor_acceptance_and_reconstruction
p000471,a000014,data_external/HuMMan/extracted/p000471_a000014,29,data_external/HuMMan/extracted/p000471_a000014/iphone_depth/iphone/000029.png,data_external/HuMMan/extracted/p000471_a000014/cameras.json,data_external/HuMMan/extracted/p000471_a000014/smpl_params.npz,sensor_acceptance_and_reconstruction
p000471,a000014,data_external/HuMMan/extracted/p000471_a000014,34,data_external/HuMMan/extracted/p000471_a000014/iphone_depth/iphone/000034.png,data_external/HuMMan/extracted/p000471_a000014/cameras.json,data_external/HuMMan/extracted/p000471_a000014/smpl_params.npz,sensor_acceptance_and_reconstruction
p000471,a000014,data_external/HuMMan/extracted/p000471_a000014,39,data_external/HuMMan/extracted/p000471_a000014/iphone_depth/iphone/000039.png,data_external/HuMMan/extracted/p000471_a000014/cameras.json,data_external/HuMMan/extracted/p000471_a000014/smpl_params.npz,sensor_acceptance_and_reconstruction
p000471,a000014,data_external/HuMMan/extracted/p000471_a000014,44,data_external/HuMMan/extracted/p000471_a000014/iphone_depth/iphone/000044.png,data_external/HuMMan/extracted/p000471_a000014/cameras.json,data_external/HuMMan/extracted/p000471_a000014/smpl_params.npz,sensor_acceptance_and_reconstruction
p000474,a001230,data_external/HuMMan/extracted/p000474_a001230,0,data_external/HuMMan/extracted/p000474_a001230/iphone_depth/iphone/000000.png,data_external/HuMMan/extracted/p000474_a001230/cameras.json,data_external/HuMMan/extracted/p000474_a001230/smpl_params.npz,sensor_acceptance_and_reconstruction
p000474,a001230,data_external/HuMMan/extracted/p000474_a001230,5,data_external/HuMMan/extracted/p000474_a001230/iphone_depth/iphone/000005.png,data_external/HuMMan/extracted/p000474_a001230/cameras.json,data_external/HuMMan/extracted/p000474_a001230/smpl_params.npz,sensor_acceptance_and_reconstruction
p000474,a001230,data_external/HuMMan/extracted/p000474_a001230,10,data_external/HuMMan/extracted/p000474_a001230/iphone_depth/iphone/000010.png,data_external/HuMMan/extracted/p000474_a001230/cameras.json,data_external/HuMMan/extracted/p000474_a001230/smpl_params.npz,sensor_acceptance_and_reconstruction
p000474,a001230,data_external/HuMMan/extracted/p000474_a001230,15,data_external/HuMMan/extracted/p000474_a001230/iphone_depth/iphone/000015.png,data_external/HuMMan/extracted/p000474_a001230/cameras.json,data_external/HuMMan/extracted/p000474_a001230/smpl_params.npz,sensor_acceptance_and_reconstruction
p000474,a001230,data_external/HuMMan/extracted/p000474_a001230,20,data_external/HuMMan/extracted/p000474_a001230/iphone_depth/iphone/000020.png,data_external/HuMMan/extracted/p000474_a001230/cameras.json,data_external/HuMMan/extracted/p000474_a001230/smpl_params.npz,sensor_acceptance_and_reconstruction
p000474,a001230,data_external/HuMMan/extracted/p000474_a001230,26,data_external/HuMMan/extracted/p000474_a001230/iphone_depth/iphone/000026.png,data_external/HuMMan/extracted/p000474_a001230/cameras.json,data_external/HuMMan/extracted/p000474_a001230/smpl_params.npz,sensor_acceptance_and_reconstruction
p000474,a001230,data_external/HuMMan/extracted/p000474_a001230,31,data_external/HuMMan/extracted/p000474_a001230/iphone_depth/iphone/000031.png,data_external/HuMMan/extracted/p000474_a001230/cameras.json,data_external/HuMMan/extracted/p000474_a001230/smpl_params.npz,sensor_acceptance_and_reconstruction
p000474,a001230,data_external/HuMMan/extracted/p000474_a001230,36,data_external/HuMMan/extracted/p000474_a001230/iphone_depth/iphone/000036.png,data_external/HuMMan/extracted/p000474_a001230/cameras.json,data_external/HuMMan/extracted/p000474_a001230/smpl_params.npz,sensor_acceptance_and_reconstruction
p000474,a001230,data_external/HuMMan/extracted/p000474_a001230,41,data_external/HuMMan/extracted/p000474_a001230/iphone_depth/iphone/000041.png,data_external/HuMMan/extracted/p000474_a001230/cameras.json,data_external/HuMMan/extracted/p000474_a001230/smpl_params.npz,sensor_acceptance_and_reconstruction
p000474,a001230,data_external/HuMMan/extracted/p000474_a001230,47,data_external/HuMMan/extracted/p000474_a001230/iphone_depth/iphone/000047.png,data_external/HuMMan/extracted/p000474_a001230/cameras.json,data_external/HuMMan/extracted/p000474_a001230/smpl_params.npz,sensor_acceptance_and_reconstruction
p000475,a000048,data_external/HuMMan/extracted/p000475_a000048,0,data_external/HuMMan/extracted/p000475_a000048/iphone_depth/iphone/000000.png,data_external/HuMMan/extracted/p000475_a000048/cameras.json,data_external/HuMMan/extracted/p000475_a000048/smpl_params.npz,sensor_acceptance_and_reconstruction
p000475,a000048,data_external/HuMMan/extracted/p000475_a000048,14,data_external/HuMMan/extracted/p000475_a000048/iphone_depth/iphone/000014.png,data_external/HuMMan/extracted/p000475_a000048/cameras.json,data_external/HuMMan/extracted/p000475_a000048/smpl_params.npz,sensor_acceptance_and_reconstruction
p000475,a000048,data_external/HuMMan/extracted/p000475_a000048,28,data_external/HuMMan/extracted/p000475_a000048/iphone_depth/iphone/000028.png,data_external/HuMMan/extracted/p000475_a000048/cameras.json,data_external/HuMMan/extracted/p000475_a000048/smpl_params.npz,sensor_acceptance_and_reconstruction
p000475,a000048,data_external/HuMMan/extracted/p000475_a000048,42,data_external/HuMMan/extracted/p000475_a000048/iphone_depth/iphone/000042.png,data_external/HuMMan/extracted/p000475_a000048/cameras.json,data_external/HuMMan/extracted/p000475_a000048/smpl_params.npz,sensor_acceptance_and_reconstruction
p000475,a000048,data_external/HuMMan/extracted/p000475_a000048,56,data_external/HuMMan/extracted/p000475_a000048/iphone_depth/iphone/000056.png,data_external/HuMMan/extracted/p000475_a000048/cameras.json,data_external/HuMMan/extracted/p000475_a000048/smpl_params.npz,sensor_acceptance_and_reconstruction
p000475,a000048,data_external/HuMMan/extracted/p000475_a000048,70,data_external/HuMMan/extracted/p000475_a000048/iphone_depth/iphone/000070.png,data_external/HuMMan/extracted/p000475_a000048/cameras.json,data_external/HuMMan/extracted/p000475_a000048/smpl_params.npz,sensor_acceptance_and_reconstruction
p000475,a000048,data_external/HuMMan/extracted/p000475_a000048,84,data_external/HuMMan/extracted/p000475_a000048/iphone_depth/iphone/000084.png,data_external/HuMMan/extracted/p000475_a000048/cameras.json,data_external/HuMMan/extracted/p000475_a000048/smpl_params.npz,sensor_acceptance_and_reconstruction
p000475,a000048,data_external/HuMMan/extracted/p000475_a000048,98,data_external/HuMMan/extracted/p000475_a000048/iphone_depth/iphone/000098.png,data_external/HuMMan/extracted/p000475_a000048/cameras.json,data_external/HuMMan/extracted/p000475_a000048/smpl_params.npz,sensor_acceptance_and_reconstruction
p000475,a000048,data_external/HuMMan/extracted/p000475_a000048,112,data_external/HuMMan/extracted/p000475_a000048/iphone_depth/iphone/000112.png,data_external/HuMMan/extracted/p000475_a000048/cameras.json,data_external/HuMMan/extracted/p000475_a000048/smpl_params.npz,sensor_acceptance_and_reconstruction
p000475,a000048,data_external/HuMMan/extracted/p000475_a000048,127,data_external/HuMMan/extracted/p000475_a000048/iphone_depth/iphone/000127.png,data_external/HuMMan/extracted/p000475_a000048/cameras.json,data_external/HuMMan/extracted/p000475_a000048/smpl_params.npz,sensor_acceptance_and_reconstruction
p000476,a000145,data_external/HuMMan/extracted/p000476_a000145,0,data_external/HuMMan/extracted/p000476_a000145/iphone_depth/iphone/000000.png,data_external/HuMMan/extracted/p000476_a000145/cameras.json,data_external/HuMMan/extracted/p000476_a000145/smpl_params.npz,sensor_acceptance_and_reconstruction
p000476,a000145,data_external/HuMMan/extracted/p000476_a000145,13,data_external/HuMMan/extracted/p000476_a000145/iphone_depth/iphone/000013.png,data_external/HuMMan/extracted/p000476_a000145/cameras.json,data_external/HuMMan/extracted/p000476_a000145/smpl_params.npz,sensor_acceptance_and_reconstruction
p000476,a000145,data_external/HuMMan/extracted/p000476_a000145,27,data_external/HuMMan/extracted/p000476_a000145/iphone_depth/iphone/000027.png,data_external/HuMMan/extracted/p000476_a000145/cameras.json,data_external/HuMMan/extracted/p000476_a000145/smpl_params.npz,sensor_acceptance_and_reconstruction
p000476,a000145,data_external/HuMMan/extracted/p000476_a000145,41,data_external/HuMMan/extracted/p000476_a000145/iphone_depth/iphone/000041.png,data_external/HuMMan/extracted/p000476_a000145/cameras.json,data_external/HuMMan/extracted/p000476_a000145/smpl_params.npz,sensor_acceptance_and_reconstruction
p000476,a000145,data_external/HuMMan/extracted/p000476_a000145,54,data_external/HuMMan/extracted/p000476_a000145/iphone_depth/iphone/000054.png,data_external/HuMMan/extracted/p000476_a000145/cameras.json,data_external/HuMMan/extracted/p000476_a000145/smpl_params.npz,sensor_acceptance_and_reconstruction
p000476,a000145,data_external/HuMMan/extracted/p000476_a000145,68,data_external/HuMMan/extracted/p000476_a000145/iphone_depth/iphone/000068.png,data_external/HuMMan/extracted/p000476_a000145/cameras.json,data_external/HuMMan/extracted/p000476_a000145/smpl_params.npz,sensor_acceptance_and_reconstruction
p000476,a000145,data_external/HuMMan/extracted/p000476_a000145,82,data_external/HuMMan/extracted/p000476_a000145/iphone_depth/iphone/000082.png,data_external/HuMMan/extracted/p000476_a000145/cameras.json,data_external/HuMMan/extracted/p000476_a000145/smpl_params.npz,sensor_acceptance_and_reconstruction
p000476,a000145,data_external/HuMMan/extracted/p000476_a000145,95,data_external/HuMMan/extracted/p000476_a000145/iphone_depth/iphone/000095.png,data_external/HuMMan/extracted/p000476_a000145/cameras.json,data_external/HuMMan/extracted/p000476_a000145/smpl_params.npz,sensor_acceptance_and_reconstruction
p000476,a000145,data_external/HuMMan/extracted/p000476_a000145,109,data_external/HuMMan/extracted/p000476_a000145/iphone_depth/iphone/000109.png,data_external/HuMMan/extracted/p000476_a000145/cameras.json,data_external/HuMMan/extracted/p000476_a000145/smpl_params.npz,sensor_acceptance_and_reconstruction
p000476,a000145,data_external/HuMMan/extracted/p000476_a000145,123,data_external/HuMMan/extracted/p000476_a000145/iphone_depth/iphone/000123.png,data_external/HuMMan/extracted/p000476_a000145/cameras.json,data_external/HuMMan/extracted/p000476_a000145/smpl_params.npz,sensor_acceptance_and_reconstruction
p000477,a000048,data_external/HuMMan/extracted/p000477_a000048,0,data_external/HuMMan/extracted/p000477_a000048/iphone_depth/iphone/000000.png,data_external/HuMMan/extracted/p000477_a000048/cameras.json,data_external/HuMMan/extracted/p000477_a000048/smpl_params.npz,sensor_acceptance_and_reconstruction
p000477,a000048,data_external/HuMMan/extracted/p000477_a000048,23,data_external/HuMMan/extracted/p000477_a000048/iphone_depth/iphone/000023.png,data_external/HuMMan/extracted/p000477_a000048/cameras.json,data_external/HuMMan/extracted/p000477_a000048/smpl_params.npz,sensor_acceptance_and_reconstruction
p000477,a000048,data_external/HuMMan/extracted/p000477_a000048,46,data_external/HuMMan/extracted/p000477_a000048/iphone_depth/iphone/000046.png,data_external/HuMMan/extracted/p000477_a000048/cameras.json,data_external/HuMMan/extracted/p000477_a000048/smpl_params.npz,sensor_acceptance_and_reconstruction
p000477,a000048,data_external/HuMMan/extracted/p000477_a000048,69,data_external/HuMMan/extracted/p000477_a000048/iphone_depth/iphone/000069.png,data_external/HuMMan/extracted/p000477_a000048/cameras.json,data_external/HuMMan/extracted/p000477_a000048/smpl_params.npz,sensor_acceptance_and_reconstruction
p000477,a000048,data_external/HuMMan/extracted/p000477_a000048,92,data_external/HuMMan/extracted/p000477_a000048/iphone_depth/iphone/000092.png,data_external/HuMMan/extracted/p000477_a000048/cameras.json,data_external/HuMMan/extracted/p000477_a000048/smpl_params.npz,sensor_acceptance_and_reconstruction
p000477,a000048,data_external/HuMMan/extracted/p000477_a000048,115,data_external/HuMMan/extracted/p000477_a000048/iphone_depth/iphone/000115.png,data_external/HuMMan/extracted/p000477_a000048/cameras.json,data_external/HuMMan/extracted/p000477_a000048/smpl_params.npz,sensor_acceptance_and_reconstruction
p000477,a000048,data_external/HuMMan/extracted/p000477_a000048,138,data_external/HuMMan/extracted/p000477_a000048/iphone_depth/iphone/000138.png,data_external/HuMMan/extracted/p000477_a000048/cameras.json,data_external/HuMMan/extracted/p000477_a000048/smpl_params.npz,sensor_acceptance_and_reconstruction
p000477,a000048,data_external/HuMMan/extracted/p000477_a000048,161,data_external/HuMMan/extracted/p000477_a000048/iphone_depth/iphone/000161.png,data_external/HuMMan/extracted/p000477_a000048/cameras.json,data_external/HuMMan/extracted/p000477_a000048/smpl_params.npz,sensor_acceptance_and_reconstruction
p000477,a000048,data_external/HuMMan/extracted/p000477_a000048,184,data_external/HuMMan/extracted/p000477_a000048/iphone_depth/iphone/000184.png,data_external/HuMMan/extracted/p000477_a000048/cameras.json,data_external/HuMMan/extracted/p000477_a000048/smpl_params.npz,sensor_acceptance_and_reconstruction
p000477,a000048,data_external/HuMMan/extracted/p000477_a000048,207,data_external/HuMMan/extracted/p000477_a000048/iphone_depth/iphone/000207.png,data_external/HuMMan/extracted/p000477_a000048/cameras.json,data_external/HuMMan/extracted/p000477_a000048/smpl_params.npz,sensor_acceptance_and_reconstruction
p000478,a000046,data_external/HuMMan/extracted/p000478_a000046,0,data_external/HuMMan/extracted/p000478_a000046/iphone_depth/iphone/000000.png,data_external/HuMMan/extracted/p000478_a000046/cameras.json,data_external/HuMMan/extracted/p000478_a000046/smpl_params.npz,sensor_acceptance_and_reconstruction
p000478,a000046,data_external/HuMMan/extracted/p000478_a000046,9,data_external/HuMMan/extracted/p000478_a000046/iphone_depth/iphone/000009.png,data_external/HuMMan/extracted/p000478_a000046/cameras.json,data_external/HuMMan/extracted/p000478_a000046/smpl_params.npz,sensor_acceptance_and_reconstruction
p000478,a000046,data_external/HuMMan/extracted/p000478_a000046,18,data_external/HuMMan/extracted/p000478_a000046/iphone_depth/iphone/000018.png,data_external/HuMMan/extracted/p000478_a000046/cameras.json,data_external/HuMMan/extracted/p000478_a000046/smpl_params.npz,sensor_acceptance_and_reconstruction
p000478,a000046,data_external/HuMMan/extracted/p000478_a000046,27,data_external/HuMMan/extracted/p000478_a000046/iphone_depth/iphone/000027.png,data_external/HuMMan/extracted/p000478_a000046/cameras.json,data_external/HuMMan/extracted/p000478_a000046/smpl_params.npz,sensor_acceptance_and_reconstruction
p000478,a000046,data_external/HuMMan/extracted/p000478_a000046,36,data_external/HuMMan/extracted/p000478_a000046/iphone_depth/iphone/000036.png,data_external/HuMMan/extracted/p000478_a000046/cameras.json,data_external/HuMMan/extracted/p000478_a000046/smpl_params.npz,sensor_acceptance_and_reconstruction
p000478,a000046,data_external/HuMMan/extracted/p000478_a000046,45,data_external/HuMMan/extracted/p000478_a000046/iphone_depth/iphone/000045.png,data_external/HuMMan/extracted/p000478_a000046/cameras.json,data_external/HuMMan/extracted/p000478_a000046/smpl_params.npz,sensor_acceptance_and_reconstruction
p000478,a000046,data_external/HuMMan/extracted/p000478_a000046,54,data_external/HuMMan/extracted/p000478_a000046/iphone_depth/iphone/000054.png,data_external/HuMMan/extracted/p000478_a000046/cameras.json,data_external/HuMMan/extracted/p000478_a000046/smpl_params.npz,sensor_acceptance_and_reconstruction
p000478,a000046,data_external/HuMMan/extracted/p000478_a000046,63,data_external/HuMMan/extracted/p000478_a000046/iphone_depth/iphone/000063.png,data_external/HuMMan/extracted/p000478_a000046/cameras.json,data_external/HuMMan/extracted/p000478_a000046/smpl_params.npz,sensor_acceptance_and_reconstruction
p000478,a000046,data_external/HuMMan/extracted/p000478_a000046,72,data_external/HuMMan/extracted/p000478_a000046/iphone_depth/iphone/000072.png,data_external/HuMMan/extracted/p000478_a000046/cameras.json,data_external/HuMMan/extracted/p000478_a000046/smpl_params.npz,sensor_acceptance_and_reconstruction
p000478,a000046,data_external/HuMMan/extracted/p000478_a000046,82,data_external/HuMMan/extracted/p000478_a000046/iphone_depth/iphone/000082.png,data_external/HuMMan/extracted/p000478_a000046/cameras.json,data_external/HuMMan/extracted/p000478_a000046/smpl_params.npz,sensor_acceptance_and_reconstruction
p000480,a000793,data_external/HuMMan/extracted/p000480_a000793,0,data_external/HuMMan/extracted/p000480_a000793/iphone_depth/iphone/000000.png,data_external/HuMMan/extracted/p000480_a000793/cameras.json,data_external/HuMMan/extracted/p000480_a000793/smpl_params.npz,sensor_acceptance_and_reconstruction
p000480,a000793,data_external/HuMMan/extracted/p000480_a000793,9,data_external/HuMMan/extracted/p000480_a000793/iphone_depth/iphone/000009.png,data_external/HuMMan/extracted/p000480_a000793/cameras.json,data_external/HuMMan/extracted/p000480_a000793/smpl_params.npz,sensor_acceptance_and_reconstruction
p000480,a000793,data_external/HuMMan/extracted/p000480_a000793,19,data_external/HuMMan/extracted/p000480_a000793/iphone_depth/iphone/000019.png,data_external/HuMMan/extracted/p000480_a000793/cameras.json,data_external/HuMMan/extracted/p000480_a000793/smpl_params.npz,sensor_acceptance_and_reconstruction
p000480,a000793,data_external/HuMMan/extracted/p000480_a000793,29,data_external/HuMMan/extracted/p000480_a000793/iphone_depth/iphone/000029.png,data_external/HuMMan/extracted/p000480_a000793/cameras.json,data_external/HuMMan/extracted/p000480_a000793/smpl_params.npz,sensor_acceptance_and_reconstruction
p000480,a000793,data_external/HuMMan/extracted/p000480_a000793,39,data_external/HuMMan/extracted/p000480_a000793/iphone_depth/iphone/000039.png,data_external/HuMMan/extracted/p000480_a000793/cameras.json,data_external/HuMMan/extracted/p000480_a000793/smpl_params.npz,sensor_acceptance_and_reconstruction
p000480,a000793,data_external/HuMMan/extracted/p000480_a000793,49,data_external/HuMMan/extracted/p000480_a000793/iphone_depth/iphone/000049.png,data_external/HuMMan/extracted/p000480_a000793/cameras.json,data_external/HuMMan/extracted/p000480_a000793/smpl_params.npz,sensor_acceptance_and_reconstruction
p000480,a000793,data_external/HuMMan/extracted/p000480_a000793,59,data_external/HuMMan/extracted/p000480_a000793/iphone_depth/iphone/000059.png,data_external/HuMMan/extracted/p000480_a000793/cameras.json,data_external/HuMMan/extracted/p000480_a000793/smpl_params.npz,sensor_acceptance_and_reconstruction
p000480,a000793,data_external/HuMMan/extracted/p000480_a000793,69,data_external/HuMMan/extracted/p000480_a000793/iphone_depth/iphone/000069.png,data_external/HuMMan/extracted/p000480_a000793/cameras.json,data_external/HuMMan/extracted/p000480_a000793/smpl_params.npz,sensor_acceptance_and_reconstruction
p000480,a000793,data_external/HuMMan/extracted/p000480_a000793,79,data_external/HuMMan/extracted/p000480_a000793/iphone_depth/iphone/000079.png,data_external/HuMMan/extracted/p000480_a000793/cameras.json,data_external/HuMMan/extracted/p000480_a000793/smpl_params.npz,sensor_acceptance_and_reconstruction
p000480,a000793,data_external/HuMMan/extracted/p000480_a000793,89,data_external/HuMMan/extracted/p000480_a000793/iphone_depth/iphone/000089.png,data_external/HuMMan/extracted/p000480_a000793/cameras.json,data_external/HuMMan/extracted/p000480_a000793/smpl_params.npz,sensor_acceptance_and_reconstruction
p000481,a000978,data_external/HuMMan/extracted/p000481_a000978,0,data_external/HuMMan/extracted/p000481_a000978/iphone_depth/iphone/000000.png,data_external/HuMMan/extracted/p000481_a000978/cameras.json,data_external/HuMMan/extracted/p000481_a000978/smpl_params.npz,sensor_acceptance_and_reconstruction
p000481,a000978,data_external/HuMMan/extracted/p000481_a000978,17,data_external/HuMMan/extracted/p000481_a000978/iphone_depth/iphone/000017.png,data_external/HuMMan/extracted/p000481_a000978/cameras.json,data_external/HuMMan/extracted/p000481_a000978/smpl_params.npz,sensor_acceptance_and_reconstruction
p000481,a000978,data_external/HuMMan/extracted/p000481_a000978,34,data_external/HuMMan/extracted/p000481_a000978/iphone_depth/iphone/000034.png,data_external/HuMMan/extracted/p000481_a000978/cameras.json,data_external/HuMMan/extracted/p000481_a000978/smpl_params.npz,sensor_acceptance_and_reconstruction
p000481,a000978,data_external/HuMMan/extracted/p000481_a000978,51,data_external/HuMMan/extracted/p000481_a000978/iphone_depth/iphone/000051.png,data_external/HuMMan/extracted/p000481_a000978/cameras.json,data_external/HuMMan/extracted/p000481_a000978/smpl_params.npz,sensor_acceptance_and_reconstruction
p000481,a000978,data_external/HuMMan/extracted/p000481_a000978,68,data_external/HuMMan/extracted/p000481_a000978/iphone_depth/iphone/000068.png,data_external/HuMMan/extracted/p000481_a000978/cameras.json,data_external/HuMMan/extracted/p000481_a000978/smpl_params.npz,sensor_acceptance_and_reconstruction
p000481,a000978,data_external/HuMMan/extracted/p000481_a000978,85,data_external/HuMMan/extracted/p000481_a000978/iphone_depth/iphone/000085.png,data_external/HuMMan/extracted/p000481_a000978/cameras.json,data_external/HuMMan/extracted/p000481_a000978/smpl_params.npz,sensor_acceptance_and_reconstruction
p000481,a000978,data_external/HuMMan/extracted/p000481_a000978,102,data_external/HuMMan/extracted/p000481_a000978/iphone_depth/iphone/000102.png,data_external/HuMMan/extracted/p000481_a000978/cameras.json,data_external/HuMMan/extracted/p000481_a000978/smpl_params.npz,sensor_acceptance_and_reconstruction
p000481,a000978,data_external/HuMMan/extracted/p000481_a000978,119,data_external/HuMMan/extracted/p000481_a000978/iphone_depth/iphone/000119.png,data_external/HuMMan/extracted/p000481_a000978/cameras.json,data_external/HuMMan/extracted/p000481_a000978/smpl_params.npz,sensor_acceptance_and_reconstruction
p000481,a000978,data_external/HuMMan/extracted/p000481_a000978,136,data_external/HuMMan/extracted/p000481_a000978/iphone_depth/iphone/000136.png,data_external/HuMMan/extracted/p000481_a000978/cameras.json,data_external/HuMMan/extracted/p000481_a000978/smpl_params.npz,sensor_acceptance_and_reconstruction
p000481,a000978,data_external/HuMMan/extracted/p000481_a000978,154,data_external/HuMMan/extracted/p000481_a000978/iphone_depth/iphone/000154.png,data_external/HuMMan/extracted/p000481_a000978/cameras.json,data_external/HuMMan/extracted/p000481_a000978/smpl_params.npz,sensor_acceptance_and_reconstruction
p000482,a000793,data_external/HuMMan/extracted/p000482_a000793,0,data_external/HuMMan/extracted/p000482_a000793/iphone_depth/iphone/000000.png,data_external/HuMMan/extracted/p000482_a000793/cameras.json,data_external/HuMMan/extracted/p000482_a000793/smpl_params.npz,sensor_acceptance_and_reconstruction
p000482,a000793,data_external/HuMMan/extracted/p000482_a000793,17,data_external/HuMMan/extracted/p000482_a000793/iphone_depth/iphone/000017.png,data_external/HuMMan/extracted/p000482_a000793/cameras.json,data_external/HuMMan/extracted/p000482_a000793/smpl_params.npz,sensor_acceptance_and_reconstruction
p000482,a000793,data_external/HuMMan/extracted/p000482_a000793,34,data_external/HuMMan/extracted/p000482_a000793/iphone_depth/iphone/000034.png,data_external/HuMMan/extracted/p000482_a000793/cameras.json,data_external/HuMMan/extracted/p000482_a000793/smpl_params.npz,sensor_acceptance_and_reconstruction
p000482,a000793,data_external/HuMMan/extracted/p000482_a000793,52,data_external/HuMMan/extracted/p000482_a000793/iphone_depth/iphone/000052.png,data_external/HuMMan/extracted/p000482_a000793/cameras.json,data_external/HuMMan/extracted/p000482_a000793/smpl_params.npz,sensor_acceptance_and_reconstruction
p000482,a000793,data_external/HuMMan/extracted/p000482_a000793,69,data_external/HuMMan/extracted/p000482_a000793/iphone_depth/iphone/000069.png,data_external/HuMMan/extracted/p000482_a000793/cameras.json,data_external/HuMMan/extracted/p000482_a000793/smpl_params.npz,sensor_acceptance_and_reconstruction
p000482,a000793,data_external/HuMMan/extracted/p000482_a000793,86,data_external/HuMMan/extracted/p000482_a000793/iphone_depth/iphone/000086.png,data_external/HuMMan/extracted/p000482_a000793/cameras.json,data_external/HuMMan/extracted/p000482_a000793/smpl_params.npz,sensor_acceptance_and_reconstruction
p000482,a000793,data_external/HuMMan/extracted/p000482_a000793,104,data_external/HuMMan/extracted/p000482_a000793/iphone_depth/iphone/000104.png,data_external/HuMMan/extracted/p000482_a000793/cameras.json,data_external/HuMMan/extracted/p000482_a000793/smpl_params.npz,sensor_acceptance_and_reconstruction
p000482,a000793,data_external/HuMMan/extracted/p000482_a000793,121,data_external/HuMMan/extracted/p000482_a000793/iphone_depth/iphone/000121.png,data_external/HuMMan/extracted/p000482_a000793/cameras.json,data_external/HuMMan/extracted/p000482_a000793/smpl_params.npz,sensor_acceptance_and_reconstruction
p000482,a000793,data_external/HuMMan/extracted/p000482_a000793,138,data_external/HuMMan/extracted/p000482_a000793/iphone_depth/iphone/000138.png,data_external/HuMMan/extracted/p000482_a000793/cameras.json,data_external/HuMMan/extracted/p000482_a000793/smpl_params.npz,sensor_acceptance_and_reconstruction
p000482,a000793,data_external/HuMMan/extracted/p000482_a000793,156,data_external/HuMMan/extracted/p000482_a000793/iphone_depth/iphone/000156.png,data_external/HuMMan/extracted/p000482_a000793/cameras.json,data_external/HuMMan/extracted/p000482_a000793/smpl_params.npz,sensor_acceptance_and_reconstruction
p000483,a000029,data_external/HuMMan/extracted/p000483_a000029,0,data_external/HuMMan/extracted/p000483_a000029/iphone_depth/iphone/000000.png,data_external/HuMMan/extracted/p000483_a000029/cameras.json,data_external/HuMMan/extracted/p000483_a000029/smpl_params.npz,sensor_acceptance_and_reconstruction
p000483,a000029,data_external/HuMMan/extracted/p000483_a000029,6,data_external/HuMMan/extracted/p000483_a000029/iphone_depth/iphone/000006.png,data_external/HuMMan/extracted/p000483_a000029/cameras.json,data_external/HuMMan/extracted/p000483_a000029/smpl_params.npz,sensor_acceptance_and_reconstruction
p000483,a000029,data_external/HuMMan/extracted/p000483_a000029,13,data_external/HuMMan/extracted/p000483_a000029/iphone_depth/iphone/000013.png,data_external/HuMMan/extracted/p000483_a000029/cameras.json,data_external/HuMMan/extracted/p000483_a000029/smpl_params.npz,sensor_acceptance_and_reconstruction
p000483,a000029,data_external/HuMMan/extracted/p000483_a000029,20,data_external/HuMMan/extracted/p000483_a000029/iphone_depth/iphone/000020.png,data_external/HuMMan/extracted/p000483_a000029/cameras.json,data_external/HuMMan/extracted/p000483_a000029/smpl_params.npz,sensor_acceptance_and_reconstruction
p000483,a000029,data_external/HuMMan/extracted/p000483_a000029,26,data_external/HuMMan/extracted/p000483_a000029/iphone_depth/iphone/000026.png,data_external/HuMMan/extracted/p000483_a000029/cameras.json,data_external/HuMMan/extracted/p000483_a000029/smpl_params.npz,sensor_acceptance_and_reconstruction
p000483,a000029,data_external/HuMMan/extracted/p000483_a000029,33,data_external/HuMMan/extracted/p000483_a000029/iphone_depth/iphone/000033.png,data_external/HuMMan/extracted/p000483_a000029/cameras.json,data_external/HuMMan/extracted/p000483_a000029/smpl_params.npz,sensor_acceptance_and_reconstruction
p000483,a000029,data_external/HuMMan/extracted/p000483_a000029,40,data_external/HuMMan/extracted/p000483_a000029/iphone_depth/iphone/000040.png,data_external/HuMMan/extracted/p000483_a000029/cameras.json,data_external/HuMMan/extracted/p000483_a000029/smpl_params.npz,sensor_acceptance_and_reconstruction
p000483,a000029,data_external/HuMMan/extracted/p000483_a000029,46,data_external/HuMMan/extracted/p000483_a000029/iphone_depth/iphone/000046.png,data_external/HuMMan/extracted/p000483_a000029/cameras.json,data_external/HuMMan/extracted/p000483_a000029/smpl_params.npz,sensor_acceptance_and_reconstruction
p000483,a000029,data_external/HuMMan/extracted/p000483_a000029,53,data_external/HuMMan/extracted/p000483_a000029/iphone_depth/iphone/000053.png,data_external/HuMMan/extracted/p000483_a000029/cameras.json,data_external/HuMMan/extracted/p000483_a000029/smpl_params.npz,sensor_acceptance_and_reconstruction
p000483,a000029,data_external/HuMMan/extracted/p000483_a000029,60,data_external/HuMMan/extracted/p000483_a000029/iphone_depth/iphone/000060.png,data_external/HuMMan/extracted/p000483_a000029/cameras.json,data_external/HuMMan/extracted/p000483_a000029/smpl_params.npz,sensor_acceptance_and_reconstruction
p000484,a001036,data_external/HuMMan/extracted/p000484_a001036,0,data_external/HuMMan/extracted/p000484_a001036/iphone_depth/iphone/000000.png,data_external/HuMMan/extracted/p000484_a001036/cameras.json,data_external/HuMMan/extracted/p000484_a001036/smpl_params.npz,sensor_acceptance_and_reconstruction
p000484,a001036,data_external/HuMMan/extracted/p000484_a001036,30,data_external/HuMMan/extracted/p000484_a001036/iphone_depth/iphone/000030.png,data_external/HuMMan/extracted/p000484_a001036/cameras.json,data_external/HuMMan/extracted/p000484_a001036/smpl_params.npz,sensor_acceptance_and_reconstruction
p000484,a001036,data_external/HuMMan/extracted/p000484_a001036,60,data_external/HuMMan/extracted/p000484_a001036/iphone_depth/iphone/000060.png,data_external/HuMMan/extracted/p000484_a001036/cameras.json,data_external/HuMMan/extracted/p000484_a001036/smpl_params.npz,sensor_acceptance_and_reconstruction
p000484,a001036,data_external/HuMMan/extracted/p000484_a001036,90,data_external/HuMMan/extracted/p000484_a001036/iphone_depth/iphone/000090.png,data_external/HuMMan/extracted/p000484_a001036/cameras.json,data_external/HuMMan/extracted/p000484_a001036/smpl_params.npz,sensor_acceptance_and_reconstruction
p000484,a001036,data_external/HuMMan/extracted/p000484_a001036,120,data_external/HuMMan/extracted/p000484_a001036/iphone_depth/iphone/000120.png,data_external/HuMMan/extracted/p000484_a001036/cameras.json,data_external/HuMMan/extracted/p000484_a001036/smpl_params.npz,sensor_acceptance_and_reconstruction
p000484,a001036,data_external/HuMMan/extracted/p000484_a001036,150,data_external/HuMMan/extracted/p000484_a001036/iphone_depth/iphone/000150.png,data_external/HuMMan/extracted/p000484_a001036/cameras.json,data_external/HuMMan/extracted/p000484_a001036/smpl_params.npz,sensor_acceptance_and_reconstruction
p000484,a001036,data_external/HuMMan/extracted/p000484_a001036,180,data_external/HuMMan/extracted/p000484_a001036/iphone_depth/iphone/000180.png,data_external/HuMMan/extracted/p000484_a001036/cameras.json,data_external/HuMMan/extracted/p000484_a001036/smpl_params.npz,sensor_acceptance_and_reconstruction
p000484,a001036,data_external/HuMMan/extracted/p000484_a001036,210,data_external/HuMMan/extracted/p000484_a001036/iphone_depth/iphone/000210.png,data_external/HuMMan/extracted/p000484_a001036/cameras.json,data_external/HuMMan/extracted/p000484_a001036/smpl_params.npz,sensor_acceptance_and_reconstruction
p000484,a001036,data_external/HuMMan/extracted/p000484_a001036,240,data_external/HuMMan/extracted/p000484_a001036/iphone_depth/iphone/000240.png,data_external/HuMMan/extracted/p000484_a001036/cameras.json,data_external/HuMMan/extracted/p000484_a001036/smpl_params.npz,sensor_acceptance_and_reconstruction
p000484,a001036,data_external/HuMMan/extracted/p000484_a001036,270,data_external/HuMMan/extracted/p000484_a001036/iphone_depth/iphone/000270.png,data_external/HuMMan/extracted/p000484_a001036/cameras.json,data_external/HuMMan/extracted/p000484_a001036/smpl_params.npz,sensor_acceptance_and_reconstruction
p000486,a000792,data_external/HuMMan/extracted/p000486_a000792,0,data_external/HuMMan/extracted/p000486_a000792/iphone_depth/iphone/000000.png,data_external/HuMMan/extracted/p000486_a000792/cameras.json,data_external/HuMMan/extracted/p000486_a000792/smpl_params.npz,sensor_acceptance_and_reconstruction
p000486,a000792,data_external/HuMMan/extracted/p000486_a000792,7,data_external/HuMMan/extracted/p000486_a000792/iphone_depth/iphone/000007.png,data_external/HuMMan/extracted/p000486_a000792/cameras.json,data_external/HuMMan/extracted/p000486_a000792/smpl_params.npz,sensor_acceptance_and_reconstruction
p000486,a000792,data_external/HuMMan/extracted/p000486_a000792,14,data_external/HuMMan/extracted/p000486_a000792/iphone_depth/iphone/000014.png,data_external/HuMMan/extracted/p000486_a000792/cameras.json,data_external/HuMMan/extracted/p000486_a000792/smpl_params.npz,sensor_acceptance_and_reconstruction
p000486,a000792,data_external/HuMMan/extracted/p000486_a000792,21,data_external/HuMMan/extracted/p000486_a000792/iphone_depth/iphone/000021.png,data_external/HuMMan/extracted/p000486_a000792/cameras.json,data_external/HuMMan/extracted/p000486_a000792/smpl_params.npz,sensor_acceptance_and_reconstruction
p000486,a000792,data_external/HuMMan/extracted/p000486_a000792,28,data_external/HuMMan/extracted/p000486_a000792/iphone_depth/iphone/000028.png,data_external/HuMMan/extracted/p000486_a000792/cameras.json,data_external/HuMMan/extracted/p000486_a000792/smpl_params.npz,sensor_acceptance_and_reconstruction
p000486,a000792,data_external/HuMMan/extracted/p000486_a000792,36,data_external/HuMMan/extracted/p000486_a000792/iphone_depth/iphone/000036.png,data_external/HuMMan/extracted/p000486_a000792/cameras.json,data_external/HuMMan/extracted/p000486_a000792/smpl_params.npz,sensor_acceptance_and_reconstruction
p000486,a000792,data_external/HuMMan/extracted/p000486_a000792,43,data_external/HuMMan/extracted/p000486_a000792/iphone_depth/iphone/000043.png,data_external/HuMMan/extracted/p000486_a000792/cameras.json,data_external/HuMMan/extracted/p000486_a000792/smpl_params.npz,sensor_acceptance_and_reconstruction
p000486,a000792,data_external/HuMMan/extracted/p000486_a000792,50,data_external/HuMMan/extracted/p000486_a000792/iphone_depth/iphone/000050.png,data_external/HuMMan/extracted/p000486_a000792/cameras.json,data_external/HuMMan/extracted/p000486_a000792/smpl_params.npz,sensor_acceptance_and_reconstruction
p000486,a000792,data_external/HuMMan/extracted/p000486_a000792,57,data_external/HuMMan/extracted/p000486_a000792/iphone_depth/iphone/000057.png,data_external/HuMMan/extracted/p000486_a000792/cameras.json,data_external/HuMMan/extracted/p000486_a000792/smpl_params.npz,sensor_acceptance_and_reconstruction
p000486,a000792,data_external/HuMMan/extracted/p000486_a000792,65,data_external/HuMMan/extracted/p000486_a000792/iphone_depth/iphone/000065.png,data_external/HuMMan/extracted/p000486_a000792/cameras.json,data_external/HuMMan/extracted/p000486_a000792/smpl_params.npz,sensor_acceptance_and_reconstruction
p000438,a000040,data_external/HuMMan/extracted/p000438_a000040,0,data_external/HuMMan/extracted/p000438_a000040/iphone_depth/iphone/000000.png,data_external/HuMMan/extracted/p000438_a000040/cameras.json,data_external/HuMMan/extracted/p000438_a000040/smpl_params.npz,temporal_stability
p000438,a000040,data_external/HuMMan/extracted/p000438_a000040,1,data_external/HuMMan/extracted/p000438_a000040/iphone_depth/iphone/000001.png,data_external/HuMMan/extracted/p000438_a000040/cameras.json,data_external/HuMMan/extracted/p000438_a000040/smpl_params.npz,temporal_stability
p000438,a000040,data_external/HuMMan/extracted/p000438_a000040,2,data_external/HuMMan/extracted/p000438_a000040/iphone_depth/iphone/000002.png,data_external/HuMMan/extracted/p000438_a000040/cameras.json,data_external/HuMMan/extracted/p000438_a000040/smpl_params.npz,temporal_stability
p000438,a000040,data_external/HuMMan/extracted/p000438_a000040,3,data_external/HuMMan/extracted/p000438_a000040/iphone_depth/iphone/000003.png,data_external/HuMMan/extracted/p000438_a000040/cameras.json,data_external/HuMMan/extracted/p000438_a000040/smpl_params.npz,temporal_stability
p000438,a000040,data_external/HuMMan/extracted/p000438_a000040,4,data_external/HuMMan/extracted/p000438_a000040/iphone_depth/iphone/000004.png,data_external/HuMMan/extracted/p000438_a000040/cameras.json,data_external/HuMMan/extracted/p000438_a000040/smpl_params.npz,temporal_stability
p000438,a000040,data_external/HuMMan/extracted/p000438_a000040,5,data_external/HuMMan/extracted/p000438_a000040/iphone_depth/iphone/000005.png,data_external/HuMMan/extracted/p000438_a000040/cameras.json,data_external/HuMMan/extracted/p000438_a000040/smpl_params.npz,temporal_stability
p000438,a000040,data_external/HuMMan/extracted/p000438_a000040,6,data_external/HuMMan/extracted/p000438_a000040/iphone_depth/iphone/000006.png,data_external/HuMMan/extracted/p000438_a000040/cameras.json,data_external/HuMMan/extracted/p000438_a000040/smpl_params.npz,temporal_stability
p000438,a000040,data_external/HuMMan/extracted/p000438_a000040,7,data_external/HuMMan/extracted/p000438_a000040/iphone_depth/iphone/000007.png,data_external/HuMMan/extracted/p000438_a000040/cameras.json,data_external/HuMMan/extracted/p000438_a000040/smpl_params.npz,temporal_stability
p000438,a000040,data_external/HuMMan/extracted/p000438_a000040,8,data_external/HuMMan/extracted/p000438_a000040/iphone_depth/iphone/000008.png,data_external/HuMMan/extracted/p000438_a000040/cameras.json,data_external/HuMMan/extracted/p000438_a000040/smpl_params.npz,temporal_stability
p000438,a000040,data_external/HuMMan/extracted/p000438_a000040,9,data_external/HuMMan/extracted/p000438_a000040/iphone_depth/iphone/000009.png,data_external/HuMMan/extracted/p000438_a000040/cameras.json,data_external/HuMMan/extracted/p000438_a000040/smpl_params.npz,temporal_stability
p000438,a000040,data_external/HuMMan/extracted/p000438_a000040,10,data_external/HuMMan/extracted/p000438_a000040/iphone_depth/iphone/000010.png,data_external/HuMMan/extracted/p000438_a000040/cameras.json,data_external/HuMMan/extracted/p000438_a000040/smpl_params.npz,temporal_stability
p000438,a000040,data_external/HuMMan/extracted/p000438_a000040,11,data_external/HuMMan/extracted/p000438_a000040/iphone_depth/iphone/000011.png,data_external/HuMMan/extracted/p000438_a000040/cameras.json,data_external/HuMMan/extracted/p000438_a000040/smpl_params.npz,temporal_stability
p000438,a000040,data_external/HuMMan/extracted/p000438_a000040,12,data_external/HuMMan/extracted/p000438_a000040/iphone_depth/iphone/000012.png,data_external/HuMMan/extracted/p000438_a000040/cameras.json,data_external/HuMMan/extracted/p000438_a000040/smpl_params.npz,temporal_stability
p000438,a000040,data_external/HuMMan/extracted/p000438_a000040,13,data_external/HuMMan/extracted/p000438_a000040/iphone_depth/iphone/000013.png,data_external/HuMMan/extracted/p000438_a000040/cameras.json,data_external/HuMMan/extracted/p000438_a000040/smpl_params.npz,temporal_stability
p000438,a000040,data_external/HuMMan/extracted/p000438_a000040,14,data_external/HuMMan/extracted/p000438_a000040/iphone_depth/iphone/000014.png,data_external/HuMMan/extracted/p000438_a000040/cameras.json,data_external/HuMMan/extracted/p000438_a000040/smpl_params.npz,temporal_stability
p000438,a000040,data_external/HuMMan/extracted/p000438_a000040,15,data_external/HuMMan/extracted/p000438_a000040/iphone_depth/iphone/000015.png,data_external/HuMMan/extracted/p000438_a000040/cameras.json,data_external/HuMMan/extracted/p000438_a000040/smpl_params.npz,temporal_stability
p000438,a000040,data_external/HuMMan/extracted/p000438_a000040,16,data_external/HuMMan/extracted/p000438_a000040/iphone_depth/iphone/000016.png,data_external/HuMMan/extracted/p000438_a000040/cameras.json,data_external/HuMMan/extracted/p000438_a000040/smpl_params.npz,temporal_stability
p000438,a000040,data_external/HuMMan/extracted/p000438_a000040,17,data_external/HuMMan/extracted/p000438_a000040/iphone_depth/iphone/000017.png,data_external/HuMMan/extracted/p000438_a000040/cameras.json,data_external/HuMMan/extracted/p000438_a000040/smpl_params.npz,temporal_stability
p000438,a000040,data_external/HuMMan/extracted/p000438_a000040,18,data_external/HuMMan/extracted/p000438_a000040/iphone_depth/iphone/000018.png,data_external/HuMMan/extracted/p000438_a000040/cameras.json,data_external/HuMMan/extracted/p000438_a000040/smpl_params.npz,temporal_stability
p000438,a000040,data_external/HuMMan/extracted/p000438_a000040,19,data_external/HuMMan/extracted/p000438_a000040/iphone_depth/iphone/000019.png,data_external/HuMMan/extracted/p000438_a000040/cameras.json,data_external/HuMMan/extracted/p000438_a000040/smpl_params.npz,temporal_stability
p000438,a000040,data_external/HuMMan/extracted/p000438_a000040,20,data_external/HuMMan/extracted/p000438_a000040/iphone_depth/iphone/000020.png,data_external/HuMMan/extracted/p000438_a000040/cameras.json,data_external/HuMMan/extracted/p000438_a000040/smpl_params.npz,temporal_stability
p000438,a000040,data_external/HuMMan/extracted/p000438_a000040,21,data_external/HuMMan/extracted/p000438_a000040/iphone_depth/iphone/000021.png,data_external/HuMMan/extracted/p000438_a000040/cameras.json,data_external/HuMMan/extracted/p000438_a000040/smpl_params.npz,temporal_stability
p000438,a000040,data_external/HuMMan/extracted/p000438_a000040,22,data_external/HuMMan/extracted/p000438_a000040/iphone_depth/iphone/000022.png,data_external/HuMMan/extracted/p000438_a000040/cameras.json,data_external/HuMMan/extracted/p000438_a000040/smpl_params.npz,temporal_stability
p000438,a000040,data_external/HuMMan/extracted/p000438_a000040,23,data_external/HuMMan/extracted/p000438_a000040/iphone_depth/iphone/000023.png,data_external/HuMMan/extracted/p000438_a000040/cameras.json,data_external/HuMMan/extracted/p000438_a000040/smpl_params.npz,temporal_stability
p000438,a000040,data_external/HuMMan/extracted/p000438_a000040,24,data_external/HuMMan/extracted/p000438_a000040/iphone_depth/iphone/000024.png,data_external/HuMMan/extracted/p000438_a000040/cameras.json,data_external/HuMMan/extracted/p000438_a000040/smpl_params.npz,temporal_stability
p000438,a000040,data_external/HuMMan/extracted/p000438_a000040,25,data_external/HuMMan/extracted/p000438_a000040/iphone_depth/iphone/000025.png,data_external/HuMMan/extracted/p000438_a000040/cameras.json,data_external/HuMMan/extracted/p000438_a000040/smpl_params.npz,temporal_stability
p000438,a000040,data_external/HuMMan/extracted/p000438_a000040,26,data_external/HuMMan/extracted/p000438_a000040/iphone_depth/iphone/000026.png,data_external/HuMMan/extracted/p000438_a000040/cameras.json,data_external/HuMMan/extracted/p000438_a000040/smpl_params.npz,temporal_stability
p000438,a000040,data_external/HuMMan/extracted/p000438_a000040,27,data_external/HuMMan/extracted/p000438_a000040/iphone_depth/iphone/000027.png,data_external/HuMMan/extracted/p000438_a000040/cameras.json,data_external/HuMMan/extracted/p000438_a000040/smpl_params.npz,temporal_stability
p000438,a000040,data_external/HuMMan/extracted/p000438_a000040,28,data_external/HuMMan/extracted/p000438_a000040/iphone_depth/iphone/000028.png,data_external/HuMMan/extracted/p000438_a000040/cameras.json,data_external/HuMMan/extracted/p000438_a000040/smpl_params.npz,temporal_stability
p000438,a000040,data_external/HuMMan/extracted/p000438_a000040,29,data_external/HuMMan/extracted/p000438_a000040/iphone_depth/iphone/000029.png,data_external/HuMMan/extracted/p000438_a000040/cameras.json,data_external/HuMMan/extracted/p000438_a000040/smpl_params.npz,temporal_stability
p000438,a000040,data_external/HuMMan/extracted/p000438_a000040,30,data_external/HuMMan/extracted/p000438_a000040/iphone_depth/iphone/000030.png,data_external/HuMMan/extracted/p000438_a000040/cameras.json,data_external/HuMMan/extracted/p000438_a000040/smpl_params.npz,temporal_stability
p000438,a000040,data_external/HuMMan/extracted/p000438_a000040,31,data_external/HuMMan/extracted/p000438_a000040/iphone_depth/iphone/000031.png,data_external/HuMMan/extracted/p000438_a000040/cameras.json,data_external/HuMMan/extracted/p000438_a000040/smpl_params.npz,temporal_stability
p000438,a000040,data_external/HuMMan/extracted/p000438_a000040,32,data_external/HuMMan/extracted/p000438_a000040/iphone_depth/iphone/000032.png,data_external/HuMMan/extracted/p000438_a000040/cameras.json,data_external/HuMMan/extracted/p000438_a000040/smpl_params.npz,temporal_stability
p000438,a000040,data_external/HuMMan/extracted/p000438_a000040,33,data_external/HuMMan/extracted/p000438_a000040/iphone_depth/iphone/000033.png,data_external/HuMMan/extracted/p000438_a000040/cameras.json,data_external/HuMMan/extracted/p000438_a000040/smpl_params.npz,temporal_stability
p000438,a000040,data_external/HuMMan/extracted/p000438_a000040,34,data_external/HuMMan/extracted/p000438_a000040/iphone_depth/iphone/000034.png,data_external/HuMMan/extracted/p000438_a000040/cameras.json,data_external/HuMMan/extracted/p000438_a000040/smpl_params.npz,temporal_stability
p000438,a000040,data_external/HuMMan/extracted/p000438_a000040,35,data_external/HuMMan/extracted/p000438_a000040/iphone_depth/iphone/000035.png,data_external/HuMMan/extracted/p000438_a000040/cameras.json,data_external/HuMMan/extracted/p000438_a000040/smpl_params.npz,temporal_stability
p000438,a000040,data_external/HuMMan/extracted/p000438_a000040,36,data_external/HuMMan/extracted/p000438_a000040/iphone_depth/iphone/000036.png,data_external/HuMMan/extracted/p000438_a000040/cameras.json,data_external/HuMMan/extracted/p000438_a000040/smpl_params.npz,temporal_stability
p000438,a000040,data_external/HuMMan/extracted/p000438_a000040,37,data_external/HuMMan/extracted/p000438_a000040/iphone_depth/iphone/000037.png,data_external/HuMMan/extracted/p000438_a000040/cameras.json,data_external/HuMMan/extracted/p000438_a000040/smpl_params.npz,temporal_stability
p000438,a000040,data_external/HuMMan/extracted/p000438_a000040,38,data_external/HuMMan/extracted/p000438_a000040/iphone_depth/iphone/000038.png,data_external/HuMMan/extracted/p000438_a000040/cameras.json,data_external/HuMMan/extracted/p000438_a000040/smpl_params.npz,temporal_stability
p000438,a000040,data_external/HuMMan/extracted/p000438_a000040,39,data_external/HuMMan/extracted/p000438_a000040/iphone_depth/iphone/000039.png,data_external/HuMMan/extracted/p000438_a000040/cameras.json,data_external/HuMMan/extracted/p000438_a000040/smpl_params.npz,temporal_stability
