ply
format ascii 1.0
comment CT-ORG volume-136 whole-body scan with cranial/brain surface
element vertex 4096
property float x
property float y
property float z
end_header
126.7559 149.4160 -87.4516
-30.5103 168.8477 777.8465
171.5821 -93.2183 -238.4155
89.7141 209.8634 648.2159
-190.8572 -23.9218 508.7973
244.7872 104.9836 -100.6768
122.8408 -66.4893 -588.6608
133.5050 178.2138 -241.4716
-178.4172 152.4415 755.2340
-25.9277 168.8477 727.8088
-60.9638 157.9102 -360.7497
204.1682 -0.4123 97.6554
67.6758 69.5948 788.0750
151.8188 138.7696 -371.8838
-29.3850 154.9720 14.2275
-129.1426 149.7071 564.0879
25.8441 155.1758 167.0509
-208.4962 127.2001 162.7940
154.3930 51.2413 644.4274
62.2071 63.6299 750.6591
119.2434 149.7071 76.8649
-66.3222 -129.5967 -487.9144
237.1279 48.5352 47.9417
184.4562 151.8721 825.4561
130.9361 126.0952 392.3660
-146.8873 171.5821 -431.8255
-16.8593 163.3790 -272.0691
-225.2442 -1.7090 497.2874
-164.9156 40.2118 -135.9927
83.8436 157.9102 76.3161
113.0454 -64.9704 57.1556
230.9877 52.0697 592.0306
-82.6498 209.8634 595.4933
-61.8243 152.4415 124.2184
-15.4154 -90.9180 121.7176
-148.3134 170.2414 -427.3619
-175.6837 8.8759 318.5605
-11.6211 -63.1125 -181.7334
-128.8018 148.7374 104.3453
78.4306 155.7835 -623.9514
-31.3119 90.3679 812.5026
159.0007 -45.0450 556.0728
91.2663 119.2540 597.6719
-88.7289 146.9727 78.9134
158.1743 -73.6307 -456.6961
145.2801 -39.2903 257.5708
-52.8086 -43.1616 -472.2874
-100.1105 -47.3249 -705.2133
85.0005 155.1758 -610.5860
-172.5667 154.1912 -308.8899
-144.0806 169.0026 -423.4719
-276.8556 50.1823 307.8705
133.5812 186.3408 760.3489
75.5660 204.3946 -690.9131
95.7069 -34.1827 -716.1212
131.7651 179.7852 -239.1020
-19.8242 -66.7223 -504.8803
34.4714 -131.9336 -181.1190
-172.1798 154.5782 -223.6638
-184.6627 147.5639 245.2299
79.1027 12.6467 -803.6021
-15.6897 90.4867 686.1755
33.4576 73.1446 -108.2643
123.0643 188.6545 85.6556
62.9770 209.8634 550.3989
27.1836 27.4249 -158.0180
29.2396 12.4837 -172.5114
-92.2974 209.8511 616.2394
-240.6324 13.6791 474.2657
-31.8939 19.2624 -152.8367
-135.6747 125.0977 586.2084
-45.3295 167.7435 862.1434
167.7772 -104.2932 -91.0491
-127.1161 185.9700 577.2527
-210.2489 122.7489 -98.1873
-100.5452 -79.9805 427.5508
-97.2076 -82.7149 466.0014
76.3157 11.2114 743.9251
26.5761 212.5977 872.6765
133.5111 126.2546 8.7189
75.8908 160.6446 465.7757
-45.1577 41.8190 -760.2751
145.6613 176.9950 505.9496
-160.3709 141.5040 422.0468
-258.2232 102.9524 171.0286
-194.6135 93.1479 613.1251
103.3595 -69.0430 150.7018
-21.1866 190.6592 -348.2550
-162.9270 139.2216 303.7378
-1.4722 204.3946 -395.6461
-163.9323 -177.8647 -293.6020
88.9741 186.6509 -348.2550
-23.9358 -140.1468 -283.7529
-55.3711 -51.6244 -709.5592
-93.7247 153.7363 -468.5689
61.4316 -69.9910 711.6377
-64.9336 -58.0977 -674.5701
-197.3541 140.3413 1.0834
-180.3459 78.9691 393.5451
225.1628 -11.3608 -21.8896
193.6079 141.5040 73.3518
91.2203 9.5251 -810.3452
-110.9182 149.7071 -374.5996
235.8326 42.1782 82.2571
130.5831 145.5888 -685.8867
100.3420 -58.2453 -396.9708
-24.9445 160.6446 -622.4941
-106.6128 154.5201 84.5727
-192.4435 126.1113 190.1161
192.0857 133.8208 -343.7514
-21.9499 166.1133 380.5284
-139.1698 -67.1331 442.7443
-90.5764 -7.7598 -191.8698
38.8038 163.3790 128.0045
-154.6247 127.8321 515.3584
170.0541 140.8438 -413.6551
119.4103 154.0273 552.5620
101.7988 155.2326 308.3495
-33.4252 160.6446 -394.3076
60.6476 163.3790 355.3800
39.0331 90.8590 776.4839
69.7112 53.5933 747.8112
-197.3844 69.7322 309.4317
-40.9727 209.8634 587.4134
-228.5663 44.2959 71.3519
-2.3866 111.4258 644.0852
-80.3854 160.6446 639.4132
-169.3478 139.9499 -694.8751
-188.1304 144.2383 169.4250
41.9932 -112.7930 -91.9422
-157.5464 -21.1261 357.0386
202.3211 133.3008 -230.4445
37.4832 212.5977 859.9629
-72.1555 189.2976 -426.7350
42.3973 152.2539 486.0436
-257.6273 109.9710 410.9656
220.2103 117.1095 206.7465
-8.4984 -23.6009 -162.7937
132.6337 -54.2304 238.1290
-201.1004 139.3294 886.1032
-5.2740 -83.8601 834.8467
-5.0688 204.3946 -659.4120
207.3448 137.1865 647.0016
34.1115 138.3549 -64.7569
-13.2199 207.1290 -245.8518
-109.5206 169.7931 -694.8751
-78.2002 -161.2161 -404.7602
11.5153 101.5807 782.5078
-31.6577 168.8477 822.5289
-257.2237 33.0048 384.6234
155.1758 -97.5813 -372.7374
187.7737 123.9452 -613.5482
-173.5719 155.9204 503.5578
27.2274 110.0321 645.8886
-186.3599 144.2383 -138.7679
77.4670 212.5977 791.0469
-102.7758 -85.2784 -587.3738
74.3688 212.5977 723.4633
103.8857 207.1290 700.7162
123.8187 149.7071 -339.9150
-187.2573 131.2975 681.7037
198.8967 86.1505 -49.0776
-126.7517 -58.3520 324.0894
-232.3630 70.7208 -14.7150
25.3710 160.6446 -257.2981
-59.8503 160.6446 -242.4696
153.8902 157.5456 -337.5730
143.9511 175.9709 239.0902
-85.4967 22.0025 -771.3016
216.5035 127.0448 866.3298
-99.8422 157.9102 721.4604
6.5576 80.5299 859.3619
-115.0413 192.5760 -423.7324
207.9217 125.0977 798.7167
-159.4625 -42.1404 398.8029
-223.7120 62.6993 143.9148
-30.2083 -95.0473 -520.1752
267.5369 72.0291 393.0033
186.1921 133.7299 775.6218
114.3485 191.9016 -92.1112
184.2518 127.4671 -288.8453
186.7997 -61.0798 -5.9058
9.3361 -99.1211 790.2224
-86.0056 -83.6348 -791.9053
128.3072 -54.6568 265.9330
76.7935 -7.7601 619.0898
-59.4505 -90.9180 -320.3120
-193.3281 6.4042 627.1161
115.4166 149.7071 -493.3672
-113.4825 196.8691 767.7975
206.4950 129.8332 -225.7096
-120.0979 -73.2262 -858.3751
-179.6552 -16.7182 416.6140
154.3817 171.5821 701.2065
-164.7462 -66.9096 -468.3586
-154.8694 168.6945 438.7155
45.7089 212.5977 840.6412
177.7685 147.6222 -198.6502
-143.0071 -89.5402 -364.9556
-87.7942 -87.6764 -339.6583
129.9283 -49.2104 86.7439
240.7984 23.1860 562.0256
-0.7550 185.3770 -426.7350
-170.3222 134.5607 -205.1472
-268.6524 45.8777 154.6545
-126.7366 -80.5433 32.9889
-176.7177 130.8996 -584.8631
81.1044 204.3946 -430.6899
-179.7845 -144.4052 -302.0779
2.5968 207.1290 -121.8777
89.5895 63.9824 -128.2813
38.9764 -162.0233 -287.7291
-141.6199 149.5912 789.6958
144.8871 -69.5571 486.0837
97.3558 208.8943 464.2311
111.1676 -82.7149 487.6788
-174.9307 86.7898 362.7403
-178.4180 38.7250 415.7290
205.2887 63.2039 156.4565
-48.7814 209.8634 586.9857
-92.4688 139.4096 265.2049
-6.1317 68.0419 868.1851
74.5928 104.4828 -93.4510
218.7590 119.6148 513.4025
-101.2399 204.3946 553.3202
202.6825 131.8790 566.6509
-253.5875 31.7539 406.2181
25.9663 164.9389 -413.6551
61.7265 204.3946 -508.4744
-186.6212 72.4620 289.3720
-173.6869 155.1758 652.4053
-40.2651 58.8486 698.1451
231.7384 4.0545 -24.5895
46.6581 62.3270 864.6281
206.4706 10.0346 104.0552
145.0373 -51.3712 521.5651
-17.2369 168.2679 631.7098
132.4252 146.9727 -55.2405
-265.8444 105.9571 162.7532
-187.5746 146.9727 478.7980
156.3268 141.5040 571.2662
138.1743 173.5446 -289.3246
-125.8244 151.7148 447.7245
15.7227 -50.8590 -553.1606
50.3508 -87.7352 784.9248
174.0936 138.7696 815.9028
48.6098 160.6446 -366.9349
-41.6903 44.7555 -131.6651
-58.9184 -76.2483 389.8816
-37.5376 152.4415 473.8972
71.2802 166.1133 906.6637
174.9422 136.0352 541.8563
-23.2000 -14.9760 622.6833
-118.6766 87.6891 -94.3778
-123.1838 119.5992 616.4662
112.9980 104.3946 620.1322
148.6308 116.7857 590.4955
-186.6212 10.7908 427.6236
-205.5674 43.5454 204.8400
46.2844 -79.1466 474.5095
-170.3498 157.9102 558.4247
153.1981 169.4583 263.5046
-89.3829 -87.9731 -318.3216
-170.9507 133.9322 -244.5214
202.2949 4.5683 107.5083
-158.3218 111.1792 610.4449
-101.7466 155.1758 340.4388
-164.9844 -32.5021 124.4327
-180.3359 -136.4061 -160.7991
-260.5218 97.2753 502.9164
-211.2305 -70.4925 -94.4360
-153.0456 -143.4136 -130.4625
-213.1490 -11.6198 516.9797
44.3271 160.6446 -413.7383
82.7291 -7.8927 618.7726
-50.8639 -34.9749 836.1884
-84.7160 148.7637 177.4751
1.1090 152.4415 474.8233
178.0777 152.4415 264.0607
167.0884 139.1617 561.3497
-224.9024 -32.1578 -17.2828
-150.4922 55.7968 650.4871
-124.2395 127.8321 342.2616
-118.3653 152.4415 482.6209
34.8466 43.3166 -717.8051
-37.8562 -138.5628 -401.6880
-220.4588 2.2539 571.9192
-58.0070 -93.6524 288.3649
8.9822 212.5977 808.1228
-189.0854 126.7350 -193.6345
158.9442 103.5559 321.2292
-217.7237 47.4454 220.8814
201.6730 134.6553 -665.7496
-189.0351 -91.9258 -42.5191
162.4874 -14.7799 300.3224
190.1362 133.3008 776.9319
254.5884 40.3320 232.3100
140.9128 171.5821 -653.9645
131.5359 149.7071 96.9983
68.4025 -59.2853 546.6414
129.3651 146.8069 -609.9957
-174.7275 154.7648 678.6880
18.4263 -67.6451 456.6760
7.9507 -65.3298 409.4561
167.6636 157.7272 160.5370
-20.9550 209.8634 495.4989
-54.9511 207.1290 -10.3505
64.2467 166.1133 734.3735
-109.8878 155.0407 286.8568
-171.9092 154.8487 -283.2928
-11.5324 150.9856 10.8540
-39.6394 -83.6107 -377.1991
-127.2212 150.3179 547.4434
-60.2037 -84.2464 11.0519
-63.1275 209.8634 512.2139
-78.7871 -51.5371 -244.2551
-56.1985 -177.8574 -279.5353
86.3146 -76.1083 -877.9951
-95.9582 161.3646 -413.6551
214.0889 -7.8669 585.8377
198.2933 105.9571 86.3311
-9.6238 -90.9180 138.1169
-80.7750 136.0352 566.9205
18.8479 -94.9306 308.2928
165.9657 -45.7029 -233.9242
70.7305 207.1290 11.8166
145.3025 -48.7144 535.0738
16.5521 166.0319 -322.0950
61.2592 160.6446 -111.9263
-97.9614 -61.3774 549.2133
108.9524 49.8735 658.9051
-141.3183 -64.9378 57.2337
89.5463 144.2383 165.0996
172.3624 131.1534 -664.9348
-175.2884 132.3289 -369.3630
53.5697 146.9727 333.6809
-191.0158 87.3891 239.6441
104.4766 192.9705 -324.2012
-196.8020 74.5178 -78.6403
207.0182 126.3624 636.0349
-173.7277 101.7435 255.1010
220.8009 120.2424 195.5819
140.9742 144.2383 -61.7467
45.7964 -137.5168 -423.1914
132.3849 -64.6706 521.1335
137.4960 144.1447 -585.3275
211.4747 95.4508 525.2825
-114.2062 34.1675 -143.9092
41.8212 67.0585 -112.8150
-192.5217 82.2187 314.5223
53.1495 204.3946 -595.6846
-157.0890 123.1845 71.9923
32.5270 13.7847 881.2651
34.9655 160.6446 -361.3919
-16.7150 147.5955 -18.8689
11.6121 200.8517 -323.4312
121.0379 155.3502 -335.1750
141.5518 -41.2044 384.2251
-3.3969 -93.6524 172.0634
47.2115 -148.9469 -363.1534
203.3506 132.9777 -629.4711
-182.2654 133.3008 312.5504
-180.5362 27.2616 423.5004
-196.6959 140.9996 117.1635
73.4121 160.6446 414.8751
-38.9649 -5.2744 -675.8176
128.3674 152.4415 379.5608
78.8693 204.3946 -633.4449
-78.2580 106.1794 -82.0036
188.8813 146.9727 496.5024
123.6298 130.6672 20.7027
-107.5376 -15.3864 -644.5107
-64.1104 157.9102 -594.2969
-87.9897 207.1290 -75.0470
-163.7911 162.5516 602.3220
-167.6691 -33.9224 536.1157
205.9485 128.0188 -696.6764
-31.9459 160.6446 -503.2641
-55.4656 159.1829 -352.7965
106.0067 140.0871 53.6252
27.5218 -41.4707 640.7993
207.1290 129.1357 -683.2423
131.2574 177.7271 -584.4039
-10.9961 178.5455 -426.7350
-58.8642 98.2158 654.5305
261.2515 89.5508 -14.5107
99.3340 -0.0786 -588.4122
214.9978 113.9781 234.1692
-181.6880 105.9571 -8.7274
165.4561 135.3252 -273.5273
63.8413 -4.1784 -197.8350
-178.4180 -137.7100 -316.4480
42.3922 -80.1852 373.9254
85.5272 -67.2105 -831.2888
-270.6141 61.6457 475.2797
-23.3901 91.3349 776.3411
155.1754 -148.6310 -244.3103
-97.1386 141.5040 -14.6787
-20.4566 -82.8732 822.4051
-27.9751 -25.8180 861.6451
-93.6698 155.1758 -88.1412
199.3617 126.0290 728.3024
131.1448 185.2540 390.7574
-183.8868 -2.2101 211.7104
272.7540 64.3462 287.4995
179.6204 129.3641 -600.0524
-101.0809 149.7071 504.5558
156.8727 171.5821 849.1288
-186.2328 106.0375 17.2486
276.6657 83.2210 -67.4892
76.3381 209.8634 487.2377
70.1584 109.1403 628.4015
-195.1260 105.9571 103.3361
187.0465 130.5665 487.3986
-246.3436 114.1602 259.7975
-120.2199 -85.4081 -858.3751
-171.5775 100.4929 278.1900
131.4275 -99.2960 -515.8173
-143.5522 127.8321 199.2244
195.9813 70.9786 219.8681
72.6472 61.3372 781.6978
-233.1055 5.6589 22.4836
-278.2957 57.9848 -14.2518
-218.0222 21.1914 364.0882
50.5429 -87.5431 203.0714
140.6539 149.1899 558.9537
-124.1496 165.6879 -328.6350
165.3691 39.0479 639.2851
-210.1886 94.6943 8.3016
142.2240 144.2383 50.9174
204.5878 84.2210 -34.4647
127.9354 -53.9006 291.2613
92.7833 -85.6663 20.7359
159.9423 -40.9984 506.8947
-231.0940 108.6914 546.0567
-140.6337 -139.6303 -108.3336
-177.1360 94.5443 624.0718
2.3971 152.4415 483.6164
113.4860 -52.4628 -412.4585
60.8559 -77.2461 370.5694
167.0340 139.2161 560.5768
-163.6141 136.0352 -477.5778
107.4464 -15.5386 -532.1074
-144.6775 141.5040 -661.9878
-106.8671 12.0411 -170.6705
98.1179 -122.6057 -478.4755
253.5826 82.9968 556.9344
52.6555 -137.2135 -161.3682
-213.0027 90.0367 204.5684
54.2651 204.3946 -391.9485
-227.6368 69.5034 11.6337
181.2388 100.9712 -55.8635
94.2489 212.5977 896.8373
-157.5915 163.6977 -292.2301
-194.8696 125.6987 631.1994
-150.0160 146.6638 796.7369
254.5730 52.3504 555.2399
-18.7760 -80.3886 -434.8062
132.6822 130.5665 68.3716
64.9736 -58.9341 -871.4551
34.8996 160.6446 -390.7209
-169.3934 152.2180 -340.5350
212.2688 96.0578 523.7883
-93.6760 146.9727 187.1780
37.6330 112.2587 -84.5785
92.7716 10.2539 -616.8209
70.0888 -4.2273 620.9993
208.5166 111.4258 386.5735
-168.7208 10.0592 639.2851
5.6105 -80.8213 -60.5321
-44.1737 -147.1153 -215.1476
-13.6364 209.8634 649.8503
-180.1974 130.5665 -314.8454
-176.1160 153.3763 500.5443
-103.2257 152.4415 -173.3448
-92.1203 -102.9087 -20.5040
-34.9173 207.1290 -12.4856
50.5190 209.8634 515.9879
62.3672 209.8634 424.6347
-41.8243 -23.1747 -549.2223
-44.2979 204.3946 -590.5573
-133.8441 181.9763 381.3179
43.5318 -79.9805 735.1693
-84.9080 7.7177 -648.2744
-233.1055 -3.2399 11.3603
-38.9649 -10.3057 -674.3231
-14.3642 209.8634 598.5817
-128.7717 69.4454 -111.8526
36.1170 160.6446 -302.5125
31.3724 149.7071 505.3177
91.9092 160.6446 848.6437
71.0044 -79.0918 117.2295
69.5200 207.1290 -202.7020
-84.2231 -78.0436 -288.0324
135.7990 -135.3782 -432.1414
23.1061 160.6446 -437.9582
-34.0690 139.0811 556.7901
59.7127 130.5665 582.5761
-64.0017 -144.6375 -445.4003
4.9372 215.3321 -286.0912
107.7793 157.4552 625.2668
181.3877 144.0031 -363.7014
201.0845 15.8956 -126.8582
2.3636 -17.9610 611.9387
11.1439 -16.9511 -199.6318
142.0834 116.8946 -43.0678
-88.2109 207.1290 -52.9522
160.0425 -112.4976 -97.5883
-2.2257 141.5040 245.2280
-182.4190 -70.1500 -243.2334
-203.5723 -44.7941 -173.6418
159.3509 168.7742 508.5253
-211.2305 -59.6656 -29.0583
-100.5267 -206.3519 -343.5735
-78.4988 149.0953 192.7582
-155.7605 163.3790 -512.1509
-89.2590 183.8227 -348.2550
112.1438 191.3719 -365.7508
-268.6524 61.4401 411.6751
155.0044 -33.6677 240.3448
170.1058 138.7696 622.3120
-59.9026 207.1290 -235.2922
-164.8262 -32.6464 124.4659
48.0402 -61.1795 -403.0328
-180.6908 133.0752 219.0812
-62.4917 163.3790 299.3140
221.0348 115.2935 323.9053
270.4866 74.3915 519.6996
128.5513 -53.2847 261.2159
-89.4548 -67.6809 44.3624
86.4896 22.3242 768.1573
95.5616 -17.8347 -850.3465
-51.2936 -14.2608 603.5416
63.9178 212.5977 789.9717
-274.1212 94.6126 470.0146
-136.7290 119.6289 334.4383
14.0160 -71.1540 402.0660
-159.3214 -140.9922 -128.0463
-160.4220 125.3203 486.3533
156.8477 165.8086 150.9145
265.3869 74.7744 442.4709
26.7376 204.3946 -629.5026
160.9593 107.7920 605.4664
268.2110 46.2423 73.5960
-170.2149 -80.9817 -462.3500
-26.5982 4.6399 874.7251
-49.7041 -86.1774 359.5935
-201.1249 117.4299 -432.0873
118.9833 -109.6142 -507.8224
-34.5361 207.1290 87.6061
-15.1418 -96.3867 201.4775
-167.0756 140.5417 815.5847
-152.2061 -43.4182 541.4635
194.3176 122.8700 127.0083
-224.9024 53.1558 119.4840
-125.1470 153.7128 848.6765
-97.9540 204.3946 139.4522
-6.6891 166.1133 443.4043
41.4558 207.1290 -259.7211
-4.5848 -40.9455 -199.7815
-197.5069 29.1048 226.6959
-121.9629 150.9066 330.5463
162.4722 -13.7551 387.1603
66.0272 55.6469 743.9115
71.5663 -11.0697 853.6589
79.5920 157.9102 -162.7652
122.5578 146.9727 -673.2471
-212.3246 122.5208 -495.6816
-63.3145 212.5977 821.7900
18.8041 207.1290 -35.7246
-73.6481 -24.8940 597.7294
163.5496 117.4895 91.7560
-9.4773 2.6161 -127.7524
124.0878 149.9415 -696.7300
166.7433 155.9131 -161.1206
2.8671 163.3790 -539.2940
196.3322 -37.8033 -128.8284
41.5293 212.5977 704.5497
164.9161 133.3008 -546.0370
-74.1630 160.6446 516.6714
-1.9824 86.5373 -86.6550
15.9233 93.1219 -93.1950
-187.4211 -14.4453 610.9969
-48.2225 -88.3954 -364.0986
200.1570 119.6289 142.7800
61.1102 -29.5725 -833.2873
-153.5553 142.2007 200.0445
-73.4857 22.6183 -158.4523
-145.1748 -48.9659 166.2780
-251.7340 32.6510 288.5987
203.8167 53.2146 228.5925
-24.1741 -9.0056 -175.8234
-92.2272 155.2338 -29.0856
45.4682 204.3946 -442.9946
-276.5825 52.3637 210.1807
-105.0280 152.4415 -241.7514
91.9886 207.1290 219.4637
61.7480 189.9558 -348.2550
256.8014 50.7316 427.6332
56.0208 146.9727 378.6929
-12.3282 98.0722 818.3738
122.7602 -55.3711 91.4796
190.5750 141.5040 -51.7797
101.4808 202.0349 21.6566
226.2529 80.9526 -50.6449
131.9372 -151.4734 -396.3419
174.9132 130.5665 -315.3307
-183.3052 146.1871 -585.3241
105.9773 203.0071 363.7012
-30.4775 212.5977 670.9716
27.9179 -31.9045 -223.9950
73.3386 -80.4291 494.7961
235.2215 111.7927 187.1116
257.8448 108.5053 282.7205
-98.1512 -51.6698 -845.2951
108.2554 -70.3025 526.1356
116.7244 -106.2557 -517.5808
-70.7303 163.0588 475.7301
-178.8906 48.2825 -125.3691
-227.6368 2.4396 -84.2575
130.9468 -52.1799 259.7820
-7.2282 163.3790 -241.4606
260.9716 51.7918 487.8166
-17.7067 -59.1138 -16.5097
250.8790 33.6859 461.3848
-41.6992 -30.1508 -657.2618
138.7696 -42.7108 -565.1619
-196.8664 95.5931 162.1488
27.0729 166.1133 481.0740
140.3655 171.3533 -600.6706
201.1074 127.0177 838.6746
153.3139 138.7696 -631.5495
-232.7101 42.4597 593.5051
-59.8615 209.8634 393.7579
-219.2099 -51.3354 -37.2273
-185.8444 146.9727 665.9169
81.3477 42.0928 830.1505
96.5814 154.9812 -142.2256
127.4833 146.9727 -364.8027
174.7947 48.9945 388.6389
111.8065 -62.5565 307.2687
142.4037 144.2383 -83.0878
-219.4337 -23.3266 -110.0955
-127.7943 188.0261 883.2994
56.0219 183.2828 -322.0950
169.6933 163.3790 780.4575
-282.3243 84.2037 156.0725
7.6887 -41.6992 509.2197
81.1893 163.3790 884.3937
-243.0987 31.5359 238.4933
-46.6914 155.1758 147.5567
186.7328 105.9571 343.7566
79.4303 207.1290 -98.5459
-122.7640 149.7071 -183.9977
165.9691 163.3790 660.3301
-70.8570 212.5977 827.9946
167.5415 -103.8420 -282.7091
-93.0170 -111.4837 -518.1566
42.6049 95.2231 666.0623
-49.9884 204.3946 -317.0417
-103.3322 -144.2263 -446.3838
183.6848 144.4403 -80.1226
-147.3166 127.8321 560.7360
-197.2820 96.0934 -25.8884
-75.6943 209.8634 514.5120
100.4883 -2.6851 -711.5479
144.5145 168.8477 -566.8732
275.4884 72.3236 148.4117
-97.5216 155.1758 110.5785
-43.3176 163.3790 100.8892
-173.1817 3.6504 361.1115
36.3838 -140.1368 -206.6278
272.7540 77.4073 26.9503
92.4423 152.4415 -411.5707
47.0601 -35.1792 566.5895
-50.7809 -93.6524 294.8013
198.1911 24.0745 366.0066
-4.7692 212.5977 770.6104
-174.6617 154.8306 310.1566
-63.6780 166.1133 910.2482
-206.4012 92.0448 -13.7605
-140.4860 -95.1064 -311.6575
-264.8535 97.7539 157.2609
-22.2031 -70.1999 465.6277
61.3600 209.8634 289.7561
-70.7968 -78.5279 83.5892
-39.2793 163.3790 -119.4752
219.8500 121.8610 171.4692
115.6792 136.0352 203.3796
22.2078 -93.6524 179.4499
-101.7214 155.1758 82.3350
188.1851 130.5665 437.0231
-122.4342 -96.3509 1.7208
-82.3489 207.1290 -94.1736
192.3682 146.6944 609.0954
15.7227 -111.0991 -437.4814
110.4906 157.9102 861.0703
42.5540 152.4415 21.0971
73.6274 -150.7500 -411.1605
-93.6132 -78.9558 263.9606
-121.6234 -63.8954 393.0336
-83.3207 5.4554 632.7451
-164.2593 136.7281 -152.5480
175.9919 146.9727 -575.5936
-101.1375 61.8311 658.9051
30.3010 171.8555 -322.0950
135.2533 182.5196 463.5065
133.6570 123.0978 250.8165
-30.2890 163.3790 120.6944
-11.6211 -51.0200 -193.8446
270.5238 63.0700 290.5464
81.9282 3.6170 757.4584
149.3659 -131.7465 -388.7588
191.5028 131.1535 764.6799
135.3224 -101.7396 -25.8130
-150.2490 171.5821 860.3786
30.2437 207.1290 73.8721
-189.6079 128.9469 149.8109
70.8292 209.8634 475.9081
218.2858 118.0425 686.7142
4.2325 215.3321 -286.7493
-32.1318 168.8477 757.8524
-235.9756 118.3140 410.2602
222.7171 -2.8690 561.4584
-189.2171 141.5040 -293.7069
-227.3041 4.7852 554.8749
-118.1381 -136.9525 -95.3889
-206.1553 -80.9541 -87.6216
-22.6306 160.6446 -458.4556
7.6319 163.3790 -288.3350
-88.5545 155.1758 -680.5051
-217.6158 -53.0874 -91.1046
-184.1913 77.4391 628.2853
-54.2806 183.4091 -413.6551
-208.5881 9.3785 -128.9451
93.2254 -81.0994 31.6587
-138.4394 -200.2930 -346.2545
-94.5635 159.2261 -426.7350
-49.5304 8.5114 861.6451
-37.9481 -96.3867 273.3449
-284.5924 49.4361 145.6312
-183.3438 105.1329 196.8586
172.5367 152.8540 -43.6035
-289.1038 74.8987 246.0945
4.3303 -86.4291 753.8967
-7.1457 163.3790 -564.5241
-77.5571 -12.2904 -552.6643
-34.2922 110.8424 637.4105
129.9985 178.9859 -521.5034
160.3664 159.5555 -288.9383
-112.3432 151.5240 -144.9508
-82.5113 4.7168 -178.2150
-120.9096 130.5665 374.8552
-10.4989 207.1290 -108.8733
83.9274 160.6446 325.0508
-128.3031 184.7830 -37.9814
-79.4089 207.1290 -7.7117
205.6974 127.8965 -401.9543
-222.4763 113.2692 309.4166
-20.4820 160.9547 -404.8001
96.9889 -5.2346 -739.2148
-166.3013 138.7696 611.9850
-222.1680 51.9659 141.0140
-173.6159 133.3008 -360.4087
198.6314 127.8321 841.2528
-274.4837 47.5305 155.3016
-147.9643 144.2383 112.4293
-241.0934 51.2696 61.6707
-183.8868 -0.9003 233.7518
57.7959 130.2683 584.4082
-121.5742 -48.4996 567.4302
34.5603 -88.1836 351.9351
43.6208 80.2581 742.6451
166.6268 47.3861 445.6486
-281.5793 94.9132 320.8613
168.8477 -105.0320 -244.1409
57.0591 -24.5200 -218.8762
-161.0934 162.9301 -90.6877
128.0803 116.8278 -70.4647
168.8249 122.0859 548.4432
-114.9495 149.7071 -522.1414
198.7437 126.6471 792.1902
-23.8837 122.3633 607.1179
49.5468 163.3790 49.6490
259.0821 109.4846 398.5872
-63.2227 -73.2924 -848.0778
146.0742 168.3790 -468.1482
-86.2903 156.3637 -160.2822
142.3766 -42.1937 164.5518
48.9774 -67.8073 696.2474
-133.7518 168.6343 -694.8751
-42.0546 163.3790 -49.8709
-86.4544 144.2383 -0.8045
-199.2576 -14.0237 94.3285
-243.8466 56.7175 25.0445
-72.9536 164.0212 -348.2550
-263.3313 53.4151 490.6265
-158.1989 111.7584 261.7493
102.3887 157.3770 336.1194
94.3929 161.6693 882.2170
112.7258 -179.6158 -374.8202
-86.6904 21.3175 -705.0364
186.5130 103.1145 414.8082
46.5079 -111.1823 -499.2575
-178.1844 133.3008 67.3564
-169.2871 133.3008 -464.3848
90.7604 -17.4073 -217.4550
-156.4050 163.3790 -585.4757
4.7852 -116.8481 -277.5318
267.4276 63.4319 431.9782
-283.4539 74.5073 70.8838
-265.9181 46.6248 465.3319
268.2410 86.4929 -37.3946
39.2689 152.4415 185.2034
-178.8528 147.9052 -378.4596
186.6949 133.3008 788.7208
180.0655 145.3252 -585.0114
17.3112 -54.1592 -557.6931
56.9475 166.1133 849.7477
-108.5435 196.3394 -364.9170
-220.4170 105.1193 235.9895
45.2397 -74.9553 37.3240
-96.9872 -0.6836 -615.4789
75.3739 155.1758 -371.8191
157.5653 165.0911 29.8874
-262.9333 33.2457 380.6541
47.0823 6.0632 -786.4351
-126.7863 133.3008 197.5944
177.0852 136.0352 595.2034
-115.8268 133.3008 -23.9632
51.2881 209.8634 198.7694
26.3325 21.7578 -769.3013
-49.7805 164.6367 471.9620
82.5285 204.3946 -493.7350
103.3823 197.3991 -615.8280
31.8109 166.1133 531.5405
118.5293 152.4415 494.4343
259.1840 52.0256 156.8896
-40.0173 81.6624 822.2284
7.8250 -48.2297 -501.6995
-272.3546 70.5441 474.8297
137.9177 149.7071 631.2806
8.9144 -23.9412 874.7251
-43.4327 163.3790 128.0601
-193.1241 -33.8549 -189.6797
185.2540 88.5139 271.7770
-50.7549 149.7071 320.2979
84.6035 155.1758 -485.5251
-168.5105 133.6380 -566.4788
222.4799 117.7497 643.8546
-153.0247 165.5300 -498.5483
-143.1551 146.9727 564.4396
170.7546 -43.0402 542.4132
196.3674 125.0977 422.3181
-138.4474 180.1074 784.6490
-15.2588 -83.2761 828.9451
107.4953 -77.2461 -339.6386
179.7476 94.4569 611.2009
-57.5134 209.8634 330.7343
7.5841 186.0573 -413.6551
112.2409 152.4415 122.6109
106.2030 157.9102 814.1596
132.1448 -46.9635 -444.0793
34.8633 -57.5014 -829.6324
-185.6871 -77.7468 -0.5986
190.8117 148.2509 797.8921
175.1144 65.0108 626.2051
141.9714 -154.2166 -213.0087
-188.8985 18.0208 -147.6515
-139.0332 144.2383 -251.1090
112.6207 199.0981 533.9034
-254.0621 29.8433 514.8508
251.2757 115.1307 411.4784
-59.0301 157.9102 -380.5142
100.0822 155.1758 89.6783
185.2540 -78.7737 -117.5204
-50.8392 70.7037 826.0024
-84.4691 160.6446 681.7615
49.9672 152.4415 121.1533
36.3490 212.5977 765.9265
-44.6562 207.1290 -77.4671
48.4540 17.3539 -666.2706
207.1709 122.0854 339.2101
-17.4168 187.5891 -413.6551
-142.8711 -64.0474 -567.3787
-58.9976 161.6229 -425.8049
-49.1528 8.0023 -779.2570
-175.6837 90.7171 376.3078
-161.8485 162.1751 166.1485
83.1677 209.8634 273.9829
-73.6269 149.7071 31.7673
217.4677 114.1602 178.1726
-121.9374 150.1330 157.1333
-189.3555 -113.5729 -238.6775
117.5310 185.9848 -547.9999
180.9363 148.6961 64.1002
-103.4547 152.4415 -122.1516
-140.8497 -88.0333 16.6394
-147.8893 -96.8859 -304.7467
9.4207 166.1133 249.9749
-18.0217 209.8634 218.2176
-113.0399 133.2173 332.2957
-224.9024 71.3961 99.9137
-7.6068 -63.4870 -75.9401
220.8969 122.3633 882.2706
70.7480 207.1290 -87.5407
-2.4163 168.8477 646.3096
-182.7000 3.7045 632.7451
-114.9055 -66.3086 87.9527
-96.5799 1.7921 -750.9271
123.1496 185.8349 -97.9223
180.9730 -3.5973 190.2375
190.0732 124.3800 -279.5240
259.0821 104.7244 444.6995
255.9481 102.9912 166.8956
218.9369 -23.0553 -23.3300
-203.0274 -78.8228 -174.6446
-173.6389 116.8946 112.8643
-90.3969 -136.6384 -866.3580
26.5162 -50.9038 -249.2802
-191.3784 127.8321 560.1104
164.2978 141.5040 508.4304
54.2618 209.8634 232.5445
22.0558 38.5609 -760.2751
-158.0121 90.4549 -87.5189
-116.7385 -14.3555 -562.6069
-160.7004 119.6289 579.4307
165.6951 155.1758 -287.4149
39.0895 116.1535 624.7076
107.5192 131.1546 261.8282
-96.2608 155.1758 -419.4015
-60.3172 163.3790 191.4460
-45.3359 -77.2659 34.3822
120.3159 194.1374 571.8710
127.8321 -40.1544 -611.1263
-139.8261 178.7287 601.4415
209.8634 122.6938 428.0482
-181.7435 147.7488 -122.9311
186.6274 125.8172 -693.3410
-188.2481 68.4386 331.2837
-110.1962 -22.9826 -776.9542
163.1413 156.7807 -607.6332
-154.4911 169.5325 760.5374
-42.6182 160.6446 -627.3339
-25.6589 163.3790 14.9327
-120.6626 190.7227 341.9945
98.9845 -76.4713 513.6082
165.3038 141.5040 772.6473
178.3680 147.0228 -169.2466
-74.1734 146.9727 -14.2444
16.0443 -43.6397 524.2332
-117.8244 140.5742 79.2075
-121.6189 188.7328 -15.2011
-161.0723 138.7696 271.5696
209.1816 90.0695 64.1550
185.2800 -42.1704 52.8281
131.7385 -51.5665 285.8817
7.8476 209.7630 -309.5597
-6.5249 186.6489 -322.0950
14.8453 -98.1636 704.8770
18.6709 -31.9151 -516.1807
-30.3415 -133.1608 -350.5199
-174.6658 130.5665 -678.6626
-179.7543 130.5665 -324.4957
214.7587 122.1871 183.2782
-9.2538 -38.1244 -136.0869
218.2000 -7.3860 530.2382
-160.4048 -164.9859 -348.5429
25.6332 152.4415 421.1439
-136.3725 -70.5869 -393.6124
-115.1383 -18.3372 -620.3090
-244.2458 91.4020 -61.6527
-181.8922 128.4595 -413.9604
200.2839 119.6289 -562.2706
-83.9685 -82.8284 265.7743
52.3740 87.1097 665.4451
-17.4596 -55.7350 501.9590
-46.9816 48.5036 -717.6895
14.9714 152.4415 185.7421
-149.6314 119.6289 -17.7350
264.5509 64.3818 386.6176
149.2901 162.2740 -697.7750
111.1610 152.4415 -24.2748
-16.8203 212.5977 -283.2209
-165.7579 -109.1459 -48.5020
200.9585 -21.8932 510.2758
-75.0892 207.1290 -250.6438
-219.4337 74.6494 139.1782
-70.4453 -159.2774 -402.6483
138.3166 119.6289 364.7585
57.0824 209.8634 315.4476
118.1590 -48.2358 -858.8455
139.8292 -44.7412 152.2712
-137.2036 179.7852 476.8053
200.4240 121.1381 280.2378
-30.0549 160.6446 -389.0197
63.7872 160.6446 36.6150
-283.7822 72.0959 318.6081
267.5047 91.7478 -71.7650
-102.1985 -137.4024 -103.1851
-208.7767 116.8946 -482.7507
-19.8242 -91.9035 -274.4973
-175.0723 -91.4035 -430.6518
-163.5912 -175.6967 -311.7460
63.4833 149.7071 51.1452
-48.6842 -66.1596 786.5674
200.3804 76.3817 -62.3535
-85.3604 160.6446 713.9402
103.8757 198.9259 -202.4995
-20.7149 163.3790 -21.8332
76.1887 -112.0841 -48.9895
49.5282 -134.4815 -155.7739
-13.9846 166.1133 541.7062
214.3930 79.0805 73.4815
-71.2793 -99.6463 -823.6613
-152.7764 141.1690 -212.5474
82.3959 209.2273 163.6138
163.9600 143.8523 -694.8751
-230.7470 113.1688 238.7980
-24.6009 163.3790 -316.0528
183.9457 146.9138 59.2490
116.0357 -188.5968 -358.6641
268.1348 64.9414 -10.4201
15.3394 92.6461 707.0920
76.7678 -105.5985 -28.0814
-94.7471 157.9102 647.6125
213.8534 120.6314 148.1794
-62.9700 209.8634 434.5523
110.8326 -192.0899 -353.8697
-46.0661 207.1290 -119.8618
30.6438 204.3946 -420.5137
100.4937 159.2720 695.3231
4.1048 -58.1055 444.3233
193.9234 123.2642 96.0037
-39.1131 85.3010 803.0726
67.3956 212.5977 910.2852
-71.3047 -168.7872 -370.1593
-45.7748 163.4050 416.4330
-30.5652 209.8634 618.9601
-178.9870 131.3647 -86.1681
-194.4392 125.0977 635.5837
78.6133 -50.0916 749.6248
73.9164 7.6458 660.4492
76.7304 120.0680 -86.6550
-263.3544 107.6961 204.8560
-81.2985 -103.9898 -864.9151
-142.6752 106.6849 -78.8428
131.8676 106.1761 -89.4011
171.7521 118.9645 468.0626
-118.0310 -69.0430 194.8283
79.7772 -32.0427 823.0977
-175.6837 -34.8353 482.0631
-105.9455 -97.0623 0.0194
-172.0907 136.0352 166.8040
-100.8907 138.5297 316.1289
81.3477 12.4806 698.8268
196.3161 47.2538 -115.5816
-140.1368 -54.5992 -837.1202
22.5322 -25.3194 -556.7633
92.8363 155.9919 62.1148
217.7534 -26.9733 -41.0934
50.9090 189.8901 -413.6551
-115.9914 153.3447 599.6831
59.2948 39.9369 -703.7400
-84.5972 212.0826 678.4614
248.1446 25.8477 482.4196
-47.3491 -34.2450 -500.1539
86.7889 -101.7296 -888.1062
-256.2874 32.0686 399.0993
-46.6866 -5.2665 642.0640
177.6261 153.2334 460.0201
50.3449 204.3946 -556.9078
-27.1449 163.3790 -298.0104
205.9957 125.3316 630.8375
169.9656 -31.1147 589.3907
-83.9823 -34.9985 -812.9186
19.8382 177.3687 -322.0950
-7.4157 163.3790 -64.8556
62.5980 146.9727 383.7633
-78.3746 149.7071 166.2306
-121.7115 155.1758 854.1183
196.5153 125.8056 563.2728
200.6715 122.3633 446.5076
162.0860 -25.2187 160.5281
251.4987 39.5846 228.6276
114.4322 -62.0371 295.6910
121.0856 185.1646 -332.1492
122.1666 132.9983 23.3308
-11.3648 212.5977 836.2669
-23.1797 204.3946 -501.7136
-121.4238 -211.2305 -324.4925
66.8302 157.9102 -310.6495
-98.7541 137.3502 -32.0676
-112.7279 -79.9805 469.9674
40.4981 168.8477 867.5269
-41.0952 -149.0171 -233.5994
-132.3910 -67.3678 -829.3022
150.8788 -18.0738 -216.5384
170.3410 116.7685 93.2537
-160.5457 160.7434 -265.1710
-277.1229 55.6384 240.6794
-75.9742 207.1290 -26.3488
139.1743 180.7477 567.3478
161.7905 116.2404 -0.4589
-173.8008 133.3008 -186.2104
128.7853 152.4415 397.5779
-180.5798 -108.2138 -67.7929
-53.9965 163.3790 362.3604
274.1868 70.4758 -23.5264
-145.5896 119.6289 386.2021
-163.7043 -14.0301 370.9391
-36.1997 -114.2820 -491.8438
57.5880 49.5867 706.6779
208.3459 -7.4855 600.4857
252.7501 112.2428 494.0891
-205.5520 128.9895 849.0821
-172.8163 134.1934 -697.3282
137.2865 152.4415 730.1548
-105.9862 -8.9158 -629.5353
182.1889 127.8321 -442.2655
75.1560 155.1758 -609.3804
-183.4955 93.8587 -57.6673
157.1483 -56.2620 56.9163
-154.1004 114.9097 386.7155
-36.7143 -77.1395 -6.7628
25.4168 -88.1836 -336.6600
-0.6977 191.2390 -322.0950
87.3409 -62.5180 -386.7513
70.4654 209.0884 131.1505
267.2852 66.9280 371.1458
275.0397 94.1011 302.8494
6.2070 166.1133 214.1329
-191.2157 94.5605 332.8979
105.5494 -75.2228 516.5945
249.1542 40.3320 188.9471
-85.8273 155.1758 -275.8741
-20.0856 165.7060 96.8142
-35.1882 1.9589 -175.1649
-216.2579 3.3450 -117.1407
79.4214 212.5977 820.9944
-68.4854 204.3946 -280.7087
135.8008 -130.1681 -444.5985
157.9102 -82.5023 -464.6295
152.8750 -46.3636 559.4589
-37.9329 -93.6524 132.7668
-83.0918 -83.7051 305.1178
115.4949 193.4896 120.5184
140.5104 148.9888 -426.7350
-5.8394 210.2993 -274.5238
186.0758 150.2524 801.8702
-170.4976 134.3853 -175.9621
180.6429 127.8321 -388.3417
-190.9430 125.6019 -349.7924
-165.3961 -41.7699 412.1085
14.8878 207.1290 -195.0953
-206.5582 105.9571 335.4222
-216.8894 110.2488 317.8499
-287.4876 52.6860 79.2666
-30.7617 -39.2908 -544.8867
127.3077 155.1758 769.8609
-236.3148 43.9587 135.3765
69.3765 204.3946 -453.3459
151.4323 141.5040 64.8033
-159.7408 163.3790 -158.2833
-168.7861 -129.0897 -102.7429
172.2786 131.2371 -501.1966
153.4355 141.5040 56.5503
19.4217 177.2105 -348.2550
149.6719 170.2501 218.1685
-195.6434 142.0520 315.6356
-50.5765 57.6759 687.7501
107.7226 198.9259 162.3271
-112.7791 -122.9181 -503.8882
117.7499 149.7071 -366.8889
2.8011 126.9827 592.2666
117.8381 -70.1932 -585.2275
-17.0898 -69.1952 -464.7736
-61.6328 -68.0650 -614.0908
-131.6115 -55.3962 121.9145
-136.3815 -46.3668 360.2471
116.9710 100.2206 -103.6454
-181.8503 128.5014 -497.2829
-198.6183 122.6709 186.4630
-154.3969 111.7903 610.8464
-154.4157 -53.3969 424.0453
151.7962 141.5040 27.8898
-48.3523 -89.6137 148.4982
266.7363 44.4455 166.4194
-172.9493 86.9811 319.2726
73.2397 -127.9893 -103.1536
-24.4991 101.2763 658.9190
-49.5649 -65.2789 777.6213
178.0863 152.7732 415.1110
246.0526 103.2227 133.2950
178.0421 130.5665 -659.0750
-144.9344 59.0378 -119.3550
-131.9177 145.6214 -652.3069
72.6939 48.4337 -768.1355
-100.0495 47.3742 -131.9418
108.8827 -2.2420 -600.1252
30.9968 163.3790 -177.8356
23.5815 209.8634 138.7165
156.3102 137.8494 -643.0674
98.5459 -69.6182 319.1081
-248.7653 38.7102 175.5541
-220.7864 19.7605 364.7921
48.1973 -12.2017 626.7856
-7.9254 215.3321 -287.5220
-113.9728 149.7071 -248.5063
-40.1276 -2.6926 -674.2089
120.0425 149.7071 -178.9809
155.1758 -69.0032 -497.3930
29.2542 166.1133 560.2665
-56.6167 209.8634 389.2219
-106.8920 -4.7866 626.2051
11.5489 166.1133 110.6628
-88.1483 209.8634 345.6163
32.4932 -57.4877 -592.5840
82.5763 157.9102 42.4753
-205.1483 -8.1330 98.6125
-288.4276 71.9455 10.0947
-136.3750 182.1798 789.7421
187.7983 39.2593 629.9296
66.5192 207.1290 -190.9091
-156.8969 139.7829 -51.6936
183.9839 111.4258 574.5067
-14.3533 -75.8767 -104.8361
-11.6211 -54.3772 -183.0565
205.9849 122.3633 630.5223
-211.2305 127.9439 10.6666
-136.0315 144.2383 -435.5995
39.2524 166.1133 641.7405
-145.7354 174.3165 543.1813
82.8856 -74.5117 342.0793
-135.1884 -22.3896 606.5851
-188.0936 -79.7747 -236.8233
-137.4432 -203.0274 -339.1099
-35.2744 -126.8760 -444.6010
-153.1294 81.6386 639.2851
-171.6612 -167.4014 -288.9576
172.2865 105.9571 -47.0460
-86.7314 209.8634 577.6208
-63.2960 -126.4649 -117.2574
-213.7215 124.1725 -442.6101
-65.6450 133.6613 576.2928
-111.4163 -1.9694 626.2051
51.3070 207.1290 -200.2146
-139.4645 165.5857 -328.6350
185.7011 -14.5338 468.6020
203.9806 122.3633 655.6320
-190.3572 15.7541 -149.5842
-186.5867 130.5665 190.6845
-181.1286 -144.2622 -208.3932
56.9254 30.3903 -687.4467
-177.7832 -131.7118 -136.9262
165.9942 159.3965 170.7986
115.8243 193.4571 178.9913
152.4029 -157.9487 -294.5276
14.0503 94.3490 758.6711
271.5381 58.1457 83.7469
-225.4656 27.4642 281.8848
-46.5308 152.4415 487.1966
-83.8583 157.9102 -117.3374
215.3321 -22.7557 -76.8262
37.6148 -15.9693 -783.2061
143.4859 141.5040 -190.3676
-157.7756 -36.3651 228.5727
252.1635 87.2577 -18.8427
0.0543 22.2328 -144.0100
-4.2177 39.1163 881.2651
236.0068 80.7941 573.4860
-54.5675 -66.5546 -409.7967
-51.2048 209.8634 517.2614
39.5284 155.1758 149.0801
-177.3242 152.4415 672.8237
-81.5445 -114.2305 -871.4551
-146.1213 141.5040 -428.5138
-189.7948 144.2383 3.9247
174.3851 105.9571 -48.5232
41.8389 -22.1830 -736.1526
-65.5449 162.7755 283.1245
-44.6408 201.9500 -698.8382
-32.4474 149.7071 -20.1592
63.2029 162.4231 -413.6551
203.3762 -0.2948 99.8308
206.8640 -14.4184 -110.1787
-51.6940 209.8634 517.0375
-80.4951 157.9102 -170.8085
-25.1155 207.1290 -145.4495
32.6295 209.8634 118.1795
-20.0001 175.3875 -413.6551
71.8760 207.1290 -217.4982
27.7203 152.4415 396.2552
-83.5102 -188.2283 -346.3134
-71.9838 157.9102 -431.4615
-59.3144 204.3946 -317.7009
-192.1356 26.5931 243.5057
-160.0279 136.6519 -502.3296
104.1941 -17.9598 -811.6486
-53.2605 153.1849 75.3036
-135.0975 125.0977 292.4432
28.7881 212.5977 791.1540
118.9725 -76.7307 446.8223
-111.4826 -131.9336 -476.5855
155.1758 -62.0776 -465.7036
204.3946 55.8272 201.3116
46.7377 163.3790 -419.5020
78.6284 47.1528 824.7357
-217.6408 105.5313 267.3574
212.5977 67.7689 81.1668
-48.9711 -90.9180 338.9713
201.5220 122.3633 486.0834
37.9284 163.6899 -345.7287
-283.5147 92.7268 -65.2440
-229.2591 2.3059 488.3678
83.7059 -26.1895 732.0897
28.7057 212.5977 784.2779
-250.6140 31.2387 281.3596
110.2581 198.7263 303.8088
166.0104 156.6460 -69.6622
-3.6828 208.5163 109.5932
-16.9763 96.8405 818.3215
-280.9034 57.1796 140.1592
134.5851 182.6025 478.6033
-78.8824 207.1290 -36.9846
179.8559 114.1602 108.8198
-60.3151 212.5977 894.6364
30.8077 38.1779 -721.0351
-107.2012 -25.8053 -765.2953
-160.8674 136.0352 -570.7447
126.6219 180.2174 -568.7542
-3.6541 209.8634 359.0919
18.4570 -33.1268 -556.9394
227.8833 92.2852 102.4311
226.2151 104.6444 516.2203
168.7816 133.3008 -506.4714
-147.2621 130.2771 131.2562
45.3866 -82.7149 -338.8931
180.5484 87.3892 276.3899
-57.9261 -60.7053 -734.2223
-188.8937 112.1750 502.6322
146.7003 120.8897 406.2090
-9.2083 -51.5911 488.0846
31.6427 -30.4419 639.2851
255.9229 90.2276 31.6677
51.3980 -34.3922 861.6451
-37.0570 23.2196 -715.7883
-61.3128 99.6336 651.1395
-39.5223 -43.4570 -478.1210
-181.0006 100.4883 -45.3701
139.5152 127.8321 439.5714
161.2520 -73.3607 -272.1092
-101.7581 153.9061 -126.9675
-94.8455 207.9772 683.4074
176.1515 146.5049 -548.4774
-255.5635 90.9863 22.8126
10.4607 50.4832 874.7251
-16.5041 -96.3867 194.8676
86.9698 195.7487 -322.0950
-161.0629 165.6951 900.8734
78.9802 6.6328 639.2851
-56.8228 152.2726 7.7711
57.6382 -55.6300 843.1427
-230.3712 108.7191 14.9335
-20.8286 168.8477 803.2715
9.2661 168.8477 564.8846
-133.9989 85.9688 -98.4923
-173.6412 153.1167 -174.2104
-149.0748 144.2383 323.7789
-72.0488 2.0508 -602.9028
-190.7992 127.7556 228.5213
211.2533 119.6062 -167.7235
-43.0793 -68.6486 -587.9392
146.8878 -149.7920 -205.8323
243.8249 116.8946 365.2670
-200.6737 122.3633 235.6252
69.4677 163.3790 571.9350
177.4158 51.7646 -130.3780
61.9549 207.1290 -140.3434
-33.4961 -106.3385 -349.3215
-32.4480 65.8601 723.9954
-233.1055 -12.0931 -36.8703
16.4953 212.5977 883.7295
266.7247 93.8854 458.0944
220.1562 117.6171 522.5165
-230.9713 118.8619 305.6299
93.9423 6.6328 -810.7526
-94.3408 155.1758 -314.3715
190.4329 140.4265 -655.2290
-223.8448 70.7198 4.9046
207.1290 126.3937 -146.6383
161.0850 -95.1682 -298.5072
-181.5420 50.8534 308.0833
-207.9523 -75.6080 -55.2763
157.9959 140.0511 223.7141
-164.1017 138.7696 199.8629
17.4136 -115.8511 -401.4135
197.6351 64.4251 218.5072
32.9219 204.3946 -580.0081
-48.8740 207.1290 94.2049
-26.6980 204.3946 -593.9872
-207.2726 125.0977 -387.1724
235.3477 12.4960 465.2370
-86.8341 -79.9628 245.6046
-149.3041 169.2507 -110.7412
-102.4655 202.4174 327.3823
229.0040 8.9213 17.1369
-191.2011 -10.7970 133.2620
174.0607 136.0352 267.5946
95.3617 158.9352 589.4879
155.6534 161.5342 -318.8067
244.4263 113.7770 267.1235
159.5631 169.4736 856.1946
209.7661 132.0309 319.3474
-178.8745 147.8835 -335.1939
139.7806 147.3289 386.9204
21.7138 212.5977 738.7995
20.5815 160.6446 -449.3932
190.6785 -61.4224 -22.5425
239.0611 24.4126 372.4972
95.1043 -55.5002 54.2639
-8.2601 91.0108 698.3669
-23.1280 204.3946 -562.1281
-53.0555 -91.8883 -556.2159
-64.3232 -71.5634 -272.5332
-53.2480 209.8634 541.5916
-195.1132 61.1397 -99.7350
-200.2930 -96.5576 -155.1097
130.2056 152.4415 585.3226
-28.0896 212.5977 892.9265
204.6158 131.7125 -655.9623
53.3856 -79.9805 429.1205
-234.9532 84.0821 95.5284
-166.0756 160.6823 868.8654
-139.2334 176.5870 -554.8923
246.0421 109.4268 225.8848
-132.1178 -73.9616 48.7307
7.1410 155.1758 101.2156
207.1290 127.1451 -632.4261
247.4144 91.6853 47.3263
-122.4111 -7.7647 -191.8813
-220.1293 -6.8239 480.9833
-165.9339 -36.2731 538.0170
-207.5042 125.4729 307.4876
-145.1723 173.3825 -46.5701
35.3387 -150.8070 -330.4113
196.2775 123.6445 466.0089
19.4744 126.9921 598.7842
59.2692 126.3377 593.8093
-139.7671 -118.5394 -51.3492
140.4822 141.5040 -412.1185
56.0764 -87.3552 -879.2838
175.0634 -74.8629 -17.3413
215.5061 -10.0800 560.6182
-71.9019 209.8634 643.2734
-195.0819 120.7385 -626.5573
-129.1184 130.5665 253.6101
-29.4587 160.6446 -599.7170
212.5902 77.2386 68.8423
-58.8959 201.6602 -336.8533
125.9059 191.2817 642.3766
20.4717 -119.6658 -176.7546
-149.7987 141.5040 -24.6119
-82.6676 -186.8200 -347.6664
69.3177 212.5977 862.4471
80.6670 -89.3468 -544.9431
-29.9249 -121.6636 -442.7570
-129.5136 186.3069 556.0378
104.0159 -98.6648 -10.3535
-160.0759 165.2576 769.9481
207.7812 128.9185 711.2251
-147.4824 141.5040 -371.8839
-186.1566 129.6639 53.0235
-0.6836 -85.9488 -140.7276
11.5181 -77.2461 668.2200
4.7852 -83.0378 -454.0344
-30.7617 13.0157 -745.8328
269.2574 66.2530 96.4650
-5.9592 -96.3867 179.5327
-12.6463 152.4415 194.6166
-37.9894 207.1290 -31.0840
-204.9505 64.3727 -83.4156
44.3999 209.8634 231.6503
-129.5730 183.5131 -196.7570
65.7973 59.9878 -127.9330
-216.6993 -61.4406 -81.2076
256.1482 45.4013 97.8978
-14.3555 -113.2451 -271.6255
189.1278 128.4749 224.9877
-11.6211 -69.7034 -97.7949
-209.5609 -9.1892 564.1178
153.6880 119.6289 7.4191
69.4835 -71.7774 -365.8539
129.4796 190.4423 870.0937
-36.5930 209.8634 365.3288
64.2696 127.8321 590.1223
169.0953 137.1548 300.3291
60.9865 -5.4963 -555.8342
-71.0417 209.8634 323.1614
75.8789 42.4197 753.3403
79.0633 209.8634 240.2069
224.2460 48.2280 59.7268
-60.1730 160.6446 -257.3201
-35.0336 42.4811 -130.5649
146.6029 143.2410 121.4170
1.2567 168.8477 842.9500
108.7330 155.1758 496.4680
-21.0764 51.3852 874.7251
-134.5823 146.9727 -62.3886
115.3857 -53.0429 367.2424
-176.9514 93.2286 396.0536
-143.9240 141.8183 -388.4882
59.7299 160.6446 -308.3555
115.1677 152.4415 85.5038
188.5664 55.3650 626.2051
-107.2117 155.1758 578.6202
-183.8868 11.1949 261.2430
217.4505 121.6121 494.3221
-163.9903 93.8307 630.8562
-143.3923 36.2683 652.3651
-99.6252 202.5233 -536.1671
15.6901 -127.6185 -220.2921
182.5196 -4.0001 149.2950
121.5077 -167.3508 -215.0983
95.9821 172.1945 -413.6551
-152.5824 -60.6989 463.7561
-66.0327 149.7071 441.5920
-12.6256 162.4126 -387.5862
-167.4805 -71.9901 -473.0288
-106.7131 198.1698 -418.1761
-90.0694 170.6092 -413.6551
-179.2573 149.7071 -115.0029
25.1955 187.8497 -426.7350
95.2957 -38.8821 -799.9777
-205.3778 130.2473 611.4434
-8.0577 -79.9805 741.2128
133.1467 -108.7511 -492.1351
115.3932 174.4404 -426.7350
150.7126 -84.5613 -304.4863
-25.7751 6.1445 -163.0370
152.4783 -92.6010 -377.0179
-120.7640 -94.8072 -860.5821
-63.8170 -115.1108 -78.5379
-153.3208 115.4634 386.1753
-16.8241 168.8477 776.8207
-50.9133 -133.7451 -167.0497
-121.0170 -76.3454 440.9805
117.5211 133.3008 18.1592
-88.0363 168.8278 -322.0950
-106.6353 157.9102 850.5008
-175.8424 77.0475 427.5896
-30.2185 168.0238 670.7258
-93.9961 204.3946 -556.1080
-59.4970 18.4481 727.4956
-123.7305 -45.8250 -628.8363
123.1068 147.5965 -306.0101
203.5825 125.0977 726.4395
-0.0195 -76.5430 -71.6975
68.1099 -16.9790 601.3484
175.5244 134.5747 200.5009
275.0995 75.7458 4.2934
53.1717 12.9883 -641.0847
184.9831 94.2371 291.4416
193.5221 141.6894 110.1441
136.4707 177.0508 -117.6261
-19.3301 163.3790 -262.2291
-198.9568 125.0977 794.1557
-269.7160 105.0041 240.0804
-10.5229 27.5162 -108.1410
-2.6470 152.4415 10.7527
-44.7781 160.6446 -671.9233
33.0764 209.8634 443.2024
25.4858 -88.7728 -527.1571
158.7854 168.8477 507.1536
-187.3520 144.8747 -8.4847
-130.0279 -40.2281 580.6738
138.5155 -81.0561 -529.4100
166.1133 -122.2300 -249.9274
269.3849 64.2090 118.3963
178.2844 130.5665 -590.8012
186.1340 101.7298 422.6005
-86.9558 207.1290 -202.9903
-46.5920 160.6446 -280.3437
-109.3112 198.3061 256.8416
50.9496 -80.7494 366.0359
208.9342 20.7696 110.7585
-70.7803 20.8213 805.4855
25.6757 212.5977 833.6645
-95.6742 155.1758 19.5515
-157.2453 -68.6463 48.3638
-144.7748 173.7800 75.8198
-210.7003 118.7920 -395.6032
214.3496 31.7443 261.9567
-48.1025 204.3946 -486.9621
158.8564 136.0352 -600.4867
85.3318 25.4526 -747.0942
-146.4608 -40.9141 572.4929
-154.3070 -46.5311 517.1031
148.1060 141.7378 138.0303
-110.4583 -11.6211 -604.1658
196.6193 136.9745 -179.9565
-172.5580 155.1758 224.5977
81.7843 204.3946 -367.5893
149.2201 -147.4597 -357.2740
-125.0533 -80.7069 32.5976
-104.5899 -37.3992 -751.3829
229.0040 19.4786 36.9155
-109.7492 -20.2797 -533.5557
-34.8352 -67.1535 509.6671
-33.2162 163.6148 168.2997
-115.7459 -26.9185 -632.8405
127.5390 186.9143 312.5559
126.5657 -62.1421 -394.1903
-56.9290 201.6602 -329.7918
156.7617 141.5040 627.7139
-133.3882 -76.4214 42.8475
-283.2856 77.8290 135.2816
33.8088 29.5274 -155.0072
270.0196 52.6891 134.7971
-229.4015 6.0180 552.9929
-136.5241 -55.3390 -826.8445
11.3529 -97.5733 -119.5644
146.5830 -46.2605 -523.5967
-193.7165 -19.8987 576.3568
-49.4730 154.2381 37.8459
113.9464 152.0034 -415.2140
-59.8284 163.3790 607.2757
-147.5045 146.9727 766.5741
-145.3993 174.3165 551.3028
-42.0514 -139.2950 -416.5107
-12.1910 194.4380 -694.8751
172.1942 137.8728 541.8658
68.3617 -67.0208 -591.8016
87.7007 204.3946 -377.0121
259.3340 39.2167 446.9533
-40.3963 -19.5283 -743.0635
-46.0046 209.8634 178.7786
200.6719 119.8472 277.7433
-118.6472 -189.9896 -241.8615
105.3396 140.7542 74.5292
118.1448 196.1915 517.7770
-192.2928 141.5040 -84.8479
-16.7588 207.1290 3.9652
-144.0879 174.3165 -51.0951
-149.5443 -174.1917 -216.7672
-16.0741 -93.6524 324.2013
-100.3941 141.5040 -9.7531
139.1262 150.7177 681.7021
192.1522 127.7697 549.2837
142.5929 177.0508 244.5605
-110.6310 152.4415 -236.3551
-107.0087 200.6086 158.5941
-116.3262 152.4415 37.3607
-172.9493 -129.6879 -359.1332
211.1931 133.3008 907.1499
-47.0723 163.3790 204.1095
-130.0048 -61.4016 216.1512
162.6544 157.9102 -210.9297
-48.4051 -55.8911 816.1763
-236.9823 75.8619 -27.2573
-163.0972 158.1920 -586.4175
64.7828 163.3790 332.1570
134.1272 -49.9024 256.0043
-136.6391 168.7631 -327.0118
199.9495 119.9725 262.0139
165.1878 138.7696 349.2633
164.8433 -68.4178 -258.2374
-128.7949 182.5196 -664.3497
-218.4335 105.9571 261.3744
174.4701 136.0352 439.7519
-89.7956 -33.1071 -223.9950
55.5626 -44.6251 -671.4380
120.8322 193.6211 477.0865
-174.4969 -158.1208 -238.0104
129.6063 181.2185 -209.7832
210.7414 -12.1102 505.1387
104.6942 -56.0174 58.9493
-27.5192 -88.2851 -523.3770
179.7557 -4.8146 234.3388
12.9727 166.1133 256.4061
113.3207 -66.3086 194.3154
151.3933 -95.9125 -476.1562
114.8193 199.6339 675.6118
-97.8590 -75.7507 259.9096
-179.8450 69.1721 318.9680
-123.4379 152.4415 700.0234
2.3498 -81.6467 -79.4736
1.1923 166.1133 165.1919
40.7327 -49.6729 542.6921
-50.4319 153.2791 165.7322
134.0116 185.9104 696.4792
196.7719 136.8219 -440.9079
-117.4678 -67.7901 526.4606
108.1964 155.1758 423.7929
81.9121 207.1290 1.0856
11.5676 207.1290 -68.5763
-147.0319 144.2383 405.9223
138.6972 142.9435 -364.2587
222.3159 50.9445 53.5311
102.5561 -118.1236 -56.8946
198.9196 122.3633 467.0573
259.5244 89.5508 -0.4198
-68.4075 159.9589 -699.7852
64.0889 146.9727 411.2484
-13.7113 209.8634 318.6123
262.7688 89.5508 -24.2925
-192.3787 -94.4503 -56.5541
-42.6607 7.2374 -171.6750
176.5086 157.9102 839.1434
-101.8214 152.4415 -513.5286
135.7646 -75.7017 464.9039
-55.7466 146.9727 246.1157
254.4187 45.2389 435.5758
181.6597 47.7998 355.3407
-92.9147 146.9727 153.2932
125.8521 185.8667 -6.4008
-74.8318 -186.8568 -263.0331
51.3021 -78.4942 -567.7078
72.8473 204.3946 -603.7283
156.1395 144.6419 764.6331
-254.0983 114.1602 338.3960
-132.4769 125.9216 379.2018
96.4598 6.6037 -604.5693
33.4308 -85.4492 -335.9895
-4.3918 168.8477 789.3730
-213.2376 124.4578 -560.4478
-69.2064 -157.9200 -404.2125
174.3165 11.3045 370.0249
-242.0189 15.0657 500.1215
-49.6218 166.1133 803.9824
212.5977 51.7575 143.5587
-216.6993 -59.0741 -76.1477
116.3290 -174.0814 -380.9550
-112.9579 -97.4250 -858.3751
173.4405 130.5665 -591.5708
114.5606 120.4956 583.9347
183.5665 133.3008 589.6215
-133.7792 149.2287 396.6507
15.3379 47.2714 881.0177
129.2507 146.9727 -135.6390
-119.7619 193.3241 773.5386
-126.7791 -7.5443 -191.3543
-249.1583 99.6839 -57.7255
219.6531 117.1808 112.9748
97.6050 -95.1127 -1.8578
63.5806 -84.2813 17.5085
114.4044 -193.9794 -343.1518
14.6132 119.1215 624.1487
-10.7565 -55.8737 -69.0702
-24.2322 160.6446 -380.9279
65.4903 209.8593 145.5053
-139.5838 -194.5569 -363.2971
183.9105 -33.4724 557.5472
145.8420 141.5040 -223.9125
-67.6954 -48.6756 -452.5123
36.6576 160.6446 -677.0772
-169.7738 -125.6802 -390.4268
239.2077 87.1689 69.3929
191.6359 139.2236 -403.3010
201.6602 78.8779 189.9074
-77.7515 -85.4492 230.6749
-155.6009 -172.9493 -223.5322
-138.6007 179.4323 216.2070
-196.0027 89.8852 491.7868
-181.8735 133.9469 906.8845
-205.5562 134.8736 295.5930
264.6178 93.3441 453.0551
-202.4752 116.8946 -448.2462
-176.8963 133.4554 365.1085
153.9712 -30.5992 257.4558
37.6061 204.3946 -295.5829
126.6137 152.4415 514.5501
61.0723 -23.8835 -223.8939
183.4832 -59.4290 5.9748
65.6144 157.9102 -678.1858
10.5684 166.1133 404.1801
96.4105 143.8047 451.9149
-25.2352 -75.8212 -32.5198
-71.1879 159.8669 -70.0394
-15.7882 190.0070 -348.2550
-156.0697 -80.5687 -391.4962
137.5971 171.3874 -342.9800
-113.3593 153.2424 371.6505
-163.9405 -41.2779 507.1420
-117.7097 -87.2139 -834.1648
160.4539 167.6712 719.5414
-80.9534 198.5635 -694.8751
88.1726 -69.0540 79.0307
168.5786 138.7696 422.3985
-200.2930 -67.6851 -191.1080
122.7261 188.9927 127.3928
-89.8669 157.9102 86.0761
-133.3050 177.0466 -342.8054
86.2762 155.1758 -505.5310
195.9651 -18.2632 478.0499
-96.3942 38.0713 -138.9750
35.7191 -115.5200 -481.1197
-98.9995 152.4415 -652.5725
26.4096 149.7071 326.2358
56.0474 173.4101 -426.7350
51.7678 204.3946 -404.8131
58.9558 -109.2689 -53.3024
-172.2271 -124.2454 -374.9110
89.8172 8.6203 -752.8045
82.1305 13.6589 714.7014
84.1832 155.1758 -479.9966
-202.5732 116.8946 -429.7489
-26.0746 -96.0851 311.1372
-44.6360 207.1290 -229.4771
-197.9948 128.7632 773.0590
-132.7939 180.2922 -117.1911
-28.1975 -96.6696 -303.5585
111.1577 192.3580 -363.7122
-123.4549 136.0352 453.2664
156.1510 152.1494 -694.8751
21.8314 212.5977 904.9260
121.8165 -188.1962 -304.9343
-15.4681 166.1133 221.7383
0.0248 144.2383 291.5819
56.2142 53.4616 707.2357
204.9967 96.0292 59.9102
-5.9897 212.5977 826.2759
14.2612 207.8021 107.8849
48.5352 61.0836 709.7399
107.6158 195.9000 -172.2164
-203.0274 -76.8507 -176.1619
8.6142 152.4415 493.3656
-10.0843 -58.2751 -78.5926
202.8945 64.2536 162.1828
-3.8733 -15.1423 581.8132
-16.9252 208.6608 -312.1020
226.7452 5.9153 -56.0875
-24.8868 187.4237 -348.2550
-150.3416 -43.7991 179.8808
-134.2993 179.7852 -223.0880
-192.7974 93.7960 215.4194
-286.4563 56.7079 88.8187
-32.3822 160.6446 -600.9924
126.3353 152.4415 583.9619
109.6267 -81.1950 454.7668
-240.2870 119.6289 353.4839
34.8633 -54.2548 -830.8635
-165.4662 33.6546 645.8251
210.8585 120.0010 11.4771
-159.7038 144.2383 893.5533
59.5814 157.9102 -497.4120
-80.4183 -164.8572 -197.0534
68.3602 -84.3739 -860.7062
-41.9410 -3.1785 -770.6634
119.7732 191.5838 118.4896
-125.4302 -22.8911 -573.0741
193.6053 91.2887 -49.4439
-1.5153 166.1133 243.6197
120.0277 -52.8588 -416.3939
164.9952 106.2617 375.7394
274.4206 75.4149 3.4609
-130.4163 -136.0684 -93.2745
-99.7274 -178.4180 -210.3344
-119.5634 190.7882 -13.0845
-109.5620 -190.5484 -243.1980
40.7677 -61.4495 -819.5513
267.2852 94.8241 387.3172
266.7083 42.3179 96.0545
13.6635 160.6446 -564.5369
64.1067 160.6446 60.4157
170.4153 75.7648 -109.3386
208.2287 0.6565 -113.4548
-139.6282 130.5665 34.5498
11.8675 207.1290 -52.1023
157.8298 -29.4750 182.1627
-94.2505 204.3946 -225.5598
-31.4217 209.8634 282.4066
260.6185 54.1731 376.1732
261.3650 46.7164 100.1919
192.9325 106.7996 300.6656
140.9198 -90.2246 -3.2465
-106.5450 -93.4703 -829.9157
-83.1151 -158.5295 -416.4011
23.7036 -58.0171 508.1653
30.1932 163.3790 -43.7963
2.7556 166.1133 489.2634
64.2819 -43.4996 -858.3751
-43.1728 166.1133 599.0524
112.9670 198.7519 371.1448
-76.4544 64.8433 665.4451
-81.3004 207.1290 -88.6068
-178.6608 149.7071 -183.3357
-149.6614 144.2840 694.5917
165.6890 135.6779 -344.1306
-25.9192 -125.2668 -213.0917
-128.4412 182.5196 -368.8444
118.3726 187.8775 -227.4579
25.3332 100.9023 674.1688
-260.4493 97.1839 505.4629
-85.6693 -71.2856 -631.1777
-153.8562 138.7696 -418.8742
74.1100 35.2318 659.8660
-104.7119 -112.9399 -851.8948
-208.3552 129.3403 506.1940
-214.2836 109.1619 565.4576
41.4968 -87.7513 -544.4551
-257.7149 33.6098 385.7718
164.7937 -25.2930 110.3536
-164.3013 136.0352 -216.7497
50.2916 -71.7774 393.7393
-28.1704 168.8477 751.2421
-27.3314 77.9421 690.7037
-203.0274 -84.0404 -149.7071
142.0658 177.8562 291.2544
184.0497 152.2786 687.6843
-272.8418 103.1349 263.9881
-152.6335 166.8951 -249.2142
190.3081 146.9727 688.0350
24.1334 163.3790 -15.4371
-167.5343 137.3486 192.3052
-139.8839 -48.7881 293.0550
74.9252 -105.9441 -883.5463
102.6174 154.6144 -697.6656
44.6250 212.5977 905.7289
217.9688 -7.6173 555.0686
-4.1594 126.7585 592.8029
-93.7241 -9.6665 -801.5518
-11.7042 37.8269 -99.3855
-66.8224 207.1290 -130.4832
-129.8804 -71.5698 -854.6087
-225.1379 108.6914 518.7351
-69.8871 160.6446 29.6717
97.7539 -14.9865 -778.8795
-264.4012 40.3320 100.4758
-31.6851 204.3946 -609.9567
66.8331 116.0196 -90.7633
52.3502 204.3946 -306.0451
130.8362 -126.6589 -96.9291
146.4501 9.9839 639.2851
97.7883 3.3837 -677.3095
-188.4027 141.5040 -590.3024
-11.6211 -81.5864 -240.0649
49.4921 163.3790 22.6479
-121.7138 191.3722 861.3897
-228.5658 78.1751 85.2158
-131.6564 184.1640 850.7814
-23.6608 155.1758 175.9449
-41.1374 163.9236 -415.6225
-155.1016 125.0977 145.0372
152.7582 167.1638 -11.2508
200.4436 138.7696 309.7207
-143.3254 177.0508 756.8520
205.6090 122.3633 515.0598
-267.2277 106.0146 218.3447
202.1002 133.3008 -488.5021
215.1471 118.4468 188.7736
-270.5236 55.6886 -8.9344
122.2459 146.9727 -511.3671
233.8659 119.6289 441.8035
194.5176 100.7950 -8.3187
236.3448 50.3957 36.4251
24.1662 204.3946 -697.0992
-199.8633 -10.6371 119.4664
165.7344 108.7438 596.6498
52.6429 63.2387 698.9330
54.5778 157.9102 -570.7865
-39.4269 -71.7180 808.3619
35.5096 146.9727 303.7522
-165.1273 -37.4539 -217.4550
112.0605 -43.4014 -250.9561
-204.0759 122.3633 553.5262
104.6935 138.7696 436.1929
164.8665 -19.5750 390.7650
-13.8615 166.1133 93.9539
3.4210 141.5040 249.2865
-88.1620 144.2383 213.7236
233.5509 92.3937 -70.5646
108.4471 -156.3101 -174.3880
-60.8399 6.5891 666.7659
-154.6035 -108.4994 -33.8757
-131.5142 -34.4439 -824.2675
-16.0532 -89.9717 -145.7309
209.8634 126.8602 331.2068
108.1609 -53.5979 -846.3251
-134.6008 144.2383 -342.2948
171.7930 -1.7275 632.7451
-57.5323 175.3609 -322.0950
166.5134 152.7601 -326.9161
-120.8755 -42.1095 -461.7239
57.6773 -57.9743 -266.1913
205.1972 -10.4282 77.7784
-113.8167 -73.4613 -819.0711
89.6084 -40.2745 -740.4353
263.4942 43.3769 423.7978
-168.1277 139.4896 832.3152
-194.8363 -108.6794 -173.3012
82.6261 -23.9552 -492.0646
-73.4323 157.6224 -660.0446
-204.8672 135.5626 177.7121
-12.6440 -75.9547 18.1662
116.0004 187.9883 -416.5299
-101.8931 158.0497 829.3686
-76.9843 160.6446 313.3371
162.7084 138.7696 435.0052
10.2539 -45.6788 -502.5757
163.2731 -101.9348 -299.4583
-25.2930 -115.6583 -442.6374
218.0665 -24.4171 -7.3819
71.0274 157.9102 -564.2423
-179.8567 -61.7958 44.9578
181.5078 130.2110 -201.7581
-5.8729 152.4415 501.2855
-170.2149 -77.8042 -465.6082
-165.1184 -135.5169 -391.1146
86.8164 19.6539 -762.7154
-221.7123 51.9506 144.9639
-101.1988 204.7700 769.4124
-171.6436 155.1143 -242.8059
-29.2659 -94.0482 -299.8439
-40.4845 166.1133 365.5457
9.2091 166.3338 -322.0950
-104.0550 200.8279 -321.7034
-241.1649 116.8946 407.7505
54.8906 146.9727 336.4812
-57.8851 -90.9180 226.1021
71.6565 160.6446 148.1440
-186.9359 145.2908 8.7849
-268.2661 44.0472 268.0793
-118.6492 139.7493 82.5911
-22.8452 204.3946 -359.2971
-49.5166 1.3828 -178.8900
147.0833 -34.7527 133.0414
-59.3814 163.3790 462.7889
16.7772 -75.2503 666.9486
44.9478 -162.5620 -253.5112
-258.8467 37.5977 210.0737
7.9440 95.0196 729.1525
-71.9223 51.2696 -747.9046
-38.8414 201.6602 -339.9657
-189.3555 60.6938 271.9200
132.3600 -51.3022 252.3271
209.8634 127.5716 95.7643
-257.7149 59.0497 559.5624
48.1581 -30.5094 863.1505
121.0812 152.4415 557.0413
-102.1251 156.2735 468.4243
135.7397 -109.3210 -48.9208
62.9052 149.7071 176.5495
204.2756 119.6753 416.7515
256.8934 32.8529 440.0485
-226.5607 71.2124 10.7898
-27.2025 201.6602 -329.1214
23.9764 -74.9650 392.9509
-168.6919 -141.3985 -368.2477
-77.1938 209.8634 191.9234
264.5509 47.7499 445.2927
-265.3056 41.0868 235.7494
-21.2175 -97.7500 279.5320
163.3790 -113.7562 -300.8999
-82.3611 157.9102 -172.7925
-11.9007 207.1290 -196.3125
251.7504 37.1019 370.5019
-12.2071 -87.4025 -162.0395
-176.5967 77.6220 418.9104
-216.2891 30.6757 146.2903
212.5977 62.0045 131.4667
-110.8068 149.7071 -459.9948
2.8263 103.3515 674.9471
-195.1645 120.6559 -386.3699
-36.5968 -72.7782 723.6872
203.4076 125.0977 866.8896
0.7528 -95.4905 206.3531
237.0422 98.8055 115.3301
-112.7930 -22.4718 -641.8497
0.9742 152.4415 505.1892
172.0891 -1.8468 -179.7845
-24.0387 7.1719 874.7251
-105.9337 200.2356 -1.8284
170.2001 122.3633 520.6792
-53.5453 163.3790 113.5448
16.8899 -55.5826 497.6911
248.9769 37.0627 233.4360
-147.3511 -44.4336 560.5889
-94.5639 152.4415 -662.5930
-242.5232 26.2334 316.2107
-50.5873 -165.4535 -328.5816
-143.7914 172.0290 -295.4943
84.3324 -47.2821 -707.0834
-151.9698 -18.1387 -203.6136
82.6179 17.5466 -798.4227
-110.1445 -80.9957 -821.7687
-66.7207 -79.9805 80.6416
-69.4381 -88.1836 456.2467
101.0377 -66.3431 537.8326
-17.4682 160.6446 -440.6556
-63.3623 -84.3145 417.4810
166.4512 161.6739 598.8773
34.9385 149.7071 524.4053
-135.8951 -44.5737 345.0124
191.3424 55.8894 319.3734
-72.3258 -108.8077 -840.9916
-230.9192 27.3443 59.1842
-2.1899 163.3790 -641.2994
-178.4180 51.1813 387.5513
-124.8155 155.1758 843.2556
112.8595 152.3750 -179.6688
-175.6870 62.6257 413.6629
144.6419 147.9363 625.5060
206.0614 130.2668 -34.5704
52.3102 -72.9693 -818.7158
98.2115 -74.5117 285.2035
96.8936 157.4033 254.4644
268.3641 81.7799 317.2784
-75.7939 207.1290 -35.3854
-161.7319 162.2917 136.0141
11.0444 -90.9180 151.5236
15.9179 168.8477 775.0920
-154.0293 144.2383 629.2361
52.8100 -32.2183 574.0858
-269.4340 48.5352 21.7855
204.3946 69.8650 187.5802
-110.4374 -19.8908 -777.5309
-231.4762 59.4727 55.6833
-186.7309 142.7614 -303.5533
-121.5018 -205.4710 -352.2206
-108.4563 199.1609 420.6034
-238.0271 61.5685 591.5439
-105.5882 199.2947 -270.2101
-145.1569 129.6479 169.3547
-59.0133 204.3946 -275.2859
-55.0239 207.1290 104.7569
-75.6768 49.8707 -125.9707
-80.7641 12.9883 -658.1376
-193.9832 59.2195 -102.3523
-251.5278 64.1317 572.3333
-139.0855 -86.5296 18.6711
118.7011 25.4358 -171.3335
266.0176 53.9044 139.6224
204.7422 114.1602 -8.2756
2.1466 139.5265 254.8846
15.0201 149.7071 211.6974
-88.8007 207.8791 138.2095
126.5050 149.6670 -119.0362
123.4489 185.5356 -198.5625
162.5918 105.7480 606.5851
188.3668 100.6512 445.4498
-33.2855 212.5977 893.7509
124.5910 -51.8624 80.3212
144.4545 144.2383 -38.3134
-90.6059 201.6602 -335.5527
203.6343 121.7564 -534.8193
-193.4507 -2.8245 -160.4609
269.6995 57.6531 134.9631
124.4856 184.4989 -186.0722
-194.9339 144.2383 727.9731
73.1446 58.7706 777.9064
-235.8399 20.4302 -23.1892
125.7761 185.9427 -22.3880
142.0817 -42.4887 251.2387
47.3528 137.7336 -66.2428
167.9972 152.4415 -672.6290
-191.9261 143.0350 -48.5989
-104.5903 -60.5857 -259.3571
-41.1370 163.3790 165.5840
-227.6368 72.0056 105.6942
-26.4644 -5.2544 -172.3291
-110.6430 136.8180 288.7834
-50.7184 -81.0114 417.4390
-36.5655 48.9157 -753.6262
179.6445 130.5665 -148.0928
-106.2770 -23.9915 -767.4231
188.5947 -25.5456 -166.9547
-34.9321 155.1758 99.7867
-78.9354 -0.2863 -786.4351
0.9789 -94.2716 186.9423
-39.7814 -35.4381 565.9702
-113.6894 -144.0675 -452.8951
2.3733 -87.6581 -267.2763
-168.4844 158.2735 711.7957
-67.7361 157.9102 -291.9180
32.6212 152.4415 -1.2029
-42.4984 155.1758 28.5171
153.6498 163.3790 -638.6904
-114.3339 196.0178 198.8353
235.5694 108.9620 182.9448
134.2437 146.9727 -109.8577
231.5977 66.5918 -35.0124
161.9014 -28.1378 102.5161
-170.2206 -28.4944 532.4921
12.5693 152.4415 -5.9313
-157.3774 -56.5918 497.0298
150.0876 146.9727 891.8383
39.7194 93.9942 819.7830
-109.9002 -81.9171 -359.9731
204.3542 122.3633 555.6841
-184.6895 149.7071 850.2467
31.5282 -73.2690 848.2675
99.1474 207.1027 303.6147
-211.2305 125.4324 -185.0863
46.7255 166.1133 515.7564
150.9876 -33.4241 283.2346
-205.1909 105.9571 349.5681
5.5863 209.8634 301.5677
-113.3456 -45.0029 -791.0269
75.8058 125.2780 -82.9538
-180.2214 111.4258 459.9954
207.7268 131.3358 217.4152
189.3055 58.7135 -112.8150
-149.0527 -66.2028 -415.6129
-82.1116 146.9727 411.5693
43.7767 -112.0146 -497.2667
99.2679 79.4514 658.9051
-28.0274 39.4656 -733.9266
-164.8537 141.5040 874.7292
-187.1599 -130.0277 -201.3911
276.9530 81.2502 190.2302
-22.9856 163.3790 -198.1652
177.5738 109.5587 426.7900
-8.5669 -19.8685 629.5809
201.4740 107.1381 243.8100
-196.8966 140.7989 209.7435
-185.2355 144.2568 -192.8338
203.1314 122.3633 600.9741
212.8669 120.7270 99.2921
-87.5295 209.8634 302.2782
-65.0811 -83.9996 489.0623
-22.2011 -96.3867 170.9413
-38.7254 -147.2326 -234.9995
-149.3129 171.9763 583.5262
188.8881 147.4402 506.2209
-116.1999 1.6447 -182.4563
95.0196 -28.4693 -729.1682
-205.7056 90.4390 611.1351
-230.9459 10.2539 414.9685
72.2611 -95.2186 -883.8542
-73.7115 50.7026 -746.0331
71.9488 3.9996 -190.3141
-193.0405 -47.9179 53.1577
214.2770 60.1644 606.5851
113.9291 190.7227 -254.8414
179.7852 -33.6185 468.2856
-172.9493 -19.7924 218.8020
-85.7990 209.8634 246.4168
-60.8399 -38.1520 764.1978
17.7398 117.4773 -83.5459
-97.7231 157.9411 771.6546
-209.0133 23.1641 150.8181
-62.0585 2.2807 -779.8951
-114.1653 149.7071 -119.5922
-53.2215 -154.0159 -216.5520
-142.0808 -52.0599 179.1317
-112.0905 195.5268 -172.5736
59.2865 160.6446 -106.4357
-53.6526 18.0086 -777.6978
-72.5234 149.7071 191.7985
16.1313 207.1290 -107.3224
127.0486 -60.0339 61.0267
-56.8766 207.1290 70.5427
43.4586 -131.3839 -442.0679
229.4658 118.7236 378.2152
8.9754 166.1133 202.9208
196.6249 -17.3118 477.3528
138.1427 -45.6419 567.7251
-210.8376 124.1234 -383.7685
-34.0194 -102.0128 -98.8597
91.6210 -77.2461 227.7301
262.9229 91.2918 -73.8453
-19.8242 -89.3761 -112.1541
-195.0924 142.6030 375.2281
30.6270 207.1290 -153.0813
-179.2167 136.0352 723.0124
118.0767 108.0714 611.7806
4.7852 -94.9495 -282.7440
102.8478 -1.5618 620.8347
173.7512 159.8427 838.0500
59.7669 212.5977 807.7576
52.6565 -75.2658 742.5059
118.2334 196.1915 509.8939
163.3790 -125.2547 -238.2562
173.9074 156.9521 450.7930
-233.1055 16.2279 33.8937
27.0563 204.3946 -315.2952
-135.2239 152.3714 860.4831
170.4866 108.6914 401.3577
70.5529 -63.1472 38.2851
-38.9402 160.6446 -264.3976
-148.9362 142.2748 -86.1688
-75.1171 54.6175 -121.1574
96.1781 -151.1894 -162.1403
-140.7724 144.2383 -299.7014
-192.0899 -109.0898 -218.6899
185.6536 -32.8314 70.9391
122.9329 180.5829 -423.0269
-141.5238 149.6873 831.1179
-100.2919 204.5911 605.0876
239.8040 40.3320 137.5194
95.1018 180.3149 -426.7350
50.9736 207.1290 -147.8971
-89.8559 157.6052 17.0538
-94.3463 -87.6728 -581.6470
-229.0555 59.4212 0.2033
104.9805 -45.3665 -662.2795
-227.1628 116.8946 345.0242
-279.5743 36.2149 119.1240
105.9852 133.3008 258.5415
215.3321 -5.7654 57.1712
120.7701 -13.1426 -591.1448
-14.4908 152.4415 376.2221
-8.4593 212.5977 735.4885
-29.9688 -49.1886 534.4557
-83.6241 164.6399 -348.2550
10.5666 163.3790 -155.5569
-32.6928 75.6739 748.0535
45.0161 174.3237 -348.2550
189.3501 144.2437 295.7343
270.7768 66.5753 82.9308
-199.6523 55.9577 322.2246
-55.3904 204.3946 -585.6744
-151.0159 -51.6415 -237.9646
-67.8799 160.6446 -100.1789
-98.6300 -84.5598 479.0232
-153.1102 -163.0348 -380.1788
121.6678 155.1758 856.9144
-3.7505 207.1290 0.7118
197.8824 135.7114 -386.0172
-239.1350 37.1394 213.9399
-206.5486 79.1937 -46.5024
-48.5119 207.1290 71.4074
-201.3721 119.6289 -333.0179
-111.4684 198.8832 848.1247
262.4308 63.3782 392.0968
-137.8833 96.9918 -86.6550
-143.4801 125.0977 424.0280
35.7630 204.3946 -579.0453
-1.2122 -75.0249 661.3967
38.5107 207.1290 -22.7593
-58.3993 151.8748 6.8198
155.4510 -64.3885 486.2596
-171.9511 135.6662 46.9928
-36.5079 212.5977 680.6179
87.5887 160.6446 608.5335
173.8299 148.8264 -459.8606
-60.9806 36.4257 668.3786
31.6388 207.1290 -151.6084
-205.9595 123.9282 -303.6245
-157.2972 -36.8435 143.9033
-205.9036 123.8723 -306.6190
105.3571 -71.2250 198.3488
-98.4436 -66.0209 -265.8168
102.4875 114.2180 -89.7868
-205.2369 23.4903 -123.8805
171.1331 151.5233 -448.4402
158.9225 158.2651 -457.1129
-195.2869 -26.1052 -179.0510
-256.1398 67.8838 561.4109
-210.0758 24.1999 148.7850
167.6660 -70.9692 9.6645
-123.1292 -186.6212 -230.2589
24.3624 92.2852 693.4854
-36.6905 160.6446 -424.8912
137.6592 146.7159 -45.5281
-6.2761 128.6248 -63.4690
0.6623 168.8477 870.2468
264.5509 76.1152 315.7997
-167.1222 137.7607 97.6864
153.9954 168.6610 153.4122
-217.6181 32.5772 284.3213
-11.0958 124.3205 600.6478
181.6445 143.7462 -500.2303
76.9066 207.1290 -174.1585
86.2112 -153.3687 -411.4372
-111.0732 -95.1554 -564.0751
-38.4451 -6.9997 -720.6713
-63.7602 212.5977 780.4850
11.3979 163.3790 -590.0501
-20.4564 204.3946 -294.9664
-78.9725 -83.2465 24.5250
-89.9265 -65.3741 -399.5403
-117.2412 193.1104 98.7713
-63.3093 163.3790 481.5121
-167.2304 136.0352 17.3364
177.0508 86.0676 361.4886
49.6974 75.5494 846.5735
-176.6806 152.4415 -52.4320
89.8027 15.3420 789.3970
162.1730 168.6865 825.9580
-124.7515 147.3189 -169.7580
-168.0256 139.5917 840.1542
-276.1025 98.3681 133.3949
-222.1865 40.4244 -79.8499
122.1069 101.1766 -101.3587
264.5509 36.3723 89.2940
-224.9024 62.4143 94.0141
114.1379 189.0466 -692.3973
-203.4744 -78.1663 -48.6950
43.5871 168.8477 881.7234
118.9580 -52.1916 -871.9954
-65.7019 194.6530 -694.8751
-272.7878 101.3893 350.4907
46.4848 -37.1794 -742.2891
265.9834 57.2872 359.8659
-113.5502 -95.1182 -564.0751
-148.0440 170.5108 -388.8448
-178.4180 51.9586 380.9336
27.6999 166.1133 187.9377
45.2616 126.7915 592.7239
134.9073 185.9300 797.3258
115.7968 155.1758 517.0609
185.0785 145.7810 163.7217
143.9833 126.7200 465.6327
-118.5165 -42.0005 -461.9845
27.1455 199.6515 -426.7350
-96.3887 204.3946 -381.8148
-80.2386 160.6446 525.0068
204.8112 136.9857 483.8689
83.3853 122.9986 595.2557
245.4102 23.2494 466.8414
-38.2888 -82.7149 48.4451
17.1090 150.1781 362.5073
-6.1523 -67.9216 -158.7925
-185.6483 130.1721 1.8782
-123.4024 124.7294 597.6560
13.5864 166.1133 499.3829
-204.4998 100.4883 105.3506
203.2878 133.0404 -17.7136
-178.3937 45.0536 382.4962
-142.6996 119.6289 374.8492
123.5414 190.9118 477.3840
-191.8629 126.6919 484.0583
190.7227 69.6283 260.0873
102.4664 193.3842 -345.1593
-204.8263 122.3633 56.5283
89.8293 -85.4461 -868.8513
62.6577 63.5329 754.7142
119.5599 136.0352 458.4337
155.5875 122.3633 108.4125
100.1644 136.0352 309.0310
40.6732 204.3946 -637.6909
-82.8718 2.4114 -180.6226
90.4602 209.8634 507.6261
221.0403 -4.5457 507.3037
42.9474 -131.8397 -439.7550
76.0622 161.8285 507.7668
-29.7891 89.4735 681.0363
120.4817 -53.1512 329.1463
272.7540 79.7586 348.4620
-161.6247 121.3832 161.0468
-139.9466 -64.8019 57.5587
18.0778 207.1290 -158.3679
-8.8867 -66.0437 -166.7607
34.4791 94.0048 825.7511
-219.3901 -7.5631 483.0669
-44.1868 -108.6059 -96.8507
40.7000 -30.0874 -490.4779
39.1470 163.3790 -321.6254
72.5983 157.9102 -287.1968
99.1950 198.9259 -623.6888
66.6360 -85.2765 -880.0690
135.9841 146.9727 148.8572
58.5203 -45.8129 -680.8319
17.4133 152.4415 398.3914
50.7336 -82.7149 126.1058
-188.8520 125.0977 -664.5760
-108.5407 196.3422 -418.8820
13.8599 166.1133 171.5064
175.8000 130.5665 -478.0699
84.6593 -101.2092 -873.1794
-195.3817 105.9473 58.5349
43.0268 200.8319 -346.9663
-131.8680 149.7071 650.7094
109.4952 -61.4033 342.8466
156.4795 -15.9390 -210.9150
46.3606 -167.5932 -281.7855
42.4807 163.9235 -424.7674
-73.5395 -2.3908 765.3030
-25.8936 -129.3050 -229.3514
174.3165 -78.4919 -244.2370
103.2227 -7.1386 -689.9685
10.6235 -63.8677 645.8251
-60.3137 -45.6216 567.3451
-219.9924 89.6352 108.0069
-171.5610 99.9616 -65.0248
-146.0712 141.5040 -679.1085
-58.5070 -135.7436 -153.6672
212.9198 -26.7583 7.1701
2.4103 163.3790 25.4180
-122.8149 -148.2944 -129.0562
-186.3118 58.3333 362.0750
-75.1518 -46.5142 -451.1887
149.9891 -38.9649 203.0553
-55.6341 160.6446 -684.7696
127.8321 -24.8129 -595.7749
140.7280 177.0508 227.5131
-183.8868 16.1710 428.8483
52.2907 149.7071 496.9833
220.1082 118.9545 706.7682
-46.7184 163.3790 326.2407
-215.8251 -51.5056 -117.6112
202.4604 119.6289 215.3311
181.2797 66.0205 325.7497
9.1226 166.1133 428.4767
27.4470 -84.1489 -536.3672
-137.2889 179.7852 167.3445
148.5197 174.1367 487.0510
-1.8081 5.3321 -154.5974
-236.4711 9.5178 497.6889
85.3675 157.9102 24.7000
215.8402 105.7306 571.1566
155.7682 141.5040 179.5035
-103.9635 131.1945 575.6530
-213.0754 -16.3367 67.6940
209.8687 101.3286 584.9427
207.6062 131.4564 232.9207
16.4031 162.6922 -420.3617
67.6758 -66.1272 805.0455
-20.7668 209.8634 215.6431
-39.2892 152.4415 456.3624
-181.9853 131.1008 20.9935
-191.7879 126.7669 117.0743
-125.2112 152.4415 674.0673
157.7399 168.0134 558.4022
-169.8296 156.9283 -85.6768
-129.8396 146.9727 -114.9590
24.1645 146.9727 234.3294
-135.2731 144.2383 -495.5742
-161.6693 163.3790 711.2513
31.6973 -89.9495 -532.6592
-62.0539 -57.5868 -252.1844
58.3690 148.0285 214.9299
196.1233 121.0643 -65.2827
-167.8065 156.2170 -297.1773
195.4814 138.1125 -412.7902
191.1325 130.5665 644.5452
156.4674 141.5040 89.8888
63.3402 18.4570 -648.8990
57.8114 130.5665 580.1736
64.7607 162.8218 277.8203
87.8167 204.3946 -242.4729
-266.4066 46.8167 44.9852
220.5200 100.6408 -11.0804
39.6845 166.1133 403.1113
129.8359 187.3517 517.2321
-58.5897 160.6446 -291.6728
-271.3868 66.8143 388.5426
3.4247 121.1293 612.8066
2.0168 221.4442 -330.2549
-29.4440 67.8867 857.7525
-73.4175 157.9102 -688.5107
-118.5327 183.8425 -413.6551
14.3146 166.1133 372.7060
-57.5697 -12.0199 684.7374
234.1367 115.1914 383.6581
-155.5758 164.4134 -603.1544
-84.7889 204.3946 -452.7631
-97.3544 -71.8138 -779.8951
21.8879 155.1758 142.6727
-1.2479 149.4236 341.0370
67.8466 58.2084 844.8867
214.5760 74.0301 92.5385
-103.1429 165.0949 -348.2550
88.7529 -48.4197 -774.4405
-253.2777 43.4021 75.2418
-113.7141 196.6376 625.4256
-16.0212 -96.3867 307.4188
-241.6413 24.9429 317.1880
58.0546 -107.2890 -868.1008
82.1248 209.8634 472.1644
113.6284 149.7071 -567.4908
6.2096 166.1133 376.5969
47.5103 166.1133 766.4943
-49.1502 163.3790 320.6063
-227.6368 22.0883 71.0224
-190.5425 25.6796 639.2851
74.2638 -39.6396 575.5413
271.2283 76.5119 404.4636
-268.1513 105.9571 234.7163
28.3708 -93.3089 199.2232
117.4540 -33.7845 -475.0952
155.1758 -60.2436 -482.5145
20.8469 207.1290 73.3645
55.8214 75.5084 678.5251
90.4494 204.3946 -237.8865
171.5821 -41.4680 417.9526
-177.6580 -64.2813 39.1840
201.6127 142.9186 798.3732
-252.1095 115.3907 391.1622
158.1538 164.5026 155.7836
-203.0482 137.3816 643.1952
-144.9982 170.8222 -451.5504
-283.4854 66.4929 306.6788
-27.9446 207.1290 -255.5350
-78.4868 155.3024 -398.1390
-159.5218 137.1580 -651.9440
-26.4456 207.1290 -80.3954
-47.5669 166.1133 625.5453
126.3380 108.4946 -90.3958
186.4184 152.4415 836.7048
69.1804 207.1290 -17.6034
-178.4180 74.9969 311.2790
-97.1937 142.0641 236.4059
194.9986 138.5953 -642.9510
-195.6384 -72.4391 -11.7051
-45.6179 133.4890 -69.4174
209.8634 127.0504 239.0148
215.1893 111.4258 -162.9108
-40.5124 -62.0685 822.3052
78.1379 -51.7449 746.5750
-22.9184 207.1290 -88.5389
116.1970 178.9243 -348.2550
-241.2141 95.0196 -14.8538
-169.4715 136.0352 66.0135
52.6573 132.4020 -72.4058
-126.7561 150.7831 506.6985
79.2859 -185.4927 -276.8860
-68.1454 144.2383 262.4963
182.2136 145.9115 -103.7446
150.8131 171.5821 307.5544
-4.3990 -73.8545 -93.9694
128.8284 102.9682 617.0038
-107.4067 136.0352 370.9476
-4.6226 150.2813 -3.5315
-143.7633 -33.9711 345.6467
172.4350 131.0807 -312.5936
151.0981 141.5040 -20.4600
191.1921 128.7299 360.2120
178.4604 42.9345 384.1237
223.5352 -15.4235 -28.3088
-130.4193 185.2540 113.1947
204.3449 134.7177 255.6233
34.5799 40.5427 -718.4430
-36.1394 -154.6295 -271.9561
30.6995 160.6446 -572.0613
-72.7567 -114.8342 -855.8353
-98.5007 -26.5591 600.2867
-120.4828 -63.1450 255.6794
-199.8864 138.7696 354.9060
-2.2419 209.8634 319.5168
185.2540 -69.6618 -163.6918
62.5642 -70.6062 -806.5240
10.9031 147.0077 328.7188
-32.7869 -151.7322 -311.0856
-17.0898 -77.1480 -477.3216
-136.3401 127.8321 420.0164
152.8983 139.6799 -101.0247
-141.7897 129.9836 558.2457
99.5971 -70.1731 135.1338
120.3021 194.1511 517.1698
38.0733 -140.7095 -204.6071
171.6060 155.1758 103.5333
-98.4079 159.9906 864.8690
178.5730 155.0209 689.5270
105.2454 127.8321 -62.1127
142.4469 -64.2929 510.0362
76.6687 163.3790 787.9784
163.9407 155.9812 -386.3863
267.4721 86.6206 -8.1534
-38.5056 160.6446 -368.1877
147.8816 174.7748 540.0534
114.2589 -78.5984 501.9807
-22.2565 -85.0522 752.7855
205.5886 21.8887 141.0570
-50.3863 50.7174 743.7621
31.5859 108.2601 -86.6550
-186.6212 74.6159 284.2195
-129.4146 124.4976 337.5247
159.6561 144.2383 815.2219
-49.8265 178.3520 -413.6551
-50.0246 3.5687 -776.9175
-117.5183 -160.0548 -421.6057
-6.4376 209.8634 594.2524
143.6624 130.7289 522.5543
187.9883 84.0205 238.1616
-204.8013 132.8941 -688.3112
37.4182 -144.8046 -215.9688
-16.9379 166.1133 494.2769
54.6995 144.2383 254.8676
-24.4113 -79.9805 382.9478
-47.8672 -84.7812 455.7526
-13.7935 162.0059 -603.3292
39.7465 -79.5852 48.3391
-0.6109 204.3946 -485.8743
-14.1404 162.9034 -342.3381
149.6280 142.9502 366.6143
113.7025 -14.3555 -544.6617
-74.4225 207.1290 -262.1223
142.3817 141.5040 -425.9735
169.6500 -64.9778 -245.0533
-165.9800 -44.5669 420.3602
39.9283 -46.5493 -623.4493
-102.6450 189.4220 -322.0950
111.0953 -68.7999 -371.7265
-123.1237 184.4936 -418.3505
79.7152 204.3946 -392.9209
-116.6163 156.3177 -348.2550
6.0840 168.8477 566.2979
215.7450 -23.5129 -68.7009
-55.8107 -45.7450 -461.7873
178.9072 -85.8459 -179.3664
260.4506 99.9927 467.1575
175.6847 151.4180 -20.4304
-158.5788 124.2185 86.1511
149.5172 175.7433 668.4034
-240.0868 119.6289 352.2008
-49.2527 -47.8855 -767.4062
177.0508 6.8165 399.5235
87.9734 146.9727 517.5888
15.4956 165.0362 80.2657
-53.5813 -12.5407 -559.6165
147.7747 144.2383 414.7155
95.3628 212.5977 861.1262
-16.8973 209.8634 209.3230
184.8753 145.9841 47.8940
-126.6392 -63.5742 211.0946
-155.2547 -33.4173 274.6782
66.6979 -37.3000 678.7443
238.8899 35.8953 201.9067
-117.6566 -40.5200 -795.2473
-117.9130 155.1758 829.2319
-172.9794 152.4415 -397.0972
172.2492 115.6447 78.2388
-128.0586 146.9727 -538.5155
0.7905 -71.4187 -252.8229
266.5450 54.6308 195.4743
-271.3868 56.7552 465.7285
26.2633 207.1290 100.2758
3.8078 209.8634 367.2651
144.8057 168.8477 -535.9786
-67.5499 -77.3282 54.1513
-40.9366 -95.7359 -338.3344
-158.4601 162.8290 -258.1663
112.3479 136.4803 30.2346
132.8283 146.9727 -132.5990
-171.6289 -5.9951 296.1993
-49.7614 -42.0524 -778.7132
186.5650 149.7071 584.6506
-285.0587 90.9099 200.1922
-93.7113 -141.7720 -452.2539
25.7983 163.3790 -87.7996
-78.4565 149.7071 143.4398
-108.1174 152.4415 -131.4329
-21.0368 114.4962 628.6714
-152.2345 67.1071 645.8251
15.7227 -103.8383 -379.9450
95.6159 144.2383 57.7631
38.0632 -91.6769 282.5137
-194.6262 143.0692 431.1978
162.2130 114.1602 216.1893
-154.5651 -85.0570 -378.6231
122.6703 186.3142 -89.6028
-64.7420 -162.4714 -376.1087
133.3775 -52.4373 -259.4881
-141.3814 177.1734 255.7991
-147.2162 -33.2526 372.6126
-4.5480 215.3321 -309.3457
-238.5926 84.1238 573.8851
-129.6206 -30.5138 597.3682
103.3346 136.4017 543.5785
161.1013 -112.4164 -99.9267
-201.4349 122.3633 306.9900
182.5196 -68.0218 -194.9327
138.8172 181.1048 580.6085
177.9171 -84.1330 -198.9113
91.7522 -74.5117 147.8829
81.8493 -31.9478 774.1216
12.9597 -71.8481 649.2643
71.5832 209.8634 282.9216
198.6652 136.0352 -647.9166
-188.1245 84.7178 325.0395
-84.9218 -93.7211 1.4706
-202.3239 5.5637 -143.9277
213.3504 31.6355 331.2849
-29.2558 207.1290 -244.3376
81.3477 46.5055 812.7999
161.2556 158.6664 -275.1489
266.8329 54.9188 398.2520
-161.1677 141.5040 880.4797
140.5406 -14.6306 -213.8771
182.6971 153.6311 870.5001
-219.4337 -34.8751 -108.8850
117.3885 191.5959 4.8907
-67.5792 -93.8475 -858.1440
71.2299 -55.2554 -871.4551
7.0419 -73.6888 -500.8028
-113.7144 141.5040 92.1255
-172.5071 -119.1868 -339.3813
-181.0806 18.2537 -152.0550
-189.6402 144.2383 54.4052
63.7390 75.3854 792.1887
-70.2752 149.8421 39.7943
-135.9312 177.1548 -333.6008
88.1894 -82.6623 -868.2970
85.5534 -18.6337 821.7333
19.7330 204.3946 -543.0090
207.2230 119.6289 383.9783
-54.3027 209.8634 448.9846
158.4586 160.6446 -276.9078
-203.8751 125.6528 -350.1973
111.1494 -38.7644 -243.6150
265.8604 61.1786 3.9570
162.2044 157.7176 -371.1092
37.9803 167.2935 741.1230
60.4236 157.9102 -268.1240
-68.1836 204.3946 -355.1358
82.8736 -75.5971 -577.8292
125.2336 187.9883 184.3136
272.0225 93.0717 364.4736
-3.0719 -85.6586 831.7143
-208.2499 74.6003 191.6720
44.4941 21.5135 877.0802
-180.2050 130.1467 -649.5259
-121.3309 189.0208 -78.9423
-80.7728 149.7071 175.5835
105.6952 157.9102 663.5973
-151.5418 167.0130 -464.0228
-160.6399 122.3633 57.1565
-225.0203 64.4157 91.4644
178.2077 130.7767 -96.5170
89.1657 3.7869 760.2365
-231.2308 96.1861 -35.0691
-247.6057 51.0249 568.6340
28.6843 -34.1921 -228.9296
-101.8555 -20.1173 -734.4229
46.1378 149.7071 402.5269
-30.7617 -130.1028 -377.7287
202.1161 119.6289 226.6780
-98.2473 -74.4786 119.2757
84.5182 -86.2999 -883.2997
-213.2956 45.1030 256.0029
217.8581 122.3633 176.7789
254.4285 111.9778 366.5197
112.0287 -75.1314 -875.0710
-17.2327 -23.9651 -175.3807
-130.8625 104.1754 639.2851
147.4072 146.9727 673.1562
108.5231 155.1758 178.4923
-132.5511 159.9622 -694.8751
-26.4510 207.1290 95.2955
-18.7783 209.8634 498.1533
154.5678 -88.1445 -13.1672
83.9973 201.6602 -344.8781
68.0913 -0.3417 630.2928
71.1717 53.3587 -766.5370
-106.2806 -19.3130 -206.4223
-60.7179 166.1133 807.7963
-224.9024 85.7628 -23.0710
132.0953 187.8267 620.6951
-33.4746 168.8477 797.5095
-30.8076 163.3790 -87.9487
-120.5564 190.7227 491.3799
-136.2476 133.0884 37.7157
41.9924 -90.6248 201.9188
-126.6280 150.9112 510.3402
-208.1724 129.5230 -625.4149
126.3688 44.3107 -152.0550
-58.9252 137.1405 567.9716
-54.7880 -85.8654 0.6396
-33.6005 108.9549 639.2851
149.3466 -88.2500 -7.4717
-83.3474 -164.3202 -193.5462
120.6366 149.7071 -4.2978
209.8634 69.8899 87.0255
75.1468 -58.7081 -402.4037
-33.1722 152.8619 464.9694
115.0968 155.6064 770.9327
-20.9529 -99.2693 -481.4002
-40.3466 166.1133 478.8458
14.0390 -61.6608 469.7946
-86.3236 144.2383 350.0090
-185.8675 -124.3679 -279.6422
-41.5141 198.6138 -694.8751
-178.4180 45.5429 413.0633
-43.0257 -94.3152 -45.8277
25.9068 212.5977 735.4613
204.9697 131.3585 -601.9366
-232.9117 6.5637 28.2586
56.3515 163.3790 412.5407
-20.9871 -107.1199 -436.7732
-259.6622 40.8553 84.0161
-117.7688 154.0492 615.7915
-182.1958 106.2809 4.5578
-134.4422 178.6439 -432.5545
-104.2576 -208.4962 -338.2087
-47.8404 155.1758 86.3429
13.9226 209.8634 638.3721
-287.9377 69.1876 16.0284
-162.8493 155.2394 -343.8704
-191.4316 -112.0841 -119.3529
23.5054 166.1133 229.5335
-81.1450 155.1758 -384.1322
22.7173 100.4883 815.7445
-132.7161 152.4415 748.5900
-255.8934 108.7941 414.4963
208.5563 122.3032 107.1595
-185.7234 143.7689 -604.9518
-178.6948 148.0632 -453.2881
-167.2459 -166.3479 -234.7078
255.7034 43.7893 329.7814
55.7065 -109.7339 -56.4484
51.6910 204.3946 -471.5573
263.0587 89.4925 518.7333
-194.8243 -105.2689 -197.9794
244.0966 18.5106 525.3901
-138.8770 133.1935 162.3538
55.6509 212.5977 819.2043
-39.3229 160.6446 -478.7680
-55.5018 163.3790 247.9021
203.4472 132.8810 -619.1482
-166.8959 118.5700 577.8159
272.7540 68.2570 4.8959
-57.5353 209.8634 435.8965
69.3333 -50.2309 -254.9050
230.6143 100.0524 -5.3661
-212.3033 108.6914 340.0256
200.6836 119.6289 -516.6777
32.6609 207.1290 -61.6275
95.2578 -74.5117 292.2448
-166.1144 119.6279 151.3490
14.9151 181.8667 -348.2550
81.6069 -64.0725 -280.7768
-23.7415 194.5626 -694.8751
-163.4707 122.3633 489.9410
-122.0820 152.7228 822.4610
168.7449 -8.0588 480.0990
-235.8399 29.9531 22.5952
96.2196 204.5618 107.3808
275.4884 92.1284 300.6140
-276.5376 55.0532 359.4131
-162.7519 138.7696 -23.6586
80.4719 -29.9783 720.3365
-208.4962 -55.7973 -161.6331
42.1109 14.4375 -674.4668
83.7218 204.3946 -496.5863
43.0603 -81.3538 -318.8171
-64.1189 163.3790 680.5808
89.0577 209.8634 523.8087
46.4696 -81.5132 96.8610
-137.0903 -80.7513 -839.8523
32.2643 -106.6958 -496.9081
182.5517 -81.7068 -71.2408
79.9530 -77.2461 125.7278
-14.6846 155.1758 128.3373
-83.2969 -82.7149 497.5002
-198.4250 122.3633 23.0681
-121.0174 189.3342 -349.4249
-270.3571 40.6696 352.4565
261.9531 89.5508 -25.5684
-131.7897 181.2964 -488.0419
149.1084 -107.3406 -59.1021
-158.7092 165.3143 328.5438
-103.1105 141.5040 195.2687
-38.9649 -13.4476 -723.0903
-82.2633 160.6446 468.1047
141.1254 -109.6394 -479.0551
220.1043 47.8646 87.5706
176.6570 155.1758 588.9447
-165.6612 -38.5419 565.0867
130.6187 -119.4298 -73.0986
-167.8624 -26.2783 201.5500
195.1515 138.4423 -516.3507
6.9830 209.8634 377.4296
-76.9612 209.8634 332.7217
-164.2509 160.6446 50.6847
-270.3400 51.9657 303.3739
-119.4079 125.2587 -50.8287
197.4701 141.6450 472.6407
138.1852 179.0024 103.8885
233.4685 111.7887 88.4530
-188.2206 97.5969 453.8262
43.5810 176.5266 -348.2550
-111.7791 -203.4974 -287.2492
22.1158 144.3581 276.6016
-85.0378 209.8634 656.4246
-102.0657 136.0352 561.9286
35.4813 204.3946 -280.6542
-149.8674 144.2383 596.7716
-14.3555 -103.5054 -231.3348
69.2045 157.9102 -537.7660
-179.7444 152.4415 868.2794
204.8286 128.1705 626.2051
1.2211 168.8477 790.8029
149.5110 174.3165 599.1536
73.6028 -82.7149 249.9074
96.3902 -99.0876 -534.7253
99.9680 -95.1603 -544.1185
178.1986 152.6609 446.4367
54.8405 28.0463 -785.1208
-104.1904 154.2081 -418.6512
-188.9939 -17.2489 479.4355
52.4444 -79.9805 -346.2092
-205.6583 18.3629 168.4274
-119.7380 -63.5742 147.8464
-208.4962 28.9196 165.8259
25.0394 155.1758 43.9831
-161.1910 122.3633 84.6192
50.3650 204.3946 -299.7625
135.8793 156.0645 -694.8751
151.8451 78.8183 633.6811
-90.8758 209.8634 758.5806
24.9312 155.1758 144.9294
32.2245 -126.4649 -437.7926
-14.2832 168.8477 673.2733
73.5805 -26.8823 -224.5264
-136.9473 146.0606 -189.5259
251.5407 115.3224 442.8689
-193.0981 144.2383 266.3146
156.4622 141.5040 276.3585
46.1506 -88.1836 190.3826
-120.6489 189.7028 -351.6888
115.0896 -11.3567 -566.9303
-197.5587 74.3375 300.6141
127.2145 152.4415 513.8929
42.0002 54.4954 -763.0894
-183.8263 13.4558 -157.6216
-201.1494 100.2978 32.6577
117.0694 -47.1680 -868.1164
-96.3470 -173.0274 -390.5782
184.8269 71.1288 260.6624
121.1982 16.2739 639.2851
93.3059 -80.2774 33.6249
-104.4957 155.1758 497.6057
93.7586 207.1290 86.9811
211.9237 129.8733 537.1053
-193.7485 125.0977 400.6660
-79.4867 -180.7034 -237.1823
-124.4614 -195.5858 -261.7863
-49.9024 -49.2584 -754.9211
111.6761 157.9102 882.1664
-15.2452 212.5977 694.9265
34.8633 -6.2636 -671.0841
-87.0329 204.3946 -466.0964
-170.1266 -105.9803 -456.3764
-109.5775 157.9102 891.6834
170.9312 8.0957 321.7600
48.2186 140.0765 -54.0992
-58.5120 165.5898 -426.7350
136.8298 144.2383 -264.6852
-208.8455 129.7191 -203.1840
-115.7276 139.9365 140.8900
-126.9777 -61.6942 288.8346
261.6692 52.4894 53.6507
93.9088 35.4993 658.9051
55.7722 -89.4042 -884.1845
-280.7133 45.1223 151.0155
-152.1335 168.8477 -57.7274
64.4309 -86.5157 -883.8159
-55.7370 -141.2596 -444.5447
202.0268 126.0983 847.5126
121.3433 185.2540 -243.5016
-26.3022 -75.2974 -421.0513
115.1625 201.6602 838.1743
245.8253 89.5508 -27.2730
-19.7215 163.3790 -189.6149
66.4929 -54.0742 -413.4869
199.8763 127.4153 -359.5281
-119.4140 149.7071 -475.7880
183.7513 144.3738 -81.9565
-191.5825 140.6442 -461.4563
70.4102 -62.8376 802.2670
132.8480 -52.4214 536.2432
53.6347 151.4435 32.3839
-2.6129 168.8477 683.6453
57.1252 -165.0990 -236.9936
-168.0638 158.6941 437.0855
-134.8458 146.9727 43.7017
-107.4942 -60.4760 -259.0946
44.4336 166.1133 405.1107
-28.0274 -56.9008 -549.6971
-121.8244 187.9883 -570.7498
182.0739 -6.7194 456.1651
-58.7190 -85.4492 107.9781
-26.8626 212.5977 837.0417
-44.0539 212.5977 708.3689
-151.1497 122.3633 444.4571
105.4236 195.3577 -693.7941
-25.0363 53.2343 870.6398
-265.9208 38.9676 349.4268
225.9422 121.3235 895.2642
149.2930 -37.6023 268.7956
103.4227 33.1741 -159.3651
173.8877 156.9718 526.2375
192.8606 121.5927 -335.9013
-75.6893 -88.1836 276.5233
52.5880 209.8634 467.3471
52.3278 158.3420 -442.7913
-108.6940 196.1889 -565.3281
-132.4834 156.8487 -335.1750
-184.7401 144.7522 -415.0287
72.2238 209.8634 571.9025
129.6228 182.0960 -44.5798
122.9791 -79.0246 -316.5388
-85.5259 -75.4804 -769.3154
-140.8935 149.7071 806.1447
-22.5586 -52.0994 -494.4356
24.3246 -82.7149 86.9306
199.9257 136.0352 -683.8363
177.3425 150.7826 115.8831
200.2710 88.2690 606.4336
167.0545 133.3008 -563.9738
228.9431 24.2167 -59.9450
-17.0898 46.6224 -101.7942
-221.0988 56.4403 178.9232
-196.8764 -26.3162 -176.5768
-53.8416 166.1133 618.3912
-111.9553 -88.3942 -579.9214
-156.5430 -55.8243 -514.6246
219.0775 -6.5085 523.7657
-144.2729 174.3165 442.5416
220.5520 126.2160 801.1174
121.6126 -101.4579 -18.5084
63.9321 212.5977 868.3542
82.3785 146.9727 456.2167
-77.2016 -184.8482 -252.5611
67.7072 207.1290 -4.7312
-147.5573 -30.1785 348.2581
206.3621 135.4349 418.3137
-94.6239 155.1758 -275.3104
-115.8236 155.1758 622.7668
97.7539 -27.5715 -720.8651
73.8993 125.0590 -82.0130
-26.0639 209.8634 212.3609
61.4264 151.8549 104.7323
-163.0242 -14.7103 368.6036
80.6177 -71.7774 69.5716
-107.1514 -11.6211 -560.7552
-108.3633 157.9102 892.3094
-161.4706 159.8186 -488.4043
-77.7653 -81.3842 501.8578
-80.7243 212.5977 722.6850
-22.5991 74.6423 707.8583
-147.5081 173.7811 695.9346
-146.6737 132.7056 516.1562
22.0673 -50.8005 -575.9799
-174.9830 -104.5687 -47.4150
86.2769 155.1758 -511.3615
210.5082 136.7576 852.8287
-36.2707 166.1133 252.3831
190.4044 114.6057 476.0893
-191.9786 144.2383 597.9307
-228.4755 108.6914 524.0040
99.2266 209.7579 755.1671
122.1858 -77.2461 497.3158
164.0599 -50.6059 433.3163
-210.1849 59.1244 230.5990
129.5038 -76.8520 31.0650
-58.1103 147.9652 -22.1512
-93.4733 207.1290 -84.5587
-155.2167 163.3790 -465.8329
269.7071 88.6187 -61.5355
-209.6430 128.0525 -186.8283
155.0779 -45.1539 511.9894
65.1161 163.9238 676.8042
107.5885 125.5577 575.4230
98.6880 2.4839 -654.8715
171.5821 -102.8287 -203.8761
-152.3222 166.2326 -499.0637
-287.8671 63.6483 187.7025
46.6346 204.3946 -370.4927
-69.9923 209.8634 446.8297
-178.4180 40.3483 422.9109
-147.2597 -54.2787 -550.9658
-77.5441 -123.2606 -868.8979
-204.6293 133.3008 -474.0390
-211.2621 67.6943 -60.3753
198.2672 87.0440 510.6047
-86.9103 138.7696 555.5098
256.1972 95.7421 -85.1133
229.0040 10.8698 -50.5683
-171.0685 0.1923 -172.8500
98.3991 204.3946 -2.1333
48.8539 -63.7141 -396.9706
86.0378 207.1290 -30.3361
-191.7868 125.0977 -194.3251
-148.6855 144.2383 442.2326
-203.4141 137.0157 447.8120
47.9821 189.3453 -413.6551
261.8165 85.8422 114.3247
78.3973 209.8634 420.7316
97.8593 -57.2592 54.9491
257.7295 108.6769 298.4281
82.6167 207.1290 50.9779
-230.5792 110.2667 218.0031
174.9321 133.3008 -98.5698
-62.4934 160.6446 23.6819
-281.2441 77.7865 352.2115
4.7852 -117.9120 -287.1212
207.7755 131.2871 134.3867
-112.5088 -152.4715 -433.2032
-7.4463 209.8634 455.2819
-156.5652 167.4584 408.9384
-210.0179 117.0491 -595.1458
-200.5214 122.3633 -33.5756
103.8921 207.1290 717.5555
174.1161 -82.7149 -39.1473
-170.9459 113.3367 444.3855
-98.5774 -46.3445 -718.2020
-144.9438 173.6110 -237.5081
-249.5265 77.1041 -50.3805
25.3638 0.7543 -184.7550
91.1973 14.9590 -775.4666
70.0406 -82.7149 433.9514
-51.5403 5.0559 -639.7390
27.0152 163.3790 -129.2076
-191.1284 -27.6216 539.5712
-164.4421 47.0997 -126.0582
203.3429 135.7197 197.1839
123.3149 -53.9490 97.5904
200.9186 119.6289 -694.4285
200.1502 113.3647 496.4308
69.5107 6.7331 861.6451
204.7021 105.8719 492.8705
-39.4254 -93.6524 311.7378
-282.3243 63.0258 150.6302
-208.9553 122.5254 -341.0045
-183.1072 -142.2835 -252.3604
-193.2089 100.4883 362.4573
-69.6309 157.9102 -613.5275
93.5212 155.1758 -105.9705
137.1466 153.1235 -335.1750
43.1201 83.3978 748.9569
-170.0729 159.4194 888.2391
114.5772 157.9102 862.3948
-66.1590 -89.7005 220.6644
-271.8029 91.5716 379.9597
-102.6671 -208.8830 -329.6510
-79.5658 207.1290 -200.0778
-106.5934 201.0239 378.9271
148.2219 141.5040 -60.6561
118.4659 193.4571 417.5871
89.6786 156.8535 35.3832
-174.0814 136.0352 663.2031
144.4766 171.5821 -116.2077
80.2244 163.3790 724.6738
-145.7084 172.8464 -108.6353
71.6917 -73.2428 -576.9202
-9.6228 152.4415 461.4698
-29.5943 204.3946 -368.5680
-184.3687 109.8438 61.1337
7.0718 215.3321 -306.6943
-189.0971 22.5627 636.6431
-160.1373 -65.7199 -443.2800
-175.9221 134.4296 373.3127
216.8786 84.0821 -65.4596
-101.7414 156.6571 397.2102
-67.1945 -79.9805 70.8066
-83.2002 -59.2238 -420.7903
187.7221 145.8718 294.4550
31.5954 -131.8149 -419.2029
197.8640 135.7298 -556.9810
-92.3438 -58.1055 -701.2146
-182.6769 149.5498 141.7947
27.9509 206.2967 -275.0356
-71.1965 152.4415 162.3458
141.6801 170.0388 -481.0688
178.5402 130.5665 -125.1343
-15.0193 166.1133 248.8616
237.1319 110.3701 501.2002
27.8337 -39.0077 -475.6827
-107.9558 89.5270 652.3651
-5.3551 141.5040 244.4359
-232.5151 60.2494 41.6509
143.8921 -79.0337 23.5196
-190.6531 125.1673 -183.0031
-91.7262 204.3946 -303.1364
31.9349 90.5596 -90.3182
-227.3039 108.6914 541.7354
-201.2473 91.8723 287.2851
89.6061 161.9565 784.9808
-201.7602 -85.3493 -67.1255
-10.9181 3.9948 -126.1039
-74.5026 7.2742 -175.5319
-129.5235 183.5625 25.8272
-147.7077 146.2377 671.2836
122.9155 149.7071 -27.5525
215.3321 115.5549 193.7517
-172.5771 155.1758 405.2072
224.7134 -9.0757 2.3362
44.8242 -67.0575 843.5038
68.5874 -82.7149 181.6906
96.4495 -120.7037 -63.0656
95.5084 -81.8442 -569.4276
151.7607 -158.5910 -287.3263
-8.1523 152.4415 376.1504
15.1079 173.4121 -348.2550
-83.9734 157.9102 -304.5454
-186.7039 10.5377 -157.7183
76.4200 164.1211 879.7701
-235.8399 0.5032 -41.0187
-105.7766 -71.3697 47.9583
-193.1325 -17.8288 -177.4888
-146.1524 -170.7302 -384.9546
64.4633 157.9102 -286.3224
58.8777 209.8634 126.5660
-38.1334 168.0394 -413.6551
-194.8243 98.3204 478.7289
-33.2930 204.3946 -488.5306
-68.3591 163.3790 735.6555
101.7228 199.0586 -263.4005
37.1325 163.3790 -138.9827
-5.2001 209.8634 526.0501
-6.1523 -71.0348 -165.3349
230.6065 5.9791 559.8279
120.3392 -36.1379 -637.5863
-3.3893 212.5977 852.6538
-10.8678 168.8477 745.2738
-250.7253 29.2408 355.5220
209.8634 126.6690 246.6875
-84.8328 160.6446 739.8595
-114.3953 193.2220 -477.3267
275.2312 93.9095 249.2247
100.3207 144.2383 493.3207
-222.7829 49.9552 -62.1682
-208.9379 107.7660 339.3970
-252.0684 93.8843 69.7504
47.8550 -146.2925 -373.2805
-204.9214 135.5084 827.6094
207.8022 43.7604 307.4883
206.5568 129.7715 -37.7199
23.3067 -124.4786 -382.3979
54.9077 207.1290 67.2620
-97.7580 204.3946 -102.9176
-208.4962 128.2923 376.9535
107.6291 195.8866 -285.4485
-188.0848 127.8321 -21.6120
-196.2336 119.6289 -379.6863
-87.5779 -46.1536 -237.9189
-271.3868 69.7218 470.1523
-33.8286 209.8634 448.1771
95.8116 157.9102 346.4941
142.6609 147.1830 505.3959
48.5803 204.3946 -565.8596
162.9246 159.7318 -40.8958
-43.5025 56.7383 -741.1470
165.8998 -27.8131 507.4619
2.9289 207.1290 84.5691
-133.1494 182.6710 514.8025
213.3018 -28.2520 2.6836
-103.4146 -120.7641 -56.6700
-253.3600 124.8444 -20.0375
-122.0699 136.3286 453.1431
-61.1461 -182.4237 -285.1633
-68.8504 146.9727 349.8843
13.2532 -90.9180 235.7718
182.0702 8.0602 632.7451
-100.4768 204.4061 659.4648
11.2122 118.9246 624.6198
-74.8887 157.9102 -64.5132
151.7739 31.8159 -162.6136
-164.0147 162.7432 573.0877
-190.0135 144.2383 325.4250
3.0306 -79.9805 40.8054
79.6055 209.8634 287.6800
138.4884 145.8867 -49.5378
42.2016 -3.4180 -574.2923
127.8098 146.9727 -178.0641
-49.7406 -79.5782 -285.1628
-238.5743 75.0127 580.3574
-181.9957 -26.3000 -197.8350
-230.8515 9.7082 35.1510
-80.4067 155.1758 -564.6932
-4.4172 168.8477 626.5327
-66.1378 -1.2552 -780.8536
28.3405 163.0658 -679.6026
-11.8543 212.5977 834.7584
81.9018 207.1290 -46.1173
78.5726 -70.5489 60.7293
-85.5287 155.1758 -673.6575
-72.1056 160.6446 169.9419
41.6150 160.7872 -135.5653
45.9921 125.6265 595.5102
-88.7794 209.8634 275.8645
-80.5017 204.3946 -594.9242
88.2446 20.8874 750.6110
71.6623 -122.6909 -471.7315
-174.3091 -128.2635 -113.8294
-27.7763 -96.3867 280.6992
185.3312 148.2626 431.3882
-234.2630 11.0349 17.0845
169.2177 111.4258 -16.5165
-161.1770 163.3790 673.6578
4.7852 -117.2234 -272.4291
-36.2305 -28.5924 -606.2272
-275.0704 69.3174 412.0411
198.4804 35.8837 624.8300
-21.9445 155.1758 429.3077
219.1492 97.7539 -48.8999
-98.6116 -208.4962 -329.8311
173.3939 110.9812 201.1508
200.7125 108.9894 -47.4150
27.4585 209.8634 592.1971
-140.0115 -52.6367 235.3249
86.7914 -146.9022 -423.5737
24.4590 154.2623 173.8599
213.5628 7.9401 -104.9727
-31.4141 204.3946 -481.1353
-109.4556 200.8961 799.4865
-172.9384 133.3008 -251.6503
93.3383 -67.2173 -604.4118
241.4103 108.6914 118.6630
-245.7283 56.4202 10.6033
110.3458 80.3217 652.3651
205.0495 18.8100 -121.0587
-202.8573 122.3633 221.5269
-183.1811 -53.0355 57.9592
88.6401 -79.3463 184.3301
71.6738 -79.9805 136.6577
-204.4772 122.4459 418.2384
157.7367 137.5759 -285.4441
9.3293 209.8634 377.5169
192.9061 124.2815 79.3302
178.7534 76.3942 443.8873
146.0141 146.5642 655.7899
8.1720 163.3790 -594.7512
-115.2650 -127.4133 -72.5733
2.4670 204.3946 -669.7420
-189.2622 99.2145 204.6085
73.4647 207.1290 -86.1757
-176.7812 152.7111 264.5179
3.9099 168.8477 613.3018
-213.1019 81.0786 -23.9626
-94.5215 -77.2461 258.6285
-127.0069 148.4502 -415.3649
56.0710 93.5102 659.2452
133.9629 185.2540 531.0700
-211.8457 97.7539 72.0687
166.0783 133.3008 -530.6494
172.3988 131.1169 -565.9399
-70.6322 -186.6212 -270.5802
74.3183 209.8634 115.0408
-48.3411 176.9809 -413.6551
-163.6055 8.7151 488.9966
11.9223 209.5621 -279.8416
-197.1112 124.1780 395.4104
180.7125 100.0484 363.8427
200.6219 125.4303 859.9572
153.6629 -22.7043 361.5287
28.1704 209.8634 586.9472
29.3385 -93.6524 272.9919
258.3115 108.6914 337.8284
-117.3195 115.4771 620.8018
-203.4878 132.5676 601.5613
30.6092 207.1290 -250.2416
-80.2413 149.7071 180.8121
-81.6590 -17.8592 608.0149
-275.9162 46.2286 296.5050
46.4045 84.2362 838.3865
-110.1924 -63.1244 378.4411
-149.4071 141.5040 -439.6092
-230.6718 119.6289 359.5554
-63.0016 157.9102 -352.5128
180.5464 127.8321 -553.8276
-75.8820 212.5977 739.8835
82.8570 -99.0500 -522.0751
119.0409 -11.6211 -571.7645
-80.9946 40.4379 -751.0563
153.5995 -20.0333 330.7604
90.4399 -83.4363 -883.3917
29.5122 22.3099 -773.3551
-288.0627 71.7213 33.8243
-236.7911 66.2227 593.5051
266.4345 53.6514 190.0008
133.1774 -93.9157 -5.5349
206.3712 133.3008 749.4110
189.9277 129.9943 296.8969
-260.4493 40.7972 504.9445
135.2887 181.8989 236.9117
-25.2472 207.1290 1.1135
135.5260 130.5665 473.4068
-278.8117 102.6337 302.9027
-98.3893 -55.4188 -752.0989
117.5987 17.8665 -178.2150
137.8212 -80.0084 21.1882
56.6344 54.1944 -714.7020
-93.9866 146.9727 71.2267
-88.0997 -84.7305 -353.2442
231.7384 24.9189 -43.5633
-30.6406 204.3946 -563.9543
-24.3421 -84.8380 65.5729
27.0607 -83.9854 -535.8342
-45.0205 209.8634 428.4444
26.3587 -69.8418 432.6367
-33.9467 163.3790 -84.1274
155.6910 -62.7222 -464.3626
192.7712 146.2914 582.8225
203.2024 138.5945 548.2560
31.6293 -38.1086 548.5781
-26.9549 -44.1389 -505.0311
94.9080 -31.9297 590.4446
160.6564 -23.9140 129.6670
31.7755 -132.3178 -193.0591
92.2852 19.2176 -722.0476
115.8049 -166.5646 -392.9557
82.4475 156.0145 -193.1987
115.4783 127.8811 316.0875
-136.9298 -33.4961 -502.7830
0.5647 -35.9184 -206.6142
42.7850 -79.9805 452.3531
-285.0587 77.8692 335.0498
168.3792 135.1366 -151.0333
52.3691 179.2148 -348.2550
-174.3201 -67.2502 38.6144
149.0733 109.2514 -67.2114
100.7325 -45.6191 -256.2605
120.3472 152.4415 316.9280
-50.6852 -137.8425 -177.3952
169.0403 -18.2645 203.1721
-42.3122 163.3790 -37.9443
35.8019 -16.2842 592.1620
-287.7931 60.4546 92.8910
67.9837 157.9102 -238.5153
99.2312 121.3584 -80.1150
31.4451 168.8477 758.9657
-3.6131 209.8634 314.1844
145.7347 -48.0080 -536.3453
84.0821 26.8651 838.0566
-105.5464 152.4415 -170.6811
220.8798 119.6289 671.0895
95.4813 155.1758 -200.3736
265.7824 53.8683 181.8046
237.6894 108.6914 163.5233
200.2308 133.3631 -572.1214
120.3868 -98.6367 -529.2636
50.2449 163.3790 197.2813
-156.6064 141.5040 124.3222
20.2527 160.6446 -651.1761
123.3353 191.1179 609.3966
9.1429 137.5914 560.3529
173.8374 148.8190 -452.7579
-183.8868 -134.3417 -277.6724
-55.3711 -55.9648 -730.6772
1.0720 204.3946 -679.6700
-32.2610 163.3790 -104.1282
-187.6897 144.2383 -117.3937
-165.7228 -40.7321 502.8791
160.6446 -81.9774 -438.1741
-8.1641 166.1133 294.6247
-219.7315 -50.9718 -69.4961
-265.2764 45.8008 57.5510
-14.9558 207.1290 -265.2719
-159.2774 -54.5001 -501.4968
94.1237 -34.0649 -863.0056
137.7205 144.2383 -226.5627
-128.8271 184.2590 48.8021
42.2997 175.8801 -413.6551
-165.4604 101.5883 -67.6740
-93.6304 207.1290 259.4388
185.6624 16.3351 247.3729
21.2477 166.1133 328.1172
183.8387 136.0352 791.3737
-130.1962 -33.4961 -497.8961
-79.8808 163.3790 831.7836
-13.6696 45.7234 876.5507
-12.3849 209.8634 142.7310
272.7540 78.8645 270.5421
-184.3264 146.9727 98.0807
165.7094 155.1758 -242.0357
173.2106 -107.0629 -168.2960
26.2999 -21.4592 -599.1833
-71.7774 -2.7741 761.0608
11.1333 -90.9180 748.1984
-98.7372 206.1458 380.1813
142.1990 -45.1057 242.6086
0.5209 -51.0124 -15.3300
202.1935 139.6035 595.2960
57.8875 209.8634 284.8982
8.6364 -60.8399 425.1164
96.6952 -33.4961 -464.4311
1.3161 86.8803 -86.6550
192.9492 -29.9025 542.1602
-151.8366 169.4526 194.6899
243.9111 29.2626 376.6701
146.0066 143.8373 269.7036
172.0276 131.4881 -627.8592
-7.6718 89.5508 707.9949
160.6446 -133.1520 -206.5054
-91.5750 144.2383 234.9035
122.9633 -16.3227 -566.0633
-174.1483 155.3439 870.5580
-90.1178 149.7071 510.9127
-28.0288 209.8634 419.2426
-83.5945 -20.2136 -208.5763
-52.6367 -58.0799 -761.7631
152.7835 -131.1709 -363.7869
-114.4924 195.8592 109.2998
113.3398 -47.3318 567.3451
-202.3776 103.9400 452.5648
121.7933 195.3943 850.3352
136.3673 183.5546 542.6929
-47.3346 160.6446 -230.1385
102.9910 -65.1731 338.7310
198.8237 8.6151 138.5697
142.5363 141.8388 -211.3154
-51.9127 166.1133 864.5903
-9.2664 165.6771 33.2916
130.6233 148.2830 9.5077
-98.5530 206.3299 635.6062
143.0442 -90.9073 -345.4247
-80.5376 34.2786 -762.2128
143.7023 141.5040 -482.9250
-198.3500 131.1423 870.9509
-223.9105 37.5977 235.2130
273.8812 78.5725 367.3986
177.0508 -96.2066 -153.8302
182.2514 -2.3189 185.8351
216.3099 113.0166 402.3788
-29.8046 163.3790 23.4748
-98.8329 -192.4600 -254.3103
-175.6837 12.3465 339.2503
-0.6841 207.1290 -112.7348
-133.2450 120.7895 319.4528
206.7267 122.3633 647.6257
-281.2977 74.1566 -40.0256
-171.5525 111.4258 -16.4268
-119.6013 -77.5094 -858.3751
-143.5184 144.2383 -158.9932
-128.4400 125.0977 337.3145
72.2733 45.3871 -728.7614
-80.5067 -49.2126 -243.6150
53.4945 160.6446 -308.0432
186.2378 110.9177 457.3029
48.9707 146.9727 329.6121
89.1298 137.7630 263.3797
-62.3114 201.3756 -424.1459
-162.3061 45.0295 -131.0098
-85.6870 212.5977 824.5508
230.1774 4.5914 551.2269
56.1295 166.1133 876.3961
-104.5689 141.5040 431.4782
-24.4213 204.3946 -327.8973
158.8314 158.3562 -498.8184
79.1511 13.0336 757.0051
30.6052 162.2943 -216.7793
182.7689 130.5213 -73.0869
81.1245 -178.3447 -246.7097
67.7310 -45.2893 688.4672
-148.4424 171.5821 110.3301
-185.9632 102.5135 204.8804
228.0573 50.8490 -19.2957
44.9114 207.1290 104.4075
-42.2294 209.8634 407.8828
43.0664 -39.1039 -763.0436
-209.3939 105.9571 393.8547
151.8338 113.4007 365.4652
-135.4417 177.8777 -319.3832
143.2234 -43.1880 573.5943
14.5269 209.8634 564.9133
-103.5012 -17.3618 -540.5346
-244.7014 101.5397 62.8250
149.2269 -35.3435 261.9763
-152.4623 119.6289 240.5641
-217.6103 35.3194 313.9089
120.6128 -61.4035 390.7650
-69.0430 -6.2606 729.4856
-53.4332 160.6446 -641.4885
-117.7079 -58.2839 -416.4983
172.5968 -22.0670 -197.8350
-95.7952 204.3946 -500.8888
-137.2294 145.7785 -17.8406
-90.7192 209.8634 336.5708
-139.6936 -31.6771 -217.4550
-85.6784 144.2383 226.5173
-199.8499 140.5799 869.0195
-161.0536 -82.7500 -510.7767
-38.2289 -76.2980 -564.5826
179.9367 130.5665 -67.8523
-211.1583 96.4590 49.0534
-135.2755 -134.7317 -477.4497
194.5720 139.0219 -150.3709
186.2407 102.8423 407.8056
83.5045 -77.0815 333.6804
-120.2575 -145.7111 -449.3726
-40.3146 154.9587 27.2339
-138.4593 177.0508 -377.2001
-175.6837 -130.6624 -350.4309
-54.2121 -93.0628 255.7829
37.5581 -75.7302 842.0251
-65.5935 209.8634 239.2781
52.2246 209.8634 277.9158
-96.6467 155.1758 -39.7059
-70.5485 157.9102 -255.5073
135.6509 151.4586 631.4811
178.4786 94.0629 339.2819
-82.5968 -63.5742 -676.9990
35.6777 91.0263 685.0651
-105.4549 152.9436 -31.6428
-213.9649 -15.6644 62.1323
109.6810 199.3035 256.3468
-156.6678 112.6610 282.8724
-36.2503 149.7071 229.9905
-4.9424 -71.2025 397.3051
-151.2469 170.0422 241.0516
-192.2750 14.9288 632.7451
-72.6411 212.5977 808.8480
215.0559 122.3633 235.3771
55.0414 160.6446 -149.0394
-54.0776 -40.2653 822.2288
-231.3477 19.8379 364.5723
49.4801 -82.7149 -337.1250
-195.3386 139.6224 -376.0640
21.6030 69.2124 -103.5841
116.8419 136.0352 180.0464
-34.9871 -74.2729 492.7062
-94.9371 -78.9734 305.0811
-222.1315 52.3521 192.0632
-252.2847 28.0659 519.5928
-34.0292 -59.5523 685.2556
183.8759 30.7889 -145.4759
-120.7060 152.4415 708.4308
34.9179 207.1290 11.3217
84.3909 207.1290 -79.9204
-207.2854 43.6086 194.1910
-165.4169 -83.4163 -495.3932
-80.9644 212.5977 765.7313
77.2529 157.5393 -337.5579
-30.5310 187.4211 -426.7350
108.3667 -50.2654 563.2068
174.2974 137.4214 561.3500
118.8090 152.4415 425.2300
266.4714 70.9636 478.6956
117.0633 194.6556 335.0724
166.9114 157.9102 -17.3211
157.9102 -67.8831 -464.5126
105.6105 152.4415 -320.3231
141.1557 163.5913 -413.6551
207.5018 120.7046 -214.3796
-12.3270 -80.4555 42.0110
64.9382 149.7071 51.7510
8.3121 40.8612 -133.0649
165.0423 138.7696 408.1474
-34.4876 124.5127 -77.3456
149.6264 175.7644 801.8906
142.7843 -36.6183 -507.3497
224.9993 -11.1463 -45.0489
-119.2465 149.7071 -116.0441
97.2400 -197.5587 -309.5150
120.5908 125.5030 316.4356
206.8500 129.1460 -468.4504
193.7114 122.3633 -185.9803
34.5700 201.6602 -417.9135
38.4468 163.3790 36.7488
-158.7105 143.4380 750.0202
244.5606 40.3320 89.6371
-116.7982 152.4415 449.2463
104.5717 152.4415 -97.6039
139.5229 150.8062 -426.7350
-26.9253 -90.6528 772.9103
-136.6342 177.0508 -414.7397
-147.5734 152.5927 -348.2550
168.1871 138.7696 547.6914
5.1058 166.1133 10.0320
-194.6406 96.5705 191.4768
99.1391 -47.4558 -671.2538
-118.1077 189.5096 -448.2569
179.8976 -24.9694 494.3622
-91.5035 210.6451 803.9016
-141.9270 173.8934 -543.9105
-198.4054 94.8892 489.6413
5.3698 204.3946 -686.3524
-24.3391 204.3946 -574.0395
116.2275 11.9799 633.6033
-17.4882 -72.8845 -247.2158
-70.4964 -24.4202 -212.0974
-112.9237 194.6936 -181.5095
-104.8685 152.4415 -57.7427
204.3946 87.5523 171.6198
-159.4722 -15.5278 387.4797
264.5509 55.5715 252.8384
-80.3016 -83.4339 177.4328
-194.8243 -108.1087 -182.3506
-117.7863 149.7071 -461.5968
-212.3547 125.1719 -686.6313
134.9541 146.6867 -176.1724
4.2934 212.5977 688.2776
-73.6692 -159.7178 -402.7916
75.8789 17.7145 654.7100
63.5686 -49.2010 -251.7476
209.8634 84.6558 59.0128
224.8227 111.4258 178.7903
84.2449 -12.6162 826.1755
148.3589 144.2193 318.1135
139.3299 -173.7562 -294.1585
-5.7413 209.8634 155.8675
95.4600 -72.6717 44.1450
-198.9951 2.2642 -151.8893
119.8012 149.7071 -23.7018
222.4594 125.3891 906.7747
-198.0020 99.5928 322.1628
159.2613 163.3790 -5.8579
207.1290 4.0413 95.9238
-129.7424 136.0352 169.6421
12.6509 -85.4492 104.4517
203.8420 87.2173 600.4081
222.3401 29.5140 -79.7036
-177.1597 152.3326 370.7625
-69.1118 -83.0587 -363.7827
90.9324 -82.7149 -863.0558
-130.7158 149.7071 395.6166
-81.6993 169.2186 -348.2550
-256.1511 31.9322 501.6300
-163.5597 -41.5700 407.2382
28.4535 209.8634 304.5298
69.5872 212.5977 717.5538
69.9832 -35.8857 -239.5204
129.4764 124.8206 287.7357
-41.0512 207.1290 -160.5573
-106.1660 198.7170 -297.1986
-268.6524 99.8537 444.6365
-139.8903 178.6645 185.9785
-89.3167 147.2069 117.9256
-153.1295 162.9729 -698.8195
-260.9097 38.1812 200.8105
-165.4576 161.3003 710.5692
79.1918 -176.1599 -243.3705
61.7465 -89.0232 6.1669
206.3725 125.7084 -455.5415
142.6931 -141.7190 -165.2235
32.7275 207.1290 -137.7299
-173.5271 109.4808 221.1227
31.5108 -61.1002 -581.5941
-208.6326 96.5232 239.7398
-32.2573 38.8224 -760.2751
-52.4370 164.9459 592.2463
-35.6831 207.1290 -136.4823
-103.5442 201.3388 46.4861
85.7723 -77.2461 302.2420
159.7246 157.9102 -539.5160
125.9422 146.9727 -314.6949
59.8519 173.1534 -348.2550
18.2505 166.1133 119.3800
-241.8817 29.3945 245.4696
104.0250 -32.9930 -689.6861
20.6145 207.1290 -243.9964
-107.8438 5.4942 -178.2150
-81.1912 3.0699 632.2868
206.2790 125.6149 -602.8750
59.0111 -69.0430 -804.9364
-11.2015 -61.7887 -2.6356
56.5162 160.6446 -318.0467
-41.6275 160.6446 -390.1318
-15.1279 -65.3468 848.5651
-100.4783 155.1758 -51.1077
-30.0656 209.8634 337.8555
87.5421 -82.7149 465.8975
-229.6783 94.6628 -40.0711
139.2366 142.4041 -349.2295
-101.8555 -4.1661 -696.4978
84.5045 155.1758 -517.2950
68.1946 -43.2070 567.3451
69.1654 207.1290 70.7945
51.8144 87.0292 665.4451
220.3181 118.7446 716.8578
6.0272 -80.4662 -269.7750
105.9041 200.3460 218.9405
95.0196 -14.7883 -752.3211
-122.8387 -23.0340 -592.3544
-101.5989 92.9332 652.3651
-37.1322 -46.7316 673.0981
-105.2140 147.7158 509.8587
-61.9702 -172.3896 -339.2173
-51.9802 207.1290 -238.4008
49.0097 166.1133 644.8291
-132.2366 53.8272 -123.0476
144.5088 -59.4171 407.6291
-32.0312 152.4415 365.0580
96.2042 96.4808 645.6002
-199.5016 133.9143 861.6451
-14.3555 -75.5537 -94.1354
-248.0802 42.3822 137.4926
80.8695 146.9727 61.8867
-71.3541 -41.0987 -470.6814
214.3556 29.8108 333.2451
-81.8445 157.9102 141.2526
33.3733 -74.0518 -291.2711
-113.2541 -136.3230 -469.6596
58.0468 123.1566 -81.4876
-16.1024 166.1133 165.9725
-60.9813 157.9102 -603.1506
-140.5058 125.1193 245.9507
-184.0816 72.2088 346.7570
-181.0573 133.3008 512.8672
276.2363 81.9669 191.7195
-42.7509 -1.6647 -657.3130
-284.7385 60.5197 264.3862
217.2156 -27.5111 -30.2397
-260.9521 30.2590 380.2515
-38.9649 -5.4389 -709.1349
100.4883 -10.8637 -714.1959
199.7695 -50.4259 -18.9609
98.9768 152.4415 -587.2800
-16.8237 -95.7304 -267.5685
242.4577 116.8946 396.4290
-230.1855 48.1290 67.4792
260.6842 100.2534 199.2521
164.8520 34.4596 639.2851
203.8699 119.6289 82.1520
-115.1907 152.4415 93.9297
-169.0784 -7.5727 298.5261
74.6445 146.9727 208.7488
8.4249 163.3790 -656.1404
10.0016 207.1290 43.8727
201.9393 127.8321 -258.0835
55.6041 112.7625 626.2781
-89.0244 -62.7651 44.1450
-47.8331 -5.2046 645.1492
-175.1352 151.6227 -605.2651
-144.7765 66.3990 -112.8150
-169.5472 116.8946 69.2757
145.7371 -33.0380 -232.7093
96.1100 -49.6926 -871.4551
15.4567 -80.3638 44.4256
-59.0735 -64.9506 -831.2823
79.4687 17.6123 -798.2654
146.9888 167.4644 -471.8172
178.5635 152.2960 185.7273
24.7762 -72.4091 -1.6350
152.1904 -152.9834 -247.5808
4.6823 168.8477 804.7131
-11.8266 -96.3867 178.1056
174.2581 46.8146 397.8998
-51.6358 -89.8906 -310.7038
-49.4896 163.3790 102.7447
-90.2399 -85.4492 473.4323
10.8697 -103.8385 -153.4693
20.4025 204.3946 -432.5201
76.2493 -78.2306 31.0650
-32.4377 -27.6359 652.3651
-133.3034 182.5196 754.4177
175.1926 131.0576 -248.6947
-72.4063 158.6484 -14.4205
202.3550 119.6289 -407.0221
-136.8986 -123.1181 -501.3449
29.5822 152.4415 9.1040
18.5208 -25.3455 -214.3107
154.9775 137.6007 -445.0346
-171.6034 136.0352 446.8458
196.8682 1.6132 -140.6265
16.7393 92.4431 838.3775
39.5329 200.3290 -413.7412
5.6657 155.1758 57.1529
-234.1361 -3.7546 -37.6068
-0.3374 -106.3033 -234.5193
-108.7139 -76.8416 -814.9515
-72.2361 -103.8813 -35.9102
70.4086 -17.8410 851.8390
-1.3339 -86.6547 711.2251
-194.3538 143.3417 648.4159
-203.7694 68.4021 -76.6032
-149.0228 -111.6122 -41.3207
-144.8764 -135.6941 -98.9191
50.8669 135.9020 -67.0350
-152.6858 143.9940 469.1103
181.0043 155.3239 843.3531
-137.1157 144.2383 -450.0302
-195.0676 123.4872 93.7110
179.7852 -86.2168 -162.8002
-96.2595 139.8698 334.2320
-36.3120 88.1021 803.0173
219.6807 119.3819 605.8187
213.2566 -9.5950 478.2160
98.9159 204.3946 -5.3368
-205.5706 125.0977 -653.5081
44.1819 212.5977 778.3522
264.5509 75.7623 111.2695
211.3749 114.1602 309.3066
-186.6212 80.2712 329.0302
-48.6828 163.3790 181.8438
-84.2019 -129.0822 -95.8984
-174.5863 -11.8530 404.4904
88.9404 144.2383 163.3452
-107.7656 199.8517 306.7647
-71.1476 62.5172 665.4451
-194.4340 102.5075 403.0679
-0.6836 -74.5432 -251.1706
-162.2780 -132.2769 -438.3574
-34.6541 160.6446 -395.8011
-169.7183 116.8946 65.8174
218.1176 49.8513 63.9732
-171.1715 152.8520 -576.6457
9.2325 166.1133 73.1200
-141.5366 -52.6041 223.4904
-203.5797 136.0352 -69.5120
-141.4684 -69.0430 481.6418
-214.7022 105.3271 500.6152
-171.9654 152.4415 -537.8858
-3.4953 -17.0898 615.8102
70.5156 164.6407 783.5430
-198.4361 139.2593 -29.3193
-29.1150 -96.3867 221.4534
39.6829 -145.7648 -212.8486
-125.7738 187.3122 372.4550
-61.3179 204.3946 -490.4265
-204.2130 -80.1136 -57.1089
-130.9286 123.8482 317.6773
-16.1540 163.3790 -226.3690
267.7257 47.6674 103.7448
270.0266 95.1674 345.3553
253.6134 40.1130 331.4465
-35.9364 -94.3104 -316.4256
-199.5311 122.3633 157.9539
-84.0760 155.1758 -571.7688
-123.0008 149.7071 -98.7341
-269.4209 48.5352 30.2248
-193.2575 97.7539 -27.0454
-21.8423 -72.7868 398.1608
-75.0784 149.7071 509.6940
-151.0865 -82.5710 -381.3286
101.5390 -104.0604 -522.8315
-65.3090 46.0993 -760.2751
165.5254 154.3966 -417.8806
-121.7936 -74.2366 -602.0658
17.7846 166.1133 195.2770
-149.9788 168.5760 -323.3893
-2.9320 166.1133 372.4209
-164.8702 -162.0118 -210.4535
-161.8770 140.2715 591.3280
54.5325 -79.9805 427.1393
-109.2136 -71.2552 313.7192
-156.1131 141.5040 397.8653
205.2268 125.6327 -503.8041
-227.4363 112.5925 269.4311
33.0009 52.6398 -132.4277
22.6582 91.7375 -93.1950
-119.5666 190.7850 336.0169
-21.4326 -89.1303 -104.6923
-197.0868 141.5040 177.3769
101.0214 207.9630 685.1940
-131.2480 149.7071 591.7462
-146.7351 141.7416 -130.7029
-87.7955 209.8634 522.3209
190.5277 129.3943 433.2154
139.5287 172.1902 -489.2354
213.3423 114.1602 280.1810
69.7569 173.4880 -322.0950
77.1461 122.2734 596.9901
-11.5544 210.3342 -306.8713
193.4571 42.2196 219.3792
5.3738 166.1133 208.0405
-67.3478 -85.4756 157.8736
63.6358 207.1290 64.7528
23.6910 -113.3925 -463.9795
-179.6890 57.6912 351.7553
-48.5516 -80.7184 379.1902
-89.2474 157.9102 287.5866
162.8858 159.7706 -119.2334
-58.6836 207.1290 39.8517
151.1418 -25.2255 343.8902
-27.5576 -11.9388 -184.3914
117.7413 186.1666 -561.7430
-172.9493 -114.4710 -376.4394
201.8284 127.8321 -201.5603
-11.9219 212.5977 762.7366
-114.1261 141.5040 166.3542
-122.1618 -58.4655 112.4361
-109.0643 119.9155 609.1697
-62.0900 -175.5666 -327.8671
100.4883 -8.2005 -723.3512
215.5992 51.4693 -78.9984
78.6133 50.7089 789.9461
23.7872 -65.1427 419.3822
-24.9424 85.1967 -93.1950
155.1219 122.3633 111.8138
165.4598 102.7507 253.4250
-95.4251 -145.1520 -444.1698
219.2823 10.2539 401.5432
-48.9058 152.4415 186.8826
142.6792 125.0977 11.4282
230.9569 24.3545 585.5641
94.4966 -181.5943 -370.0882
-162.3495 140.4610 552.5783
39.7594 204.3946 -687.8903
-182.3382 116.8946 526.7249
136.7145 118.2795 307.3480
-101.5559 -82.7149 469.1493
89.5514 155.0746 -400.3343
197.3232 18.2216 153.6692
-151.3203 -42.8204 191.9308
-50.4027 -70.5073 514.7927
70.0480 -185.2126 -324.5977
-38.4894 152.4415 14.0401
-152.9266 -104.1310 -339.5427
-246.6095 116.8946 283.7690
-43.4797 68.7416 757.2727
69.6880 -5.9273 666.9877
33.7297 207.1290 -88.5420
-165.5253 141.5040 801.0829
-26.5171 204.3946 -639.5667
-59.4784 29.7877 -699.0992
-106.0601 201.5572 291.4358
105.8717 81.5030 -115.7135
-90.2907 211.8578 833.5370
19.5426 212.5977 836.9330
202.5627 119.6289 101.8461
17.2171 204.3946 -389.5239
52.9940 209.8634 616.0977
-202.0408 83.8903 203.9235
-154.6809 149.0630 -694.8751
-189.4326 107.2472 38.3111
122.6204 186.3641 -79.0906
159.2221 160.6999 -168.3467
-147.2907 -44.0561 250.2975
-131.1186 -52.4046 -437.1003
-81.9744 146.9727 11.1345
