ply
format ascii 1.0
comment Canonical aligned sample torso
element vertex 4096
property float x
property float y
property float z
end_header
-58.9214 19.9792 23.3660
167.9364 52.7403 -64.6394
96.8507 -45.8241 -201.0535
35.2396 -53.3188 -45.1617
-121.9740 98.3984 -285.7420
-140.5346 94.4616 18.1978
-173.8586 42.5857 -4.5991
143.4935 119.7669 -86.3759
42.0268 204.0875 -37.9382
78.8041 -50.7979 -56.8010
-166.9919 51.1592 -286.9628
178.5378 57.7317 -170.3227
123.3873 74.9058 33.0892
-112.9308 167.4282 -65.6153
-119.7406 -48.3983 -194.9855
-112.1964 55.7147 -286.5772
-83.6668 -56.6614 -39.0459
13.2238 -66.3998 -139.9869
-32.9826 62.7485 24.9129
-81.2721 180.3464 -78.8179
57.1429 145.6432 -251.4309
-148.6526 -8.4325 17.8425
-80.7700 -60.3031 -156.8989
-57.7594 -55.7590 -61.1335
-2.5891 116.6190 -282.8737
119.5285 142.3294 -187.0781
-122.6304 132.1682 19.2538
-1.0385 -11.2292 27.0002
49.0380 151.8319 -235.2157
-160.6960 -25.8633 -286.4615
38.3020 103.5802 29.2746
-130.5575 -42.0755 -104.9336
-157.1944 96.4333 -221.7305
178.1236 -13.2158 -251.1642
166.2793 81.5755 11.9427
132.6190 62.0412 -274.4108
-82.3617 -50.9406 -44.6127
-145.3973 -7.4068 -287.0423
66.7975 -56.2111 -8.3198
-19.7261 192.4294 -87.7278
-142.7017 -39.6746 -187.9095
11.3977 11.2625 -281.8548
-172.7496 79.2851 -121.5690
161.5051 100.8540 -146.1886
-80.9238 141.4609 -286.2642
77.6032 133.1678 -256.5700
-68.0666 -61.6677 -245.1769
12.3234 197.6913 -71.2523
27.6783 177.8317 -170.6857
-118.5820 145.0526 -136.4529
181.3735 52.9872 -209.4882
109.9982 -42.9309 -141.9006
173.1381 67.6222 -200.7390
159.9534 86.4740 -190.6681
31.9578 -63.8314 24.8481
156.5538 13.5699 -38.4096
-147.3140 -7.5856 -287.1609
-105.5472 138.8955 -285.3517
-174.1691 93.1871 -45.5109
-76.4993 108.7969 22.1481
-45.9202 -63.5343 -105.7188
-84.7046 162.4209 -154.5035
138.6123 113.7548 -230.4179
-53.8831 169.2115 -123.4399
-93.1458 -51.9414 -23.2593
23.3253 174.9314 -115.2738
-145.3344 127.8787 17.8521
116.1103 174.1946 -27.6366
-164.2625 65.4465 -78.3330
178.9559 63.2967 -102.2930
118.3704 34.1283 -275.2542
-106.6019 15.5891 -286.1725
-180.1837 65.5359 -200.7263
133.5432 -33.4576 -274.2160
82.6383 188.5663 -48.2859
102.6189 74.2806 -276.2888
108.3230 -43.3938 -141.6468
-166.2461 28.6831 -60.3189
-60.8940 -60.1879 -72.9977
-147.6050 102.2738 -95.5576
135.5633 155.2636 22.8925
45.0568 126.3707 29.6606
-71.2255 202.6205 13.4307
-167.1557 52.3303 -76.4364
-74.2256 188.9120 -61.7038
-57.1206 85.4942 -286.2105
104.2820 137.3100 -276.2763
52.9294 -58.3139 -67.3651
161.2451 112.9585 -266.3104
-18.6052 -65.6651 22.5398
-155.7699 45.7423 17.3232
96.8863 77.5822 -276.6490
114.9068 100.5631 -275.5646
39.6968 105.2212 -280.2351
106.7781 -45.2040 -116.7291
6.1761 -67.7375 -236.1029
5.6590 118.9951 27.2281
-32.5750 -62.3419 -67.9379
-170.6250 78.1130 -204.9995
-142.6759 109.3184 -226.3739
-172.0268 -25.4844 -170.4675
53.1769 206.0751 -1.5613
-65.8682 166.4873 -196.6764
1.5434 194.6978 26.8640
167.3877 7.9584 -272.1769
-105.0735 -48.2475 -18.9874
-42.6590 -62.1091 -14.3484
107.3659 -42.4559 -225.5075
-99.7273 -54.7903 -228.2779
-165.9394 113.0510 -16.4865
-71.3210 73.1726 -287.0733
-128.3178 137.7225 -128.5061
165.7646 95.3344 -111.2843
112.9648 17.6431 31.0224
48.6202 -59.4712 -39.9790
141.1658 -26.9615 -65.9919
114.3426 -34.7432 -51.4404
-130.3413 -37.3949 -0.3082
147.9083 142.6469 -5.8864
13.3563 195.5585 27.5953
123.8600 -35.9447 -160.1488
153.3737 109.8838 -88.0055
-61.5762 155.0079 -229.3580
-151.2515 -34.0959 -131.2891
-100.4225 154.9208 -173.1913
-23.4022 -67.0548 -215.8170
122.7931 166.6339 -38.2641
132.6453 20.9496 32.2380
-184.3411 -13.5746 -131.0445
-0.4740 38.8019 26.9633
-42.0793 -60.0587 24.5255
-98.8387 -32.0847 -287.1254
-153.8304 88.1796 17.3824
-54.9780 164.7355 -215.6526
172.8463 -15.1978 -191.9511
-65.5249 -64.5822 -211.7412
2.8238 101.7367 27.0772
79.9753 194.6294 -31.3766
-61.4930 100.9573 23.0900
171.6753 94.4978 -39.1564
165.2301 29.5104 9.3782
-97.6302 177.7232 -59.8527
-0.3847 208.4874 -20.3465
-68.8759 -27.2808 -286.7772
-93.3469 -53.4372 -5.0365
-175.3241 -15.0277 -87.2093
44.9569 -63.2835 -120.5077
-5.8898 -19.7072 26.7116
-167.2048 -27.4575 -146.1711
-77.1300 149.4677 -225.5473
168.8703 81.4142 -272.1907
-98.5201 155.7276 -130.5686
-131.8061 129.1755 -190.5724
1.7160 181.4433 -103.0940
183.1806 49.7964 -164.7255
-109.7014 17.8356 20.2201
72.1783 -57.2578 -165.3949
104.7510 151.6732 -84.2446
-92.5624 -44.2038 -286.7187
81.3657 -42.9328 32.1559
-41.6210 145.7836 -259.6772
48.8211 198.0910 29.7908
61.4944 -58.5116 -232.2021
12.1694 208.1976 21.6919
-149.2231 103.3984 -223.4227
131.9944 -32.3363 -131.5415
-79.2604 12.9555 22.1148
-128.7241 -37.6166 -17.1327
-162.6724 104.4595 -260.6123
47.1178 -56.5643 -279.5421
82.2735 47.7131 -277.5121
-181.7671 -13.0345 -109.3225
13.3756 178.1618 -154.2777
-115.1392 42.3865 19.8476
66.8476 -58.6351 -251.7229
-126.6499 -45.1493 -123.9570
78.0006 180.7131 -77.6953
-32.6535 143.5051 -267.2027
165.0787 -17.9729 -101.6145
-146.7104 139.5956 14.3493
-50.5777 140.1640 -265.8698
-153.6546 135.1907 -13.7076
160.7418 116.6158 -52.7975
138.1653 34.0550 32.5615
-83.3099 49.0052 -286.2791
61.4293 204.9174 1.7638
131.8839 133.5608 -179.8130
20.8644 209.4973 -3.9075
24.8453 -3.4753 -280.9997
-109.8534 -14.4532 20.2572
-162.9918 -10.3326 -32.9254
161.0127 -21.7982 -238.8829
158.2449 107.3958 -139.6540
44.2211 -61.5220 24.9501
-54.9927 -64.0481 -285.8633
-52.1003 171.2097 -193.7363
97.0629 156.7250 -181.6913
150.0935 -22.9468 -66.4939
161.8845 111.3391 -272.6670
120.2518 -10.3613 -275.0735
68.2716 -2.3799 -278.3083
-163.0616 7.8556 -62.1421
-133.6227 156.9027 -43.0538
145.4681 1.0014 33.0619
33.8774 -57.3752 29.2318
-173.7857 89.4340 -258.9343
-154.3342 -32.5243 -130.1272
61.0324 178.2128 30.5767
-185.3155 55.1453 -121.9013
-118.9392 133.9242 -286.5692
31.4278 -47.1690 -280.5286
85.7085 -54.5693 -273.9454
61.3762 198.0595 -44.5798
-113.0397 166.9982 19.7984
79.8977 -50.6827 -56.9485
-104.8882 -50.1700 -94.3089
-75.7339 119.1827 22.1806
95.0537 190.0468 -9.0240
69.4358 -42.1253 -278.1789
145.6492 109.8475 -228.5912
73.7098 -14.9783 -277.9530
20.6235 24.0530 26.8043
-146.0571 12.9193 -287.1124
-58.2299 140.0023 23.2361
-102.0615 -35.6244 20.7708
-100.0551 177.7547 -57.4345
183.2572 -7.7877 -246.6675
-32.8780 -17.1882 -284.5594
145.6256 128.5751 32.8881
66.4173 133.8051 -278.6193
115.5739 -41.7550 -104.9135
12.9148 -25.1620 -281.7083
43.6470 156.0902 -231.9712
11.5699 155.9069 -250.0966
-106.8230 84.8620 -286.2859
82.7549 172.2716 31.9323
-93.1754 -53.4411 -28.1853
-180.4906 60.0576 -52.4543
64.8993 -57.0898 -213.9909
-132.1248 149.0556 18.6408
177.4176 80.1874 -271.6589
167.4431 110.1865 -34.0385
158.0356 125.6133 -44.9532
-56.0872 -56.9491 -62.4138
-172.4961 88.9017 -251.2627
168.6889 73.8852 -184.5957
-36.5019 4.6578 24.7783
179.2169 -13.4983 -207.1205
165.2243 51.2238 17.5933
149.4493 89.4552 -273.4066
-86.0757 154.8231 21.4880
-52.1969 -61.8890 -29.0680
127.8116 -31.5888 22.4364
-61.2785 20.7712 -286.3752
-134.3589 159.5270 11.8960
35.8625 3.3499 -280.3263
159.9450 117.6049 5.4528
71.6098 -53.6670 -17.3093
30.5768 197.2700 -65.6668
-156.2577 -30.7458 -105.2163
39.2254 53.0777 29.4045
174.8663 40.4622 -20.6909
-146.3996 81.0011 17.8535
1.7285 32.0503 27.1096
157.7917 39.1731 -272.8169
107.1625 66.7725 -275.9962
88.8335 12.1830 -277.0542
88.0164 164.4358 -179.9725
-63.7239 47.9689 23.0279
-89.3554 66.0279 21.4124
122.5636 138.2865 -80.7910
120.1710 171.2936 -24.6061
140.2204 152.7294 -13.9272
164.1970 84.8438 -170.0204
1.0919 132.3884 26.9257
10.7286 -66.3422 -252.9268
114.5664 178.1964 -3.6060
71.1452 8.0190 -278.1451
93.8727 138.7938 -269.3226
110.8226 -32.6442 -38.1707
142.4985 11.9763 32.8620
-59.1722 172.3343 -140.2934
-55.7644 160.4307 23.3596
-164.6207 40.9159 16.7813
34.4720 -65.3898 -141.6394
-161.4504 109.5677 -286.7032
-21.1017 -37.4863 25.7939
14.4749 173.3060 27.6967
-74.9913 146.5391 -228.7962
31.1779 -61.3729 -15.1257
-172.3929 81.2257 -149.9640
-177.7589 24.6124 -37.0531
120.5297 -37.6031 -11.0916
-43.4972 146.4657 -257.3346
-148.7046 -19.2846 -58.7625
22.9701 44.5877 -281.1851
106.2649 176.4810 -46.7248
-117.3526 144.0991 19.5640
42.5067 62.7499 29.5941
-147.6535 96.7966 -287.3322
-169.8519 -23.1637 -103.7485
20.7056 177.9926 -143.9781
11.3978 -63.3569 -13.3677
63.1779 -58.8177 -236.6900
96.6063 159.7363 -164.8168
178.8553 60.8521 -146.6525
10.1183 202.2434 -56.9096
-72.5740 199.3496 -12.1688
117.0747 -39.5430 -136.8544
-81.1780 147.8937 -224.9932
-10.6419 102.5358 -283.3528
-164.9351 -5.0730 -68.5526
-174.6141 76.2590 -148.5974
170.4086 37.7826 -61.9700
122.4366 12.4355 33.1201
73.7031 -54.2726 -60.7883
-32.0732 176.2101 -134.0204
-127.7375 157.2633 -62.6594
-125.1137 123.3236 -208.0032
-105.3272 77.0744 20.4061
32.5849 25.7058 -280.5617
87.4510 172.7736 -79.0707
55.4446 -59.8723 23.2174
-77.3865 -61.3076 -272.1081
172.6703 -13.3003 -146.1027
97.8721 156.7626 -106.0918
27.3973 174.8374 -115.3689
58.0359 135.7602 -265.4073
-25.4237 179.0574 -155.5014
-97.0957 167.6785 -87.5017
-64.1126 95.0633 22.9360
95.5674 155.5421 32.7509
-177.9494 63.1493 -167.3134
-142.3711 110.4726 -198.4497
-162.9147 -30.6932 -238.5637
-163.2673 101.4128 -250.8520
139.5863 -28.6402 -141.5476
73.6082 -54.2900 -10.1647
2.4226 158.1409 -231.5430
-162.3519 -0.7934 -4.0137
10.2160 26.3373 -281.9497
4.1730 62.5487 -282.3766
-127.2922 151.4007 -77.1883
-19.0298 -67.1557 -230.7749
-35.8285 177.6528 -145.7659
57.7613 152.4576 -231.0137
68.0553 135.2624 -268.3558
-172.9144 93.7402 -65.0472
-58.4422 31.0698 23.3797
57.0595 -59.1512 -218.5559
15.5404 51.4530 -281.6557
130.5777 -3.2249 32.1446
75.3321 137.7214 -247.6089
-138.3084 -34.3946 -15.0754
-164.5503 98.2156 -77.0351
50.7371 57.5913 30.1119
-170.4633 -26.1504 -218.5541
32.0764 207.7382 24.8262
176.9539 76.2138 -259.0269
42.0615 -43.4762 -279.8745
-36.9593 -66.7419 -264.8921
52.2215 156.4484 30.0616
-20.7043 -60.0989 -24.2989
13.5602 70.1238 27.7885
164.4579 100.3409 -55.7699
-53.4607 50.3388 23.6609
172.9349 -13.0710 -137.2921
149.0135 115.3083 33.1172
-117.6357 133.3066 -103.1336
-164.8329 64.9659 -77.2936
-156.2821 130.5876 -48.3945
-167.9941 71.5416 -287.0543
-157.6882 92.1271 -80.5692
75.0550 175.1911 -83.5666
-159.2392 103.4329 -159.7511
-74.2896 196.6897 -26.6914
141.6990 109.1468 -196.3634
-180.4774 2.1410 -81.2050
115.1628 -40.2451 7.2013
-74.2379 72.0440 -287.2526
-145.9487 -38.3153 -155.8086
88.5400 -28.6187 -277.0137
43.3670 -62.3419 14.2196
157.4789 55.4744 -272.8598
93.7961 -50.1576 -139.5522
123.1419 -35.9281 -189.2956
-92.0672 99.9397 21.1955
-127.8347 165.4833 -26.3524
94.9760 194.6270 21.2933
121.1610 -38.2368 -131.1519
175.1739 47.4053 -23.0512
-27.3625 178.6998 -163.8211
-46.6610 170.1504 -122.3133
101.4494 72.2249 33.2355
-69.7628 108.1420 22.5668
159.1935 125.1346 -12.6508
139.6147 136.0525 -68.2034
-33.6252 130.6452 24.7753
93.4203 -48.7457 -34.1632
96.4269 193.6693 13.9745
-153.5535 94.0303 -93.2971
148.8661 -12.7892 -1.5277
14.0101 -66.4180 -278.3925
119.2806 -38.3541 17.6620
-75.2700 -56.8552 -69.6251
157.9897 102.4540 -168.0707
-50.0024 -53.3400 -46.9590
-183.5892 44.6901 -93.3990
155.4062 119.6755 -60.1149
-162.9576 115.7504 -5.7035
-63.1244 -63.6909 -270.4091
161.8392 32.7510 16.7842
166.3789 48.6523 -46.6889
35.0820 174.6600 -113.6895
56.8618 171.1565 -114.0723
-8.3416 -3.8929 -283.0570
-70.6669 6.9687 -286.9375
-75.9308 17.8888 22.3142
73.7497 -55.7936 -191.0882
91.7560 26.1905 32.7007
120.2492 -34.9026 -207.0823
114.2139 150.2123 -79.6283
-157.6228 115.2635 -77.3956
-6.2765 -59.9481 -13.3066
-172.5506 18.8269 -14.5998
15.1003 70.7321 27.8831
-30.3778 -28.5492 25.2058
143.9521 129.1989 32.7834
-68.1629 -60.0201 -3.3978
-136.0620 127.6529 -286.6577
-144.8811 -29.7417 -31.5921
110.2917 149.8098 -175.9131
57.5648 -53.1926 -278.8991
-147.4713 -35.6835 -226.9024
-162.7135 7.3219 -61.6718
91.5665 12.9870 -276.8859
-162.8742 -27.8260 -118.2662
125.3481 159.2777 -58.3008
89.6109 161.3947 -179.3383
-157.6537 105.7640 -146.1980
-148.0636 62.0517 -287.3076
172.1640 60.7349 -0.2832
-39.8686 -22.1084 -284.9858
-60.8654 4.6343 23.2675
130.7874 118.8137 -203.7213
166.4274 90.9365 -54.8957
181.3312 52.6162 -154.4815
109.4661 138.0830 -209.9125
-54.2334 188.6897 23.4138
-162.6814 -24.4681 -78.7251
118.2438 136.7066 -201.1939
20.6291 176.9237 28.0731
-20.6099 -61.2987 -283.7352
156.3871 -20.1911 -106.5902
-158.3911 29.8872 17.1835
9.7604 161.0971 -230.9673
-171.3815 62.7217 -285.7487
-17.0577 -64.2005 -12.1523
-162.3569 -30.5965 -200.8276
-154.8044 -20.4221 -15.7299
-152.3574 137.1684 -16.6908
53.2173 -58.3205 -18.9266
100.2420 157.6968 -111.4517
26.8269 -20.1237 28.7410
167.7088 20.2193 -28.5263
-37.8982 71.9031 -284.9989
-91.4623 58.3922 21.2928
138.7456 -17.4935 -34.9581
-99.8975 143.8601 -211.3441
181.3949 47.5790 -244.3990
-171.2765 91.6227 -285.7838
180.1560 57.4580 -187.2495
-173.6520 55.4463 -62.9803
160.7457 103.5462 -237.0194
15.5016 190.3356 -85.5117
175.6759 70.4057 -22.5384
-169.3791 19.7718 -4.3217
36.1399 140.1264 -276.3067
181.8836 46.1806 -228.5701
22.8605 158.4377 -240.6891
57.9373 -59.4212 -208.7434
80.4659 -54.4483 -157.0359
-19.3032 -64.1486 -91.9256
61.9746 155.6909 -227.2734
48.1017 125.3881 -279.7430
152.3665 134.3230 -45.0159
-173.2901 95.3156 -58.4012
-95.5961 -52.4477 21.1960
165.3061 43.1059 -45.2948
143.9649 51.6735 32.8958
-4.0259 53.1143 -282.8714
52.0410 171.5390 -109.4243
-77.3760 -8.4579 -287.3313
-127.8274 132.8771 18.9305
-3.8841 175.1985 -199.8082
-63.6372 182.1307 22.8401
45.9002 22.9478 -279.7321
-156.9125 -32.4648 -201.9863
168.8080 33.3058 1.5887
177.4519 56.1815 -80.7129
87.9922 152.4331 -210.7722
24.9525 -66.6705 -249.3143
-81.9622 90.5929 21.8356
123.7113 155.7489 -69.2856
68.9264 -51.5031 -55.3663
-132.7632 -41.0018 -112.8002
167.4911 -19.6623 -257.5157
123.0841 -36.9707 -67.8231
162.5931 21.8237 11.0464
83.1645 138.3701 32.0065
45.9308 -62.6535 -123.4916
-20.1693 55.0009 -283.8752
174.8526 30.7612 -271.7468
148.5022 118.2559 -163.9673
-173.5958 93.0918 -56.1126
-167.4626 -26.8768 -272.2267
-49.4970 200.6186 -40.7081
115.1621 -39.6741 -20.1050
173.2431 72.4468 -6.7932
-128.1965 -42.1300 -246.9453
47.5463 -62.6908 -270.1920
-40.9745 -65.1488 -237.5550
178.1050 57.6203 -169.3127
132.1256 155.8607 -46.6190
127.5493 168.0042 14.3158
-18.7775 -64.1608 -0.7294
-21.0790 62.1685 -283.9420
-78.9000 -17.6288 -287.4126
-162.4500 -29.8370 -218.6851
152.4675 0.7210 -273.0917
133.4498 122.8763 -244.2752
185.3085 50.6298 -140.2750
181.9226 57.1594 -114.7525
26.0285 -66.6954 -157.9214
118.0531 129.2333 -250.3029
178.6006 52.7238 -271.5460
148.1965 124.0363 -266.6144
-90.8816 156.5618 -194.9805
-18.2000 205.8978 -34.7844
-138.8035 127.6419 -154.1991
166.4474 111.7186 -27.9489
40.8862 -61.0367 -87.4693
-97.1036 -55.8521 -266.2945
65.6460 203.9625 -1.4620
41.1422 -60.2718 -13.9178
-55.9897 -64.8022 -144.6751
-152.6053 136.8634 -26.8217
68.3897 199.3980 -31.1440
8.4420 208.2837 -13.5515
99.4764 45.0975 33.1522
10.8675 203.7265 -50.7692
132.2154 -22.6711 -35.3556
28.6314 -65.2550 -222.7163
38.0518 52.6142 -280.2614
141.6029 -21.9007 -52.6351
-44.3611 -56.9504 -43.2501
-132.8822 -41.7890 -268.0253
-176.1708 63.4537 -94.4992
95.1373 -47.7494 -36.1183
54.5967 174.2096 -144.2860
88.5636 -51.6344 -232.5157
-108.6951 -53.0829 -191.6906
-128.5448 114.6973 -286.1730
-179.3150 64.1913 -152.8250
-60.0195 -63.4227 -134.8886
39.8700 -65.5144 -168.7995
-42.8083 -65.1065 -129.0753
-33.1542 -65.3293 11.6169
164.7741 91.5289 -226.5945
-48.8791 77.2367 -285.6876
17.8518 -49.0198 -281.3678
101.5444 -33.0528 33.3929
-32.0529 -38.0707 -284.4782
45.4991 -53.5185 -50.3344
143.8283 126.6860 -122.9574
178.7841 12.8720 -271.4773
-144.5023 -26.2541 -0.2756
159.2666 4.4134 -53.2545
11.9629 104.6387 -281.9541
-100.8561 95.6540 20.6566
-2.0040 56.3789 -282.7508
171.1040 38.7058 -4.0439
-6.3610 160.1263 26.4236
-75.5915 32.2753 22.3145
48.9397 -59.7119 -39.7251
-103.8398 179.7430 -37.6833
-161.1557 99.6903 -118.7238
-143.8340 124.8445 -87.1131
-132.4394 96.5658 -286.3884
-143.1483 70.5545 18.0702
-143.0069 -35.2298 -83.3866
61.2225 -60.0569 -178.7738
-120.9050 -48.2999 -179.1172
-55.5066 173.3914 -146.8701
150.6746 139.4389 -25.1282
5.6320 139.2366 -282.3965
67.7587 191.9106 -57.0219
-116.3586 127.6832 -258.7733
-112.7863 144.2621 -192.3058
-160.9309 110.7418 -286.6727
-123.2100 139.5951 -177.9875
-77.2831 142.3613 -236.5089
-119.6265 143.2506 -174.0108
-161.6687 1.3910 -62.7817
-144.8312 119.8706 -115.0074
-18.7022 203.2524 25.5962
-122.9699 -10.1467 19.4376
-50.7098 165.8615 -115.6947
16.9732 95.5688 -281.6304
84.5046 160.1415 -191.7723
-167.4283 82.3875 -181.9442
125.0485 -37.4752 -228.2342
58.5200 171.1182 -161.3282
-157.3839 107.9293 -138.8992
157.3689 94.1639 -272.9223
159.0534 -17.3697 -67.9996
-154.6916 115.6379 -271.9846
-96.0292 -53.3753 7.0926
118.1356 174.2434 -16.8683
89.7233 -0.2390 29.6069
-116.1149 141.6504 -193.8469
-104.6632 -49.9466 -285.9579
-41.9244 -22.0236 -285.1134
-10.0312 71.9027 26.3230
43.7945 -52.1014 -46.9391
-53.2511 202.1429 -32.6139
-1.2032 41.4985 -282.6797
90.6303 -47.6663 -11.1116
-172.4477 -23.1038 -129.3444
-89.0545 -56.5371 -249.6630
96.6039 94.2213 -276.6905
158.7323 94.7073 -175.6804
2.4197 163.0252 26.9639
18.5960 -68.0242 -174.4538
-140.2439 56.6063 -286.8148
-11.5895 -67.5225 -264.1854
5.2977 -66.2169 22.9369
-107.1230 82.2879 20.2873
-81.0896 -25.4468 -286.4618
-49.7187 -63.4466 -113.9758
-181.4362 1.4338 -83.3713
-60.9567 163.8162 -211.4976
-100.3700 135.7752 -271.7336
-66.2799 -63.0643 -159.2528
-136.1449 71.9657 -286.5828
159.5159 89.3696 -204.9009
35.5512 209.1584 2.3681
72.7752 179.7569 -79.1571
121.3639 143.2031 -176.3978
-1.9456 -56.2716 -66.5726
-159.6574 119.8100 -67.0169
27.1226 -44.9282 -280.7988
28.3816 -62.2574 -2.8338
106.6722 136.4042 -214.5086
-14.6035 18.1972 -283.4771
-134.0005 23.6141 -286.3802
-89.5953 197.0429 15.1390
-44.1122 16.2173 -285.3041
49.6644 -16.8697 27.1468
29.9618 -65.2858 -121.9350
-64.2371 114.6815 22.9000
180.5805 59.6988 -129.8221
42.3069 -62.8153 -107.0228
-105.6675 -50.1562 -100.2281
-157.1712 -17.1144 -64.6922
-132.7573 131.2763 -117.4319
-107.2390 18.9043 20.3713
-131.1184 128.6981 -93.3739
-130.0499 -37.5860 -2.3536
-74.5219 -37.8383 -287.1121
-129.0065 161.0963 -46.4474
150.3902 138.7556 -33.8896
-160.9942 82.1706 -91.7643
20.7047 -66.5725 -263.2631
-25.5092 -61.6818 -284.0384
174.0211 85.7274 -38.5940
-143.4034 109.7846 -197.5380
-28.9417 153.3227 -252.0106
170.4150 49.9549 -42.8962
150.9958 102.2837 -219.6579
132.6502 127.4143 -192.6082
-83.7730 43.1140 -286.2993
-136.2266 -34.0609 4.4282
75.3071 -55.8296 -244.6249
174.9095 92.6244 -271.2585
16.8730 0.0673 25.4140
25.0019 -53.1681 -44.9161
-78.6053 -60.8474 -256.6969
112.1409 151.3911 -159.7387
-111.1974 13.3346 -286.4542
-69.7690 -61.4834 -126.6300
-16.8676 108.5621 -283.7476
0.2384 143.8523 26.8562
-108.5187 72.8346 20.2143
-156.7111 -10.8486 -4.7586
36.1627 -24.1325 29.3257
-91.4750 -54.9808 2.4150
39.1862 176.0657 -122.5793
-133.2648 -43.5134 -150.8240
-11.7734 117.1268 26.1498
13.6979 -66.4048 -106.5086
-171.0217 -15.2124 -77.1284
-72.8773 48.8626 22.4590
-139.5238 -40.3682 -164.3134
-172.6095 46.1405 -0.0740
174.7999 39.9822 -19.7996
-62.5713 170.9124 -180.8955
114.9525 157.9084 32.4467
-84.9358 136.9194 -251.3297
64.4729 49.0914 30.9759
114.0582 14.2182 -275.4930
52.2689 73.3788 -279.4097
-13.6514 207.2932 19.8875
-39.9412 140.2603 24.3698
-50.0143 152.6178 -239.4110
166.5580 93.3471 -141.4787
121.3912 -35.8014 2.2292
171.6946 73.4441 -90.3765
-137.7895 112.1507 -211.0316
87.0253 197.4674 18.2076
177.1221 25.3447 -271.5983
-127.0161 164.0012 -38.3913
-153.8386 117.5474 -278.0955
89.1840 121.3241 32.4043
32.3675 -65.3413 -138.8111
135.9111 134.4194 -114.3918
-148.0954 34.6786 17.8150
115.4612 -40.7225 -103.4490
-116.8317 -48.8823 -130.0567
-119.7801 33.4230 -287.0154
-120.3863 120.7231 -241.4674
120.6636 -38.5646 -80.2783
61.7803 -51.0162 -50.8223
22.7979 156.9387 -244.9735
-65.4353 -52.6257 23.0665
156.2655 13.1487 -272.8741
-44.9833 -62.0555 -91.8297
137.1746 103.4550 -274.1879
-9.6732 127.9935 -283.3294
-46.1535 -66.5297 -170.7855
-0.9131 64.4748 -282.6948
-85.8892 50.0243 21.6504
91.7659 -45.7067 -14.6531
-5.1722 -13.2164 26.7468
-106.4124 175.6108 -52.0229
147.8513 90.4765 33.0809
-51.5424 193.0234 23.5745
15.6392 209.6180 7.7397
154.0645 -20.1375 -69.6640
55.2234 174.1951 -128.8936
-144.4235 122.6379 -148.3918
171.2477 71.4387 -164.6128
47.4612 167.2246 29.7509
-58.0783 -64.7540 -250.8033
-148.7950 -20.6560 0.2288
116.7622 163.8044 -68.3197
56.9973 170.9910 -186.6501
6.4497 -10.8567 27.4641
144.0905 -13.4745 13.8844
106.5147 117.5891 33.4843
-143.5047 36.4210 18.0972
-67.7739 -61.5294 -241.6910
-92.8673 -56.7244 -231.9276
99.7775 -43.5975 -182.9317
-177.5930 62.5227 -59.3555
32.8096 180.7898 -95.0891
98.6716 192.6974 19.0074
150.3044 -20.0507 -182.3992
-61.6606 191.4557 -66.8028
132.5790 135.3391 -168.4132
-154.9366 -11.6498 -59.1895
130.8990 163.7351 14.6344
-153.1817 9.0517 17.5365
-28.6139 76.9583 -284.4305
110.2745 135.2372 32.1892
-139.4575 155.5044 -22.7500
-106.4452 -51.6345 -123.2890
93.1073 160.9763 -142.4465
90.5493 -48.6794 -183.6099
49.6758 -59.9819 5.1198
90.6836 136.2970 -277.1181
28.0059 176.3237 -188.8842
-102.4436 178.1964 20.4394
-59.0222 176.9013 -100.7846
-114.7143 -49.9432 -272.9828
166.2277 84.7534 -218.5334
44.7107 -16.3848 -279.7492
-46.6651 76.5583 24.0446
-2.9410 -41.1482 -282.6685
161.2268 94.4328 26.2252
-141.2570 144.0926 18.0816
41.5374 -63.7092 -204.5863
-2.7002 -64.5319 3.4400
58.1008 104.7384 -279.0932
-175.3684 69.6599 -173.0655
146.2798 -24.4691 -129.5591
157.0001 6.5938 12.3065
21.7909 118.2691 28.2296
88.1857 -42.1084 -277.0163
173.4352 70.5288 -271.8920
74.5727 -55.7147 13.5435
-141.6330 123.1552 18.0884
25.1319 80.9816 28.4904
35.6701 -23.3935 29.2941
-32.8435 -62.3357 -67.4426
84.3806 6.6843 32.2714
174.3885 78.7001 -240.9786
160.7371 -18.3749 -86.8887
-11.8836 -67.3207 -234.2850
-154.4925 132.0594 -8.4179
186.6891 36.3404 -228.1758
130.6072 -33.4399 -79.4775
-132.7063 121.4538 -286.4407
161.8544 -17.3165 -129.3501
154.0172 111.6417 -244.0619
3.3409 109.0085 27.0988
29.8873 -8.0651 25.9077
-43.9197 206.4915 -1.6082
-164.3101 94.1838 -160.0405
-59.7664 -63.2147 -238.2276
114.9217 -39.8100 -58.9097
-187.1149 37.4157 -99.5311
-55.6503 146.5805 -248.2426
-31.4735 172.0410 -205.4968
27.0313 1.3613 -280.8711
158.9484 126.5627 -36.4995
-52.4222 -64.8846 -262.0668
-64.6746 -60.1006 -84.8127
106.3564 136.9597 -268.1704
-25.3564 50.0109 25.4041
-110.8154 182.2901 -6.9139
-24.1572 84.5383 25.4288
-127.3957 127.2707 -286.1198
-118.0488 130.3824 -208.7586
-8.0829 -58.6325 26.6317
-19.3870 151.5492 -259.1178
156.9813 124.5860 -52.0495
-61.4819 -60.1743 -23.5178
46.2015 147.1706 -258.3263
54.9014 196.0872 -57.1838
-181.8011 -15.8410 -128.7051
67.6473 183.5666 -74.3171
-122.8193 -47.1481 -179.8226
175.4300 -13.1286 -174.5631
-125.1828 125.4865 -258.1295
-22.7134 31.3575 -283.9990
-146.6607 96.0663 -287.2695
184.8673 -5.3923 -155.3892
-2.7941 -59.9314 -21.7184
50.2838 35.0169 -279.4776
-163.1314 -29.3205 -159.2691
102.3072 156.6039 -109.3962
-119.6930 -42.2492 -17.9031
148.2826 -14.7112 -24.7647
-110.1987 -51.7351 -206.6403
-130.2782 -20.6659 18.9995
-168.6716 -25.4193 -202.5940
-9.7372 -66.1880 -116.3974
20.1807 72.7201 28.1953
-169.5275 100.9058 -9.5539
114.7964 -38.7363 -209.3906
-8.2230 174.3116 -199.7434
14.5854 -68.2555 -176.5811
-23.4018 -67.0548 -120.9015
-47.4786 62.1771 24.0148
24.2825 -65.1547 -103.3781
-143.0816 -20.2091 18.2050
-121.5250 -48.1550 -164.3187
152.5713 118.4549 -258.4376
178.5471 72.3750 -261.9118
-45.6515 -65.0409 -224.7486
-79.6454 141.2985 -238.0721
54.0491 186.2352 30.1321
-26.8557 170.0880 -213.5893
-174.8802 76.0006 -136.9150
-121.0251 118.2794 -285.7118
88.9864 -50.1437 -178.0691
74.4884 154.1259 -220.4066
-178.5845 -12.8329 -92.2971
-118.7040 -42.6017 19.7489
-94.0121 134.1281 -264.0753
70.2386 -58.7134 -133.7592
-179.0113 -19.1783 -130.5386
-147.4725 116.6456 -175.1641
109.2134 -22.5160 32.3505
-130.6170 -37.1921 -38.6835
65.3011 -58.5994 -189.3296
-109.9767 26.9370 20.1900
-154.4910 111.1437 -83.0025
-106.7980 145.0891 20.2170
93.5206 161.3079 -137.1033
131.6819 -29.2044 -2.1882
125.6273 168.7104 -1.1451
-48.0391 60.4816 23.9825
66.9780 -58.6381 -123.6512
-106.3264 -51.6372 -277.8157
-90.3915 -2.6186 21.4470
145.9893 117.6277 32.9264
-181.1776 -17.7622 -141.3824
-151.4246 99.4042 -203.9795
-107.0454 148.4235 -189.7086
-171.7388 -25.8003 -194.4628
-128.8644 168.3617 -1.3282
25.5765 -59.4440 28.7201
-20.0442 15.3088 -283.8103
151.2782 -23.8687 -109.0369
129.8215 138.7710 -155.3037
-56.6727 173.7770 -167.4572
-89.5004 160.5773 -143.9933
-39.5493 174.7058 -192.5525
28.4043 -63.7494 21.0653
-87.9033 -59.5644 -194.3731
55.4940 172.6884 -120.2445
-35.1105 200.2865 -58.1283
20.9849 -65.0785 -97.5702
-29.0403 163.8639 25.0118
-78.3588 156.3950 -113.5209
167.7182 -15.9514 -103.3862
107.9230 -41.5784 -181.9007
-146.7216 86.2174 17.8260
147.2780 -23.1344 -170.3491
-7.7566 -46.9311 -45.4019
163.5168 44.5459 -272.4696
113.1749 -28.1960 -44.0212
-35.6828 72.7774 24.7310
-169.8175 -24.9201 -264.2589
-101.0490 -53.2594 18.5134
31.0105 52.8747 -280.6985
48.2163 -59.0622 -16.4123
-102.4690 40.0385 20.6367
-148.9988 -19.1306 16.0849
139.1610 -33.2971 -241.5922
187.2202 29.8337 -243.9526
23.0674 -16.3437 -281.0914
-116.0384 61.5239 -286.8238
-86.1059 -59.6059 -187.4511
-173.7529 73.8656 -201.7004
162.1857 102.1265 -135.1788
-138.1035 -40.6142 -286.4672
25.7345 116.1858 28.4771
-95.3865 83.2825 21.0136
34.1062 167.1805 -218.7217
64.1697 168.0973 -106.8384
129.4808 137.9263 -74.8312
-122.5852 2.6368 19.4431
-183.6034 55.3476 -110.2806
-140.3641 126.3661 -88.6350
159.8213 101.1653 -161.2851
154.1568 104.0411 -226.8173
38.3659 208.9779 -4.2360
48.2693 172.8552 -171.2930
75.6469 -54.8825 -266.7707
-134.6120 19.6478 18.6728
159.7396 102.8777 -92.7481
-18.0428 136.3406 -283.6451
-36.0318 156.4451 -233.5071
3.8144 121.8529 27.1096
-173.4816 -1.5622 -72.3771
-127.0670 -45.6524 -186.1786
97.2203 157.7776 -106.4696
-152.6227 -34.0642 -249.9887
54.3350 35.0371 -279.2264
-106.2401 -48.6384 -27.0002
-53.5865 -38.7122 23.7812
-92.3629 -54.2357 21.3734
-64.5000 47.8025 22.9800
82.6209 199.0695 23.9822
-88.7374 -3.6254 21.5510
27.3107 205.6562 -34.6163
-9.9593 -59.8631 -76.2467
61.2725 193.5157 30.5695
174.3295 -16.5391 -243.7473
102.2804 16.3748 -276.2264
-99.2846 83.8220 -286.5536
-167.7662 -27.7131 -245.1825
-80.7807 117.8462 -286.2213
30.9336 -13.0889 25.9798
-166.3293 -27.7462 -163.1340
-3.6494 168.8230 26.5792
44.3565 175.9463 -129.4295
-70.7325 177.8151 22.4064
107.3504 -44.2289 -133.8580
-159.5050 -2.0255 4.0996
-162.3198 82.6370 -94.5825
85.7207 -44.5015 -39.7102
-7.1447 60.3652 26.5186
82.9540 -53.0053 -256.1340
-14.5459 -14.7649 -283.4261
-87.0443 88.5832 -286.5677
122.8934 -36.4554 -77.0253
124.2259 -38.1113 -225.7933
81.3066 166.2173 -123.4496
-82.2354 -59.2952 -257.4911
36.3910 -63.7470 -98.5807
-61.0073 183.4210 23.0014
-158.3712 121.5321 -68.2052
152.5603 39.3562 33.4465
-139.3996 124.6729 -112.8572
166.0600 37.3817 -59.0519
-5.9621 141.5946 -278.8566
-123.3536 164.7523 -50.8133
31.3874 94.6201 -280.7352
136.1653 -4.7859 32.4934
82.1746 -34.5321 32.1939
113.4696 -41.7064 -6.6886
77.1487 141.6333 -276.0715
84.6916 -53.2276 -240.7636
143.1509 108.5844 -193.6677
-88.0670 -12.2522 -286.4860
4.4128 178.2602 -159.5526
-106.0906 -53.1430 -181.9563
174.4859 81.6953 -23.3640
159.9697 23.8998 19.3754
-167.3285 82.6378 -182.5530
94.8870 119.2749 -276.8330
158.3423 127.1163 -12.7018
-117.8883 140.3911 -193.5332
39.2343 -29.4723 -280.0700
158.3709 -19.5231 -86.0108
-176.5941 73.4589 -61.7850
90.6137 76.0497 -277.0358
-68.7604 31.8491 -286.8551
164.0478 99.0110 -116.7414
167.1293 73.0735 11.4906
159.6344 29.1512 26.7444
-13.8203 158.5918 25.9632
145.7695 122.4141 -160.2693
127.4424 77.7076 33.3366
-74.8737 199.7706 3.5326
135.9639 118.4217 -196.5401
-163.2972 -4.0411 -286.6542
51.3799 151.7778 -233.1888
-114.5550 -19.9794 19.9736
-145.8615 118.2360 -112.8671
-166.1975 113.7033 -25.8744
71.4617 -53.2783 -16.8071
-53.5271 -35.7831 -285.8131
100.7770 26.9047 -276.3348
-155.7480 99.5297 -230.7502
-63.8644 -63.1201 -284.9701
17.1348 205.0822 -38.9783
114.7730 -41.7365 -115.7354
-76.5015 184.5769 22.0389
60.6711 -56.7740 -278.7014
160.4505 56.9642 -272.6776
57.8880 154.1446 -229.3155
-101.2664 -54.7548 -187.8704
-180.6853 61.6719 -48.7124
155.9962 116.2405 -273.0392
-176.3157 70.9747 -128.5251
148.8027 120.4173 -130.3307
5.0158 -65.4214 12.6766
174.5776 63.7121 -218.1428
110.3353 -41.6341 6.6453
190.5766 10.8519 -236.5191
-61.2631 -61.6797 -98.3189
105.9767 -45.2495 -129.0918
-44.0903 175.9293 24.0612
-12.1067 -52.2045 -29.8256
62.5466 148.0707 -230.7876
153.8907 98.6400 -209.9166
187.4569 17.9443 -256.2718
117.5922 43.6750 -275.3162
-41.3335 -19.6116 24.5136
-20.5189 5.0404 -283.8250
102.7581 143.1154 -209.2246
-109.0107 119.3636 20.1169
-140.8323 -17.2150 -286.7451
-60.9958 -60.1855 -77.1671
-88.5020 173.0068 21.3114
-82.5200 -56.6879 -104.7658
-112.3046 -47.4774 -8.8099
-160.3246 17.3286 -286.5006
-178.5126 66.9384 -120.0695
175.1861 82.6741 -34.2837
-33.0432 -54.6091 -49.9078
-36.8952 -66.7275 -273.2478
62.4024 -58.4336 24.1586
-119.3068 -23.0816 19.6834
166.7769 29.1120 -57.7598
103.5105 -45.9778 20.2834
-146.3938 46.3368 -287.1814
-42.4181 -48.9618 24.4886
146.3674 130.5894 -64.4815
165.2637 50.0359 -48.4397
-4.9725 177.0849 -147.9725
46.8285 -62.6743 -124.5394
-120.6553 -31.2161 -286.9766
174.7418 50.8540 -14.7965
-101.3058 153.8240 -142.3898
167.8262 -15.9539 -124.4256
51.1417 -40.4221 30.2780
56.9858 130.1160 -279.1989
5.0875 208.3611 -5.0367
-92.8314 83.3092 -286.9189
-114.3172 134.5968 -275.7953
-111.2642 173.6306 -46.0077
-129.5418 -38.3749 -20.0312
100.4707 -38.0031 33.3335
-50.8605 -64.9206 -274.1739
-170.6264 32.4250 -56.9782
182.7699 44.0884 -243.6368
145.8020 145.2807 -29.0031
161.2436 62.8910 -59.2580
189.6376 24.0283 -240.6848
-121.9734 -48.2688 -200.3221
-49.9478 -61.9409 -3.4650
100.9365 182.7779 -33.9591
71.9814 -54.9938 -21.3673
-124.9681 -46.7057 -279.8789
114.0962 -15.3071 32.6429
-109.1680 176.4891 -39.8512
-114.1201 150.4477 19.7553
10.7853 -57.6600 -40.2615
44.8838 175.9341 -147.0500
46.0046 76.3199 -279.8024
-157.9358 120.2779 -71.5540
157.1854 53.4062 -272.8750
-99.9307 26.7368 20.8132
-144.7401 139.3802 -65.9476
159.8911 -22.2725 -259.1140
166.0256 17.0294 -28.5021
145.6736 123.7425 -148.9841
114.9089 142.0230 32.4668
66.1235 166.4415 -101.2555
17.1669 180.7920 27.8528
-163.0568 118.7747 -15.7623
-41.6853 151.0270 24.2462
-51.2004 200.6579 -39.5366
-96.1629 183.6909 -44.1944
87.0390 -51.5992 -92.6155
-5.0684 119.4112 26.5623
-166.6843 101.1306 7.7688
-104.0195 153.6941 -150.2673
72.5462 195.4125 -39.0807
-159.8608 102.6199 -126.7401
145.3021 -29.8098 -250.8669
-7.5437 6.0704 26.5720
5.6508 30.8751 -282.2394
50.1854 151.8054 -235.4154
136.5125 112.5781 -224.4242
-69.5338 7.0596 22.7265
84.8038 117.4277 -277.4556
32.1848 173.2265 -109.5023
-86.4959 160.9697 -160.5851
159.8561 116.2769 -271.5204
117.7985 140.7109 -84.5596
58.3307 114.1978 30.5013
133.6966 159.0873 -23.8161
151.4465 -27.3166 -257.9553
86.8379 -48.5937 -192.0171
138.5688 121.9552 -188.2445
90.8567 84.0397 -277.0322
74.4099 -56.3260 -161.8444
39.7002 0.3250 26.5041
112.4655 79.3249 -275.6854
-135.2808 -39.0895 -101.4491
142.7216 -19.5272 -28.7282
136.3887 -25.7060 28.7017
-178.4109 71.4872 -57.4687
121.0933 149.0737 32.8402
-141.3395 124.4116 -119.1842
-63.0822 -64.6385 -163.3470
98.2709 -47.5062 -141.9700
-120.2280 131.7324 -273.0189
123.6731 164.2948 -44.6424
121.4428 28.9170 32.0931
-1.1437 124.8821 26.7979
-179.0257 -21.4516 -239.4718
-78.8871 165.5005 -157.0665
45.1023 207.4375 -3.4575
176.0390 58.9549 -79.5232
60.3958 171.0749 -158.1752
-95.7432 185.1816 -33.5997
65.0413 -23.6840 -278.4780
24.1566 -66.6522 -219.1217
101.1253 -15.8125 33.3421
-140.9614 27.1628 -286.8170
113.3682 127.3258 -242.9836
29.4475 2.8571 -280.7234
182.8485 46.8547 -268.0989
-68.8917 173.9438 22.5261
57.0863 -62.2387 -173.0726
161.3922 4.6668 -54.1859
-162.0070 11.4602 10.7512
168.8013 -14.7846 -154.5362
72.8382 -55.7726 -87.1975
-166.4992 7.0950 -68.9508
-87.3181 -13.8278 21.6537
89.5842 -49.8493 -221.5641
-166.3653 -24.3084 -88.5450
34.6109 -65.2250 -135.0669
-66.6415 191.0122 22.6411
44.8657 207.4430 19.5361
-161.0468 103.4516 -252.1265
152.1286 -26.2004 -236.4250
172.9249 13.4839 -61.3577
170.1446 40.3794 -39.7462
100.3177 152.1487 -93.8760
-134.8536 -40.4760 -265.1001
100.6195 183.6501 -29.8210
-177.6743 65.8661 -105.2126
-167.5556 102.7706 -272.1829
-68.6227 -63.0103 -144.9350
-7.0214 141.8605 26.4089
98.3131 -48.8586 26.3692
69.1044 196.4914 31.0509
-7.4167 126.8459 -283.1878
-77.7821 16.7944 -287.3929
184.9368 -4.8946 -148.2619
-24.1864 174.2955 -125.5094
-21.4179 -59.1756 -58.5426
-120.7259 28.6433 -287.0671
114.9630 -41.7409 -106.3639
89.9843 107.2925 -277.1198
-114.6169 183.0930 17.7474
-163.5833 119.4011 -45.5810
79.0897 -55.1523 -238.8633
56.1920 109.3354 30.3757
-79.8149 -40.6639 -287.4362
178.1277 55.9249 -226.5354
-142.9203 -28.2710 -0.7532
-12.3969 123.7268 -283.4922
162.5103 7.6444 -24.1103
-29.3092 190.2398 -89.4224
68.2863 63.4047 -278.4021
-27.9990 124.8032 -284.4612
-76.0748 108.1816 -287.4185
187.1569 12.8311 -253.3492
-34.5634 195.2798 -74.3084
148.3539 -3.0024 -50.9148
-95.6740 -28.2740 -286.9346
-104.1251 -51.6880 -262.1209
-165.6230 -27.5483 -267.7393
64.0942 170.5121 -92.1856
-46.3010 176.5385 -160.0482
146.3626 -22.9605 -185.7691
3.3819 22.4165 -282.3679
167.0724 23.8494 1.7951
-113.3369 -49.9750 -272.4943
138.5103 -15.7680 -34.9751
102.3174 100.7055 33.2484
107.1080 -44.3476 -130.8810
142.4735 106.9554 -200.9921
114.6819 127.3206 -244.1673
61.3379 -19.0832 -278.7143
-151.5887 -15.5598 14.3673
-179.0983 31.9001 -38.3548
162.6971 -17.3359 -128.8763
48.5832 193.8535 -65.7660
108.6689 74.6429 32.1768
6.3472 158.8188 -233.0636
-148.8843 133.4078 -69.8148
-133.0073 127.5262 -272.4984
85.5875 64.7531 -277.3312
-29.4847 207.6587 -13.4057
-115.8212 158.2899 -82.3515
9.9420 23.6997 -281.9630
-171.8114 75.5623 0.0565
36.6471 -66.4626 -163.3460
-81.5395 -47.5750 -286.5179
119.3417 144.2076 -97.2778
-66.5756 163.5028 -209.3155
-24.4206 -15.5389 25.5565
-178.0632 65.0207 -196.0475
-159.9337 -31.6909 -175.0653
-46.5013 -62.0205 -76.7958
-11.5572 -50.1984 -32.1350
53.8598 141.4295 -261.9138
-85.8973 198.4543 13.2072
72.4111 188.3794 31.2677
143.2428 -26.3462 -161.2142
100.5734 -14.9698 33.3067
-168.4303 85.2727 -169.7171
-13.2852 18.1233 26.1986
-156.9760 129.2715 -10.7554
-109.6312 15.7213 20.2275
180.2710 61.2032 -124.2710
-136.9883 -41.9271 -157.5175
-7.0233 -12.5049 26.6310
39.0615 -58.2506 29.5546
83.3179 162.6416 -89.4039
23.6802 -65.1408 -102.7413
-173.8483 -19.1851 -285.7838
-75.0039 172.7392 22.1488
4.8179 -56.2358 -49.4709
-156.4717 -32.4750 -162.4171
-59.5577 -63.2195 -121.7252
-179.4337 52.5353 -23.8445
-164.4993 -2.2716 -66.9875
-49.7177 20.3245 23.9362
-136.2220 122.6377 -194.8525
24.9156 -62.1685 -71.3731
68.1996 62.2220 31.1881
110.7211 82.1368 32.2933
-113.7239 146.4808 -122.6059
-119.3139 18.2917 -286.9647
-158.4060 124.0067 3.1867
51.0151 205.8006 24.4263
76.9395 163.9016 31.5837
-173.2714 -23.9145 -148.0786
161.8047 119.6377 -17.4593
-158.5058 1.6636 -286.3653
29.3703 6.8486 -280.7339
75.4706 43.5761 31.6658
142.7071 147.0912 -38.6813
92.6501 156.8268 -189.0424
122.1144 145.2706 -130.7411
-67.7737 -58.5287 -67.3781
124.1783 -36.9299 -118.3446
-161.3019 76.7423 -83.6862
144.8317 84.8547 32.9018
26.1195 -66.5368 -205.7466
130.9091 136.1862 -174.2690
-23.8495 65.6307 25.4751
65.8986 169.6009 -169.0271
6.7138 90.1711 27.3351
87.0810 -49.4042 -38.1159
-161.3145 107.5910 -77.2215
-171.1820 99.5857 -18.0937
-89.6237 147.2262 -218.3631
-121.8586 23.6485 -286.2513
140.3318 -25.3998 -54.9124
-96.6555 127.2767 -287.2194
174.0437 60.6697 -75.0549
-52.5627 93.6442 -285.9396
-123.6963 -46.7351 -136.0842
108.3399 159.8352 33.5367
77.1142 139.1085 -277.9636
-5.4324 -61.4132 -11.8852
26.7349 -66.7117 -179.3343
87.0037 -52.4696 -115.2666
-108.4626 180.8430 -19.4089
183.6215 53.8579 -139.1482
173.1315 40.6474 -65.3493
53.1859 63.9206 30.2546
-106.2878 129.1669 -255.6544
70.1182 -55.7098 -82.3714
-153.6776 -32.5395 -271.8301
-166.8155 88.3359 -228.3307
-103.8534 8.3827 20.5964
-1.5884 54.9380 -282.7229
137.7373 -23.5663 -29.8279
89.3189 -51.3480 -110.9865
91.4008 195.8661 27.5473
-15.9517 116.7300 -283.7025
-60.5416 194.3868 -57.8663
-58.0717 65.6618 23.3529
174.9334 81.8293 -30.5270
-168.2114 87.4125 -162.0385
140.1755 152.2866 -30.4316
37.6708 -64.5541 -202.1262
-11.6155 47.0836 -283.3334
102.2208 103.8165 -276.3560
3.2107 -66.1687 -226.5840
156.6808 70.5518 -272.9310
156.5511 110.7228 -111.1103
-37.7247 60.6417 24.6219
-96.2087 -53.3711 -7.7592
49.5656 148.8189 -249.6789
155.0416 18.6920 -48.5197
-120.4091 47.8664 19.5129
62.6174 74.7916 -278.7700
62.6520 163.5208 -208.7571
104.5000 101.6452 -276.2115
-151.2344 18.7956 17.6432
82.5108 -51.2990 -58.4895
162.3410 96.4481 -161.3093
-112.7342 87.4272 -286.6562
-108.7466 -47.0801 -26.5341
168.0944 79.4925 6.1388
-129.6035 148.4611 18.7980
137.6324 144.4749 -63.3254
-6.2371 129.5453 26.4753
-96.8959 152.1775 -100.9126
136.9545 131.7088 32.3459
-8.3815 33.6917 -283.1136
20.0770 79.9512 -281.4154
-44.8853 7.7997 -285.3400
45.0446 175.9305 -144.6344
-139.3408 12.0307 18.3905
-35.0719 176.2793 -185.2836
167.1982 48.6417 9.0432
-82.6643 78.8226 -286.2820
56.8992 -58.4055 -25.5482
-57.2062 86.2252 -286.2169
109.3207 149.4413 -82.8864
-148.6443 -26.4021 -32.7610
167.3707 55.6681 10.9208
-20.5571 196.8836 25.4904
-102.8630 168.8930 -77.1192
-169.0969 8.6345 -13.0358
-132.8888 164.2503 -5.8966
15.5313 178.1121 -145.5462
-51.8052 111.2909 -285.9180
136.4635 116.5839 -197.0522
-35.6908 -63.7704 8.4167
-96.8732 -56.3566 -160.1396
52.2609 -62.7996 -194.7690
77.2140 182.5733 31.5739
-134.6039 -31.3001 -58.1738
-137.1855 38.4346 18.4862
-172.8926 -23.0936 -131.9716
85.1433 0.5162 29.3218
64.8242 200.9807 -25.0354
-1.7005 177.7014 -162.5060
125.9174 20.0977 33.3250
123.7427 144.1060 -128.9970
38.2304 182.4297 -89.9816
139.0278 -24.4021 -52.9652
-124.3325 -43.6285 16.1711
-143.6495 108.6093 -198.5332
-79.0761 40.5067 -286.8880
-169.9758 -0.6957 -70.6581
19.6473 177.2159 -129.7398
170.8715 -17.5246 -207.2820
-171.3795 82.2599 -118.3083
-138.5372 -38.8905 -253.9274
-25.3707 47.2822 25.4072
171.8477 70.3157 -204.6067
-79.9760 -56.7466 -29.8092
17.3632 88.6588 -281.5963
-171.4552 -24.1302 -128.5683
-128.7710 118.1405 -210.1278
172.6892 59.8339 -2.5838
174.4460 75.9877 -118.8637
-185.3710 51.6317 -112.5809
174.8353 64.8337 -180.6788
70.0294 139.6120 -278.4037
138.0400 -25.8983 -23.4395
-23.1696 -61.0586 -23.8773
11.7993 172.4107 -111.3256
9.3561 158.7494 -242.8789
76.0987 160.3437 -204.4886
-129.1226 16.4974 -286.0675
-178.9981 76.8940 -45.9827
-75.5736 -61.3494 -149.3172
91.6055 -18.4613 -276.8382
-119.2240 -43.8375 -74.8192
80.7147 13.9618 -277.5602
178.6098 57.5551 -171.5501
-164.3777 29.4079 15.5897
66.3306 -55.7784 -75.6472
-21.5316 204.5763 -37.7737
148.3945 -24.2627 -207.9017
-131.1942 152.2185 18.6939
72.7741 -48.6621 -50.3785
129.3802 164.1638 -15.5409
159.4537 42.3180 32.3668
73.6886 194.1270 -42.3031
0.5164 205.5467 -37.4296
40.9075 -61.1818 2.2037
153.8205 14.1020 -273.0271
30.2285 -66.7017 -138.9246
-177.8647 79.8818 -55.8512
172.2545 -17.7749 -234.0849
87.0994 72.7800 -277.2490
66.3776 -55.1550 -60.7140
-109.5630 139.1852 -103.6069
73.8576 149.8765 -226.2135
-49.1981 102.2101 23.8506
70.5007 163.3397 -202.7267
-159.5721 -2.5631 2.1649
55.9064 19.7134 30.4869
185.9172 47.3473 -147.7704
-175.8867 55.4517 -7.2346
171.6564 89.1237 -13.5533
-42.6934 -60.5056 -41.6387
143.4302 133.0880 -66.0122
102.4838 -47.4545 31.0418
29.5260 -65.2757 -133.8409
93.4270 185.2914 -43.0973
145.9021 114.0630 -69.4156
-46.3606 36.2718 24.1214
-74.3541 200.4958 22.1139
68.2212 194.3001 -50.0486
129.9004 -22.9311 -274.4571
101.1351 185.1386 -17.0304
119.9533 147.1942 -110.0945
-31.5523 102.8911 24.9438
119.0506 154.9979 32.7050
-138.8833 111.0385 -209.4236
12.0280 -63.3714 -14.3074
-174.3864 73.1400 -285.9501
-58.5797 -7.2614 -286.1675
-62.8249 -50.4528 23.2253
-47.7322 -61.9920 -32.0436
77.3215 -55.8761 -113.3486
-43.9577 -65.0800 -139.6651
-7.0378 34.1882 -283.0310
-109.2124 -46.6559 -24.2991
-44.0996 -65.0767 -242.5396
-96.5427 135.6869 -239.2377
-167.7875 -0.7956 -37.6681
54.9633 81.0246 -279.2536
59.4723 -58.4649 3.7555
61.2990 132.6461 -272.7304
-2.6400 166.5283 -222.1027
-40.8219 175.9766 -178.9111
150.6187 -27.2688 -268.3617
22.9779 144.7555 -273.8462
2.3549 -66.1489 -268.2173
-173.3554 78.8046 -150.5843
-52.6792 152.7290 -233.4310
-48.1101 199.0862 -52.8416
-40.8740 201.2779 -48.3517
46.4896 89.8726 -279.7918
26.9888 11.0706 -280.8877
57.2138 142.5239 -257.7106
98.4548 123.2743 32.9763
130.3988 125.8970 -196.7927
94.1861 159.1836 -175.1635
163.9656 13.0450 -0.6303
-174.1923 71.3705 -198.1927
-107.2506 132.9333 -266.0916
-186.4534 23.8073 -88.8623
67.8573 167.9019 -182.2641
163.6521 -14.7770 -272.3759
-92.4812 156.2439 -192.8886
160.0352 17.8885 -54.0409
-157.1173 99.5751 -234.2079
175.5855 80.1787 -252.2247
-48.7600 11.3792 -285.5854
-152.7627 -34.0610 -140.0861
-8.2536 189.8110 26.2635
-96.4397 -54.0819 -108.2627
-94.2132 -53.4878 5.7340
-78.5328 196.2215 -18.4917
127.0629 -39.0194 -241.1269
21.2388 181.3608 -98.5088
-79.0979 199.8015 13.8745
35.1659 -58.0316 29.3127
90.1451 -48.5934 -184.9268
-89.8910 -56.5178 -121.9850
-43.6511 -64.4536 18.0032
-137.5129 -40.1198 -266.4519
-125.4869 160.8478 -57.5093
82.9951 -9.6757 -277.3848
-128.9478 168.4160 0.8817
9.4234 -61.8109 -74.0816
94.7054 41.4586 -276.7322
-160.2696 11.5759 16.4045
34.3938 -63.8876 -207.2824
-93.3988 -57.1213 -168.4430
182.3984 45.4042 -252.1485
-8.5348 -53.8944 -65.8055
119.8114 163.5682 -56.0379
16.8912 158.7598 27.8674
-174.1820 63.5509 -65.1764
63.6454 -60.0616 -265.0218
179.6106 62.5088 -258.5141
42.4836 -64.0744 -133.0734
129.0250 -33.9708 -191.5221
158.6642 -23.2444 -268.5582
-104.9634 162.0341 -88.9955
-108.0859 150.9573 -137.5693
56.9660 31.5230 -279.0582
-23.6202 16.8919 -284.0344
129.1241 -18.9860 -46.1554
159.8129 101.5326 -159.3713
-56.7685 187.5863 -81.8201
-96.5366 -54.8640 -247.4459
104.1860 87.9661 33.3826
-79.0379 153.4479 -218.6536
118.3949 -37.3189 2.7769
-30.0556 -67.1431 -138.0277
63.0299 191.0025 30.6822
-150.8189 113.9258 -167.4159
59.0667 168.6947 -196.2621
-25.7535 -19.9328 25.4802
41.8521 -62.5594 -224.7623
-136.5368 99.9800 18.4378
106.5210 74.4202 -276.0470
135.8575 153.3382 24.1844
-116.3332 177.5211 19.5791
-161.7926 115.5331 7.6923
-180.6486 42.5194 -44.4887
49.0288 -11.1130 27.0991
37.0202 33.2030 29.2964
27.7940 177.8290 -176.3526
-99.6931 156.5862 -146.3708
-49.2537 170.7430 23.7485
31.9973 -62.2014 -13.8407
8.6140 178.2717 -165.4570
173.7996 83.1525 -14.9169
-140.0064 115.9047 -90.5336
76.3025 197.7149 -17.9873
-26.1382 64.5588 -284.2591
-16.8613 7.4257 -283.6016
97.2724 132.7137 -237.0716
81.9325 -51.3198 -214.2580
175.8462 52.1969 -32.0954
-136.5262 113.9480 -213.2015
-146.9584 117.1981 -174.1305
98.7617 -36.9565 -276.3679
24.8945 -65.1688 16.8194
-95.5780 99.1649 20.9789
-168.2434 29.7190 5.3243
-165.3934 101.8199 13.2508
148.1049 3.0404 -48.3512
-111.8359 129.2956 -216.5131
-62.5159 -63.1512 -247.4617
-95.8311 68.1256 -287.0831
-63.2047 -52.6325 -45.6420
-169.8867 66.8650 8.8727
4.5405 142.5298 27.1249
-166.8349 1.0556 -70.4658
110.0625 45.4444 32.3053
-111.2395 -45.5222 -14.7925
23.2662 -66.6316 -210.2395
143.9012 -23.7869 -56.6072
74.9394 138.1544 -278.0971
8.4767 -61.9314 -28.0130
-75.3551 -46.3862 -53.8258
-73.7769 90.2833 22.3436
59.4202 5.3272 30.7255
188.2290 -1.1686 -235.5605
57.9382 31.5661 30.5959
38.0232 148.8825 -260.3160
90.1867 189.8925 -30.6855
-14.4783 -60.7526 -73.1140
-162.6487 98.2791 -156.1181
29.2214 179.5891 -97.6401
163.3836 59.7463 26.2197
-135.2289 9.5068 18.6491
69.8819 134.6208 31.1882
-121.4909 175.5981 2.1412
13.0566 209.6776 0.6908
-148.9310 -36.1292 -238.0311
-16.6967 196.8607 -75.4149
112.1581 2.1335 -275.5934
-50.5582 -29.2925 -285.6383
73.4376 -55.7864 -236.8925
117.8986 -38.8079 -142.5328
159.6512 26.3493 -53.6193
-91.4106 83.3256 -286.8308
-39.0735 -66.6931 -153.0843
-125.5745 120.7891 -233.4196
174.7349 61.9284 -10.5426
155.1011 14.2830 32.6276
24.2668 -66.6547 -233.0989
133.3031 153.6344 -59.5676
10.1179 -66.3281 -126.3094
61.6265 147.0401 -243.6329
-146.7357 19.3040 -287.1637
108.8628 -46.1013 -241.5447
-151.5242 43.6825 17.5894
125.3029 166.4348 -32.5883
109.2151 177.4073 -37.2990
73.7933 -5.2788 28.6263
-164.9829 -28.0926 -269.7098
-78.4443 188.7485 -54.9577
-85.0512 160.9285 -186.7895
-43.3671 141.5801 -265.5315
-152.3477 -34.0706 -224.3042
168.9230 -15.9792 -159.9226
17.4073 133.5168 27.9358
-64.6594 81.0190 -286.6715
-49.3987 28.8895 23.9437
-21.1812 207.4670 -23.3820
48.8205 174.3429 -162.1020
17.8866 175.0569 -199.3611
152.7980 102.6820 33.3701
3.2100 193.0682 -85.3279
174.9434 58.3422 -15.2455
134.9316 -30.5176 -75.0510
-114.5351 171.8476 -48.1984
158.1698 121.9921 5.3411
-148.3608 115.2331 -86.8163
129.3005 139.4765 -154.4191
-42.1393 -66.2451 -215.2043
154.9655 99.6791 -219.8025
153.0533 -24.6153 -271.5426
114.8982 160.0571 32.4402
111.4247 179.4964 -13.8969
-83.0137 -47.6741 -48.9388
-148.4427 100.8180 -286.6694
-40.2080 -65.1665 -115.4199
-130.7193 164.1073 -18.1865
78.8956 186.6242 -58.5162
-63.0985 200.9326 -19.1092
174.3271 56.3185 -74.1268
54.7084 -59.8553 -94.0072
118.7156 -39.1904 12.7396
-141.9677 117.0506 -105.7315
134.5902 121.7443 32.2136
172.8086 75.0288 -271.9373
7.1261 -59.2883 -282.0181
39.2663 -60.9017 -64.2463
116.5382 114.1355 -275.4830
-132.4935 -34.0634 -41.4525
-5.1752 -37.9890 26.7823
-44.7329 190.7565 24.0000
-131.1436 -41.8297 -236.4533
-39.3046 116.4225 -285.1502
-170.6679 20.8380 -7.3787
-168.8050 86.7940 -230.7946
-145.2706 -18.9046 -57.0768
168.8985 46.8072 -43.4824
15.2978 70.7261 27.8953
166.8745 89.7422 5.4050
-30.7689 144.3553 24.9327
-74.3508 -61.3776 -148.4500
14.6186 -56.7403 -281.5572
-12.1259 163.1121 -229.3122
-150.0264 -36.2987 -168.8358
61.4807 -60.0117 -193.8661
-107.2997 151.0117 -142.9418
43.3510 136.7865 29.5399
52.7301 44.3017 30.2546
-142.1172 88.5985 18.1082
-157.8746 -30.9422 -258.4619
120.6665 121.6710 -236.8157
-2.0401 151.7767 -259.3289
-155.6412 46.3718 -286.2520
189.6367 21.8133 -241.5002
-173.9011 29.4877 -11.4663
72.9921 192.5157 31.2977
186.5351 0.4717 -247.9514
-93.1372 140.6976 -221.6287
-130.9165 -42.0925 -263.8317
-147.4056 134.8353 -69.5104
-79.5512 194.9571 -23.3491
-143.4366 -36.0189 -286.8795
70.8936 -54.2273 -18.5317
-171.1268 4.8355 -30.1989
6.5710 -66.2462 -142.7507
176.5997 62.0576 -22.5689
121.6339 166.7476 -41.0047
39.8891 85.8739 29.3985
-67.1365 155.8625 -224.7148
59.7474 169.4670 -193.0681
7.6133 166.1396 27.2815
-25.2567 171.3499 -118.0877
-145.6346 -34.2255 -90.8893
159.4509 101.2706 -229.5036
-9.0627 171.1777 -211.7431
-127.7467 -12.2634 19.1444
-41.2707 143.4135 -262.4151
-42.9756 -44.9665 24.4483
134.0978 -30.1794 -206.8984
102.5659 137.8445 -216.5394
113.2870 147.3481 -182.1568
-183.2851 56.8869 -114.0884
-38.4197 179.1382 24.4082
-11.0646 145.8974 26.1524
-171.5769 -24.6243 -256.7309
-96.4926 185.8523 -28.1917
95.1131 22.6684 32.9139
-137.4680 129.5346 -143.9532
11.2426 181.9536 27.4838
-116.9689 116.5521 19.6274
-173.2498 87.4956 -248.9566
-106.8262 -49.9087 -36.5670
172.2187 60.6104 -43.1689
119.4615 143.2563 -79.2021
168.1297 82.9917 -52.7600
8.0486 19.2729 -282.0740
-146.5438 -37.4771 -207.6776
28.1611 -65.2442 -248.8226
-16.6791 -67.2100 -114.9787
125.9613 48.6401 33.2866
-162.7896 10.6443 7.2050
10.0935 79.5598 -282.0339
-130.6493 -44.8302 -208.4135
-78.6287 5.9094 22.1642
103.0241 131.0806 -221.3603
-14.0265 -60.7819 -18.5574
-45.0477 173.5087 -133.5705
-39.4156 167.3771 -110.6475
-1.2086 105.1073 -282.7716
120.3492 131.5939 -204.0843
150.2750 133.5935 -55.2304
164.6713 9.8758 -21.2672
114.0142 -41.7190 -132.5798
-66.0010 -63.0308 -247.4122
81.9700 -54.4830 -237.8557
-31.6977 -63.8625 -11.3260
-83.8686 138.6939 -275.4705
141.9729 111.0577 -209.2715
-172.9232 63.0167 -88.9972
152.1340 -21.1160 -65.0060
-22.3894 -65.5778 22.4941
53.7560 -59.8334 -84.0493
67.4435 169.7509 -116.0491
158.8506 92.5180 -179.2109
58.8601 -61.4516 -164.4836
40.3026 -61.0232 -25.2164
-155.7571 -32.2611 -259.1727
20.9533 44.1160 -281.3095
-129.6208 -43.5975 -226.2756
104.2074 133.3677 -219.1657
13.5969 181.7419 -154.8122
69.9555 -55.7061 -83.0104
-173.4915 -21.3728 -107.2312
-148.0649 54.7673 -287.2972
95.2398 -45.5194 -276.5739
-152.9964 -35.1348 -283.5950
-168.4581 104.1495 -11.8302
-173.4285 87.7002 -252.8545
163.4804 48.6548 20.5101
103.4376 137.1514 -216.2532
-51.3727 175.1551 -164.8183
-87.4212 -55.0744 -23.7256
-59.4803 192.3817 -64.9579
100.6526 -45.9413 10.0910
55.3983 -38.3300 30.5390
-124.3539 166.3368 -36.3390
-123.4535 -46.7407 -178.6420
-143.7284 47.1080 -287.0172
66.7792 -58.6336 -161.1713
97.0651 45.6419 33.0019
-96.8033 -47.3558 -59.6598
-177.4025 69.2442 -123.6784
-164.6516 116.4596 -20.1192
167.9611 17.2876 -14.9818
-84.0518 194.0321 -16.2300
114.4676 141.3192 -196.5152
48.7194 205.8536 -19.4923
-36.2317 -7.8103 -284.7809
-118.1542 -45.3626 -89.1604
-147.0095 135.2136 -69.4968
58.8584 53.7272 -278.9728
101.3814 -45.9286 4.4640
52.8734 177.5039 30.0717
26.4998 92.7322 -281.0355
-161.1658 -0.1713 -286.5276
167.0735 33.4333 5.3636
112.0828 -41.6744 -22.9120
-87.1163 -47.5794 -55.4175
185.0266 37.6035 -245.1237
48.5698 -62.7144 -236.3313
39.9909 -63.8616 -221.4769
89.2372 -28.3108 32.6229
112.3476 -18.8451 32.5395
67.2124 -58.2120 -193.2881
-151.2337 103.9430 17.5208
-64.2418 191.9565 -63.6363
171.1318 72.3073 -215.1092
-112.3469 182.5641 -2.1893
-44.1498 174.9884 -181.3439
-33.5946 83.2796 24.8454
-12.5682 156.7631 -233.0786
44.5513 205.9498 -18.5319
168.2425 -14.9441 -133.6648
-97.5876 -56.3401 -187.7987
-151.8814 136.2600 0.2695
-115.1131 -49.9807 -189.5294
160.9713 109.4747 -255.2964
68.9190 -31.0490 -278.2269
-91.2640 88.9299 21.2611
114.3921 3.9081 32.6335
149.8940 104.9647 -224.2652
130.2903 164.7010 9.4361
171.6398 98.1641 -272.0431
-88.3803 -58.0530 -260.7395
98.5474 -47.3636 -87.5874
-11.0231 186.8072 -97.9092
134.0514 150.9376 -61.0103
81.9054 -5.4019 29.1295
120.7761 77.4869 -275.1674
53.4698 -61.3271 26.1050
-127.6454 164.8204 -30.5742
29.8100 -12.8120 -280.6783
172.5426 33.2513 -10.1659
162.5442 -4.9474 -56.8152
-176.9960 54.7244 -13.8569
-129.8524 133.0957 -92.6177
-150.6217 43.6169 17.6455
91.4278 156.8550 -96.0580
124.3326 150.3919 -72.5447
-114.5168 -46.9470 -84.7777
-3.4342 -64.5149 -8.1254
126.0559 101.4283 33.2165
85.2393 51.8109 32.2597
32.3304 144.4626 -271.6533
45.6946 -62.6481 -264.5108
1.3591 177.9525 26.8766
-68.2372 62.3156 -286.8665
40.9963 100.5720 -280.1479
85.9453 -25.1949 -277.1795
137.1451 54.3464 32.4690
53.8702 202.7339 -32.6733
112.0449 129.4482 -214.3217
-138.6745 98.6945 18.3071
-20.3969 -64.1234 -5.0424
-173.3241 94.7813 -276.1165
-88.5111 129.3449 -258.5966
90.5641 176.5471 -73.1417
180.0553 57.9549 -97.7813
-145.4653 106.2523 -233.1157
-44.7227 156.2983 24.0503
127.6523 3.4131 -274.6344
-107.5080 147.8734 -191.5145
22.0423 206.4694 -26.6130
104.4380 94.9324 -276.2057
57.1410 165.1484 -209.1083
-110.6686 131.1712 -262.9552
-66.5614 3.6207 22.9157
121.2623 -13.0880 -275.0069
18.4366 170.2289 27.9468
-181.1348 57.4685 -186.7937
113.6409 125.9017 -235.3972
-170.3324 84.7058 -158.4994
91.9745 153.8802 32.5305
-125.4880 -9.0565 19.2799
168.7871 63.1329 -48.2896
-42.6985 157.1772 -232.8184
-72.1779 200.0945 -6.0979
-124.4766 131.6432 -285.9451
-84.3357 93.0639 21.6848
150.2946 -21.5508 -173.1157
183.4443 54.0280 -138.9088
-47.6791 173.6535 -136.8871
-26.6341 20.9485 25.3667
83.2474 158.5999 31.9825
156.6679 89.8366 -189.5336
45.4320 177.4219 -165.8991
-48.2458 197.3271 23.7727
-27.4002 179.1030 -162.2156
70.6138 -55.7213 6.1630
-179.8492 -20.9554 -229.5131
43.5769 137.5996 29.5527
-46.3964 20.1206 -285.4514
115.1208 172.8126 -39.5822
-162.0339 -12.7842 -26.7782
49.4108 117.9335 -279.6511
7.6299 90.6372 -282.2027
69.4416 43.0246 -278.3011
-159.8259 93.9058 -185.2314
25.8513 60.1896 28.5649
39.5015 137.7224 -277.3642
18.4321 10.9778 25.1699
55.4502 86.5019 -279.2313
67.9841 -55.6606 -75.7952
130.3708 122.9474 -241.7198
-78.2903 49.9610 -287.3881
135.0295 124.6124 -191.1725
-7.5242 -61.5701 12.0840
-165.8800 115.1673 -30.9140
-167.9031 65.6696 -86.1666
-63.0639 177.2971 -97.7270
123.2158 127.6137 -249.7556
83.9076 -53.7257 -139.7308
107.5993 119.5842 33.5487
8.1260 -64.7817 -107.0504
-20.5221 195.9391 -76.6835
-145.7998 0.7047 18.0063
-72.6630 -48.8056 -50.8858
-26.9796 -65.4718 -111.2360
-163.5383 -3.5237 -42.9585
-111.3655 177.8238 -23.5896
34.9321 -62.3997 -34.4216
100.4969 -46.6828 -236.0997
190.3922 25.2114 -228.1758
162.0536 49.4845 -53.0994
51.2045 79.5707 30.1092
-39.4374 -12.2888 24.6206
55.4932 195.1945 -57.5558
112.9673 150.0530 -80.3813
-147.2816 -36.8090 -133.3606
-34.6429 -66.7954 -137.6159
128.1534 -24.3888 -35.6050
-44.4497 189.9993 -85.6441
21.9428 -13.5552 28.4287
48.4336 50.3681 -279.6144
-115.2786 141.1467 -196.4676
-64.1490 -61.0454 22.9757
-66.9790 195.0205 -45.3607
-165.0229 109.0983 -285.9156
-181.1874 56.4190 -42.5840
139.3059 -26.0211 -273.8694
-97.0519 -52.3563 -13.7625
0.9115 -6.9419 27.1150
-84.2094 165.5487 21.5883
159.4713 81.8435 32.5831
-87.0146 160.3783 -186.4198
-23.9709 175.9879 -105.6754
135.3136 -16.7851 32.4578
126.8261 144.5037 33.2022
-122.4496 -46.7639 -126.3599
111.5067 -41.6611 -5.1403
-21.7629 -61.0911 -20.9616
3.8470 -66.5147 -267.0363
-142.2796 140.1109 -70.9101
-155.2167 95.4651 -191.9434
95.8796 -47.1300 -219.2495
10.2785 174.1011 -204.3905
-23.4982 198.5181 -67.8830
100.6895 132.6349 -223.6261
111.7033 150.3854 -169.0800
-137.3947 -31.0052 -59.4922
51.4407 -60.4117 -223.6032
-145.9381 -12.5718 -53.2597
90.0652 -47.2423 32.7015
69.6516 -57.1995 -233.6297
181.0065 51.6965 -255.7643
-166.0525 51.9914 -70.1136
-170.6199 -5.0703 -70.9062
-91.7440 123.0307 21.1823
-82.0639 31.0686 -286.1760
-86.9397 139.9665 -278.2148
158.4058 -20.2377 -140.2055
-87.7742 -31.6134 -286.4399
-93.8865 192.6408 -1.4531
105.1874 -43.8783 -166.6972
-8.5498 169.6655 -215.5923
103.0170 118.3997 33.2663
-159.1901 100.2340 -176.8506
-11.5794 -24.6754 26.3660
-175.0223 66.0685 -96.0885
-171.9070 19.3537 -13.3068
153.9874 -20.1357 -80.6846
-148.0660 -21.9953 9.3330
16.7749 -66.4818 -160.4096
-24.0657 28.0820 -284.0781
-52.0543 -53.6811 -285.6960
164.2835 97.8185 -234.9355
-170.2074 84.8836 -233.1360
64.7480 200.3537 -29.4310
181.2121 49.1458 -243.1479
35.4946 -56.5120 -280.2630
174.8174 -16.1514 -247.6131
-174.1820 14.9260 -25.6404
-19.1600 139.0876 -279.4897
-85.9224 -58.1098 -254.4816
88.6492 195.9765 8.9180
173.5715 59.8209 -41.0385
-89.4763 -56.6056 -241.2605
54.4330 56.6016 30.3425
-124.7229 -40.7098 -24.9997
40.7503 144.4142 -266.7721
-5.1339 178.5891 -172.0743
168.8251 98.5852 -7.6743
50.1420 174.3124 -148.7660
-64.6748 175.1810 22.7858
-148.0786 -37.1699 -156.5536
-141.3981 -22.5289 -45.3507
-108.1312 -51.5955 -132.2286
-103.7573 146.6265 20.4034
133.5480 159.3643 -8.5602
19.8097 96.2925 28.1383
15.9253 174.9509 -114.0867
-156.6407 -14.9348 -9.1010
143.0905 -26.0020 -153.1292
85.9186 194.4922 -9.8319
-167.8423 2.5529 -70.5304
79.1367 -52.2151 -63.8846
16.2427 209.6040 4.2865
-156.2394 108.1146 -153.8572
-20.0868 -57.8736 -35.6635
-9.7800 99.5920 26.2987
-135.1936 160.3076 3.5253
167.1584 65.8815 -69.3890
130.1905 128.3858 32.5034
73.2729 -52.8991 -200.9253
-1.7392 3.7195 -282.6585
-41.1423 132.1501 24.3070
74.7161 141.5843 -278.0180
12.0393 42.1361 27.7002
-170.5980 5.8521 -38.3416
8.3623 202.6531 -54.2619
115.4986 180.3238 31.1425
-20.5525 73.1506 25.6687
-171.2588 -0.1183 -71.0341
107.3806 187.5835 26.2631
-108.5052 -49.3837 -264.7327
-100.3706 137.9489 20.6259
-117.7014 131.4230 -286.7691
-62.6202 170.3311 -133.7737
94.7896 92.3697 32.7935
20.9101 169.6927 -216.9120
-120.5632 178.7939 17.1235
154.8500 97.0719 -209.7531
144.6605 147.4653 -29.6500
146.1918 123.1757 -106.5588
-108.8808 122.8680 20.1198
-25.7888 -63.9989 2.3751
172.6886 38.0374 -10.7282
98.4553 -1.1881 30.1497
-178.6707 -7.5820 -82.8589
-159.6222 98.2626 -180.6754
-5.6587 178.6012 -172.0232
161.9587 99.8187 -150.6019
27.2905 171.8391 -209.2778
2.8785 -66.5049 -141.1797
-148.1040 -37.1693 -195.0678
56.1265 -58.3877 -7.6879
124.0041 169.6067 -14.2181
-51.0116 205.1548 2.6401
103.5316 -38.4763 -48.6512
171.6045 64.3702 -74.8473
-103.2859 138.6273 -285.6391
6.3864 173.9996 27.1941
-76.9674 166.6198 -168.7969
108.5177 119.5821 33.0627
34.6066 188.1746 -83.2143
65.9556 64.9120 -278.5488
118.1427 157.5669 -72.2303
-50.1676 -63.4341 3.1466
156.6681 130.0954 -25.0319
9.6890 -60.3166 -34.1883
-124.7584 -45.2102 -264.2490
76.2591 -54.3512 -84.6266
128.1481 134.0514 -273.8816
-81.5163 -4.3988 21.9999
148.7318 103.0817 -218.6461
166.2263 -19.8132 -269.7675
-96.4743 -53.5706 16.1291
186.2013 -3.6444 -244.4307
-128.7422 123.3441 -257.3097
-125.1505 -42.9496 10.4536
-111.2983 132.9037 -266.8933
148.5915 -11.6360 -51.5922
55.5490 74.9514 30.3853
-142.0410 101.3535 18.0945
-23.1740 203.0118 -49.6246
40.9514 98.4793 29.4462
-162.9448 -26.3240 -85.9966
157.7902 105.1378 -234.3990
125.3121 -33.7413 -211.3381
7.1344 -67.7597 -170.9018
174.9077 -11.6161 -140.4472
-21.6976 -20.1422 -283.8618
187.4567 19.0121 -255.8692
58.9641 -59.8126 25.1507
67.0406 77.3393 -278.4994
-120.6028 -48.3069 -273.5815
160.3872 91.7146 -272.7316
-37.3285 -63.7326 9.6585
-127.6064 -45.6333 -197.4650
-175.4210 -21.5614 -249.0679
34.7505 -64.4714 -280.1650
20.0542 178.0077 -164.1457
80.1699 -52.9410 -2.8619
161.5193 52.0584 -272.6043
-150.7348 29.1104 -286.1150
89.6163 -50.1583 -83.8756
-129.5455 70.2580 18.9141
143.4221 126.4585 -136.8995
124.1779 -36.5006 -101.5061
12.7677 -58.7021 -39.1391
91.3372 161.3583 -171.4969
-65.5904 166.4809 -198.6301
-5.7888 182.8947 -102.2811
128.8416 140.8528 -123.5257
-21.1249 76.5744 25.6283
-48.4928 -64.9753 -272.8670
-2.8004 -63.9594 -88.9355
139.2482 48.9803 -273.9809
-59.1542 -63.2288 -234.7997
-117.7913 -48.9242 -283.1772
92.0317 -50.2140 -256.1286
121.2254 160.9783 32.8312
-158.2719 127.8822 -21.7530
-100.0227 163.5473 -91.7922
-142.1332 151.4288 -23.7307
-48.8473 28.7095 -285.6157
-16.5106 195.6305 -77.6053
110.2360 86.9981 -275.8347
71.5090 156.0372 -218.7485
45.0842 207.4379 21.4988
-45.5591 128.1456 -285.1670
135.1101 129.1626 -90.9474
-7.7332 194.6636 -83.1608
174.1379 21.1821 -63.6861
45.8931 -3.9807 26.8943
-141.4495 -40.3142 -174.2419
62.8244 -57.0419 -5.9596
-57.7694 72.6446 -286.2322
85.1946 148.0350 -219.6074
-164.9815 76.4385 -74.4511
-135.9004 -34.4502 5.2190
147.9328 -27.2035 -273.3327
-95.5514 134.1636 -264.4799
143.3731 122.6473 -254.1274
-85.2632 164.9156 -100.2096
52.3732 129.3248 30.1101
72.2604 145.6235 31.3199
5.2249 208.3579 -15.6436
-65.5363 47.5747 -286.6778
-115.8014 179.1353 -4.7661
-179.2279 52.7006 -27.0995
-75.8893 -61.3421 -159.0027
65.9018 -56.9232 -197.8507
158.7288 25.2284 24.7307
140.4241 151.8779 -3.8538
104.6575 174.4380 -54.2313
125.8006 93.9396 -274.8795
71.0060 -55.8955 -190.5125
-88.5693 -58.0487 -214.9613
148.3197 -7.3875 25.8366
77.2187 159.4210 -205.7566
17.1554 -20.2369 28.1414
-158.9666 1.9086 15.0078
-19.7216 201.4317 -58.4394
-8.8630 177.1747 -142.8671
152.3726 -12.6040 -273.0784
24.9287 175.7752 -121.2981
-50.8868 205.1519 -3.5590
169.1602 72.6882 6.0110
-140.1561 -7.8981 -286.7166
-20.6961 166.1621 -224.0971
-160.5852 9.7571 -286.5059
99.0484 -44.3744 -196.5930
168.9946 82.7974 -225.1964
-79.5421 -59.7574 -251.0919
140.9020 128.3697 -101.2607
-81.3844 -59.7149 -134.3900
158.2785 -20.2347 -107.6331
101.0865 156.8491 -83.0916
128.5846 119.9878 -214.4696
-177.3920 68.8726 -147.5561
182.5650 44.3966 -263.2293
88.9294 189.8000 -33.9894
-67.8803 -39.3264 -286.6981
129.6362 133.4676 -76.3181
-75.0551 20.2905 -287.2288
135.7426 -15.0905 32.4820
-145.7197 120.3430 -165.9013
73.9733 -54.7851 -0.8220
11.9302 -61.8688 -32.1772
-148.1679 -36.4551 -245.4746
-110.3937 -7.4936 20.2137
-172.7281 -22.5254 -278.2682
-13.1431 -61.3341 -77.6544
-67.7237 32.8892 -286.7923
48.9309 -61.4206 -249.2155
-88.7434 14.6445 21.5244
-75.5147 -61.3508 -183.3503
96.0442 -49.0981 -108.9849
-158.5029 53.5309 -286.4398
150.0206 -6.1905 -33.6362
132.9550 -16.0714 -46.6459
64.2496 203.9948 -2.7845
34.4918 190.8626 28.9127
145.4104 137.0539 26.6142
-126.6383 170.0537 -8.4216
-164.7030 11.4835 -51.5060
-107.2283 153.3937 20.1784
106.1294 -45.7305 30.1591
-178.1746 80.1510 -33.8072
31.4807 -62.3200 -78.4597
179.7976 40.7324 -75.8404
131.9353 -29.0023 -2.8372
6.2409 -58.7366 -61.0013
-171.8872 53.5880 4.7505
132.1932 -31.6358 -163.9787
51.2744 -7.7153 -279.3547
-153.6234 -7.6866 -57.6109
-145.7303 25.1579 -287.1098
159.0304 104.3012 -93.2242
77.3785 -36.2728 -277.6948
135.3014 131.2040 -174.7618
148.4338 120.1765 -98.2990
40.9056 -29.5099 -279.9663
1.5557 -63.2750 -13.9477
-31.6519 207.1462 23.6671
-80.0297 23.9770 22.0513
-16.1364 -51.3982 -283.4720
109.5275 164.2289 -73.6531
47.7779 -62.6962 -213.0996
149.3716 141.8578 -20.4286
-15.0578 178.8181 -151.5671
55.9153 33.7955 -279.1266
47.7219 142.5861 29.8026
30.8498 56.9614 28.8795
84.8611 165.7643 -130.4508
-110.5178 -48.5397 -5.5468
9.5742 192.7751 -83.5764
-150.0470 116.6781 -134.0922
-42.2454 -67.3432 -196.5403
-10.9954 -10.6407 26.3820
57.4100 205.6530 21.9132
161.4609 45.7553 27.7455
46.3207 174.4006 -120.8108
102.7464 -45.8139 -232.9337
-4.0096 -55.5000 26.8797
45.9105 -9.7816 26.9038
-168.8934 100.6190 -3.7312
-102.0711 113.0176 20.5563
-50.8602 -65.0786 -211.3485
0.1969 -57.4246 -282.4505
-173.3401 98.0985 -50.1026
-146.5632 72.7319 17.8553
-94.7302 -53.4053 -12.1551
168.6154 86.6833 0.4305
-64.7308 -63.4727 -161.4832
3.4751 178.0208 -180.8852
-124.7905 141.9012 19.1059
36.7297 0.2058 26.3201
-90.2046 -53.7717 -80.1201
-102.1568 92.3091 -286.0073
4.7219 208.3695 18.9464
-180.1655 66.1254 -204.3957
-174.3954 31.7664 -285.8911
-96.9881 104.1234 -287.2066
-174.1682 -21.6892 -122.3345
-144.7115 112.2332 -194.7376
-59.3927 -64.7237 -197.5059
113.9539 -41.7176 -30.7584
41.3683 12.4642 -279.9980
4.8743 208.3660 -10.2751
-70.5675 51.4724 -286.9954
173.9506 -1.2564 -271.7567
-30.5379 34.9646 -284.4893
-162.9146 120.0651 -28.0019
49.9127 -64.1721 -164.3627
-145.7702 -38.1499 -185.5902
-66.3867 162.8343 22.6974
-0.6102 115.5819 26.8443
150.7984 113.3203 -170.2758
-1.2021 207.5427 -22.7054
82.8566 159.7169 -93.8487
175.2803 68.4672 -16.8871
-151.3623 6.7110 17.6527
-78.7186 147.3346 -226.7161
-33.1094 171.7328 -206.5014
-18.3132 78.2044 -283.7935
-43.7871 15.7100 24.3106
167.0550 10.9479 -272.2018
93.8748 154.1154 -198.4276
56.5673 142.2320 -258.7623
-82.9471 66.0386 21.8098
122.3018 -23.1509 -37.7606
179.3541 -8.2463 -264.8822
133.1780 133.4325 -174.8999
-187.8125 42.2922 -110.6929
53.1655 205.7510 -4.8062
-160.2492 -29.8400 -271.7466
-104.4033 -4.3791 20.5807
-154.6761 93.6994 -286.2603
36.7494 129.5826 29.1409
77.0581 163.3619 -92.2221
-153.1784 -26.4364 -68.1819
-44.1106 189.9915 -83.5647
-1.5620 141.6708 -278.4136
-55.4694 205.2577 2.6003
-142.2210 124.6481 -149.8544
-20.5040 153.4370 -253.6046
99.7366 -47.4172 -115.1180
-159.1488 102.3808 -162.5348
-168.3491 79.0461 15.0999
-65.9035 -60.0722 -1.3401
164.8195 108.6209 -51.3275
77.7386 -55.7769 -275.2811
79.4501 164.2746 -183.6997
-52.6091 -64.8803 -163.5002
42.6168 -65.5173 -187.7244
-184.4922 -8.9707 -110.6968
51.0912 187.4544 29.9469
167.6581 86.0263 -226.6780
40.7889 177.9367 29.3218
152.2290 98.9937 -199.6419
92.3588 -48.7535 -166.4106
-145.9324 118.8233 -114.9728
147.9234 -13.6479 -0.8719
-152.6501 115.0909 -286.1654
27.6421 63.9303 -280.9232
-133.5111 -43.0856 -212.9709
-172.1951 71.1647 -285.8113
-17.3033 110.0442 -283.7767
-79.3720 172.0124 -96.8868
-2.3553 199.8386 -65.5038
40.7335 174.5295 -184.0636
-160.0972 75.0634 -286.5696
-153.4165 -18.0653 -5.2607
27.1765 192.8473 -78.9776
-67.7277 -59.9557 -38.2404
83.8903 100.4258 32.1061
64.5560 -59.5824 -174.1064
140.0380 130.3795 -142.9460
73.5557 -52.0130 -58.4293
-24.2769 186.6263 -97.1169
79.5271 -50.2100 -277.5415
-93.7922 169.5209 20.9884
-73.8012 157.8145 -106.1048
121.9558 132.1323 -201.6653
-16.3145 171.2269 -108.3662
113.5250 181.9633 13.5952
120.2293 -38.4823 -23.6223
150.5086 114.9806 -245.2423
151.8025 -0.9203 20.5803
-33.2870 -62.2990 -19.2875
-72.5722 192.1488 -52.4671
34.1085 -65.3815 -122.3434
-57.8481 87.3804 23.3355
42.4296 201.5728 -45.0652
95.2782 121.2353 -276.8115
83.3122 -53.0136 -256.5644
-39.1901 21.8925 -285.0071
-134.1644 -34.4903 -62.0411
-21.8837 -67.0899 -212.8793
-138.4470 -40.7130 -144.7733
161.2880 26.8709 -272.5824
-61.3691 190.3898 -68.7224
-134.1032 -42.2630 -143.4961
-172.6934 77.2808 -171.6822
69.3533 -30.5807 -278.2007
47.5116 -61.1896 13.7593
-51.5217 77.4230 -285.8517
-164.8617 112.5972 -65.1825
-39.7044 206.3942 0.1995
-78.1974 198.2802 -7.5674
61.6153 -21.6024 30.7480
42.7290 -62.5796 -104.8858
-46.4300 175.0410 -172.7708
-100.0123 -43.6017 -287.1816
184.3478 -9.0094 -182.7446
-17.8006 207.3890 -21.8469
72.8018 -54.4945 -74.4946
-131.4363 118.4875 -225.5562
3.0544 176.8996 -157.6808
-165.2775 34.2384 -286.8321
10.3796 -66.3342 -213.5458
179.1002 58.8914 -192.4494
-50.5173 205.2037 3.8004
-172.2766 77.4106 -115.0719
-163.6765 106.9741 -286.8375
-47.3680 205.0706 -8.3160
-120.7637 92.1051 -285.8152
-167.6019 11.3772 -286.9434
111.0602 9.5196 -275.6721
-24.2214 -38.3701 25.6017
-72.0591 -5.8278 -287.0054
164.1516 102.3172 -243.2941
-140.7419 111.3725 -222.8871
181.3202 27.8843 -271.3416
-79.8798 146.1679 21.8847
160.0569 -23.0586 -254.0202
53.9158 3.7846 -279.2074
125.2209 -35.3571 -72.7210
187.1218 13.7654 -252.1584
-84.2272 -58.0869 -110.6184
173.9135 -13.0936 -152.4439
-33.8402 -9.7968 -284.6297
-36.5230 -40.7958 -284.7515
-71.9442 44.2019 22.5236
10.5650 21.1373 25.8316
-126.1241 -43.6782 -261.7493
17.5379 119.0729 27.9647
12.2317 64.3872 27.7143
97.4643 156.4484 32.8672
133.4019 135.7965 -118.9675
-23.6758 207.5246 -21.6963
-75.4203 156.8781 -106.6703
-88.3517 161.0046 -173.3101
-127.9392 -11.5842 19.1315
-171.4069 22.8603 -51.6924
-66.8852 201.9903 22.3896
-96.4508 104.3935 20.9172
168.5314 103.7481 -16.0609
38.2493 141.5169 -272.6825
-69.1630 -58.7480 -9.3937
28.2834 134.2832 28.6091
-130.6771 -23.1527 -286.1068
-14.9811 -67.2492 -230.0337
42.2031 -16.8993 26.6841
8.2329 159.6084 -231.1665
-35.2823 173.2833 -126.2089
181.9893 -6.2320 -123.9519
150.5583 -23.0573 -152.5396
62.7827 134.7060 -271.5812
39.9094 164.8610 -222.4128
49.9454 199.8237 -48.6250
-113.7233 -50.9131 -173.5114
-41.3813 196.0736 -67.0811
-170.6891 83.8862 -132.8323
1.8423 -66.1371 -268.6499
14.4402 181.8453 27.6822
-112.7895 152.0639 19.8354
177.4711 59.4049 -173.6867
161.1952 103.1971 -135.7345
94.1456 160.2794 -148.5771
6.9431 -21.9969 27.5107
150.1120 112.8540 -176.3623
-145.0708 -35.0508 -103.0275
107.6705 -43.7074 -9.1360
-152.4904 123.8062 17.4142
109.8554 173.1741 32.9798
-91.7145 190.9430 -15.9431
142.4442 -3.6843 -40.7296
163.9014 22.8471 -37.2198
-134.9849 128.7646 -113.9457
-20.4899 62.7541 25.6876
170.6882 53.7929 3.1780
-10.5437 -59.8496 -17.6438
141.8997 -27.3587 -115.4686
32.4410 168.8854 28.8171
-37.9383 138.5658 -272.5930
-91.3502 70.0451 21.2830
-122.8857 106.7045 19.2747
108.0496 154.9710 -129.1688
-32.9954 119.4026 -284.7633
1.1797 121.7174 26.9465
-6.1329 137.2924 26.4706
40.6509 175.3752 -175.3533
154.1406 104.8067 -273.1378
182.8780 53.3663 -191.8210
-25.6280 26.0006 -284.1720
123.5011 -31.1993 -35.6376
97.0684 70.3065 32.9666
37.3161 176.1088 -161.0664
163.4225 31.7665 15.1266
-115.7230 154.6823 -88.2292
-153.3819 133.8528 -49.8761
142.9756 126.7038 -157.6361
-28.2455 129.8598 25.1101
131.6736 -31.6238 -59.5577
154.0418 -21.6373 -135.9617
-171.5301 10.5893 -17.1931
147.3170 137.7706 -57.9546
-9.3293 -23.2576 -283.0904
17.4226 -9.2223 -281.4517
63.2492 37.3472 -278.6769
156.9774 -2.5028 -7.7378
-169.7338 -25.2909 -284.0203
4.7828 23.0356 -282.2819
76.4183 -55.8552 -137.4201
87.5861 189.9525 -33.3891
82.9871 -50.3204 -214.9973
-140.0728 -40.3555 -159.0839
-82.1238 194.8533 -17.6040
-65.6181 -57.8762 23.0627
111.7764 65.4672 32.3828
-84.7622 154.9202 -115.2124
-101.7523 55.5241 -285.9293
178.2521 57.7430 -208.8076
-176.6348 74.8083 -238.8228
180.9650 6.0485 -82.2416
65.1268 -52.6819 -40.9755
139.9601 83.1056 -273.9859
-72.5061 162.5273 -204.2086
-181.3472 60.8690 -111.0323
101.0615 156.6327 -162.4308
128.0968 165.1630 -10.1399
87.4078 20.9449 32.4386
-141.4831 -35.6149 -78.2113
109.1541 142.9423 -202.3284
115.8091 126.2910 -213.9275
76.4357 128.2911 -277.9901
99.9572 177.7119 32.9912
128.3825 138.5878 33.3073
56.7628 -61.0056 -278.5844
-165.1690 -3.3085 -16.3008
-11.3464 -16.9064 26.3692
-153.0708 -32.5535 -261.4190
-44.2152 19.4215 24.2787
-27.2186 -48.3401 -284.1636
-154.4419 108.8893 -251.5387
-48.7305 149.5873 -247.1327
-159.4930 3.5644 12.6423
112.7625 35.8384 32.4865
162.9355 107.8870 3.8777
-156.4856 -33.1974 -232.3897
179.7804 -6.7667 -262.9365
4.4911 94.2451 27.1913
-68.9528 -63.0026 -285.1108
-166.6960 111.2057 -19.2907
8.7022 177.7105 -147.1645
110.6361 184.5433 20.5359
79.5822 199.1396 2.6873
-173.7606 95.2591 -26.6107
-165.0334 -24.4334 -84.3057
-38.2564 -66.7120 -145.2314
-86.4031 187.7197 21.4204
-107.9702 181.4209 -17.6135
-91.9586 -48.4219 -44.7111
124.1372 -35.9511 -189.8006
167.4577 89.4690 -143.5979
-43.5457 162.8569 24.1138
163.7936 -21.3620 -232.8254
-57.6070 123.6550 -286.2956
3.0035 -41.2073 -282.2998
-97.4968 -29.7214 -287.0456
54.0510 206.9926 11.7073
186.1537 17.0228 -262.9534
35.4804 88.0005 29.1220
-47.7176 -64.9932 -268.6731
54.1716 172.0788 30.1601
-152.1305 -20.6780 -38.8668
147.9046 -22.6949 -77.3677
-3.7705 43.1537 26.7526
-5.3739 137.3273 -283.0762
31.6890 208.9219 17.7674
46.6996 207.4006 14.5914
-167.0438 113.3605 -42.4439
67.8757 163.9815 31.0215
-109.2866 -2.5043 20.2751
95.0583 147.8163 -211.6314
123.1978 -36.9718 -69.6329
110.4437 -8.5065 32.4066
17.1571 -56.9351 -42.2437
11.2929 203.7167 -49.5720
-142.7487 -34.3755 -76.8932
104.4396 -41.1479 -53.9838
-83.2123 163.3118 -173.5872
-3.6690 176.4603 26.5670
-83.8051 -59.6590 -159.4002
-146.7251 145.9511 -7.2670
46.9033 -59.6752 -38.5591
-166.7450 88.9641 -111.9746
109.5932 59.4260 -275.8349
-59.0302 124.7908 -286.3855
-182.6637 -19.8672 -223.1288
0.4715 98.3933 26.9361
-172.8914 -15.7007 -81.4018
-83.1267 -59.6747 -213.9683
81.2292 194.6004 -22.3889
-172.5368 20.9062 -12.4180
123.8325 -32.1395 33.2708
-185.4023 -12.4664 -137.3664
-86.6421 136.9588 -269.0486
107.0798 88.0993 -276.0320
-80.9746 -56.7236 5.8568
-159.3306 -13.9232 -37.1701
-44.6445 150.3845 -249.3196
-78.0186 123.1948 -286.1272
130.2592 -32.8446 -64.1621
-80.7031 79.8245 21.9291
125.3200 130.5660 -260.2354
153.3259 114.8328 -116.8258
-16.3314 -66.8577 -283.0714
150.8717 119.7561 33.2261
-51.2771 -63.4106 -104.3543
170.8515 59.4577 -70.0223
-165.6553 32.8689 13.2473
76.3553 181.2783 -76.6362
6.1545 -67.7370 -222.3598
-43.4354 189.9759 -85.9303
55.6570 -62.1476 -143.3483
79.7408 -53.1269 -88.4622
-176.7015 18.7005 -286.0153
-134.1979 -32.9129 -59.3842
77.2713 45.8852 31.7741
80.7431 125.6874 -277.7193
167.4615 97.1199 -1.2963
113.5599 127.8366 -230.9326
166.8292 55.2003 -63.6113
86.1879 164.4780 -140.2988
-85.4926 133.2241 21.5553
-145.8417 -37.2215 -247.1313
111.4447 163.9131 -72.9813
54.2977 197.5684 30.1312
-158.0886 54.9789 -286.4162
-62.3931 133.6436 22.9871
180.5789 53.1248 -253.4021
6.7702 175.3135 -118.5829
-31.6800 162.4112 24.8503
-9.1073 -67.3848 -233.4589
-107.8138 -53.1033 -229.5264
-50.4841 191.6390 -77.3934
-59.0804 -61.6311 -9.0313
-174.3882 17.6598 -21.2935
111.1127 -40.1516 -206.0457
-34.1705 204.7661 -34.6045
122.2468 172.2343 -0.9880
136.2111 149.2783 -63.1704
-107.5783 151.6675 -151.9494
73.1100 -49.4043 -277.9406
-16.1192 -64.2221 -12.0541
156.1618 -23.1867 -254.2769
-108.9384 140.2635 -100.8911
64.5318 85.7594 30.9268
56.7389 130.9301 -271.9385
-81.3380 189.3100 -49.0944
-133.6744 118.6816 -203.5824
65.7386 170.9516 -122.8504
91.4506 192.0317 -9.5215
-69.9822 -62.9789 -179.2657
57.4328 -59.9182 -115.6555
-40.5401 195.9107 -70.4561
96.2320 71.8507 -276.6813
-105.1982 93.1515 -286.1971
142.8194 44.8855 32.8345
-84.1979 184.9152 -60.4470
-40.7588 146.4025 -259.2874
-173.4780 42.7963 -2.3318
-138.6701 79.8128 -286.7506
15.3526 178.1162 -167.5765
-92.1618 186.4931 -37.3310
134.0953 -30.1793 -164.9433
-177.7606 66.2845 -166.8125
-54.6480 136.6194 23.4631
-53.6209 146.4984 -250.0694
-173.9715 -23.2981 -221.3457
-136.0557 114.0929 -229.2137
-39.7508 -63.2550 -29.7583
8.7190 175.2685 -199.0664
-26.9301 61.1003 -284.3033
25.0647 167.3892 -220.9759
50.2869 -4.2963 -279.4208
-182.3866 -16.4591 -142.0010
-9.8071 191.6203 -89.3871
182.9894 50.6764 -268.9408
4.1638 139.2877 27.1062
63.6929 43.4391 30.9356
-74.6285 -61.3712 -133.8178
102.6835 171.4719 33.1692
117.3552 125.8845 -231.0404
7.0906 -61.7570 -80.1230
178.5598 63.7391 -138.8626
-150.5394 137.9711 2.7668
-183.0085 15.8115 -81.5481
104.4143 183.7418 -9.5970
129.5884 -37.8267 -257.0639
-140.0258 111.1838 -211.5982
-81.4088 24.2608 -286.1256
-180.1247 63.6003 -113.4583
-70.4040 22.5139 -286.9436
119.5050 133.7010 -264.2661
0.0778 -25.8150 27.0905
-48.5355 52.2794 -285.6303
-39.8654 155.3843 -241.5635
-177.1698 29.6439 -286.0601
-73.1528 -61.4053 -218.9550
71.7669 66.5615 -278.1908
185.2087 29.8770 -264.0321
128.0175 -31.0242 1.2108
-179.6653 39.9974 -82.3173
164.2196 2.7369 -272.3659
101.3538 -42.1255 33.3942
122.6011 64.1664 -275.0351
-17.6024 -64.1879 -91.5931
-30.2837 164.1655 -226.6875
-82.8808 174.5963 21.6577
-169.9597 101.2007 -12.9615
-107.4676 171.9616 -60.6734
-86.3512 119.8946 -286.5697
-12.5300 2.6119 26.2677
93.3325 -47.0183 -56.2924
-14.2665 115.8399 25.9971
-170.6485 32.0400 -56.6031
181.5898 61.6471 -268.1628
167.9451 -16.5609 -125.8161
120.0050 142.9156 -181.4734
174.4846 52.5879 -10.0026
12.9858 -62.6745 -16.4826
168.0506 41.9773 -42.3412
-149.9774 96.0324 -285.9723
-48.2410 -64.9811 -222.2907
-108.2233 -50.6833 -115.1472
-110.1184 134.0492 -213.4114
-127.5990 126.3435 -286.1311
61.0135 -11.0354 -278.7460
117.4736 145.8118 -174.9756
34.5640 -65.3920 -137.3057
-143.2933 -30.3093 -35.1371
117.9245 -37.2733 -55.5481
62.7267 174.0219 -169.2858
-36.5729 -66.7508 -266.5992
83.0461 122.9678 -277.5726
-97.3793 188.2202 -11.1781
-52.5555 163.1792 -220.2613
152.5619 67.6291 33.4059
-88.8914 151.3168 21.3185
-15.6634 87.7397 25.9509
161.1821 32.9629 -272.5977
82.1994 -53.0744 -102.0765
-170.1248 4.1710 -39.6689
-145.9513 -19.6530 18.0262
-185.4016 44.6864 -100.1978
65.4305 105.8703 -278.6403
-28.5724 -65.4351 15.9084
-134.1252 -40.5740 -247.6503
163.5954 62.4890 23.8323
24.7652 -2.2168 -281.0064
-110.2360 -7.6419 20.2237
9.0499 178.2617 -155.6535
62.3805 -59.6192 29.1425
-156.8904 104.3648 -173.9634
-94.5268 143.6675 20.9800
118.3803 -38.8190 -89.1824
-0.0346 139.3232 -282.1345
23.7018 174.6250 -111.9544
-21.5829 170.5005 -117.0928
-176.0828 78.6617 -19.6210
-134.8373 160.8898 -6.5126
-26.6051 69.7633 25.2983
-109.8536 -51.8114 -198.9235
-173.8353 92.6315 -27.7024
124.7296 -28.1509 33.3207
175.8295 59.2897 -77.6316
128.3774 129.3987 -274.7708
138.4269 122.2795 -82.6953
-110.1687 5.5361 20.2089
167.1254 108.8843 -15.7066
-122.1711 172.5264 -13.6715
178.4668 62.0669 -248.7434
178.8772 19.6410 -69.3174
78.1354 -52.8941 -20.5631
170.7717 57.3499 3.1624
31.9310 173.6056 -100.7596
-93.1624 172.0397 -83.8562
-24.7361 206.0487 -33.1259
33.7949 207.6603 28.1321
-166.5368 -5.9322 -70.3431
41.2058 -20.3542 29.3173
180.5118 58.9519 -143.9939
-123.7891 -43.7321 -86.4380
108.6936 88.0356 32.2609
168.5831 38.7496 -272.1471
162.7642 11.1815 -31.3107
166.4828 99.6957 -0.9193
6.4133 -58.7406 -55.9321
172.6175 92.2783 -33.9694
113.9814 136.7918 -270.6686
-137.0967 157.7770 1.8596
4.8770 31.6593 -282.2885
91.4480 161.5038 -123.4054
-91.0882 156.3534 -196.9857
57.8709 -61.4287 -145.2825
77.4562 139.1727 -241.1945
-134.1372 -38.9921 -90.2260
21.8435 110.5777 28.2439
112.5511 -38.6844 -217.8322
13.0227 -10.5845 -281.7226
-173.4314 88.1266 -254.6549
-175.3237 82.0509 -245.2955
-50.9764 175.1460 -167.3576
173.4819 -8.7196 -271.7750
-96.5558 -54.6819 -277.1140
66.4396 29.6182 -278.4680
-113.2017 -36.9195 -47.7804
-59.1882 137.3393 -269.6673
126.0013 -17.2164 33.2184
102.6341 52.0449 -276.2558
-152.2825 113.6908 -148.2545
-14.8248 85.7109 -283.5880
-179.5978 69.6342 -39.0314
-12.7348 78.0354 26.1465
59.2522 124.1302 30.5441
-150.2623 -32.6183 -97.8707
-93.1683 -50.8889 21.3443
-28.2756 151.7271 -255.5369
154.7204 118.1136 26.4885
175.9541 76.6529 -24.6862
-168.5425 88.8508 -133.0594
97.5941 127.0563 32.9175
-41.0476 153.6284 -234.2151
-46.0005 -62.0320 -86.6712
99.2006 182.1824 -38.6364
170.7146 91.1515 -244.5082
178.6678 57.2302 -245.2938
41.5353 173.0107 -197.7814
-61.5039 178.7842 22.9773
122.2602 -35.0642 -274.9134
-96.3273 147.0610 -103.7861
37.4694 -42.8514 -280.1602
-63.9539 -59.5665 -17.6663
61.5038 -58.5118 -93.0832
-106.9364 188.8322 15.8763
-126.2886 119.2098 19.0457
165.3355 86.7440 -163.5198
-159.2300 -17.3080 -25.8842
2.0551 -62.6248 -82.6786
-103.2434 -54.2567 -220.8965
-172.2300 75.2200 -106.2143
-163.1954 -30.7483 -281.5233
-116.3300 -2.7634 -286.7493
141.7604 143.3010 -56.9932
-75.5687 141.2044 -243.3657
166.1362 43.6085 -60.4068
30.4192 200.5165 28.6462
-18.8518 178.9057 -146.8655
46.6550 76.7281 -279.7627
12.8634 -67.8919 -180.4505
101.6035 -46.8537 -103.0838
-76.3472 141.6633 -232.9695
-54.0179 172.2154 -139.0774
162.9483 -4.2740 -272.4346
172.3102 77.0518 -148.8877
148.0508 142.6338 -8.0295
-23.9203 177.5222 -178.8026
122.1020 63.0084 -275.0644
-12.5821 -50.8002 -43.8798
3.8890 -67.6847 -155.3949
-121.0080 172.0468 19.2971
29.2324 -28.8060 28.9027
-123.8487 -45.2312 -118.9848
-69.4167 -59.9911 -103.4820
138.0985 -29.5891 -109.5712
-120.1999 105.0792 19.4435
-154.3380 103.3312 -237.3309
-170.7677 52.8974 6.2223
177.3652 84.4006 -271.4673
-2.0056 38.2792 26.8690
-35.9170 200.3051 -58.6287
114.9418 -38.7423 4.9283
122.0083 -11.9715 33.1287
-56.8406 -35.9000 -286.0184
90.2203 96.9809 -277.0903
101.0288 -44.7177 -20.2727
55.9586 131.1523 30.3298
-144.2341 23.5479 18.0705
153.0736 -24.2477 -232.8674
22.1161 177.9601 -129.6541
-74.3424 141.1761 -247.3788
-16.2970 74.6918 -283.6634
-177.3807 30.9628 -48.1032
-151.0885 68.6287 17.5806
105.8586 150.2823 -86.0146
-179.4523 -19.4247 -264.7549
-34.5766 206.2758 -17.4125
4.0920 84.3942 27.1808
-169.5029 92.4607 -72.0509
183.8539 -6.0048 -246.4708
-97.5876 -15.0651 -287.0723
-79.5091 -56.7574 -92.1578
-75.9033 -61.3418 -161.0928
-94.5106 43.6212 -286.9659
-176.3461 36.2668 -286.0185
102.2733 126.9784 -244.4564
174.9996 -13.1187 -128.8351
-113.2863 169.2397 19.7799
67.8380 165.5750 -94.8329
98.4400 156.6932 -105.2945
146.8184 30.5192 -273.4849
-20.2909 170.4958 -213.6047
-82.8447 175.2357 21.6590
-75.9035 102.9295 22.1935
76.0624 -17.7059 28.9042
133.7889 117.0597 -217.4537
-114.9145 -49.7570 -267.7277
-58.7742 50.5095 23.3311
155.6733 -20.1746 -131.4804
113.2958 -39.6328 -0.0615
173.7312 35.8382 -28.3555
100.3299 180.9713 -41.2156
-32.3183 -1.7975 -284.5468
32.5137 -62.3438 -32.0132
71.8077 -56.4931 -237.2391
-164.7531 -4.5433 -68.3604
12.9254 -63.3921 -12.4715
76.8779 83.3979 31.6957
-138.6218 -7.4300 18.4631
104.2415 104.2811 33.3625
46.2191 40.2881 -279.7372
180.1029 71.6485 -271.1178
-176.9861 25.6355 -24.8968
-81.8367 -15.6929 -286.0947
43.7775 -64.1042 -150.7457
-88.1765 -55.0569 -14.1393
90.5906 162.8760 -134.1141
110.8758 -46.1478 -266.7529
-161.6048 11.3476 12.6007
3.1370 -57.1646 -52.7840
2.0976 208.4301 4.1671
-48.8859 -66.4666 -191.4995
161.6317 41.3288 -49.3498
130.3026 -32.2329 -151.6563
90.8185 43.4239 -276.9761
89.3597 161.8212 -111.5795
-19.5726 -59.6412 -26.3828
164.0832 -16.5705 -158.2179
80.9705 164.5984 -109.0985
84.2643 69.4997 32.1738
147.7388 115.1969 -178.2690
-76.8824 86.4467 -287.4373
117.0910 -38.7892 -57.0792
-125.1531 84.0891 19.1666
-52.3066 169.1750 -204.8813
-71.7260 -58.4374 -39.6074
174.1730 -3.8591 -74.5545
130.8560 3.7806 32.1518
91.5125 44.8789 -276.9352
81.6156 -52.9744 9.9769
34.4430 176.1751 -180.2866
168.3003 87.7698 -91.0006
12.7022 160.1725 -239.4939
-39.5826 -65.9541 -272.9751
-136.7834 -31.3030 -40.8786
108.7009 186.3672 14.1435
93.3214 182.3181 -52.0403
-37.2377 -66.7355 -265.3776
-173.1291 74.7977 -171.8923
126.1174 -33.2837 -16.0395
-180.2850 63.1454 -154.8345
72.1045 -54.2553 20.1591
177.6469 63.4496 -153.8254
-32.6513 -63.8405 7.7683
-109.2607 129.8984 20.0862
91.9488 9.1204 -276.8566
136.5188 130.1316 -274.2670
30.6390 170.2614 -212.1612
178.0301 -11.7033 -176.2439
-170.2975 -23.1535 -106.3173
5.2407 202.3560 -56.7849
88.6960 162.4620 -86.4129
139.3705 146.7365 -50.7516
-132.7433 20.7766 18.7870
127.4368 -7.7787 -274.6317
33.4304 -32.1675 -280.4260
-31.2542 -37.6115 -284.4293
-131.4732 42.6772 -286.2509
135.8273 89.6009 32.3365
-132.9337 140.5326 -86.2011
-62.3340 130.5673 -276.6371
-89.3959 118.8716 21.3339
142.6752 -26.7991 -87.0740
79.1634 -54.4182 -274.8906
109.3218 96.9813 32.1852
-85.0519 112.8018 -286.4790
53.6418 -62.8315 -175.7199
20.5649 -32.9539 28.3712
138.6746 113.6432 -210.8012
163.8063 -21.8627 -240.7976
-173.2639 91.1080 -263.7194
82.5659 105.8890 -277.5778
-171.6375 -14.7190 -77.7413
32.2225 -27.2305 -280.5080
-86.4363 193.3098 -14.8488
-70.8708 169.6035 -164.7911
-55.2163 169.1066 -105.8668
40.9173 -61.9298 21.9044
-57.7277 172.2697 -184.5369
103.2695 37.2762 -276.1952
-44.6627 97.4778 24.1386
-170.5672 27.1925 -1.9897
103.1533 -19.2278 33.4728
-72.2949 65.9694 -287.1234
-14.8046 166.8091 -223.9709
66.0037 45.9139 31.0754
-74.7818 5.1178 22.4038
-163.0369 -27.8578 -208.5865
-58.0691 -60.9161 -12.7594
165.5357 35.0352 -57.8566
66.4085 -46.5859 -278.3602
69.6736 193.3668 -49.9172
48.9532 196.5544 29.8012
-125.1873 58.7729 19.2009
-39.2133 68.3721 24.5184
92.6278 -48.7274 -6.3171
-149.1629 -34.1649 -216.7343
-75.6727 64.1734 -287.3302
-86.2398 -59.6028 -166.8837
-32.9894 73.7249 24.8967
184.1942 45.5966 -217.5702
-168.1128 -13.2243 -71.6931
22.5109 87.8910 -281.2759
-114.4774 39.0672 -286.6947
173.3211 69.2904 -88.0155
-153.9901 134.2632 -23.7495
-48.4045 -46.7555 24.1142
100.7481 156.9835 -157.0033
91.9065 -37.9364 -276.7915
-27.1085 173.2341 -107.1355
-56.6198 -64.7877 -206.1162
-28.4077 128.4773 -284.4919
-89.2807 -58.1459 -195.9588
-105.9112 -50.7977 -268.0121
2.5934 -66.1544 -232.6461
-93.2321 -54.8468 -100.5428
-84.2325 187.3002 -51.9236
55.7603 -57.9413 -14.0920
167.0638 35.3437 6.2339
36.7636 109.3823 29.1708
-166.3917 112.6471 -16.0382
-168.3606 95.6516 1.8325
179.1836 62.1710 -251.7588
-68.4719 22.2902 -286.8234
-148.5309 -35.6591 -268.5103
51.6523 3.0467 -279.3467
45.3638 148.5768 29.6477
63.3440 -60.0547 -163.3414
-91.3354 176.6465 -72.4995
-174.7649 75.1638 -212.7759
172.7344 73.7969 -95.0062
-84.2007 141.4036 -283.2917
69.3518 -57.2443 -109.3788
84.1339 170.5816 -82.8956
50.4198 -61.2568 -204.4524
-63.3919 11.3488 -286.4927
-82.2986 159.7846 -198.4184
43.1590 -64.6113 -162.5984
136.4756 118.7666 32.3348
170.6213 83.4073 -141.6545
-142.7087 -30.8857 -286.8418
-139.6161 -32.8640 -32.3761
159.9595 49.9602 32.3872
103.8409 21.4347 -276.1369
149.0055 114.4317 -87.7140
-105.2481 15.0101 -286.0877
47.6915 21.7596 -279.6193
91.5520 39.5918 -276.9251
74.9974 -55.8224 -170.7389
-42.1350 113.0934 24.2729
-169.1642 86.7853 -287.0572
27.8133 -62.4996 -7.2397
-105.0240 -50.1669 -12.7931
-16.1359 187.6727 -96.8801
177.9901 59.2939 -204.7227
-44.7450 206.5105 9.2611
127.5233 -23.5089 -35.6453
-115.5174 145.8479 -171.5640
76.1148 -55.8482 -238.6080
170.2731 83.1695 -3.3714
-159.2030 -14.1026 -37.1200
-181.8456 60.1064 -156.2465
-25.5251 204.5665 -42.4554
-156.6585 -31.9921 -127.4054
108.4349 18.0292 -275.8471
160.8058 105.0161 -109.5489
-27.0860 -65.4694 -111.9942
-82.2722 139.8587 -277.1667
-30.2018 -60.8963 -37.6596
86.4664 -51.5860 -83.5680
-175.1419 83.7873 -251.8010
38.4978 197.0620 -64.8032
46.6643 -63.8494 -132.5120
51.4950 -55.2800 -54.9327
-90.4754 13.1533 -286.6719
94.4065 155.2859 -195.6016
-147.0604 118.8481 -265.3036
-123.5796 101.5848 19.2390
157.8960 54.5757 -272.8326
90.8804 195.9911 20.3535
-183.8400 25.9948 -83.9002
-93.0786 -57.6565 -209.5903
-101.1987 13.8388 -286.2977
-80.3246 144.5405 -227.6191
-94.5692 158.1473 -148.0562
-171.8005 13.5935 -16.0644
-21.5960 25.5612 25.6725
85.1208 41.3414 32.2674
34.7148 -20.3755 29.2305
75.2500 -52.8275 -209.7728
-166.4069 102.8650 3.0866
176.3656 62.1921 -198.7679
124.4600 -35.2189 12.1461
131.7008 127.4179 -254.7057
119.9149 -36.0908 -3.7637
160.9580 28.5864 -54.7274
17.2643 -64.9927 -91.9376
-112.9235 148.7460 -140.2893
47.6270 202.8780 -39.1745
94.5981 -50.1122 -102.9715
95.4178 156.5507 -86.7543
6.4512 -58.7415 -59.0278
-171.0391 30.5959 -2.6948
-59.1287 77.3835 23.2705
164.0933 -16.6689 -160.0025
48.6583 141.3378 -265.9355
11.5167 140.4564 27.5605
-98.9990 -51.8063 -12.2630
-46.5932 175.0448 -148.5004
165.0169 98.9646 -272.4549
78.7087 133.1422 -254.9683
119.6708 -36.8389 -216.5403
-16.2455 -67.2200 -123.6696
45.0043 1.2716 26.9687
-88.5417 -57.1563 -284.9117
94.8321 101.7920 -276.8112
-35.4004 -62.1699 -25.3297
-8.8413 129.9861 -283.2807
64.9857 -57.0918 -211.3468
162.6227 120.7252 -36.7281
-171.7462 67.5803 3.2563
134.8365 113.5839 -204.1292
-84.5480 -55.6982 -94.5901
-23.8323 207.5282 8.2341
-169.3478 91.4787 -244.5229
-67.6773 -1.7833 -286.7395
-5.4156 -27.2093 26.7518
-158.0223 -30.9388 -268.2632
-6.0257 -50.1758 -46.9898
159.4165 21.4418 -40.6483
-145.3005 -37.2491 -232.1620
97.3268 55.9063 33.0034
-40.2878 206.4076 11.9017
71.7771 165.3118 -191.4939
-88.2669 -58.0556 -229.1582
-121.4541 17.2352 -286.7400
-131.3407 122.3574 -101.2977
-155.3641 97.7089 -218.4215
-118.4731 -49.8564 -207.8857
66.4038 -58.6249 -134.0981
139.8221 55.7498 32.6330
120.0736 172.6982 -11.5260
66.2932 -1.1964 28.1554
-157.0265 -19.2969 -30.8461
-72.4676 -14.3583 -287.0185
-61.4429 131.4273 -286.5446
-87.3335 33.3392 -286.5061
1.6630 109.0309 26.9947
11.3496 201.3026 27.4626
-62.6085 172.6014 22.9177
-62.0329 203.7907 -0.8215
140.8428 96.8417 -273.9509
120.1086 146.2229 -161.1433
-69.9098 -61.4801 -238.3865
158.4364 95.5188 -78.9374
162.1439 82.9052 30.6341
-69.1869 193.5711 -50.5337
-59.2514 -63.2266 -122.7836
3.6149 -66.1398 -122.5121
167.4751 89.3266 -93.1788
149.4309 -23.0313 -162.3361
-142.7589 15.9649 -286.9123
-34.2865 -58.8198 -284.5868
35.3885 66.0815 -280.4460
-4.0662 50.7331 26.7233
-120.3350 -46.8127 -119.5553
136.5271 156.2617 -8.7441
66.4682 -46.6232 -45.1981
131.2503 153.9434 -54.7632
137.0286 155.5362 -29.7992
108.2371 13.8214 -275.8533
-29.0692 139.3364 25.0453
54.6860 -34.3131 -279.1048
-131.9064 121.3523 -96.5049
81.1549 47.2865 -277.5809
-133.7489 20.4321 18.7252
91.4203 136.4434 -277.0727
-114.5197 -46.9469 -4.4743
-152.2768 136.7675 -9.3485
-136.7458 141.0400 18.3658
-182.8653 55.1574 -183.1418
86.8942 188.4681 -43.7763
84.1620 -9.3933 29.2752
21.4529 97.9798 -281.3560
-131.0529 146.7832 -81.1111
-163.2881 -20.0634 -71.6343
-170.6756 -24.6645 -278.3691
-134.2905 161.2871 -8.5570
157.0288 97.1643 -177.8568
-91.2565 -46.0230 -286.6351
-55.7991 -64.8066 -169.1959
-145.4706 -36.5378 -251.0157
-117.3084 7.2216 19.7637
21.0264 156.9796 -246.9564
57.0868 130.9821 -271.4819
-106.2778 -48.6375 -25.9634
-156.1796 27.8697 -286.2588
-35.9730 175.2367 -187.2867
-111.7488 14.3174 20.0982
-96.4074 138.6846 -276.0042
164.9337 90.8245 12.8623
51.9413 172.7704 -112.7845
36.0474 15.8902 -280.3329
-28.9703 171.6372 -120.0163
-14.0102 123.6683 -283.5921
8.3112 -53.2462 27.6405
83.9687 -50.0279 -218.4429
89.6468 153.9167 -204.2966
-135.0284 62.9271 18.5847
13.2108 160.1608 -239.3755
-22.9385 151.9928 -256.8348
146.9852 122.1859 -128.2596
63.8345 149.9637 -230.7105
16.1078 -66.4664 -134.4306
-156.9836 36.2759 17.2616
34.2364 -63.2534 24.8737
-135.8118 129.9866 -284.4366
-71.3130 134.9937 22.4320
-141.4550 -35.7585 -80.3553
74.9332 -54.3206 -81.2502
-104.2026 -23.3825 -285.9676
-33.1995 -66.8287 -282.8704
162.9447 105.4438 -248.4830
-114.9566 150.4142 -93.0128
16.7849 158.5779 -236.5200
-22.3824 172.9856 -206.7744
-175.9934 70.6564 -169.4312
108.9020 108.9481 32.5054
-170.8097 54.8293 7.6212
-12.7682 162.0126 26.0236
17.5021 13.8902 25.1081
52.3255 199.7688 -44.8485
70.0869 -51.1159 -40.6702
-101.1147 -47.2563 -62.1163
-182.7713 -15.1842 -131.5384
86.8113 -51.5939 -84.6209
16.2684 206.6026 -33.1832
141.8086 32.9768 -273.7991
130.9368 138.3481 -154.3602
140.1735 -30.0830 -223.0898
8.6238 152.7647 -259.2705
-56.2760 156.4980 -229.6562
109.9827 -34.9649 -38.2194
-25.0321 -62.5160 -16.8344
-112.0313 60.8141 -286.5743
129.7655 -32.1554 27.6865
158.2960 108.5751 -245.4491
-18.5320 73.6355 25.7933
-154.3456 98.6750 -218.4941
-44.8496 200.5113 -49.3904
122.1805 -35.9059 -166.3352
151.4312 -21.2022 -61.8410
-106.7799 129.9216 -224.6240
-160.9764 -30.8706 -174.9695
139.1074 35.6179 32.6176
-34.0978 -21.1786 -284.6293
11.6013 72.9482 27.6629
168.8335 21.4889 -27.4722
-154.1202 -34.0297 -284.0238
55.9325 205.6871 12.7877
-170.0211 33.9198 2.4447
-38.3064 151.9754 -250.9046
113.9566 -28.1594 -39.9189
-24.9418 198.5514 -66.9594
183.1454 -5.0140 -122.0282
21.4225 208.8631 17.7425
-78.5095 72.2541 22.0760
-102.7260 153.2764 -177.5357
-58.2410 -64.7503 -151.3018
-49.3711 193.1137 -73.5928
-166.7123 39.5771 -68.5329
-50.3753 -64.9318 -153.4768
-11.5334 201.9526 -58.1592
86.7388 191.4725 -27.4853
56.4622 -58.3954 -26.7002
74.5009 -1.3883 28.6646
-182.8741 60.3166 -136.5796
-113.4921 -46.9706 -83.8479
56.9404 8.2005 30.5676
-12.8771 -10.2888 26.2648
-183.9241 58.3385 -143.1326
112.4595 73.5526 32.4135
118.0326 121.9289 -235.7726
13.9889 -63.4167 -11.9396
-153.8409 113.9511 -262.8207
96.7569 -48.2352 14.2746
27.7778 30.7446 28.7268
110.7476 172.7887 -48.9055
103.6443 -42.9801 -197.4095
127.1558 -39.0215 -249.2427
0.0565 -18.3004 27.0783
-138.7357 114.0387 -98.7819
73.4360 168.8186 -135.6042
51.4794 183.2839 -82.0909
97.2307 174.3641 -64.5004
-119.5164 -48.3320 -275.3312
-107.3055 42.7346 -286.2552
143.8425 75.2851 32.8542
100.9370 156.9591 -83.1499
164.1480 80.3032 -186.7272
94.0863 -48.9985 16.9594
40.1749 200.0492 -55.4328
73.2796 51.3769 -278.0751
154.2698 -19.8318 -172.6297
25.2708 -63.6771 1.7803
52.5890 202.9194 -28.7078
-123.1247 124.2973 -255.1213
4.8857 132.7080 -282.4334
76.1549 -41.8036 31.8311
-87.7698 153.3259 -112.5723
-121.0680 -36.2929 -54.5034
-60.4305 138.6775 -281.5969
-107.4996 -47.1089 -23.6465
-99.2358 80.3915 -286.6670
-17.9556 17.2267 -283.6836
167.1955 28.9874 -272.2191
17.3761 60.5828 -281.5550
-112.2432 128.5473 -233.7347
-165.8080 113.5211 -19.2387
85.0417 -53.0535 -231.7090
-53.6031 125.2775 23.5442
125.9515 158.1326 -57.6960
66.0283 175.4457 -87.0862
126.7794 27.9745 -274.7239
-93.7432 192.6375 -2.8833
80.5661 -53.1663 -179.3144
-88.1487 -59.1890 -198.1732
174.7911 63.4788 -217.9832
52.7950 205.7596 -11.8951
-78.2349 -19.9609 22.2258
-99.6339 9.5643 20.8563
-109.6545 16.3281 -286.3629
82.8039 166.0565 -140.3719
-118.1563 48.5404 19.6516
31.4705 21.2424 28.9695
-94.9691 -53.3997 -100.6979
76.9668 52.6826 -277.8484
120.7431 -38.0489 -73.0092
107.8449 177.5545 -37.6850
115.0174 111.8082 -275.5739
-127.6226 118.3392 18.9642
-163.7963 -9.3111 -32.4934
79.6784 189.1636 -50.6600
-44.0167 174.8480 -188.2086
-32.5597 125.7884 24.8484
-166.4707 -27.1458 -260.1109
-99.6213 173.0153 20.6219
-174.2247 66.3660 -95.5308
146.6069 137.8150 -58.7402
-97.1799 153.7064 -120.5440
37.7444 85.9679 -280.3285
-167.2431 77.1517 -187.7262
76.6067 158.8525 -207.0566
-74.7455 201.2014 5.8157
156.9028 -17.2022 -176.2748
143.8717 141.5602 23.3639
-56.4898 101.6089 -286.1946
148.6798 128.7745 30.6170
184.1146 51.9172 -136.4171
133.1499 135.9514 -165.7133
142.8216 109.1564 -205.0960
-101.5326 -50.6306 -88.2420
45.6417 141.4075 -268.6048
-164.5058 -26.4900 -113.3844
-149.6862 106.2722 -192.4467
187.0042 40.9647 -161.1513
-68.1992 188.0356 -70.1280
89.4186 -11.3573 29.8891
113.4539 -39.5450 -16.8019
139.6353 123.5979 -71.6608
189.8196 2.1076 -227.5900
-108.0219 -46.6909 -22.6309
-175.4073 88.9829 -50.8759
-23.0191 42.2975 -284.0337
-134.8831 -40.4753 -266.9131
-171.3069 -25.7445 -226.6949
-52.4570 164.1066 -112.5047
102.5372 -22.5713 33.4394
30.7374 191.1379 -80.4065
-83.4918 -8.1279 21.8828
74.8164 83.2783 -278.0258
-104.4069 162.8756 -87.5592
-178.2339 62.6231 -171.5284
96.4895 43.2926 32.9696
60.3541 159.8340 -220.0253
101.1742 185.9726 -15.5859
-174.7766 76.4465 -65.7303
143.7417 125.6396 -264.6334
62.1149 133.5252 -265.0824
25.9282 -64.6772 -100.6412
46.7746 203.4691 29.6562
137.4138 -21.3971 -51.5667
29.0972 -60.7646 -17.7516
42.6521 172.9849 -196.8144
175.2398 48.6968 -32.5949
94.8110 88.8084 32.8000
-28.2256 91.2941 25.1668
80.6574 -54.4004 -99.7064
-34.5985 -49.2752 -284.6199
-101.0547 -54.7597 -204.5324
44.6319 175.9400 -126.4254
169.7291 72.5746 -181.0752
161.1687 87.0893 -59.1449
-60.8646 178.3750 -98.1325
15.1195 188.3186 -90.5675
-103.9173 141.5858 -211.4891
186.1252 45.6108 -171.4868
175.7392 57.8794 -76.7036
55.5778 -54.4843 -41.5650
131.1259 61.6082 -274.5028
80.5440 199.8636 25.4485
33.7071 185.3404 28.8719
-156.5381 59.8591 -286.3271
-6.6189 -59.7662 -282.8698
73.1797 165.4256 -103.8081
64.0860 42.3372 30.9616
-48.2057 -66.4823 -180.6203
161.3745 106.9913 15.3672
-119.0882 -1.4659 -286.9222
12.1144 175.1901 -198.9164
78.3641 174.3164 -82.6569
70.7052 30.8585 31.3886
59.8124 -59.9731 -122.1216
-82.7591 163.8763 -160.8713
-124.2498 119.7285 -239.0986
58.4398 172.0750 -117.1231
52.0481 42.0116 -279.3783
-114.4296 36.3872 -286.6878
92.8192 51.0463 -276.8630
-25.1453 -22.9407 25.5222
65.4986 202.4655 -12.2405
137.4405 131.2560 -162.3972
-131.4955 163.4600 -16.6606
-171.1573 -24.6647 -270.4241
106.7245 -43.0512 -61.7768
36.9788 -62.4469 1.7696
78.9051 -54.4640 -117.7569
128.9557 164.5367 -14.4230
116.1057 -39.7144 -75.9716
179.7646 -12.5685 -238.8689
20.8496 -68.0762 -184.0140
-8.7323 119.3601 26.3352
-31.6352 176.1999 -182.6990
-140.0618 154.8747 0.5902
42.9318 97.3281 -280.0232
-78.9633 -50.1351 -287.3698
154.3413 -3.1662 3.0496
44.4872 -47.2467 -279.7187
45.6096 174.7076 -163.1335
-47.7232 -55.2692 -285.4252
-171.8531 4.5263 -70.7820
-165.1555 -20.1047 -286.7463
-29.6676 201.8073 -50.4168
-167.0234 31.0046 10.3716
36.1683 -3.5102 26.2906
137.8892 -20.0978 32.6223
152.7189 114.8200 -155.0742
73.7199 163.2654 -198.6877
-101.8038 129.8694 -256.7960
137.8429 155.1450 -12.8266
161.4707 74.0395 -272.6389
-124.1629 162.4376 19.1152
106.0075 133.5828 -255.4446
-74.3717 143.9575 -230.2549
112.4900 -41.6838 -5.7540
181.7318 -3.7181 -102.5883
-170.6525 78.9698 -177.5647
152.5935 -21.6039 -99.7434
41.3558 23.0944 29.5798
172.1504 7.6727 -61.8709
-21.3893 -65.6009 14.7473
131.6968 -30.1240 -55.5537
-170.2987 8.2245 -42.2779
-64.7586 -63.0994 -145.0299
-154.9792 -29.4827 -286.1018
174.0996 52.2986 -71.5053
117.8014 123.5491 32.6728
129.0698 17.9024 32.0207
177.0727 15.4588 -271.5871
-160.2853 82.4691 -78.9783
-35.4538 -27.5825 -284.7042
-159.7381 102.6292 -152.9446
-119.9825 68.4554 19.5097
-108.6647 -49.0072 -97.8890
-0.4040 -49.3599 -282.4994
-92.6948 -53.6046 -95.4230
-147.2199 -37.1897 -231.7490
-119.3063 19.8256 -286.9664
-146.5628 -21.0789 17.9903
183.8131 -6.1176 -247.6928
99.1365 -46.5003 -66.2898
183.3332 15.8166 -270.9212
-18.6860 174.4006 -126.7398
-75.5443 135.1596 -261.9274
113.4501 178.6397 -5.4292
-60.7007 170.8312 -185.7250
-84.2579 193.3692 21.5453
-109.6609 185.8297 9.1616
-147.8118 143.4736 -17.3061
-92.9434 -57.5712 -168.8558
-48.0372 -5.8869 -285.5157
82.8735 101.4175 -277.5522
-171.8040 13.9553 -15.8716
-121.0386 24.2095 19.5079
129.4673 124.3107 -199.5223
-143.7985 -31.1871 -17.4180
-56.5091 -64.7903 -222.3160
137.8572 -8.2634 -44.1666
-141.7835 -31.6311 -14.9544
-150.9391 -34.1031 -272.5622
8.6995 75.2674 -282.1142
-68.7261 160.0078 -215.5522
18.2161 -64.5372 7.6315
114.2846 -28.2217 -44.3939
-138.1457 129.8903 -127.4055
45.1110 153.0777 -233.4771
6.9572 -66.8323 -162.3482
-145.4797 87.6502 17.9010
58.7705 171.1124 -172.6416
-97.7479 19.0277 20.9597
8.0307 16.6896 -282.0714
-164.7522 117.3530 -28.6713
-20.5135 125.8780 25.5953
-73.1178 163.6538 -123.9174
117.9765 -40.1777 25.7505
-170.6714 -14.6606 -76.1484
-19.5757 111.2459 -283.9194
-19.1397 -52.1492 -45.7446
100.6599 64.5577 -276.3962
34.3933 -66.8884 -180.4943
72.5934 168.8032 -150.0609
121.0817 132.1642 -260.3455
141.6935 123.8355 -91.2483
-61.9548 140.8902 -259.7657
29.7108 94.2020 -280.8385
142.6439 11.6801 -273.7167
177.9724 25.8561 -69.1298
142.2699 -16.4674 20.2985
-56.9447 131.3982 23.3282
-107.6827 73.6630 -286.3231
6.1217 178.3293 -169.3900
104.4314 151.8387 -188.5892
10.2413 158.9089 -240.6295
-13.6117 -65.7804 12.5352
128.1985 165.7723 2.8010
-58.3765 203.8243 1.3488
141.8536 -27.3576 -133.5374
-41.9644 -62.1252 -64.6528
-73.0740 -47.9035 -52.9006
-18.4233 207.2415 -26.4039
98.9405 192.5235 14.8286
-136.6308 -40.4349 -270.8070
-112.7772 147.6956 -162.9435
178.5849 61.1701 -244.1263
-114.8159 38.7230 -286.7151
38.8583 -56.2919 -280.0547
42.6196 -40.6439 -279.8440
-0.8397 197.9951 -72.8260
61.1166 -60.7074 -157.9830
-110.1978 -41.0450 -53.3771
14.0572 -39.4029 27.9769
-44.1437 174.9883 -179.6302
75.2916 6.1655 -277.8853
-127.1006 131.8910 -276.8825
20.3453 -65.0638 23.6268
-126.5172 168.1974 -16.7713
-92.7827 147.6646 21.0824
-99.2763 49.1375 -287.2694
-114.4633 -29.0134 -286.5958
130.0335 138.9371 -112.9619
-72.9078 58.4118 -287.1505
173.9955 23.6054 -271.7897
177.8138 56.6691 -161.1868
21.8817 -63.5988 1.4955
-145.7586 -29.8168 -26.4822
-57.9885 20.4227 23.4232
121.3931 146.5521 -139.0595
-39.8065 94.4176 -285.1497
-147.1978 120.0323 -268.5277
15.7870 0.6937 26.5654
141.9317 117.9790 -186.8944
106.6924 -20.1839 32.1908
-117.3920 -19.0365 -286.7918
75.5506 -54.3348 -223.4994
-109.9322 174.8601 -46.6651
-119.1761 -29.8203 19.7012
151.2226 110.1021 -177.1241
-88.3303 -11.8114 -286.5029
-87.9821 160.8357 -140.2516
-187.4626 -10.0172 -135.6847
145.6881 123.4453 -102.5063
108.7442 88.1126 32.2177
65.2766 138.6074 -274.0919
98.7034 178.5740 -53.6052
-123.4001 92.2504 -285.8216
-24.7190 -58.7216 25.6002
-64.3427 -51.4979 -46.3587
-146.1595 19.7703 -287.1287
-7.7960 205.8803 26.2687
165.1862 -17.3723 -188.8317
-165.6104 87.8429 -220.1086
-84.5038 191.4520 -27.5128
-113.0100 136.2199 -103.5990
-92.3756 21.1378 -286.8012
149.2786 83.5654 33.1794
-13.5280 208.7908 3.1866
1.3153 72.6199 -282.5683
114.9161 67.8532 -275.5169
-134.5043 -41.9844 -133.6396
-6.6954 -50.7694 -50.8124
-31.9812 191.1386 24.7902
47.1658 178.8760 -168.3993
182.2131 47.6504 -90.6902
109.2351 150.7177 -102.3351
-29.1963 153.7418 -249.1550
133.4259 -30.1639 -202.0143
-134.1581 -37.4912 -25.2721
-171.2189 81.4440 -164.8415
-114.4790 162.9802 -74.4470
-51.8450 47.2502 -285.8283
-2.3208 13.2518 26.8855
59.5663 72.6031 -278.9561
167.4456 -20.4463 -256.5549
3.1473 -61.6660 -76.3844
7.5555 -67.7694 -204.4891
-161.0220 97.1053 -236.2285
-177.2994 81.8711 -47.2703
22.0596 204.9686 -43.5909
-32.6542 -21.2376 25.0541
134.1559 -31.2117 -146.9923
-129.8076 128.8361 -109.5661
-175.7217 71.9651 -124.8628
-6.5973 89.0169 -283.0826
-111.7848 -48.5104 10.2652
-165.0828 91.4784 -168.3473
99.8958 1.4697 -276.3528
-156.6654 91.5406 17.2018
53.5310 171.2334 -186.0649
-90.6473 -46.7609 -52.2786
-129.7748 162.8499 -29.6056
-42.9828 174.9615 -138.6145
125.1509 141.5064 -169.8925
-40.7590 -67.3319 -172.7701
90.6182 -50.3268 19.3794
-150.2884 137.5220 5.3330
100.6071 115.4613 33.1211
-100.3061 -55.4930 -177.1418
82.6477 20.4583 -277.4497
32.8692 174.7111 -119.3112
155.8106 87.1943 33.5792
-50.9647 175.7248 23.6352
-154.4836 109.6383 -253.2426
-170.9089 -24.6397 -267.6311
137.5872 -34.7611 -262.0677
14.2023 -66.4224 -148.5059
118.7868 -41.2473 -275.1199
-92.9050 50.3469 -286.8760
-51.6886 154.2472 -233.3717
-173.1145 79.3376 -145.5702
180.8988 -9.2449 -253.4796
63.5173 204.0117 17.6300
163.1818 55.2013 -60.3908
-80.7576 10.0771 -286.0648
57.9510 107.1362 -279.1060
65.9416 154.8889 30.9147
-78.7860 118.7977 21.9919
127.2852 -10.4970 32.2225
169.1842 89.5207 -104.5919
139.9766 -21.7723 29.9726
91.8458 -49.9801 -81.6844
-96.0581 4.2883 21.0857
-74.5229 35.3689 -287.2175
182.2166 50.4694 -256.5619
-173.9633 -0.9073 -285.8173
79.5212 -50.6188 -17.4858
89.3108 161.0248 -177.5244
41.5812 32.5053 29.5802
186.8606 42.4402 -208.8056
-74.4568 -61.3752 -128.7066
-73.2421 -20.6247 22.5364
-168.0268 9.5675 -9.9485
-26.7531 156.6656 25.1640
-101.2173 -49.9296 -19.7365
-69.3770 -58.4917 -22.1075
123.0798 -35.9267 20.2926
166.5116 94.3197 -107.5958
-114.5927 -48.4456 -264.7963
-49.6818 191.2301 -78.7513
171.5510 80.2738 -230.9831
-166.4909 -26.2421 -119.9774
-151.5450 -34.0891 -220.2859
-135.5397 -37.4593 -71.5553
31.1003 8.6858 26.1194
-135.0600 -41.9929 -156.2084
167.8745 21.1202 -6.9158
-12.3153 178.7548 -167.8036
11.2584 -66.3544 -252.9088
-105.3293 128.4661 20.3320
-0.7355 176.9871 -180.4550
57.1264 43.6853 30.5281
99.1995 -47.9134 -114.8608
104.5165 156.5529 -136.6749
31.6357 207.7483 -21.1946
166.1268 96.7364 -237.0198
125.7861 137.4332 -91.8867
111.9339 128.3385 -228.8091
-170.9922 102.3774 -46.4337
-183.7898 -15.9727 -150.7639
-114.4160 172.3619 -41.5759
60.3240 181.9405 30.5274
-42.5622 43.1714 24.3470
-38.8857 201.9358 -43.7696
139.6157 -22.1304 29.9648
152.7371 102.5037 -65.8896
168.8733 99.6268 -254.4870
-62.8268 140.9103 -258.3235
76.0654 188.7180 -56.2493
-89.8676 179.5195 -67.5289
-111.4528 -30.3515 -286.4072
-118.6520 143.7825 -156.3357
-62.0910 192.7706 -62.3349
-24.9153 189.0238 -93.7152
125.8189 -34.4895 -61.3797
-135.3162 92.2727 -286.5606
86.0151 -51.5756 -8.1498
9.1376 181.4565 27.3540
-78.3217 -61.2860 -215.0907
3.3277 173.8925 -123.7953
-76.3890 -61.3306 -175.2600
33.5596 137.7914 28.9312
-19.3198 -67.1490 -233.4028
-119.1779 124.6146 -253.7307
-146.7380 120.3512 -125.5025
28.0439 177.8232 -175.9504
151.6236 -14.6566 -53.7010
-70.6026 1.8109 22.6678
84.7320 84.1023 32.1818
75.0055 136.2285 -250.4130
174.3860 -13.8681 -265.8344
136.8997 125.9850 -257.3755
24.4101 209.4155 13.9000
59.7555 -56.9710 -73.1068
149.3660 -9.9216 -31.5020
-42.9293 -63.6033 -94.2431
-70.5053 195.3854 -37.5508
-184.2560 42.9203 -95.0923
121.9727 -37.4236 -9.3510
126.6266 121.5334 -215.8535
-158.5104 120.3699 11.7014
43.7546 153.6483 -235.9125
-9.4106 179.0491 -104.5436
-154.0998 -23.0198 -20.3805
184.2747 48.9364 -206.6321
-100.3688 52.1371 -286.2456
-164.8852 -26.7501 -123.7078
49.3133 -47.3081 -279.4193
87.0329 -51.5990 6.7715
-178.8229 30.8896 -41.7852
77.3629 139.1749 -268.8028
21.5413 -66.5918 -240.0876
-153.0173 100.1776 -84.5283
-114.7713 133.3316 -274.2992
38.7088 -24.4417 -280.1098
-88.7489 -56.4243 10.4052
157.9740 24.4837 27.5308
121.7511 -37.0241 -60.0184
175.8909 -4.7981 -78.4184
-94.6973 179.6538 -59.6308
180.3705 55.5314 -208.8535
-16.8676 -48.4029 -283.5217
-70.0097 -38.0659 22.7619
-156.9214 98.6141 -286.4066
-172.4176 36.0417 -57.2795
78.1628 -54.6660 -156.3006
-23.9853 -65.5410 9.5717
-95.7804 46.8399 -287.0493
39.0906 -60.9953 -7.3362
-98.6684 -53.3144 -102.8886
27.3649 191.1286 28.4703
-64.8509 4.0709 23.0212
129.3569 -31.4038 -171.5242
135.6307 115.3603 -221.0183
6.1166 101.5568 -282.3122
-63.5628 -60.1263 -73.4794
-65.2582 -55.3582 23.0815
123.3957 144.3137 -112.5453
-59.0213 -50.1171 -286.1332
-104.1974 -51.6863 -271.3560
-167.1242 40.7470 15.6402
2.5966 134.0382 -282.5772
-1.2538 180.7201 -104.0401
143.4439 112.4567 -231.0027
-106.5078 -53.1334 -172.9247
-47.5947 -64.9960 -140.2604
133.1993 62.2580 -274.3751
131.8005 -30.1264 -198.2514
-44.1302 -66.5764 -163.2813
-21.0052 54.1535 25.6680
-80.1128 195.3237 -20.4595
155.5535 19.0696 33.3408
-137.7596 -26.4245 -286.5413
170.3967 69.8939 -174.0275
76.5560 -55.8584 -164.5970
16.4684 191.3795 -84.3854
-179.7280 35.1822 -33.4802
0.4235 -66.1044 -254.0186
-25.2932 51.2424 -284.1876
-128.5036 137.5193 -128.9361
54.3335 -59.8467 11.5387
174.6740 74.0315 -101.9509
31.7672 176.2369 -124.7981
85.1791 185.7957 -53.7138
-167.1419 30.6010 -60.5569
-42.2308 -35.5478 24.4809
-146.9804 115.8954 -111.3108
47.0095 199.3394 -53.3104
158.1733 31.6072 32.6997
57.1392 21.8982 30.5602
-166.6591 109.9253 -11.4399
-63.9588 -60.1171 -40.3678
28.5273 177.6614 -164.5012
-42.1422 -62.1211 -85.4605
133.5925 135.8306 -122.6472
116.9922 -38.7870 -13.2550
40.9597 142.7304 29.3830
-50.7263 -64.9237 -126.1232
-90.1206 159.5451 -153.7107
-153.7503 -31.9206 -113.0103
-67.9352 -58.6167 22.9201
-37.8831 206.3521 16.6093
62.3388 -58.5311 14.1895
55.9024 68.7411 30.4161
-157.4598 91.5948 -193.7928
-42.3221 201.9534 -40.9100
-119.3074 -48.9511 -209.2930
-125.9514 132.6485 -196.8807
129.7872 -33.4864 -140.0219
-161.7096 -5.0896 -286.5543
-36.4865 168.3898 24.5436
-119.0412 121.9936 -248.0633
145.3608 143.1236 -44.0857
16.8148 39.7178 28.0340
-103.8450 143.8135 -101.6262
12.3293 -52.4001 -281.7054
89.0081 -50.7696 -87.5197
175.1021 64.5175 -166.8098
-109.8914 172.6364 -54.7233
161.7500 88.3370 -272.6422
170.0112 77.5818 -161.2463
154.2575 -5.7454 -18.4888
65.4305 157.4551 -220.6875
48.1131 -55.2019 -52.7203
-41.5365 -62.1351 -85.7258
110.2160 30.8974 -275.7552
21.4473 177.9755 -160.9805
81.7011 28.5312 -277.5201
-34.6215 47.5877 24.8331
89.0535 -50.1453 -84.2835
138.9631 81.7992 -274.0458
-135.6930 -42.3145 -164.9266
140.3523 118.2158 -239.5376
27.2472 -65.4095 -264.4677
127.5471 95.9714 33.3168
-16.5200 -37.3632 -283.5160
-35.2619 130.5978 -284.8434
156.7885 129.1598 -35.3511
-88.4337 155.0049 -205.8594
144.8515 27.1121 -273.6020
-12.0379 -6.1365 26.3109
18.2549 -32.6375 -281.3664
-83.0132 -55.1761 -22.2955
25.9782 152.6541 28.4397
-57.2172 89.6849 -286.2225
-176.4888 81.1427 -24.4791
-94.6836 194.1596 10.3885
-177.7073 -21.4820 -242.9363
173.8832 -8.5689 -83.3924
166.4523 85.4805 10.6150
-41.3211 197.4291 -64.2134
81.8745 -22.7329 32.1583
-66.6488 186.0550 22.6478
73.7135 168.3840 -133.3258
125.7609 141.0586 -169.9511
171.3358 83.3695 -135.5607
-29.2052 -23.6261 -284.3224
105.9044 -39.7858 -37.7162
-98.2681 77.8527 20.8427
178.9796 45.2755 -76.6377
-168.8884 85.4567 -232.1505
55.7909 92.8510 -279.2193
59.2524 174.1217 30.4722
65.8177 -55.9704 18.9222
-138.0898 113.8678 -223.4142
162.0685 34.9948 -45.5420
-125.5595 162.6043 -51.5727
61.6614 42.4056 -278.7827
-96.2355 55.6653 -287.0902
-77.4109 193.7609 -32.2331
30.7393 171.9150 -204.8418
-40.9529 -63.6489 6.5726
-121.8224 118.8828 -245.0510
-136.0584 -33.3563 -1.1117
-20.5234 39.0003 -283.8741
110.4226 135.9469 -210.8023
147.8648 -14.8782 -20.2768
-166.4443 6.8986 -7.9795
-50.9823 -16.6694 23.9110
-159.8364 121.7458 1.1661
-181.8009 -12.6629 -106.9970
76.4319 13.8819 -277.8257
51.2957 -58.8402 -279.2798
-139.4461 -32.6216 10.5847
-110.4177 -41.3326 -44.3631
-166.7938 45.4501 -286.9423
139.1944 -33.2978 -237.3106
184.1955 39.1967 -244.2149
-150.6996 0.5921 17.7026
-96.8417 148.1871 -208.8959
148.6861 -23.0141 -192.0148
155.9740 -1.3964 1.6256
-28.2076 178.6858 -104.2058
-159.6201 101.0546 -241.5070
-176.9886 82.2249 -27.9182
31.8822 202.1761 -50.2269
-33.3103 -49.3342 -284.5399
-175.9508 60.8693 -92.3680
25.6890 -38.5443 28.6970
-181.6580 61.8732 -132.4935
122.7497 -36.7283 -274.8806
-81.2852 162.5197 21.7740
-176.2773 87.8821 -37.2661
31.3817 136.5112 28.7980
-27.8802 136.4441 -279.0954
170.1357 22.7127 -23.7726
19.1646 -65.0365 -110.0510
-81.9747 163.8582 -173.3897
95.5981 102.4317 -276.7646
-88.5917 169.3313 -93.2325
161.2638 94.2384 -169.0043
-57.1691 47.7944 23.4346
34.5842 123.7001 -280.5788
-172.7999 100.0565 -40.3001
-25.3851 173.0549 -122.0573
122.8858 63.8084 33.0741
124.1077 143.5237 -136.0530
-113.7026 170.4301 19.7524
-97.4871 -22.2499 -287.0557
131.5996 136.4226 -172.3266
157.5867 119.0359 13.1313
-151.4435 113.5192 -164.2983
-23.4896 178.2110 25.3354
-54.5580 153.9055 -232.2189
136.8139 123.8297 32.3485
-163.2585 -23.6638 -76.9527
-100.4857 120.7755 -285.9446
91.4777 41.7310 32.6611
-166.0289 -29.2536 -184.2439
10.8789 157.2138 -246.8863
-29.2865 61.8666 25.1434
-65.8580 189.4503 -67.9508
-32.8391 171.7265 -208.0926
6.3084 37.2676 24.7055
-131.8850 147.5527 -78.3510
21.6158 4.2431 25.3770
126.4242 141.3712 -167.6464
94.4645 4.1844 29.8945
-124.7812 -46.5335 -278.3121
-132.0352 134.3872 -149.3129
-84.3975 -58.1450 -252.1272
-60.4759 190.1838 23.0246
-23.8349 151.3156 -257.1368
73.6887 -56.8330 -151.3248
-156.9661 -26.6362 -286.2291
-178.1320 80.4733 -34.3727
-34.8895 -66.7897 -266.8839
71.2471 35.2460 31.4159
-113.8781 -49.9625 -210.4500
63.2206 -57.0510 -225.2986
-99.3526 185.5333 20.6205
142.4352 72.4254 32.7711
157.8457 105.3429 -158.2171
-88.0522 21.6194 21.5572
-95.7382 -22.2337 -286.9473
-23.8462 59.7500 -284.1101
-95.0376 -55.6550 -237.2364
61.0516 -57.1144 18.7648
122.1699 165.4144 32.8834
60.1867 -37.1224 30.8342
119.0742 62.7525 32.8392
-49.3865 31.3058 23.9409
-125.3402 121.4907 -225.5166
99.8726 157.7612 -154.8340
-51.4216 166.1538 -118.3801
71.3376 174.8406 -84.3385
-77.5637 139.7500 -276.3354
-158.6344 104.5608 -121.5513
176.2515 64.8982 -33.8760
-123.8294 119.5020 -245.7502
179.5126 -7.7583 -110.1730
170.1064 89.7826 -4.9570
109.8294 147.5948 32.4785
69.0966 170.8741 -133.0006
33.1978 204.5267 -41.4501
155.3591 119.7003 -271.1078
-90.7951 23.8019 21.3839
-8.1025 194.2123 -83.3827
42.8752 120.4362 29.5339
-23.5007 41.8451 -284.0629
-37.1541 -63.7366 7.7954
-61.3313 172.3842 -161.4020
18.7934 -18.6756 28.2408
134.3765 158.1329 -27.0279
-114.8468 -49.9401 -146.2939
175.5954 80.5828 -253.3238
66.4224 3.7017 31.1621
136.2532 -32.5567 -274.0493
20.6535 -62.0701 -69.1866
114.1339 -39.2693 -182.9475
-177.8220 -21.4794 -184.3010
115.2290 -41.5061 29.3752
-168.4837 87.8126 -151.1408
146.8614 3.1225 -43.6453
181.1555 58.9363 -126.1193
-69.5982 133.4474 -267.2830
-102.5567 -4.9597 -285.8921
98.2309 144.4934 32.9319
-101.4176 -50.2501 -69.1273
149.8118 102.4748 -187.5207
-161.0776 55.1051 16.9806
-135.2147 -41.9680 -283.5786
170.7299 23.0813 -19.6140
81.7387 76.8241 -277.5872
133.4107 -31.6639 -84.6456
-59.8376 -47.3777 -286.1877
66.9520 -55.6367 -69.7816
45.7542 -62.6495 -235.5044
54.0552 34.3510 -279.2428
82.2372 161.5684 -191.4612
27.2162 -56.6479 -42.1405
-14.8189 140.2329 -278.2020
-93.1465 195.6245 19.5576
118.8442 91.3478 -275.3072
-96.4629 8.8388 -287.0370
80.4174 -52.9467 -180.5975
-106.2538 -50.0295 -92.5599
44.1744 -61.1126 -1.2351
93.9880 -48.6181 -68.6786
-118.2737 49.7919 19.6426
-163.1754 97.3474 -149.8666
-150.2559 -25.8019 -15.6520
51.9943 -61.7504 -254.4379
147.6566 119.7443 -252.8588
-163.3328 89.9689 -220.8416
96.4655 159.7396 -120.5072
-53.1411 160.1919 -224.5969
-3.2829 190.5495 -90.6380
173.7491 84.8893 -247.7901
-71.7090 -56.1381 -61.4297
-2.2590 -57.1230 -282.6032
