ply
format ascii 1.0
comment Real CT-ORG Surface Scan (Case 019) Aligned Canonical
element vertex 4096
property float x
property float y
property float z
end_header
139.4077 20.0916 -596.2277
-4.3013 -31.7760 -438.5926
2.9576 9.3124 341.9651
-35.1027 11.6437 -141.3696
-52.7406 35.9352 -195.5675
-45.9839 38.4250 -164.9156
-20.4463 167.8757 63.8230
-93.4744 27.9938 -122.1069
107.4506 32.8191 -374.6910
-76.5338 -16.3704 -218.1077
34.9911 -31.3498 -34.9421
-58.1229 -26.4994 28.5495
-136.3346 28.4491 -519.7704
-31.9413 -29.8843 -532.4265
44.0227 32.5588 -183.4761
78.7957 26.8317 -344.2535
-60.3999 -24.5750 -195.1485
8.4830 17.0173 -327.8443
144.1222 27.1709 -420.2999
-152.7867 36.3268 109.3128
-15.9440 -33.6842 -320.6050
70.1609 20.2289 -538.6948
-74.7436 45.4503 -8.7901
-10.7931 167.9168 1.4952
-62.8669 55.2932 242.9789
110.3564 23.8554 -297.0697
-64.2660 163.2130 200.0858
-30.5989 112.7167 361.6543
-109.2090 0.3171 219.2328
-65.5192 27.9973 304.5221
29.5264 165.4104 61.7045
-142.8790 28.6506 339.6899
-137.1316 37.3150 272.0948
-14.9079 33.1869 -642.8475
69.9862 29.2273 207.3172
-24.5929 129.2993 348.5819
-85.5728 -18.7813 240.0706
84.9811 -25.7714 -565.2194
-89.3656 50.6677 114.6914
-92.7440 84.9623 236.1326
152.8590 23.8343 267.0705
-61.0759 25.1457 -566.8078
115.4331 96.4762 167.0361
-114.2962 27.0930 144.8147
164.4829 38.4338 276.4199
65.7655 -30.9180 240.2057
90.1926 18.3129 -418.7813
25.2051 65.8411 283.2064
-128.6632 29.3578 -25.0591
43.4468 11.9398 -125.5634
77.8951 18.3128 -32.8123
146.5783 34.9200 -238.2259
153.7604 31.2428 171.5888
152.0982 34.0531 114.6628
-49.5931 151.0810 -11.0864
-68.2239 134.6417 -238.0739
143.5662 35.8637 -93.4116
-71.4812 98.2515 346.2819
-90.1581 -13.8052 -423.0505
-7.2792 -34.1499 128.7291
-39.2410 23.4682 309.2371
-50.3810 156.7152 7.2663
-58.5653 -26.1662 -323.2807
-93.3280 -14.7337 197.0578
108.3063 -2.8610 -407.0746
-24.7047 154.3763 267.7608
59.3033 165.3991 291.6937
60.3411 162.2835 42.1942
96.8049 73.0694 -167.6931
-53.8378 117.2295 371.8204
55.8206 135.7563 -198.3699
37.4860 -31.8000 359.0518
101.2196 -10.4587 -583.3185
-16.6011 -33.9200 223.4515
-47.5241 -30.8485 99.1812
-36.4586 -33.0082 100.9797
-104.5601 78.6371 139.9360
64.8817 -28.8284 28.9089
105.5607 -13.5847 278.4366
-34.3220 18.6172 -525.1402
-59.7767 -26.5147 -246.9149
-66.3627 18.9954 -198.7642
-151.5638 37.6270 145.6637
16.0081 162.4052 341.2566
71.5210 145.9181 -31.2645
-108.1669 129.5420 -586.7436
62.4742 171.7306 118.2098
-65.8392 -28.5265 264.0640
-135.0424 38.7160 -121.6052
-124.7112 60.2526 -306.3030
13.8077 134.1461 -572.8317
132.3158 9.1127 142.6076
8.2294 -33.7721 8.5421
-36.5014 18.4081 -522.7471
-73.7650 56.1442 369.0051
77.2714 40.1313 -123.2958
78.2191 17.0750 78.7068
24.6676 140.6854 -506.6240
72.0055 15.4297 178.4787
-130.1172 84.7426 -348.1566
-71.0738 145.4404 286.6039
-67.2143 24.6572 -603.9542
69.3306 167.0836 97.6211
86.3459 -23.1996 -595.0134
-21.9979 11.8194 65.1924
-11.0793 11.3365 4.1895
-19.9473 -29.9162 -153.6216
-41.3193 121.0268 371.7292
113.5504 23.7266 -422.8261
6.3332 8.7803 -268.3275
84.8829 17.9908 -517.9045
17.7806 155.5949 -90.8545
-134.4947 73.5072 -523.6811
64.7863 22.3122 339.4821
-39.9684 11.8495 -267.3077
87.1594 16.9344 -467.8000
6.9960 11.2437 -242.4521
129.6137 14.0265 -293.7420
24.0156 19.0533 210.4017
-54.6358 12.7747 14.1739
33.4291 -31.8142 -588.0076
-62.5184 14.7979 -422.4607
141.4324 32.0062 44.5685
-66.7394 93.1663 347.4602
77.1904 18.9230 -45.9439
84.4855 -21.7790 -476.3591
105.4008 23.9266 -377.0033
40.5007 30.4614 -186.1816
-36.7565 155.9052 -24.1427
-88.9298 57.2339 90.7041
-147.5025 39.1234 121.5113
-78.5141 -21.0018 -274.2067
124.9120 2.8134 248.4847
8.1798 13.4839 -412.9143
89.7282 35.8716 54.0251
23.6567 135.4121 -551.2600
-98.5221 90.4695 -168.5757
84.1627 50.7730 -154.6989
116.9028 59.8271 -536.1939
-70.6746 33.2088 -231.4684
2.0349 24.7446 -226.1779
128.8554 8.5326 206.6216
-92.8420 93.0163 37.6542
59.9265 14.2683 62.9335
114.6181 -1.1016 -550.3699
99.4684 47.1168 171.7763
80.5426 95.3312 363.0764
-57.3282 -25.0758 -314.2199
113.4429 117.0879 370.1994
-129.7218 85.4763 -377.4600
44.9749 -33.0399 -307.1194
16.0017 21.0633 -228.0923
-111.0198 125.1247 -332.8426
33.8378 -31.4524 82.4185
154.2561 30.9902 -603.6130
116.1454 28.6040 -215.3458
36.9610 -30.5589 -522.5416
123.9782 27.4494 -527.5914
-135.0136 22.2156 215.0526
0.6214 160.7618 -33.9878
-46.8402 88.7537 357.5265
-130.2313 38.4300 -336.3029
-119.5582 18.5315 -271.3669
-4.5484 135.3956 346.0642
-113.5142 30.9162 23.8982
35.9289 56.5251 299.5508
103.8559 18.9554 311.2374
-79.3685 23.2046 -165.7190
-37.9498 29.3790 -217.8779
-41.3386 131.2459 -579.5115
-36.8764 84.0377 346.3442
86.5593 -22.9071 -43.2057
-120.5281 30.8576 -554.1715
65.0462 -29.5043 -388.3742
-90.8109 110.6071 238.1572
-114.4461 2.7132 214.3548
103.1441 114.7856 -55.4884
156.5335 37.5813 -484.0389
-73.0957 -23.7075 -533.0439
-30.2574 73.0565 254.2107
114.2705 102.1333 -281.0863
-119.3832 115.5668 -633.3832
-100.5277 50.7699 256.9623
-16.6866 11.7619 345.8607
-80.5227 21.1152 140.0097
106.6626 103.5268 -21.0442
150.8217 25.4577 150.4925
-52.5573 154.8941 253.0668
-129.9948 67.4382 -629.2919
150.2375 22.9228 346.3559
156.4410 29.6632 218.9038
127.4855 28.3137 65.6785
64.3011 164.3806 340.1599
-134.3154 32.4168 262.6545
109.4111 66.1093 183.6657
30.1627 22.0963 -8.5942
-96.5305 136.1284 -292.4937
25.5973 -32.5446 -15.0118
-57.1856 156.7156 52.6733
48.4064 -31.0602 -261.7770
-83.6232 -20.4488 323.4869
-120.4274 39.2416 -92.4821
17.6592 11.2996 -249.7183
-87.1554 36.7040 372.5386
1.2178 13.5085 -361.5826
-68.5651 42.6278 -186.0078
120.8297 29.0554 -114.6172
45.8285 147.1745 -160.6170
74.4495 28.8775 271.9712
-48.5683 -30.2037 -294.1671
-80.6863 59.2414 286.6701
-116.1594 8.2340 250.7764
-39.0725 148.6187 -66.9841
-67.7381 99.5507 357.4071
45.7057 25.5052 -206.7995
-115.9383 32.2477 -475.0244
-7.7031 16.6590 -618.4008
116.3875 4.3551 -569.3415
115.0924 103.2662 -594.3397
-56.1262 15.9882 -530.9857
-99.4389 -1.7548 -596.0074
-30.1438 -29.7791 68.1284
-79.1784 -19.9623 -251.6210
-137.2233 28.9255 -312.4609
-26.5560 18.3213 -573.3701
155.3077 39.7698 -454.8224
-23.9861 25.2123 173.0639
-148.5297 36.6796 255.6550
149.6128 35.4996 -370.6904
16.6475 19.6877 110.2961
33.4063 -30.6057 -522.0902
117.8780 27.1510 -65.0154
64.0419 -26.6593 -103.6722
-123.8818 36.7258 -85.5023
8.3905 13.6699 -495.5545
24.3655 21.3420 85.4318
32.1265 -32.0606 246.2899
-94.0405 134.2141 -461.2531
85.6718 16.5635 173.4101
6.8838 100.1850 255.1851
-51.7798 14.7121 -524.0964
-76.6623 17.8873 85.7705
-38.2242 88.7668 357.6136
113.9500 69.4915 -273.7377
-104.9921 55.5537 307.7142
-94.4711 34.4033 -469.1321
100.6485 139.0495 163.8528
-65.2148 -25.0405 -115.4561
126.2949 12.4022 -572.8697
88.3873 30.6314 -314.4180
-5.8376 29.7655 102.5537
-24.1431 18.1030 -578.9699
-23.4379 169.2140 110.5791
-99.3897 -3.4662 -262.6243
-88.5591 20.9239 -441.4381
-115.8163 72.3488 -226.8336
-68.4883 137.6212 -312.0717
79.6493 -25.7959 47.0080
-21.3837 25.2800 -626.6888
-4.3332 -32.1511 -495.8779
102.5080 67.5235 22.1385
52.9672 13.4191 189.7202
-56.0926 137.1144 -475.2955
-65.7385 73.1464 334.2999
-23.3513 146.0272 -247.5216
123.1849 31.6159 -199.8592
39.8303 147.8675 -183.4294
-104.9265 28.2904 -133.6749
50.1792 18.2235 -244.9173
-98.6179 -10.7841 156.0926
-128.5725 57.5811 -400.8415
-85.2739 136.7289 134.0888
-93.8873 92.9103 236.2260
131.5088 7.4002 214.6508
105.3486 19.5980 189.4257
-125.4034 35.2988 -493.7642
10.7781 141.7644 -515.4186
86.5213 18.8274 -451.8506
-132.7864 63.5416 -539.6395
70.4827 34.2478 -84.2296
15.8966 17.2604 -235.5087
-123.0584 33.2304 -180.1628
-107.3834 4.0733 -596.8422
87.9562 -24.1932 132.3699
71.3264 30.1562 67.5356
141.5644 15.6534 167.9601
-20.1139 151.8584 338.0871
99.8948 65.6434 -128.2450
149.2951 29.5003 -302.4719
88.1245 36.4906 1.3446
-20.7700 9.7649 -174.2186
-133.7014 61.9735 -394.0445
161.1583 33.7761 276.0736
-51.9198 75.4817 369.4960
-54.6654 13.6697 286.8166
-39.7703 131.8888 -531.4534
47.9003 126.4241 -537.6720
5.7460 10.2426 -275.5244
-54.8637 13.6542 -278.5013
82.4956 126.4989 -268.8336
-123.5545 52.9591 -387.3067
-128.6573 22.8368 -562.1493
-52.1428 96.8473 371.8207
10.3801 -32.2979 -324.7249
-132.9967 75.8622 -338.1722
-85.1462 22.9130 -344.1414
63.9464 12.1970 214.2779
-25.5317 10.4225 -193.8279
-80.3599 36.8417 -244.4292
-85.6796 56.4858 -117.5326
91.7538 -24.1946 354.8722
137.9107 22.1318 93.3236
5.6600 -34.0506 -363.4875
-60.6190 -29.0952 101.1389
-30.2181 22.0308 222.6514
-15.6618 -29.7997 -227.8023
-59.3387 15.2349 -490.9233
109.8092 107.7593 -570.4022
69.0462 81.2184 333.0972
48.8095 -30.0671 286.6044
45.2922 12.4671 -489.6917
-37.0712 141.6605 -493.3289
5.8162 152.0678 -211.3156
107.5586 40.7162 -284.3821
41.3855 18.6456 -213.2512
84.1907 31.4263 248.1844
-107.6229 41.1982 -547.9353
-56.3799 28.0012 -241.1682
71.4916 133.7424 -359.2522
-4.4030 141.5987 -649.3395
81.5788 42.1638 -135.8814
76.8697 37.1040 65.8325
-113.6164 3.2784 288.1486
-86.6145 117.3555 -2.3134
94.5126 21.0881 -222.4029
76.3244 130.4512 -297.3353
-101.4819 130.6307 -477.1094
87.8616 132.8889 -54.6665
-116.9319 17.4902 -91.1216
-149.2464 38.8798 -508.5698
60.1043 -30.7234 -480.1473
-118.8815 89.9926 -243.1923
2.4748 31.6554 -10.3932
-72.6863 -27.1889 192.3271
17.8501 18.8607 179.6129
34.9307 22.2569 -140.2556
98.0748 19.9249 -610.0178
-1.9009 23.5728 212.1353
46.8807 164.9783 86.8637
-81.1771 22.9023 -441.2815
53.6642 138.4177 -416.0306
151.7180 38.9873 -533.6902
71.9924 80.3727 309.0681
-106.5821 78.9457 293.3854
107.4882 69.6347 71.4282
35.1141 27.0460 -148.4646
-58.7005 166.5318 117.8555
152.9445 36.4315 299.2124
-2.0574 136.9444 371.7395
43.0742 10.4319 93.2798
5.6359 10.8919 -392.1921
10.5125 166.7120 130.3174
-112.2737 42.8802 -438.4857
-14.0245 -30.7634 38.0789
-24.0220 12.2743 -142.4706
-93.2659 35.0629 -455.6687
-86.8894 62.6477 257.0007
-138.5960 34.8681 85.9270
97.1710 50.7944 6.0553
150.0149 24.0250 250.3491
49.9519 19.7714 -221.0557
-2.9071 161.0312 -37.7557
-64.5845 142.9821 266.9103
109.7679 72.2453 -3.7411
80.4625 15.1816 -506.7346
-17.4882 91.5945 252.2370
-25.3720 131.1564 346.3290
141.0547 23.8284 -516.7792
-86.4043 18.9672 324.3853
-83.7436 124.3172 47.7643
-131.6031 91.1164 -418.9691
-35.5590 98.1955 362.8410
78.5243 132.9248 -116.1325
-89.6118 120.9252 239.6487
-33.7494 155.1348 -33.7395
-34.4689 174.9059 165.9238
-10.3844 -31.7267 182.5064
-2.9383 161.2784 -36.4773
11.1022 -30.8629 -454.7421
-89.7598 25.3913 38.3718
35.3388 58.3885 303.3911
67.3422 -28.3938 372.0216
-83.8868 89.7084 259.0499
145.5239 32.6617 288.5798
-20.0798 78.6110 242.3726
123.6568 67.3882 -620.3530
-133.6748 39.0461 -170.5197
-84.1614 18.7288 235.0418
90.7828 132.1059 15.6714
67.2403 124.1430 -570.6872
37.2858 24.9709 -109.5412
13.6120 18.9246 -296.5101
-58.2388 53.4467 242.6587
146.3556 26.5944 -360.3323
13.0000 144.8237 -399.1310
-11.6216 23.2323 224.1306
-2.8215 143.9158 -642.8202
-35.2315 10.8949 -508.8082
9.1081 18.7647 271.0732
-52.4828 129.6208 358.0359
44.6228 162.6111 0.4876
-86.8041 23.5095 -346.6191
-83.9936 -19.5801 111.0254
-121.2160 31.0463 -377.5793
-70.4576 36.6113 125.1163
-105.5897 1.7257 -584.3648
-106.2667 100.9774 -205.7196
99.5874 124.2912 79.8894
140.8602 34.3972 -55.5147
146.7846 27.1976 -468.3731
-115.4610 13.9726 42.1963
-58.8620 15.8322 350.3147
-85.0467 83.8356 263.5244
93.4754 -15.6987 -54.0119
-135.2042 75.0139 -390.9804
61.5003 14.1878 -436.5129
81.3585 50.6477 -156.0562
-52.7662 -26.4499 362.2555
-45.0394 121.4952 372.1582
47.8261 -32.7872 -488.0101
100.9856 110.8967 -56.1834
-50.2817 -26.9039 -265.3287
58.5591 13.9542 180.1732
127.0236 28.9858 -626.1551
-100.4999 27.5639 -158.8527
-17.7980 -33.6945 79.3534
-130.9790 76.9389 -565.0383
-32.3763 14.2522 -174.0232
6.2021 23.3102 -229.8167
4.6375 94.2948 323.8766
-13.6732 87.3163 242.3438
100.9530 -15.7417 282.3275
95.0628 120.0508 347.8419
-16.3380 16.2320 -503.9138
-122.9432 14.9148 -528.2246
-20.1742 10.6293 -642.7818
-41.4741 129.1190 357.7900
-72.9801 129.2435 -37.2267
85.1387 17.7415 61.5916
94.8438 -12.3360 -154.1906
-35.4527 167.6029 82.5120
-117.4811 9.4587 336.4857
-26.9161 13.0517 -10.7256
-119.2712 119.3453 -347.7454
-91.9619 43.0718 260.7330
48.9041 11.0924 -623.0831
-22.9316 21.7887 249.3939
114.7859 101.7693 -538.5533
-88.5514 -9.6297 -176.8405
-17.9888 -33.9064 71.1940
53.8846 152.4411 -33.9972
109.3995 63.5930 -253.1934
-53.4783 160.2861 75.8401
94.7199 -13.7274 -12.5715
-29.7419 -31.7909 -42.1362
-112.4583 31.5266 -627.2779
92.9864 17.1764 -238.0008
-127.7405 29.0848 -189.6548
61.7008 -30.8680 -222.3925
-43.0581 112.1511 372.2393
-52.6510 13.8335 -108.1910
-5.4605 23.3972 212.8058
8.0455 8.9987 -301.2836
-125.0030 35.0486 -21.5791
-99.1975 133.5768 -306.2716
64.2739 131.9569 -462.3422
-102.6347 112.5442 289.8806
-80.7552 135.3229 -533.1678
44.7011 11.1381 -471.8707
14.9956 10.2346 -508.0821
-40.5014 52.0511 362.0642
-79.7339 125.2507 -116.9828
106.6988 24.0209 -514.0314
55.4519 -31.3860 283.2592
32.1105 -31.8366 -114.7870
-35.2376 77.7340 254.4948
-147.6200 33.9948 373.3789
99.0820 108.2206 -158.0967
39.5473 161.1276 -16.8401
-84.5655 75.7372 358.9733
49.3907 14.1314 -6.3142
-57.2555 28.4709 249.2382
-124.8918 54.7117 -384.9273
34.7350 -34.4292 -495.1735
99.5838 119.1295 41.2481
78.8005 47.3279 -158.1513
-87.3514 94.0792 254.2563
26.5802 11.6733 27.3818
-101.9628 78.8991 -195.1973
-24.9065 111.8663 361.7103
29.7096 9.0988 -261.9800
129.1033 31.4981 -553.2894
105.3842 -2.1616 -54.6812
-26.6909 158.9419 -32.4072
-128.0549 61.4057 -307.7275
25.1459 170.5809 225.6451
-62.4479 157.9649 76.5997
21.2847 21.2442 -168.2842
108.1279 45.3832 -287.6891
43.2256 164.7834 103.4811
-8.6726 8.8349 -578.0677
129.7885 7.2975 198.4872
-61.9899 129.7119 346.4625
10.1484 7.4829 161.8784
-61.8927 16.2615 295.8889
85.3700 128.8812 -301.2363
0.4073 164.1530 341.2006
-59.8626 135.4822 330.6858
153.4204 31.4670 -472.6320
13.8384 28.9089 -50.3737
-50.2439 144.0553 -50.1705
94.6863 -20.2925 -542.5160
-56.6886 16.0821 -188.1121
-109.4042 9.8998 -161.7526
81.1101 129.8636 -94.4153
39.9782 143.6736 -208.8580
152.3182 35.9833 -359.1132
112.5332 85.3499 347.8674
-34.3453 33.7571 -143.8706
31.3459 9.6538 339.0162
105.1312 116.1966 33.9217
57.5453 12.0068 -361.2706
118.7094 -0.0246 178.0092
-26.1023 134.9168 335.0421
19.7731 -32.5372 -335.8230
-64.7310 135.4652 -79.8437
8.0337 11.4816 354.3687
40.8508 146.8967 -182.2307
-120.7804 15.1663 -388.8398
-91.6953 67.7359 -167.5969
60.6694 146.6712 -61.2060
37.2937 23.0825 19.0229
80.5578 53.8486 -182.9621
-19.5438 10.5044 140.1550
-13.7887 8.9432 -321.6771
-56.7344 -29.2415 -297.6179
-36.9712 -32.5899 -475.5571
21.5574 18.8111 -173.8219
128.5856 8.2542 156.3386
-20.9706 64.8355 358.6594
58.1285 -29.7783 -500.3546
-119.9952 99.0068 -252.0211
114.0175 68.0599 125.4905
-62.6699 -29.0219 -457.6700
-57.1700 13.9172 373.9237
-42.5722 139.9133 -471.6155
-88.2631 72.2764 345.2056
-51.0316 104.4687 372.0174
119.6784 78.3956 -313.4015
41.9230 12.2161 -451.5096
-43.1154 14.0399 97.8942
88.0685 119.8729 -580.5494
-39.8827 20.2653 -614.4594
39.1958 -31.5135 -404.2242
76.6891 14.5089 97.3156
-90.1558 -15.6402 222.8099
-50.9017 80.9886 350.3361
-44.4581 90.3178 357.8113
121.2297 27.1192 -230.5536
-109.6679 42.3009 -530.6235
-36.9158 -29.2473 49.3896
64.5519 32.3415 -64.2844
112.5884 43.3804 -504.0458
124.7530 31.2280 -130.7237
33.4723 22.4242 -163.7804
98.2520 59.7256 34.9394
-58.6098 136.9665 -475.3481
-115.2993 29.9865 321.0031
-33.3939 18.3874 -393.3461
-68.4716 76.7330 334.8119
121.8690 8.8181 -552.6473
52.5151 14.3322 -613.6978
-101.0388 53.4362 -221.5162
99.5511 43.2824 288.6039
-98.5803 -9.0340 114.8458
-127.8754 34.4245 -624.3262
48.9956 -29.5367 -394.0008
-10.2424 145.6891 -467.6678
157.8897 31.1435 332.8150
-130.7668 20.6339 -437.0696
-63.4197 120.9614 357.9010
118.5094 67.2096 -445.4595
-84.5917 -17.7395 -243.9070
80.7555 15.7400 -492.6872
106.9017 24.2426 -649.7529
-7.7810 -32.5070 -648.1039
-80.8750 22.1014 -420.9032
-107.0724 31.5859 -0.4081
-71.4941 42.5360 -39.6331
-112.6836 27.5053 -405.6297
-130.9733 37.6607 -511.6432
65.7921 -28.0908 -269.7523
-62.6328 26.4394 -318.0018
150.1724 34.4597 106.7188
-54.9130 -29.2003 -403.7288
77.8292 135.0318 -96.4048
140.7577 31.0800 -210.5417
-31.5176 149.8646 268.2071
97.0157 -14.6315 -646.1199
-53.6145 -28.5571 -171.0273
-114.5092 122.4275 -606.2453
-7.8726 137.3585 333.8410
-16.4425 15.9361 -488.3019
-10.9714 31.4237 74.3141
-97.0833 46.0866 -255.3129
105.5960 38.3940 -277.6388
16.2331 19.8701 311.8597
27.9033 142.6309 -466.6757
-118.2100 108.1819 -258.8951
-108.5187 26.7071 -241.1530
112.2334 -3.7565 -342.9253
-44.0304 -31.6958 174.9004
-93.2864 48.9496 -219.8313
50.7344 -32.3219 -446.6492
-115.8080 10.1720 64.8011
-19.3185 156.7248 -82.9852
84.8125 131.2721 -107.5355
95.9407 18.1826 81.9820
35.7415 -31.7448 50.2456
128.2943 32.0992 -216.3189
58.1928 28.4388 -134.2798
-27.0375 112.5635 357.8957
101.2161 107.9468 -226.3672
91.1123 28.8349 -311.4221
89.3434 17.6740 40.0746
124.1885 24.2102 317.7108
-75.7400 -17.9134 -23.7923
-107.5639 29.4190 -71.9546
-91.4879 26.1338 -83.9340
103.0439 -15.1767 134.6713
-87.9177 -12.1447 -227.3907
-19.0044 150.0628 -225.4182
71.4896 -29.9372 281.4233
38.2907 29.0207 -125.3896
59.9474 19.5136 -323.3550
-18.2215 130.3925 -579.1639
82.9770 25.1156 -366.6173
-106.1221 109.2333 337.1610
112.1401 -3.9565 -465.1788
-80.8633 129.1622 368.7665
-58.6507 138.0563 -79.4286
61.5731 14.9329 257.4785
-67.9403 142.3565 6.0381
72.9114 13.3344 -563.1710
-25.7245 155.0273 -75.8229
20.5114 20.8719 64.5106
113.2429 47.0485 -580.4791
-95.6852 25.9340 -519.3915
101.9542 108.7783 -235.5209
-22.2995 -30.2409 -437.1163
-129.9552 34.0005 195.4865
-73.3787 133.8211 14.2715
-106.2672 -4.0827 250.7172
-127.3029 35.4133 293.6209
42.1863 20.9443 -174.3011
-133.3555 20.9225 368.2457
-14.4231 -32.0243 -187.3204
-78.1420 -20.9774 -203.4416
-53.7345 85.1462 357.4161
131.4918 8.3695 280.6241
2.6586 96.6295 247.8415
48.7053 168.7890 228.6952
-91.7990 -14.8803 -484.9090
-43.5913 28.4134 109.0963
-26.9867 -31.6874 -616.7324
28.1394 22.6621 66.5002
-18.6345 23.9294 -616.1387
-119.0478 51.2224 -342.2258
73.6547 145.9831 -18.2904
-87.0605 104.7153 256.5227
-86.4705 144.5860 237.1793
-91.0990 69.1702 -151.7922
-88.9321 40.3144 271.3940
94.1387 42.4837 200.2294
18.2818 155.3540 -85.5759
27.4891 142.2465 -350.3981
111.6339 21.8394 -394.5361
19.9151 10.8607 -465.3088
15.4580 15.9645 -312.9538
34.4940 57.7262 374.3194
-127.4272 87.3475 -329.7310
-33.5121 128.9188 -617.2940
-106.9570 100.3806 296.1921
47.2625 -32.2111 146.2603
-38.9082 -31.7255 203.1031
99.0434 30.4793 -601.3084
-46.2294 162.2984 52.6067
78.8581 73.9983 347.9511
48.7617 17.4566 -512.4263
51.7786 26.7807 -73.5224
-65.9104 117.2734 357.2671
94.7777 20.6662 -299.8915
-5.7670 -33.6489 68.0992
-118.6714 5.3197 134.3679
-92.5150 133.9417 -522.7361
-99.2711 -1.3185 -574.0293
30.7763 11.4004 -100.7225
94.5860 118.1465 -252.9283
97.0067 -16.1874 -442.7054
110.2457 109.7117 -352.8818
-5.2356 168.1850 55.7679
-95.2373 -2.1335 -142.2651
-76.0045 44.4626 -195.5034
-62.5190 15.9783 -489.0660
-34.4961 170.3411 324.2941
-92.2067 84.6665 242.8688
49.7341 19.2110 -229.4664
-68.1839 142.3404 266.8735
-37.1035 33.0651 -76.0194
4.5861 -32.1558 -217.5921
-133.9319 35.5434 -575.9103
10.1374 166.9029 -9.5941
116.6392 92.3394 -281.8674
95.3441 44.6039 147.1752
-12.2224 148.2089 -269.7679
-20.7801 11.2545 151.4759
-106.6046 110.5088 336.3799
115.1352 54.7902 -499.1373
-48.9927 -30.2088 -28.9789
-53.4605 103.3813 371.4391
33.8001 166.9518 15.3013
-32.3143 -30.6092 -108.7071
116.6441 22.3886 300.5665
135.1193 18.5295 -460.3396
147.6938 34.3307 272.8355
-118.9342 86.0099 -242.5453
-35.0564 138.5888 -525.4597
110.4510 61.0747 -264.6965
-51.0823 12.3835 -587.4467
59.0045 150.2150 -34.8708
105.1268 66.5631 65.1117
-72.8284 -22.4893 20.8638
-23.7466 173.8361 214.7189
76.5008 34.0298 5.7830
72.7818 -27.3541 -58.7652
89.4702 -24.7861 101.0132
-78.2948 104.6784 292.8586
55.1696 13.1117 -281.2773
-29.0015 58.4282 276.7236
10.9652 -34.5015 -260.8467
-67.6295 19.9794 -338.1270
-98.2189 24.3166 -299.8812
33.4488 -33.5935 20.3245
68.4324 16.5307 29.0226
62.2626 -27.3592 -122.4963
7.1250 143.6245 -635.7354
95.3744 -8.9350 -46.1064
105.4920 0.0711 -25.6658
-122.2960 13.9018 -268.4645
19.3111 145.0641 -477.5806
-68.6276 108.9515 357.6712
-76.6296 20.7822 -598.8825
113.8459 -0.5871 -628.3884
-24.2261 -33.3571 -467.8541
-47.0590 14.4555 -593.3788
-140.6462 26.0154 213.0643
-28.7035 13.3391 49.5615
-127.2442 85.9953 -287.1130
-43.9425 -29.0249 -415.3626
-51.5901 89.4786 357.7361
-3.5905 21.9826 236.4767
-147.1586 42.9025 -327.6995
37.2234 131.7137 -538.1512
-28.5690 135.5966 335.6724
152.9746 36.2943 -576.5855
57.0993 21.3596 -315.4419
65.9964 19.6802 -329.9550
-72.5060 30.7982 -272.2374
-34.6398 71.2169 254.2675
106.4136 43.1699 -272.6495
-113.2339 50.6584 -308.2043
76.5243 -27.7861 84.0617
-47.0471 137.1501 -494.3810
-75.8503 -23.8930 63.7121
-144.6044 29.1455 166.6392
-22.8273 -30.8865 -522.5316
-12.1815 28.9296 97.4969
0.2519 22.6596 -242.0024
38.1699 11.4181 -106.6606
-71.8304 91.2901 345.9884
-68.5468 20.3242 5.4771
103.9471 -14.6408 248.3091
-64.7074 -25.7408 -326.3240
111.8580 81.9971 214.8856
86.0353 20.4015 -208.9720
1.4510 -33.3734 -315.2679
-46.7331 23.9034 289.6733
-111.9621 5.9523 -235.8089
0.8367 16.0385 -593.9120
144.5201 33.1242 -231.7628
-22.4117 79.0459 245.1054
-139.6597 42.6204 -476.2258
1.4882 -32.0881 115.3557
20.4359 17.8924 245.5207
109.1195 125.9146 258.6816
133.2698 27.1066 -46.1576
47.0278 -32.2719 172.3549
-123.4254 85.8028 -264.8585
-66.8426 41.9154 -41.6239
-87.4323 131.4236 -236.3591
15.6993 170.2441 232.4798
35.6049 -35.0942 161.5058
63.0217 29.0561 -3.9230
-94.3472 64.3296 -194.9371
-10.1689 11.0409 -146.5245
34.3035 23.2487 39.3874
137.5180 36.3584 -134.9691
-91.6571 135.1125 -374.6235
90.6406 15.4331 176.8124
-90.4890 -7.3451 -130.7116
49.1751 166.4153 93.7476
-14.0064 14.8493 -431.2599
52.9143 13.9379 -466.5487
-35.9938 -30.3291 -249.8926
44.2877 27.4601 -3.4005
-42.1437 20.5551 -358.4135
-92.9699 -15.0291 236.2294
-73.7877 48.5336 47.9014
117.7531 63.0759 -621.8466
81.2112 16.4754 -167.8446
139.1466 16.7394 154.3239
-67.3668 17.7230 304.7563
103.9140 86.7400 -153.1031
-118.5421 88.1445 -245.6303
84.0976 25.8089 -345.5536
83.9711 54.3130 -181.8740
59.4639 14.9599 146.6509
-28.9881 153.9288 -86.1293
-96.4143 2.8488 -93.4111
77.6062 16.7031 -326.7024
-89.9117 96.0874 331.3968
-81.9307 -24.2768 374.7069
-38.0638 133.4081 346.6115
108.2879 47.4969 -263.8495
-104.4550 32.4492 -204.7134
-11.4023 10.1880 -534.4927
106.5188 112.6539 -261.9510
119.7075 14.5791 -138.5107
24.0142 116.4143 -644.8740
-75.5406 -24.8820 -509.6251
-111.6007 9.6670 -453.6581
-89.5378 104.2237 287.3019
98.7414 35.5811 -275.3967
15.9999 26.1690 -105.8967
-6.3821 19.5405 276.7353
121.7738 83.1859 -473.3589
102.1694 56.7656 -69.1020
14.2327 -33.3306 -13.2198
-113.2050 38.4760 -96.6138
48.3764 28.5825 40.0797
-12.4531 88.8390 242.9412
-40.2645 13.8649 -631.0615
92.4315 153.0358 200.4153
-45.5413 126.9751 357.7735
-73.3837 139.9956 253.0463
76.8055 17.8710 64.9457
-101.6890 2.6899 -235.8881
-32.6762 157.0367 347.8495
-107.7367 72.7442 330.4390
110.0915 107.2926 -326.5807
-29.7801 130.9726 354.0524
33.5171 8.9145 -7.9751
-23.3720 9.4530 290.7363
151.7215 34.9301 -640.3273
104.9775 -7.0264 -300.5873
-134.9521 35.6388 65.1126
138.4193 28.9074 -87.5072
-60.0437 -28.5522 -462.9591
22.6513 9.8614 264.5372
41.6276 166.9213 115.0734
44.9352 169.9082 236.1308
-64.1168 26.7005 312.8460
-53.7538 137.8928 -464.3170
-6.3403 10.1897 182.5555
100.8839 58.1690 179.4527
30.9776 60.8921 329.9549
2.1692 30.1117 -44.2391
-106.1911 -0.1904 -645.0481
23.8797 -33.2778 -227.7070
90.0103 123.2935 -107.1538
19.7660 152.7865 -185.2947
-11.1087 21.6576 242.4984
-71.7206 -21.9597 -53.6788
-47.7969 -27.0555 -263.4088
-120.5642 67.8002 -252.3723
62.4921 24.5383 212.4619
144.2148 32.4012 55.1142
87.9833 34.5863 -256.5946
-23.0463 10.2429 347.2576
83.4651 77.0812 324.1858
-65.8297 150.9354 77.8136
86.0567 159.3246 222.6934
-127.4032 32.5310 -387.5088
-61.9889 137.7843 -272.0215
78.4235 -27.4207 -421.7071
-39.8706 143.7698 -185.8057
-34.1481 12.7629 -355.7178
-58.7352 134.3799 -192.9877
-107.8469 28.8630 231.6380
136.7628 13.8038 322.5042
-4.7137 -33.8258 -424.7018
-97.9401 85.7364 -100.8591
81.0941 35.5815 108.1266
15.4032 10.5495 -329.0076
-39.5268 134.5879 346.0520
-123.9211 105.9198 -483.7831
16.0481 167.5027 137.2090
149.7814 35.1663 -603.7590
-46.5277 144.5120 -143.4260
49.7910 162.8268 11.4292
-128.2130 96.5223 -447.0352
144.8418 36.7037 -172.9398
101.0993 24.0250 -205.5141
104.1244 114.3971 -38.6136
-118.8645 12.9499 -533.7909
27.9719 9.5461 192.7521
130.4428 21.3050 -198.2190
-112.3421 116.4277 -253.4656
57.3045 13.1705 196.1015
-90.7929 107.7650 278.0866
-98.2971 45.4669 323.4695
106.6396 58.2044 329.2136
-20.5400 156.9128 -68.1232
89.0349 122.1975 368.0514
104.1256 132.3394 349.4557
-30.3276 81.0714 263.5307
108.6441 93.8184 -112.2956
-37.4722 150.2933 -51.5424
107.9364 112.4262 -373.3057
-136.2159 38.8900 -627.7886
36.4050 165.0401 5.1683
-153.0384 42.9844 119.8994
88.7575 31.7675 -247.2563
48.4653 11.6192 158.1957
78.8081 128.9541 -149.5330
137.9257 26.6868 -5.2213
-25.1317 9.9530 -64.1841
9.4674 -33.9154 70.2187
87.7977 -24.6171 311.7232
-93.2791 104.2235 -46.6990
81.2951 125.2386 -207.0092
-130.1223 66.9539 -312.7536
80.5828 16.3748 -647.5312
-77.0075 47.9558 -187.4024
-49.2759 140.8541 -382.9167
79.7245 14.6379 -365.1234
-14.4886 29.7266 -175.7039
-41.3188 -30.8362 134.0179
20.7498 20.8215 -57.8419
82.4374 -25.6676 -273.3800
-82.8212 117.6637 -51.3509
97.2303 -10.2642 -48.6680
28.1761 54.9321 347.5317
-117.1298 35.9410 -324.9021
80.3880 -22.4939 -134.2914
96.5865 19.9248 8.2059
-135.3613 31.9075 -333.2609
96.7311 125.7782 -332.5452
-68.7568 41.7820 -4.8677
-69.9562 33.0134 -230.3641
-95.5724 23.8367 68.7650
123.9813 8.4247 -554.7844
9.6570 21.9224 22.9047
56.1407 35.7630 -149.8987
-119.4621 16.0403 -633.8474
-97.6625 -6.2310 348.7643
-40.4017 76.1209 327.5263
-123.9347 100.4980 -320.6469
-2.5268 -32.6727 79.6651
-90.3153 55.4193 -199.7384
-73.0331 159.7235 297.9374
-96.8849 -3.6344 -82.0105
-102.2248 5.5385 -2.2281
49.5813 19.2578 346.6870
-72.6591 104.9833 346.9008
-100.5612 98.2770 -188.2374
-72.6415 19.1217 74.4978
142.0644 29.9984 -152.4222
-96.5274 35.9859 -340.7505
72.1636 132.5142 -161.0563
-90.5469 43.8736 -242.7668
113.4805 92.3578 216.5015
-53.3937 15.9165 -387.6544
112.9477 80.3621 -261.5331
-86.9470 132.6039 -258.4785
31.3822 9.1265 208.8102
-83.2149 19.9626 -229.1752
90.3746 127.8343 -390.3217
-67.1613 16.7615 -501.7239
139.1505 22.3585 -348.0461
-45.2182 15.0606 -191.3918
-21.2843 -30.5787 15.2097
-10.9218 -31.5846 -145.7819
-21.4723 120.0832 372.0500
-79.4988 19.4298 -238.8065
40.5400 -31.5585 -399.2045
-51.2124 -30.5448 199.2551
120.4672 4.4371 -464.1877
106.1332 112.6818 -613.1604
-44.3068 24.7792 -282.5319
7.5136 152.8303 -125.1885
-38.7694 100.3658 371.5881
84.5217 152.8933 320.1372
1.4392 27.6889 -149.7377
-77.7852 110.4716 333.5948
-84.0961 137.6290 -398.8885
-55.0588 13.2548 344.2483
-5.8974 31.6727 69.6879
-66.5808 16.6321 6.6225
43.0592 12.9934 -225.2493
-13.7186 124.6626 369.7359
-130.5481 17.1267 243.8683
23.6628 26.2028 -66.8016
-73.8655 117.1348 345.8760
-57.7120 72.4908 341.3094
-130.1930 82.7132 -474.0725
-33.6849 160.6266 3.8521
62.1757 -27.7763 -44.5200
-81.9470 -21.9379 326.6309
51.2369 11.8738 -344.9916
29.0755 23.1589 -213.5359
-119.9905 9.1258 168.4108
15.4905 19.1186 305.4446
157.2998 31.9270 339.7227
8.7663 -33.3638 -613.5869
-60.6683 -27.9504 -518.6804
92.9158 -14.7211 -246.7857
-82.9121 -23.0023 106.7179
103.8548 129.9722 164.2956
2.6812 11.0598 293.7087
76.1372 18.9419 -87.8203
89.7606 122.5264 -154.4439
-47.9208 143.1908 316.3242
91.8889 63.3182 -204.3314
-70.1285 62.9670 253.1564
-2.3848 -31.3157 -623.1211
-79.0438 49.2050 -74.6542
89.9422 28.7569 -314.5999
71.5411 166.9686 209.6682
38.4361 161.6659 -11.2915
-63.7565 -27.2480 10.1837
-40.1210 -29.1420 -47.0120
157.3823 30.9506 126.4623
20.3414 20.3304 236.6279
74.0728 -28.5731 -91.6455
19.6311 21.2250 187.2012
56.3222 12.1267 -192.5261
116.2497 26.1842 -237.1155
-86.2810 122.3664 243.1310
3.6606 166.7935 0.0068
40.8971 166.0149 331.7553
54.0357 -30.9961 -10.6044
-57.2890 -29.4696 -581.6108
73.9677 37.9180 -111.5058
-112.3034 1.1153 354.3454
-43.8827 -29.3369 -339.0449
111.0503 23.9087 285.2123
69.7059 14.8163 306.3449
-144.3047 34.8028 86.4305
-17.3741 15.4178 -454.0680
80.5971 15.3227 -260.2099
-76.4907 18.2208 -14.4553
58.8694 -28.8324 -629.3043
95.8256 20.0435 -637.4109
62.8148 32.2622 36.5997
-3.5911 30.5792 91.0500
-84.1847 134.7586 -276.6437
22.5147 9.0567 -628.1008
-77.8877 57.0651 332.4997
-48.8499 22.5360 -319.9260
-133.7532 35.3517 -293.5297
-101.6855 -0.6363 -607.8302
114.8078 84.4497 161.8074
116.8163 27.0394 -152.2801
-60.0093 133.2330 -554.6915
76.5626 17.4911 -325.4048
83.6604 142.0436 40.5742
96.7498 -10.4931 -31.7829
109.7671 52.0998 -564.5927
93.7698 -18.1078 -454.4737
100.4758 -16.3816 -307.0649
31.1241 23.6051 -67.2561
-79.6692 -19.8002 0.7374
-77.5918 19.3165 40.6888
6.3851 8.1616 302.2280
133.8140 23.3913 26.1375
85.3969 14.2733 303.5982
6.3511 9.0710 -10.7047
-32.6300 -32.1280 -330.9935
-20.1850 -33.2256 329.6894
-64.2964 18.6944 -639.7999
-79.0164 -20.7468 43.4229
65.0900 -29.0706 -455.0196
-78.3738 -23.4832 368.0439
4.0593 -33.2000 61.6777
80.9233 39.9574 -79.4850
96.9304 33.8113 -313.4664
-2.6425 28.7154 -159.5909
-83.9057 86.5156 253.6883
103.9503 48.8978 -250.9968
-120.1757 10.0264 176.9613
-119.5086 44.5020 -550.2482
24.2760 119.1820 -610.3344
-119.2470 33.7932 -280.4527
54.7110 28.2054 -197.6281
98.5510 48.3186 193.2131
-13.2120 119.7341 -616.0001
-94.2831 52.7382 -218.1432
-12.9652 147.1390 266.3821
-62.6585 147.9527 253.4585
-22.8491 68.6780 242.6419
-6.2881 141.8803 -613.7267
88.1669 -17.9641 -211.1216
-62.8248 38.5477 -206.4568
114.9630 70.4095 -302.8207
129.6859 4.4643 212.9659
1.3592 166.0582 71.6559
25.1400 9.5777 -197.3326
9.3650 27.3566 -196.0792
84.7370 35.1845 221.3604
19.4617 23.3765 49.7544
-28.9606 10.4534 -291.5125
-85.9343 47.0589 -214.5475
63.6874 -31.1517 -325.5345
-118.3600 14.0474 -609.5467
143.5359 18.1523 326.4628
75.9332 13.8132 289.8818
-14.3980 167.9113 332.0740
-79.9697 -23.6048 313.9312
39.1408 31.5954 -150.4662
-85.2148 23.2498 39.0537
73.6797 129.4353 -460.0161
-19.1109 91.5798 254.8665
13.2785 145.2223 -476.8507
-48.0835 -27.8069 325.7598
150.6776 21.8215 319.9521
-20.6047 92.6554 254.9237
-74.8192 31.3108 -282.8261
-42.5430 -28.8722 -515.3520
-120.0234 21.5992 18.2432
105.2444 21.6018 -408.1201
-43.0418 116.6670 371.8964
-86.7527 135.9064 -629.0193
-27.3593 -29.4780 49.4685
16.6247 26.0107 -194.3807
-49.6060 33.4804 -204.4563
-38.5782 -30.8600 -495.8240
4.9423 145.9844 -457.1791
-138.3108 34.7733 173.0921
105.3795 24.1216 -499.6095
91.4456 47.3047 -18.7188
-16.3934 87.5403 242.5471
110.1193 112.6190 224.1291
95.3716 -23.6397 144.6719
76.0834 17.5038 -436.1785
32.5424 -32.4052 181.4563
22.0007 -33.2018 -293.4751
19.0196 135.9979 -551.3779
-110.7212 30.3292 -365.9493
45.5580 17.1711 -410.1855
59.6685 28.6602 -8.1962
-20.5576 161.8904 -25.0632
-29.4380 172.0046 330.1437
103.6514 21.9488 -278.4443
-18.9966 11.9561 -40.9131
53.1556 32.6171 -148.8055
-72.9365 137.7267 -405.0130
-94.7136 71.5980 59.0239
-93.8134 91.2917 -46.4841
30.5833 62.7630 323.8538
62.0347 29.7794 -40.4510
24.6513 144.5669 -431.3384
30.3681 -32.2481 311.2652
10.0548 -33.9242 -581.5299
14.3572 15.6061 -568.5315
34.9533 17.6946 -217.7679
14.1834 24.3600 -205.6949
68.1879 136.8571 -141.4487
25.8302 169.0316 232.4189
49.7744 17.6467 -394.7301
82.0073 161.4527 212.3043
133.1287 27.2563 -503.8893
-128.0708 17.1568 185.0282
-27.0483 106.8660 357.7189
153.9299 34.2023 132.6970
-28.1298 33.4501 -164.9280
-92.5089 50.9992 -206.4764
-57.3209 -28.5659 34.4372
-52.2377 157.7205 245.3009
36.0669 60.9519 305.5693
42.8518 54.6012 353.9745
3.6574 96.4840 309.2941
138.2034 25.8671 -52.5262
-30.0930 96.0509 357.7220
118.2321 70.0133 -375.8981
-29.9251 93.6195 356.8015
55.3729 -31.3092 -231.7239
-142.7179 39.5047 -255.2428
77.7612 24.7300 -303.2363
64.8270 -27.2445 -200.6258
53.7627 27.3011 -23.0827
-104.5158 30.0945 -152.3658
-46.4533 152.5141 264.4637
-104.9444 56.2051 288.7175
162.7635 38.9135 316.2826
-83.7235 -12.1443 -153.0546
28.7391 -32.2822 60.3637
-69.6863 69.4231 265.7408
-68.8466 15.6159 101.3083
108.3774 70.4316 -248.1620
-61.6747 135.8984 -209.0692
-27.2488 121.2253 357.7526
-81.6989 149.6560 230.9468
16.4040 121.3127 -639.4636
-82.2825 19.0702 302.1852
33.2296 166.8178 41.7427
-143.5874 26.7725 129.1968
-50.5184 153.4298 1.1716
154.6062 35.1883 154.5578
-37.7828 152.4288 265.5172
111.6949 25.8362 -166.2958
116.4607 60.2892 -625.8417
116.7160 98.8252 109.7435
-86.0681 140.7964 163.7048
110.4432 107.7684 -368.3817
124.2271 27.7107 -332.9736
36.7185 -33.7043 344.3863
-134.3339 72.0433 -489.5187
106.3256 33.2756 -507.6487
-27.7213 127.2948 -596.2152
-105.5862 76.3003 290.5440
-65.0651 165.0367 297.4141
-10.8815 26.9122 -218.2570
-0.4729 9.1381 -380.0386
116.7610 102.5942 -647.3417
134.4420 17.2487 -331.5581
71.4299 16.0258 -486.4365
95.6384 122.4099 -394.7358
-26.6892 28.8423 -206.3058
-16.8477 11.1265 -556.5363
106.0814 -6.0266 -543.5556
67.5349 147.1833 -32.3347
-109.0643 127.5609 -283.8557
-19.3226 157.8557 -49.4306
-79.6346 137.1453 69.5038
4.8700 92.4488 297.3629
-69.5755 136.9716 -14.7138
-115.6625 5.7145 185.4142
-53.7728 39.7595 -177.2030
133.3392 18.1218 -259.9146
19.7653 9.2276 -23.4155
107.1687 70.1217 268.5208
-76.9163 98.0574 345.8488
-57.2617 15.8508 217.6077
55.5946 34.9834 -181.5107
148.7279 21.2109 211.5664
-116.7341 30.4736 79.1513
51.8639 13.0581 341.5186
9.9930 22.0420 163.5539
21.4727 124.3525 -597.0209
149.9151 38.5667 -472.2056
-67.0129 25.9600 -485.1750
105.5887 20.6795 -583.1168
-69.5873 -27.4344 220.8386
-91.9578 74.8539 295.5396
106.0708 37.3454 -304.0665
-101.2868 36.6976 -537.3128
-49.6725 -27.8484 -88.0447
-36.8399 -31.6541 -65.8242
25.6842 12.3026 -570.7081
-70.1113 140.9627 10.7346
-23.7413 142.5312 280.1983
108.1843 59.9781 306.6554
-43.6646 12.7837 -543.5414
47.0682 21.3511 245.2213
-125.2166 27.6507 -49.6265
-45.6236 11.3250 -36.4774
86.2767 31.3236 243.4926
-51.6297 -30.1837 -295.1771
-87.4362 41.5469 239.2433
76.7259 16.9888 -269.8190
-94.7317 35.3716 -572.9395
-121.3730 31.5950 58.8958
152.0843 28.1047 326.8015
-31.8835 32.5017 -98.5925
-37.4940 -31.2682 -511.6624
-28.5999 -30.3362 -405.1633
-75.1647 86.1512 345.6434
-55.3195 14.3842 -560.5911
57.0095 168.9095 231.2405
113.8236 53.7811 -502.6365
4.0267 9.2267 -531.0427
-70.8201 156.1772 314.2739
-73.3419 52.3230 366.4585
38.1211 11.0447 -177.6715
-56.3145 93.3125 357.7274
63.7232 30.6840 -15.2323
-101.0477 104.7738 -191.4141
50.1394 -16.5490 367.2781
66.3289 -28.2605 -286.7706
19.6657 7.8870 -476.1252
108.4970 105.5366 10.5507
-32.2131 86.1007 294.3318
60.1366 32.8232 10.3210
-86.3065 64.2453 236.0691
-93.6528 22.7615 100.5364
-59.0988 15.0819 -100.0432
62.5671 171.6235 191.8531
55.6852 13.3577 -565.2872
-44.9364 126.3584 357.2170
28.9079 11.1021 -469.8107
-129.9759 24.4206 -640.6093
102.5207 82.5957 -157.3309
4.8553 -33.9360 3.8842
-44.6017 171.8170 209.1355
-19.3739 20.2189 272.3317
-49.2127 146.4268 288.7620
25.2544 -34.0461 288.0176
103.6219 58.9588 245.0472
35.0698 140.8627 -340.3290
-12.8077 138.4281 -543.6512
96.4710 69.0811 -172.5679
120.0313 27.9573 -192.8304
-70.3809 19.9431 -230.4622
115.9149 1.6579 -429.3488
-75.0472 -24.8982 -465.4733
40.6725 157.0698 -30.1366
-28.3815 -32.0692 236.3693
44.0468 25.6865 50.9294
-70.1199 144.7673 245.0405
32.3897 9.3927 -318.5014
123.5668 28.4656 -517.7139
51.8636 -31.5880 -428.5678
109.7734 25.1206 -135.3946
-108.9919 79.9992 346.0401
36.2801 51.5201 315.8251
117.7998 94.2270 -485.4077
-70.2267 -25.6223 -23.5190
-28.8586 74.3932 254.3240
-136.4120 37.1026 -222.5059
21.6856 -32.2731 -646.0657
42.8810 124.7128 -552.4186
-96.9980 89.8866 -105.9196
-107.0011 23.7157 -570.3574
-18.1817 -30.0964 224.4606
-22.6377 -32.0824 347.8419
-126.2737 32.5724 -481.5340
-109.4330 26.8247 -572.0493
87.6134 17.8103 -237.5381
106.2102 -13.2168 255.9230
84.1400 35.6057 -2.2265
-112.7934 10.3062 -389.2345
-148.4363 36.8425 -592.2422
-94.3231 93.3517 271.7586
-63.1200 23.7187 -385.3666
-113.0415 28.3319 86.1195
-132.5798 28.3380 -509.0791
-55.2772 14.0156 -550.7723
-76.8844 -23.3138 -374.2128
39.9946 11.9690 176.3012
58.8872 12.2619 -378.6698
-105.6903 0.1557 -567.1342
155.3754 29.6854 232.3482
-36.3053 152.2895 -60.7529
17.9302 133.8504 -554.3812
-104.7700 63.4339 -218.4762
98.1842 38.1230 -237.4483
20.4841 11.1472 -499.7938
104.6325 114.0339 -385.9242
44.9950 24.4454 -144.7448
-116.4814 33.8461 -298.7781
12.0039 14.6728 -385.2417
154.2667 36.4554 -262.3401
89.3572 53.7682 -148.5844
-66.9470 119.7161 357.7495
-23.3575 82.4615 254.0076
123.6851 27.2303 -497.4796
-52.7938 -27.2600 310.0960
7.1049 18.4883 -599.8548
79.5463 88.6947 276.9625
65.4607 13.4187 -100.1778
-124.0450 16.3719 -296.5389
27.8161 167.6880 49.7857
-120.2875 9.1526 155.2085
-23.8166 -32.2553 -407.8019
89.6334 57.4002 -148.0414
1.4535 145.4176 -401.2175
-151.1673 37.2366 147.3422
9.6029 -32.2615 -135.8543
69.1480 136.2391 -132.3952
-105.2470 33.8915 -143.0273
118.3971 21.5226 228.3968
24.3729 18.3692 -259.1332
-109.8276 27.1649 229.0557
-14.2665 168.2435 54.8248
-14.2519 -31.6464 323.6400
75.3803 16.9692 -22.1310
-81.7928 22.2995 -232.1718
116.9401 3.0264 -258.4758
-26.6142 -31.1773 -580.9230
-128.6743 84.0606 -344.9540
-83.2685 19.5704 -593.5904
-60.1332 -26.7273 2.9834
-120.0921 112.4920 -420.7079
123.3272 26.2330 53.6665
-80.9628 -17.0812 87.4424
78.9297 25.6748 -343.4490
-69.8637 -26.4533 -186.9432
2.5327 98.8187 251.9573
88.8105 131.6844 371.8017
112.7380 79.4755 336.6867
82.1764 164.6803 120.1307
-96.3868 60.8305 -195.5079
-99.4726 26.8776 -413.9558
-91.5813 -14.7911 -385.3066
-98.8683 111.3187 132.3189
23.3485 17.2688 -228.4993
-62.5861 14.8423 245.7897
-67.6003 18.7434 -532.3154
67.9978 35.8954 43.2736
89.4409 27.0426 -599.4254
0.0004 166.4144 278.9755
-98.0615 -7.6103 -421.1888
121.9728 11.1735 -513.7406
35.5831 127.0897 -552.9413
-96.3031 135.3370 321.4271
-101.3891 29.7776 -3.4033
71.9602 143.2542 -47.4812
-21.0889 9.0998 260.5415
-106.9643 1.7319 371.5846
68.2578 19.9058 -547.0799
2.3725 8.3286 -584.4352
85.3521 127.1814 -407.5091
-116.1236 35.5590 82.0667
-57.8768 156.9546 53.2238
121.5421 70.4677 -617.5991
-121.9423 19.3319 -464.8006
121.5054 4.9123 -335.2162
-129.5411 60.9652 -348.1684
-15.1270 139.9180 -539.0314
-91.7823 93.2202 240.9209
122.9096 79.6188 -488.0535
116.7041 51.7147 -328.1371
-91.1322 -7.3173 -73.2880
17.8519 8.5592 -104.9409
24.3333 16.6825 -617.5161
-87.3584 141.3979 363.1743
26.2601 169.6383 157.4848
106.1854 24.0783 -471.0500
-15.1405 11.3011 -368.3575
110.5135 97.5140 -242.1768
42.0785 11.7612 227.2552
-144.8777 37.1326 51.4267
-100.9588 -0.9892 -37.0468
114.1571 39.5463 -493.7294
-64.5981 16.4986 -533.0258
-80.8865 106.5229 324.9641
22.1244 137.7309 -528.9711
-105.1378 71.3830 -219.9009
-67.7351 -25.2890 -62.8369
121.5296 0.4928 327.5135
91.1324 19.0381 -189.0236
-30.8648 12.5828 -621.3966
9.5904 19.9769 -178.6539
-42.4472 -30.5385 -393.3681
93.6669 121.9167 -287.3478
-46.2484 138.2713 -473.4564
26.0338 -32.4331 130.6803
92.5059 150.8369 135.4861
40.9016 -30.5352 214.6553
-33.9108 164.5663 26.0043
-134.5235 68.7852 -360.8956
18.1813 -31.5197 -230.8022
-4.4935 21.7233 -635.5733
-134.4691 36.2267 -75.1804
77.1539 138.5770 371.3297
70.4587 171.1752 170.6855
94.4827 16.9069 216.5278
-109.7156 30.1227 373.1382
109.7715 25.4148 -481.8724
-101.1894 27.7562 -397.9731
74.4855 24.7920 -347.6693
133.8974 30.2058 121.3928
102.1556 -15.8286 108.0266
65.0179 129.0781 -493.7702
22.3711 23.4793 -35.1778
116.5032 24.9772 -550.7109
-65.8316 59.4231 251.9908
88.4033 19.2954 -369.2192
-96.9716 58.4966 -216.9626
-29.0008 30.8818 -205.7604
-26.2212 11.5662 -268.0452
25.9208 -31.7243 333.7626
131.3314 26.4790 150.9068
-0.0556 26.1623 75.7660
-103.5015 54.2982 -222.7402
50.9764 18.9202 373.8089
-131.4660 41.2158 -169.8657
22.4511 21.1219 75.5725
98.1670 41.5800 226.0567
94.4238 111.5682 -182.8726
-45.1011 131.4904 -603.3190
95.6747 -21.7469 314.9709
103.6433 132.1324 370.1545
-73.4501 65.2285 254.5196
100.0365 114.4017 26.7010
-16.8727 167.2932 102.0920
23.0747 -31.0974 -429.5919
-23.0041 142.1660 283.9452
53.1196 30.1209 -143.2599
78.5219 -26.3466 98.9350
-38.0479 134.2465 346.5714
-87.9066 142.5810 223.5055
74.8756 -29.9488 340.1610
-36.3135 11.2371 -270.2378
105.4772 95.3244 -43.4004
-79.2317 135.1012 -258.7189
33.5290 -30.5507 26.4883
92.7967 17.6584 -455.7592
-48.5689 34.9474 -25.2495
-8.9274 83.7245 361.5362
-15.3439 -31.9949 -344.6859
-56.5905 147.7919 -1.4427
-39.9891 151.7791 267.3351
-100.1910 57.9145 266.4838
18.8053 -32.5698 -585.7327
-20.6517 83.3265 251.2296
-86.4501 -10.7306 -15.0110
-24.7704 156.5158 -70.2277
-75.3831 46.2425 -73.8090
30.6507 142.4280 -416.5724
-90.2814 -6.7277 -42.4337
4.8274 -32.5986 -139.2184
101.1827 70.9685 -126.8718
41.5830 10.7685 -445.4725
-33.3503 155.0491 264.3115
-22.5549 126.5596 357.7367
-20.7674 9.5205 -434.7468
103.9336 -14.2126 226.0358
7.8420 16.7605 -281.0887
76.1572 -26.6567 208.4546
148.8542 20.2583 173.6119
45.4121 147.6260 -122.7339
24.8933 8.9583 -638.0354
137.6539 31.7058 -496.4037
-20.3807 8.9318 292.9468
6.5342 94.0690 270.2543
-100.5377 132.6946 -283.4025
83.8352 43.0703 -207.1931
75.5677 15.4335 99.3122
13.2156 24.5437 -8.2988
-11.9797 -31.5908 -367.9328
44.4579 12.8433 348.5779
123.2609 76.9190 -524.8609
6.1838 25.8820 -202.2718
93.3913 36.3516 250.4877
133.4933 22.4554 -169.8523
92.5585 -21.1599 -606.0068
38.4466 167.4739 122.7828
-103.9965 -0.7553 -505.5436
-114.5209 35.6843 -235.1978
122.0168 23.4573 168.7048
-67.2008 119.2717 357.7216
40.9364 25.5509 -131.9818
33.6387 -34.0535 183.5634
9.6470 17.8928 -278.4598
-79.7870 28.7754 -489.1011
102.4702 24.9551 -217.7718
41.3583 -32.1026 -182.5579
-90.4525 -18.8515 281.5898
113.3524 50.5628 -482.1363
42.2559 20.6120 -272.4769
84.0197 145.2432 6.4975
66.3357 13.0482 155.9920
96.4134 -10.1541 -16.7501
26.7030 28.7025 -182.2971
-75.7365 134.6543 -519.8965
80.7573 163.4816 201.3574
-65.8960 50.6068 277.0351
89.5907 27.6275 -634.5132
-91.7697 26.0196 -181.6992
-9.1396 11.3020 -464.7335
-63.2330 13.9993 -376.2012
74.9246 44.5453 -147.3124
128.2727 13.6723 -271.6196
-35.7564 13.4880 -409.4910
-81.3150 151.0172 240.6404
-27.9921 12.6268 338.9044
86.3715 15.7943 240.7746
-91.8423 24.6935 -605.2554
76.1387 142.8098 -38.9336
112.2225 76.1897 253.6389
8.5164 -30.9124 -506.3320
-28.1058 17.4047 -404.0637
43.4104 20.8377 -260.2343
-52.9229 -27.5107 -498.4639
95.0814 18.7062 -424.5233
-65.8597 165.0809 225.6548
153.5409 35.7960 122.9661
-41.6005 146.7109 -85.9863
119.1323 -0.5270 -394.8587
-63.7525 16.8043 97.6809
-43.6162 157.2970 -1.6874
-91.3915 38.6780 304.1357
-130.3039 23.9006 -347.3973
-47.5017 75.0707 340.5309
-79.4995 19.8431 -11.1524
-129.3275 32.4449 -149.8791
5.8794 151.9728 -212.1248
-27.9832 11.4909 264.9415
-89.0546 -13.2448 -504.0038
26.6906 9.3161 250.5398
-48.8301 140.0235 -308.7072
-84.1911 23.8012 -546.0095
-125.1793 30.3020 10.1651
-90.6724 70.2875 36.5916
-2.3794 -20.6605 361.8966
-8.3845 167.0724 330.8607
-139.1458 22.1276 163.1422
-68.6114 41.6581 -192.2242
-16.1394 129.4809 -579.8461
4.6034 165.3810 -11.1388
100.7497 43.0286 -234.5294
47.2055 144.1189 -184.7273
-57.1310 17.2145 -315.1864
126.7975 4.3803 186.4735
25.9918 143.3258 -360.6471
-14.8173 11.7198 -317.6314
-45.4994 142.8134 -122.1062
-1.4023 -34.0734 -568.1715
124.4559 85.1561 -531.6701
-118.7119 51.9200 -399.8409
-38.7796 14.5358 -6.0264
1.4848 146.5291 -273.4564
-45.8311 21.2243 -323.7214
-60.9578 138.8959 -446.5163
-103.3895 0.9421 -268.5858
-15.4644 150.3293 346.5051
-92.3145 115.9333 -174.0553
56.9796 -29.0495 127.2838
31.0698 12.3185 -458.5281
-84.0934 -15.6305 -123.3157
97.6335 21.6959 -249.5396
-73.6968 -22.1017 -15.7498
-76.1630 48.3952 -104.5446
-99.9829 -3.2272 -352.0054
-10.0239 163.8169 -24.2696
-65.7565 92.7202 358.1108
-93.3011 100.0610 247.1753
17.3599 17.2119 -227.1491
-130.7096 19.5453 272.8324
-130.5279 37.9610 -193.2870
20.7452 21.9696 -14.0954
-139.4221 36.7184 137.2219
30.0502 26.6794 -1.0856
-6.7662 137.0815 358.1736
103.0554 53.3636 -230.7030
155.5739 33.9178 254.3981
42.5202 134.4338 -504.1393
-115.2362 69.7867 -230.8090
112.5318 99.2189 324.2862
-128.4972 15.9298 356.3629
91.6910 18.5649 342.6432
-31.3965 13.0117 -246.1533
-17.9611 170.5601 17.4241
-31.2720 32.7919 -64.6012
-38.5512 -29.0774 -566.4147
19.0022 123.6599 -641.0626
19.8449 121.7554 -629.9451
-17.7651 31.1004 -650.0000
-44.9797 14.0974 -252.1141
115.8620 91.4830 168.5485
-123.0992 22.6035 32.1577
-108.5336 10.1662 -84.3876
102.7512 -17.6339 367.8670
112.2042 82.8933 -266.0150
-53.5278 -29.1915 268.3726
-70.2912 26.8469 -337.1253
-119.1801 33.7450 -375.7560
79.4171 136.2215 355.3212
-145.6425 31.3605 210.9609
139.8650 36.3380 -32.1612
98.5381 48.2568 -229.2573
113.2070 26.0997 -517.5722
-58.2748 146.2287 293.8963
-36.0829 13.2693 -622.1133
-75.5963 138.6544 242.0585
-15.6821 144.5138 -343.9907
73.3739 43.7007 -194.9479
10.4570 25.1846 -204.9529
120.2076 29.0385 -128.8936
-130.7301 16.5218 208.0401
78.6082 41.0601 -144.0219
-100.1336 24.4228 313.2690
91.5249 149.2500 354.1522
123.1188 16.6426 24.3926
25.1930 -33.6370 -529.1332
-25.4858 22.1059 -258.6440
73.9743 80.2640 306.5306
-145.8994 38.1788 329.3745
-39.2460 82.4503 346.3902
61.4304 -29.9675 178.0278
1.4761 10.4156 182.1919
-61.3044 165.0097 335.8378
116.1211 47.5653 -591.5682
102.8912 -1.7097 -201.8005
115.4077 22.8020 310.7326
-25.8433 170.6894 335.1055
-34.2781 148.5504 268.6443
66.1246 26.0755 153.5385
21.8514 11.4453 -605.3869
-103.0101 103.3973 -193.1296
-59.7342 14.8628 83.8706
-14.1107 88.6100 254.4020
-28.4987 -31.2135 -400.4531
-104.2629 -8.2072 126.2460
-82.4081 19.6603 -451.3653
-134.7729 27.1005 -562.4623
67.8265 133.5590 -253.4003
-30.6678 32.3963 -39.6008
-81.2833 -16.7223 13.3378
82.4512 25.6340 -304.6586
-66.2475 33.5538 145.9193
-86.2311 20.5720 -484.9607
-109.7728 125.3261 -264.5203
113.3923 100.7877 199.7278
66.3036 14.8438 154.5541
134.9538 11.1687 146.5373
-19.8867 85.2250 252.9683
22.8309 -34.5370 -210.7744
-20.7524 105.3917 366.8388
141.2688 15.5325 314.3213
55.9236 157.4221 -1.3305
44.0220 155.7667 -35.4142
-19.7827 27.3265 122.5009
11.1626 8.4722 -354.6995
94.0928 47.7366 6.1260
105.9547 109.2370 -264.7859
-91.7066 -8.9402 -185.8013
-103.0063 77.6594 -197.7065
42.3862 11.4419 340.7637
-55.4694 25.1560 -310.6914
-55.8391 -28.4583 -86.6389
41.9847 137.3180 -474.1297
-39.3230 50.4345 340.8947
-11.9884 11.8467 -631.9372
102.3472 51.4418 -241.1307
-42.4686 151.1129 267.4925
-29.8986 137.3452 329.3233
-134.3935 29.7411 -244.1316
-38.0140 174.0711 199.8720
-62.3705 138.1413 -244.6840
152.0514 30.6191 -405.1794
-0.7982 17.3745 -196.9176
-16.9941 12.5538 123.1483
81.3279 -27.2646 281.9877
-55.8896 159.7066 71.4145
-14.7149 -33.9432 -199.2224
-71.5481 31.4034 211.2972
98.2830 57.1879 -107.2909
-42.4269 75.2940 317.7062
122.4588 6.5867 -558.8655
51.5072 29.3588 1.4655
-149.9868 36.0641 223.3351
-41.6938 92.5387 357.6600
-38.0907 151.5145 266.1961
45.0794 9.9382 -630.2136
132.2081 31.4519 -380.7444
-68.2427 15.6107 -258.5381
142.7397 18.5394 360.2189
-149.3760 32.8261 167.3956
106.9185 -12.8174 324.5662
91.4760 148.8561 364.9172
-76.0650 -24.6334 -450.1441
-94.7888 75.8942 -57.6706
-81.5286 -23.4094 207.8218
100.6498 32.0707 -605.8357
33.6841 9.4909 -333.4689
116.3252 93.2845 -423.7123
82.5365 -22.2943 -134.7096
131.7277 23.0803 -131.2794
-110.9811 28.1709 -457.8445
-33.7451 154.7301 -48.7404
149.5138 18.6414 248.9087
54.8366 -30.7294 -294.1179
-46.5252 -30.6673 249.2261
60.0120 -28.7198 -272.1531
36.5643 122.8627 -564.0569
-118.8133 14.8561 -297.6789
-104.0465 52.8237 -225.5225
-41.2926 150.3022 -74.9080
92.9475 27.0193 -557.2231
-51.1459 33.7603 44.9091
78.0906 43.4876 -195.4598
-86.1497 34.8306 333.3098
73.1455 142.8186 -34.0202
-81.7355 -23.5385 174.4801
-109.7910 72.0479 353.1697
81.0102 41.2901 -206.7484
63.4680 -26.7911 -16.3142
118.2916 23.5611 198.1885
103.3693 111.6371 -225.7257
81.5918 122.9675 -476.1609
76.3672 126.0435 -480.4672
154.5430 34.1519 284.8346
-51.7008 30.3481 152.3046
-138.7620 35.8187 279.5588
33.1642 10.5887 -342.3891
-94.1057 65.1391 -189.9520
39.4860 12.5261 -365.7028
32.1816 157.0897 -42.1370
88.5536 26.0947 -590.3916
-37.7724 23.8721 299.6166
-67.9780 161.7798 121.4904
-65.6377 31.4342 215.9176
75.1491 130.8296 -330.1049
157.6353 35.0023 280.1065
144.3415 33.8514 -444.5769
-25.2600 22.6511 209.5531
111.7934 21.7377 176.9715
-91.3315 52.6577 160.7732
-115.8411 122.6626 -333.7228
-7.6453 -32.3733 -16.4037
-87.5748 35.0948 -303.2743
116.0714 83.0961 -245.4081
-97.1698 89.3261 -102.7842
118.0662 23.1961 349.5679
12.5546 18.9903 157.5752
157.5412 35.3476 363.8192
47.0127 165.8163 97.8546
-122.8628 38.7057 -168.1648
63.6890 -29.7061 68.2751
64.2794 147.5770 -38.2484
63.3549 14.4234 -126.8730
-137.1223 23.0382 123.7093
-35.1918 -30.1732 223.9731
15.5322 143.5059 -369.5914
-35.4543 27.0438 133.6740
-2.3804 20.5173 -259.7982
-100.5810 2.0343 -143.0992
92.7691 99.4121 251.8687
-30.0456 169.3527 105.4587
-121.7123 47.4766 -455.6869
-121.2249 96.8372 -276.2437
-5.4754 11.4882 -112.2418
117.0398 93.7997 -281.4675
-106.1530 76.0857 300.3306
56.6774 149.5271 -55.7512
-39.9026 141.6420 -454.7386
73.9061 12.4670 232.8033
107.0868 127.8237 113.0976
79.8093 157.3660 331.8617
-27.0008 166.9989 49.0777
-9.6705 8.8277 -277.9238
55.2863 13.6020 319.2428
68.6767 122.5331 -638.8695
10.6339 19.9963 23.5264
42.3072 26.6654 -195.1208
-34.0390 12.8978 -88.8989
-130.0082 20.1092 -382.0950
-90.6642 -9.1539 -597.0948
119.5922 4.8846 -604.1149
-32.1091 141.4003 -502.4542
-51.4658 -30.1849 -406.5400
-81.6097 -18.4785 -49.7372
136.6835 36.7197 -101.5544
-54.7218 128.6400 357.6046
82.7088 131.5293 -373.2025
78.8666 27.3741 -273.9977
57.9942 -28.9399 -644.3528
124.8489 11.1326 61.1058
-39.2924 13.2428 -124.7361
90.0327 60.8777 -190.4109
-44.4753 159.2943 16.9649
-111.3462 27.3253 -562.4287
-107.7863 109.7296 -218.9826
1.9079 11.1501 -606.8235
97.8211 -12.7041 -74.0149
109.7403 41.7063 -307.8093
36.3195 172.6403 180.3916
43.2212 -32.7012 211.9630
120.2622 9.3665 -119.1226
73.3400 -27.0354 152.6141
99.5059 42.6940 346.3825
84.3852 -25.8886 230.5498
-16.3046 -31.6752 78.3775
81.3606 24.4232 -471.9263
-39.0866 25.6117 168.3929
-80.6152 56.9962 234.2024
-98.5919 36.5864 -538.4065
-64.3413 51.3352 239.9282
-121.0838 36.7153 239.6035
-127.6927 96.3836 -610.3070
-126.0395 99.1795 -572.7770
-9.1260 9.6148 -531.4615
106.2280 131.6054 230.7007
93.1345 -18.2553 -527.3266
-83.6221 54.3061 -34.1968
102.4775 21.8861 -6.5506
-107.2021 3.5317 -578.2563
37.5155 168.4162 131.1959
39.1168 140.0900 -469.6844
-33.1208 130.4582 -560.0250
-88.3173 -8.2377 -91.7715
-20.2835 158.4633 -57.4162
50.2622 160.8965 2.1731
37.2304 11.5022 289.7729
13.8635 153.7785 -125.7318
64.6910 21.1490 -311.2324
79.7441 -27.2232 49.6869
-72.0331 -25.5490 -419.5140
5.8154 8.8769 281.0637
94.8869 34.1147 -356.7408
109.2809 70.7367 195.4267
-87.5197 63.1099 281.0112
-78.5884 -23.1561 -415.4359
1.8788 26.0583 17.9755
122.5867 11.3097 -128.3964
-51.7667 27.8624 -229.7785
-21.1919 170.8703 124.8546
-7.6130 16.7144 -343.2689
61.1078 13.0886 173.0289
7.7948 8.6746 362.0574
-74.1147 137.7720 323.5464
-105.4900 35.6870 -150.2581
-69.5928 135.9262 -263.4503
76.2181 46.7947 -163.5274
53.4249 -31.8067 -637.1489
95.6213 -15.9224 115.4145
27.3016 15.8797 -561.0464
60.0598 14.0108 -649.4095
61.3166 -30.4694 -190.2051
-44.7022 139.6143 335.1937
-116.8037 13.4688 -463.0104
9.5479 145.2209 -361.5645
-113.7191 123.2438 -623.7087
-104.6852 78.5313 186.5132
39.4120 140.6012 -326.7697
-82.9274 129.6244 301.1988
9.0065 -31.5633 86.3904
80.9259 92.7353 276.1886
-152.7794 34.8546 148.7514
-148.1512 38.7405 -602.2089
66.9231 29.9198 -207.1690
-35.3770 129.8393 -635.2682
56.2615 153.6805 -30.1770
31.3696 11.3936 106.2390
-84.9616 -20.7633 109.9930
-44.9528 26.7245 -229.0529
-79.8457 -25.1818 214.3708
-55.3785 155.3014 268.0237
-63.8261 134.8564 -133.1238
108.6569 82.8118 14.3053
100.8689 65.5610 48.0201
52.4818 18.0562 -387.2812
114.9318 -3.7237 -507.6851
106.6535 23.0297 -396.8594
104.7495 61.8358 -64.3749
66.6022 14.4480 218.4636
-73.3404 42.6058 -206.5197
-96.0224 48.3231 220.3677
-4.5183 146.4366 322.1497
15.7961 17.2781 -326.4835
104.1244 118.4961 -297.5569
-20.7368 -31.5458 369.9042
104.8343 21.2927 137.4976
23.7744 -31.0146 -506.3058
112.7773 36.3927 -379.4519
114.6880 88.3686 182.8773
99.6087 52.5078 225.7335
-59.5375 144.1714 -20.1797
-128.9697 53.6278 -525.6633
-48.1018 62.5086 253.9706
80.8996 126.3724 -169.7104
-136.4710 37.1407 245.1037
88.0258 51.7853 -206.2919
-59.9982 37.7756 -26.8403
117.1326 84.4239 -311.6119
71.1754 27.1109 267.7101
97.6709 33.0553 -335.5864
1.6704 153.8966 -108.9300
-129.4385 74.2312 -564.2462
-95.2637 -3.0334 -25.7648
-106.8345 62.0521 254.5287
49.4804 -30.9360 -390.2311
80.7920 47.9999 -195.4470
78.2456 46.0374 -154.9528
73.4599 17.0237 -547.8690
-144.2107 43.5366 -603.8157
-133.1528 66.2566 -621.8409
-50.8415 14.1587 -237.0028
-122.5329 13.1679 207.4452
-77.3937 22.1870 -609.4033
32.9999 164.7046 83.8434
-22.4244 120.6564 364.0865
89.9329 126.5583 362.6930
56.0337 140.9449 -149.5483
49.6158 130.0329 -513.9879
19.4968 -33.1003 -315.3737
8.8325 21.5555 -239.8285
126.4384 19.7323 -59.8521
30.9788 9.7420 176.3455
12.4367 19.1311 285.8737
6.1134 8.8170 -467.2457
-54.8060 167.1223 342.1094
72.1011 84.2593 373.7991
-2.7397 24.5408 107.6236
74.8542 -27.0155 242.7312
-80.7248 -16.3500 -48.8763
-63.0987 95.3008 357.9476
-52.8080 135.3587 -496.4639
22.8266 11.1933 -516.1931
-46.4106 21.5334 304.9283
-116.6868 38.5115 13.0892
-109.6161 -2.9946 123.4748
-88.4423 103.1236 242.4736
104.5743 19.6301 213.6079
-3.2195 89.7617 275.7952
-36.8748 11.5344 10.6995
-126.8790 29.1834 -54.4473
-21.2033 153.4099 254.7088
-65.8047 18.1802 59.1863
-81.7046 -11.4799 12.3195
-90.7591 77.4398 327.0677
-37.4928 11.3915 59.4074
13.9027 162.9981 291.8269
-128.9722 15.2521 137.1644
37.0722 10.3312 331.6984
-49.6881 22.4130 -323.8373
-100.9249 37.3506 -435.0002
-110.5370 112.1814 -230.0987
-32.0331 95.7559 346.7151
54.0875 27.7787 -79.1107
-116.9579 21.4659 -140.6765
-30.6483 12.7277 -646.8806
81.8878 127.0431 -445.3694
109.6265 43.4352 -562.4588
50.3979 -31.0086 313.4789
28.6191 -32.9360 -286.4890
100.9244 38.8830 328.2492
96.6414 17.7928 258.0569
-55.2619 149.8254 273.5314
87.8863 20.6058 -81.8466
-52.2783 15.9347 -247.7696
-135.6217 25.9731 172.4834
-49.5291 117.8107 372.1085
123.6718 16.1553 46.4397
93.4058 89.3875 245.0169
25.6806 19.7966 180.5819
63.0879 75.7778 346.1815
104.7718 -6.7584 -256.6442
92.9631 117.2769 -451.2579
21.7670 -34.7757 -37.8379
-46.9570 169.8307 117.1927
-65.9827 17.6729 226.9073
43.1109 30.1513 -194.2057
32.6474 -32.8367 367.0536
-17.4590 -33.1077 -217.9105
-18.3120 24.7091 -608.6080
46.1412 20.6415 242.1812
46.1736 126.5824 -544.5188
-27.8516 152.6858 265.1940
-19.8184 -18.0608 364.6230
-109.8408 3.5159 108.1588
76.5422 -25.5665 -60.3301
91.8789 119.4762 -473.4316
-98.8935 -9.5866 205.9647
-136.5688 73.7002 -386.4495
60.0423 14.9608 -574.8491
-77.5597 92.5334 283.0299
48.9184 27.0903 2.6923
-36.2223 14.5412 -15.6435
-63.6623 -24.6873 -222.5187
-65.7617 -24.5466 -577.9792
1.7649 21.1589 223.6050
15.6218 167.2819 243.4884
-114.5918 17.4536 -196.9993
-94.5406 -0.0675 20.3171
54.4097 -28.3493 -419.9073
-124.1065 15.4615 -554.3940
-31.9374 -29.4044 -287.1439
-38.8957 21.1351 -320.6158
99.4295 42.7484 298.6872
18.5397 22.0745 167.0735
103.6638 116.4313 -345.5437
-4.4325 25.9017 -41.1937
-110.5655 38.9890 -544.4650
-94.0918 -8.9237 -222.8979
89.0916 46.3001 -218.3952
26.4320 166.1023 289.5518
9.1568 -32.8066 249.1566
116.8859 10.5051 -130.7339
-143.1388 43.2597 -515.6839
20.2660 14.8151 -531.9515
-85.1680 100.8397 266.7432
-108.9564 33.0810 -239.5205
96.2026 20.7693 -136.0312
-92.6854 93.4396 239.1069
-56.2007 94.8277 358.1334
-88.0049 21.3430 -249.9053
-76.3672 135.1267 -585.4036
87.6055 53.1773 -191.8668
-44.0158 -29.1954 126.7939
78.8379 12.6590 189.3907
16.2344 13.2752 -381.1854
11.0370 11.0423 -505.2072
76.3695 34.0877 -97.0695
110.9935 59.8381 366.7245
-88.4616 -11.0255 -113.0652
-14.8276 25.3619 161.2825
-26.7617 26.1265 -229.1142
130.8654 32.0188 -56.5441
-90.4333 -9.0848 -28.7448
-29.1963 17.4097 -488.7325
-106.7047 -3.7775 351.2799
-92.0293 42.9254 -259.2012
-42.7778 138.6713 337.1728
95.7011 -18.1599 254.5048
77.3983 43.0120 -149.2751
-106.5720 121.8016 -250.5813
-20.4055 22.3517 -612.4164
106.5062 -6.3427 93.0929
114.8174 71.3808 -341.5001
-45.0959 130.6529 -611.1852
63.9986 135.2265 -193.5522
-70.3257 143.1218 264.2369
-42.5136 11.2997 294.5297
19.2240 9.3500 -609.5486
-79.9956 -20.0610 -646.6622
-40.4584 13.0079 94.9677
6.3762 -34.6956 -289.5258
-118.8405 38.0199 243.8878
110.5170 56.6750 -266.9588
112.0633 5.1515 -47.9029
-61.2434 43.0407 -131.4419
-98.1639 -5.7693 -382.0957
-96.5308 27.5360 -50.1592
49.1151 13.7440 -324.2128
34.6163 9.4742 -212.6548
67.2110 171.0178 173.6735
118.4620 26.2967 -525.7274
-55.5060 -29.1264 -126.8110
-55.1222 -27.9612 211.6988
-134.9940 23.8981 -405.4008
-75.9064 53.6926 283.9332
111.4467 104.6730 -568.9664
-29.1196 148.2188 -212.5575
-53.4903 117.4619 371.6287
-14.3421 -33.5607 -528.8810
-98.0809 127.8979 332.5544
82.8647 129.7974 -126.7822
19.1904 19.1227 163.3456
-110.7820 37.8287 -113.3995
97.2824 18.2284 114.0963
-92.9471 107.3250 235.4462
119.4151 3.7811 -312.1693
52.2689 172.0067 205.3951
19.3022 117.8837 -622.0090
-15.3194 22.6643 -252.0357
54.1006 158.3314 -13.0983
66.3251 15.5055 -362.9506
-25.1800 12.1095 -17.8447
50.0044 138.5320 -248.4030
92.4135 119.1463 -238.3854
-96.3421 85.3992 -113.3066
-156.4401 39.2535 132.9378
-36.1845 149.0974 -100.4889
90.8510 155.0645 169.6889
-83.2801 52.0819 -24.8984
-130.2572 28.6000 -270.3715
98.2421 -13.6777 -586.9796
78.9872 24.0897 -362.1082
-125.2822 19.4657 -383.8804
-141.3867 32.9826 -435.1853
70.4929 15.3365 -633.9846
-76.1325 135.2929 -451.3417
-145.1484 44.3032 -638.8195
139.8334 26.4682 -184.1891
-52.4850 15.1957 268.0864
16.8497 -34.6160 -33.8854
39.9758 11.6378 107.1217
11.7659 15.5945 -638.4040
26.5117 155.3220 -83.6439
0.4605 -33.4379 -54.3734
-27.4095 31.3633 -56.2019
52.7454 14.5857 -556.5892
158.2033 40.1449 -295.3703
-40.9567 114.9837 372.0699
-14.1188 -31.9063 -361.9045
-28.7195 26.0238 -224.0844
-17.1446 145.8782 -296.9732
-130.8399 33.4495 178.6039
-15.5196 -33.5918 247.0738
-96.0827 25.8658 -552.9347
94.7015 29.8995 -648.6442
-34.0110 58.2218 242.1337
17.0853 165.3558 101.4355
-80.8763 -20.6036 184.7295
35.1216 -30.1412 159.2354
102.2954 -9.8553 -414.1036
-27.4438 28.9704 -207.5197
-56.9652 14.8328 52.0423
94.8291 34.3613 -277.0529
-122.1521 6.5711 356.8223
-66.8478 15.7743 -293.2021
-128.6086 19.2831 -413.2667
50.3410 17.6283 -326.4211
-112.9398 46.7883 -409.8297
-105.0440 78.4340 -206.2498
-53.6561 36.2515 -54.0519
87.3440 -24.9198 242.0634
-128.9763 18.3237 186.2461
117.6365 90.5314 -444.9977
110.0667 -4.4536 -252.9975
59.7313 128.5759 -502.9891
-65.4816 150.8417 63.9565
144.0449 31.8396 163.6294
143.8515 20.8134 101.0057
62.6350 -31.0260 -51.9343
-35.2194 154.9397 265.3258
-43.9417 -31.1112 255.7949
-88.0049 134.3003 124.4251
-20.8600 112.7035 372.2036
-60.9495 146.5951 -1.0902
-97.8665 -9.1190 340.9634
-71.9875 19.8449 105.4657
23.4679 14.4543 -533.5601
-21.4703 136.5391 -552.3283
112.3332 -1.7343 -385.0694
57.4974 11.6381 318.9127
-44.2684 62.9438 254.5284
-57.7408 138.8881 328.5749
75.4580 -30.7382 125.1341
164.8947 39.5456 149.2241
-16.6578 141.9506 288.9324
125.5200 30.6937 -596.5367
-59.2056 15.3277 232.5106
-64.8876 140.3096 293.2639
28.6025 -31.1618 157.9595
1.0057 25.9758 74.3762
-109.3849 28.7799 -351.6341
131.9450 5.6613 289.0144
-17.4503 112.4759 373.8101
-98.3219 114.7905 147.6338
-64.7196 18.7650 -64.8423
-47.7331 21.7547 -340.7109
103.0890 89.9303 -132.3480
0.7531 -34.4475 285.8877
-38.2711 151.0410 275.9616
61.1125 -28.2504 -429.4016
111.4632 -7.1540 221.1963
-40.8575 74.2699 316.1782
86.9520 121.0846 -559.0785
-115.2216 28.1678 -59.8765
-94.0828 132.4333 -556.9326
-21.3684 -31.7068 -605.0936
92.6391 -20.0196 -296.6554
-106.9533 127.0588 -390.3001
-116.2578 99.1545 -231.2311
4.8561 154.2169 -105.5295
104.6377 23.9307 -399.6214
-24.6069 155.6679 280.4220
-127.0762 36.0617 -164.9554
-103.8884 91.5774 242.9231
-12.9274 9.0520 -312.9141
-122.3958 17.9790 -639.5967
156.0679 26.1820 204.5342
82.3915 55.2375 -182.5613
-68.6992 -25.5157 251.9455
52.3479 17.7941 -490.2684
-68.2372 49.8476 263.3937
43.1267 131.6611 -531.6937
74.8085 73.5140 355.2263
135.3472 34.0186 -67.1854
95.3057 -12.3969 -31.5058
116.0026 25.9280 -292.9431
84.1263 16.0955 -521.9184
-84.7063 95.1601 263.5629
85.3515 129.4088 -288.3391
-47.2852 170.3967 320.0340
-110.8664 29.1450 -359.5401
-95.9067 100.4954 -120.0148
50.2023 137.1311 -260.6945
51.3425 -29.0186 -315.5886
-26.9235 135.3166 -551.0862
78.5699 -25.8141 -466.9333
108.7777 20.4029 155.3054
-96.2139 22.1235 -360.6339
55.3259 21.4866 -326.6766
-74.7879 -23.9480 202.0727
-58.8997 -25.8521 -360.9897
116.3094 25.1870 -545.7112
30.5972 14.7159 -294.9875
-100.7096 47.9598 312.3728
115.5046 90.9635 -240.7883
29.6366 24.9668 -61.4388
30.4711 56.4966 349.7630
81.0915 156.2904 330.5244
-59.2939 -27.9631 350.1720
-41.2458 -32.3374 332.6721
-118.9813 23.2503 -35.5447
111.4329 5.2394 -107.8871
-103.5967 123.4608 247.6666
108.5999 -0.3274 -163.4748
-27.8850 85.7204 266.2155
78.1150 28.4199 326.2319
-68.6287 42.1001 58.8037
-80.2186 133.5057 334.9210
13.1402 11.0017 234.1613
-49.0696 15.4568 177.9125
-73.3723 21.5056 13.4005
92.9129 90.9088 298.6695
-108.1018 95.3913 -212.5000
-131.3057 34.8156 287.9671
62.6543 173.1248 174.3178
53.0847 143.5221 -166.9237
-34.6564 18.7924 -475.9146
-23.2721 11.5927 276.7966
-123.5942 12.1069 272.1128
-45.9513 -30.0602 230.5305
75.5644 34.0579 -92.3331
-100.9821 64.2124 192.6642
-91.3969 -18.8971 243.7026
78.1718 129.9121 -429.5748
77.3821 17.5057 -387.5436
70.7884 32.8596 33.4798
86.2493 -22.3046 81.3417
-60.2051 -28.1489 -321.0885
-110.4674 27.9824 82.9261
70.0795 14.0444 -306.4493
-74.0883 19.3823 75.4484
-75.6016 30.4587 319.6309
58.8520 25.5858 159.2819
-97.2646 -2.4875 -140.6614
-7.6473 32.7331 -54.2968
85.6487 163.4733 139.7975
-107.0670 107.7453 -214.3520
37.1029 -32.5273 -213.9048
14.1292 9.7741 344.1455
67.4883 -26.8776 -347.7954
-106.6118 3.1263 -462.6541
-26.3362 11.8891 -230.6293
88.3369 19.1159 -457.7089
138.2222 37.7275 -146.6957
99.8954 85.0343 -175.9191
-98.8629 133.4680 -286.0074
57.4853 -30.5250 -83.2285
-55.8536 117.6848 371.2899
37.3607 149.7229 -133.0041
39.8531 10.2926 -149.4756
-138.1384 31.0046 -369.9415
61.5652 -28.6441 331.2827
-83.6324 135.6454 -296.8596
109.3693 82.0477 -52.4649
-122.0720 19.3247 -629.6796
62.7664 -27.6567 -429.8135
-106.7342 29.7147 -615.4543
-126.5931 79.8807 -311.5859
-40.2690 -31.4993 -106.4157
-37.0953 74.6889 265.9100
-90.5968 91.4659 293.5429
-150.9015 43.2366 -252.0086
40.7848 164.4708 7.1345
-100.9043 88.3415 -170.8987
68.6033 171.2553 168.6595
-74.4319 115.3657 343.3139
-52.6748 -27.3877 47.1371
-14.9228 8.4810 -221.9233
-15.9915 33.5125 23.3128
-75.8221 -24.1096 -529.5139
90.5972 26.0795 -471.1042
-37.1664 99.8316 358.1557
-63.7579 23.1753 -473.4173
52.9943 -31.9295 235.6075
-4.2213 13.4105 -453.0010
-84.1539 18.0431 264.4238
9.6297 165.6124 69.9091
-5.4539 10.0274 45.2973
-74.1917 -23.9100 -108.1446
-132.5849 87.4439 -411.5179
-27.2836 130.0824 -575.2795
109.6713 70.7058 371.9913
-94.0551 -4.2313 41.9396
-118.1927 28.5961 347.5656
-106.5824 70.8193 -216.4185
15.9270 17.5602 -222.0063
45.0750 -30.9973 92.0330
102.7483 114.7291 -40.7939
7.2842 8.9930 -1.2604
97.2291 139.6195 122.4483
-10.9815 9.2076 249.7191
43.2603 131.4488 -529.0292
-135.6893 32.6363 240.5997
-111.7455 30.0856 217.1452
-50.2167 -29.6919 -290.7455
-32.8983 -29.6066 -198.8278
-125.0720 19.0892 -336.6694
-47.6331 15.2758 -284.2571
-91.0320 24.5937 -425.0622
-91.8993 21.8549 195.0723
-145.3513 38.0169 -467.2720
143.3851 30.0710 92.6011
34.5499 11.8980 -87.4095
89.4595 -23.5712 94.9380
-87.1189 137.5356 -307.4293
-112.6814 121.6486 -344.0237
120.3573 26.9034 -222.9244
-62.9036 164.8580 313.5205
153.7887 27.1928 314.2184
-37.9630 35.9902 -181.3005
-120.4146 15.5423 -501.5587
-55.8129 15.5947 87.1047
-83.5731 -13.0740 45.3269
-24.5144 164.8289 3.9242
7.2534 170.4628 171.1429
15.2165 144.7447 -384.5469
93.4613 66.7060 -161.1188
-75.2193 18.8603 -153.9574
-54.5329 15.5918 -193.8074
53.3013 135.0490 -463.1166
-36.1758 17.9370 -508.4622
7.3817 149.3143 -238.4455
132.3646 31.3645 -347.2494
152.3900 32.2586 -241.2756
69.5037 24.7582 -259.2129
144.5033 23.8617 138.4008
-23.8397 151.1883 -209.2458
23.0818 118.9909 -614.3866
-136.4809 34.2180 244.1150
14.4566 10.6808 183.4051
-51.6629 14.8865 291.9807
88.4429 28.6505 -347.6802
72.0086 -28.0214 -107.5198
104.9600 58.2047 174.3261
93.5076 122.3043 345.4871
30.0792 15.7361 367.0659
-28.4405 155.2947 370.7241
-76.8865 52.7873 -145.0459
41.7959 31.2683 -149.1426
73.3924 15.4232 267.2287
-55.4118 -27.0864 -541.0020
-14.1225 10.0280 -646.8010
23.9379 12.7640 -441.8546
-106.0242 30.8015 -148.7327
-94.8824 22.1586 -540.5545
103.5344 19.3235 238.7459
110.8448 120.8437 128.4281
-4.1103 11.5765 331.5753
53.6744 13.7213 -198.2543
-113.7681 10.1527 -515.2692
134.0132 16.4190 282.1558
133.2514 27.7989 305.3702
21.9116 19.5640 121.3635
43.6401 17.4542 -437.0076
56.9702 -28.7913 -359.1335
54.6223 161.9138 21.2070
55.6339 12.3230 -167.1397
20.1535 11.3738 -559.3047
-137.3672 27.3617 -284.4283
53.8327 136.9453 -429.7550
59.5278 10.9650 198.9739
11.7700 8.4110 -391.6978
-2.1459 28.5805 -134.8390
105.9373 -11.3499 191.7627
62.7698 -29.1961 288.1306
-61.1680 84.7719 357.5457
-92.7788 122.2706 -208.4415
-76.7980 -21.3398 -505.1333
129.6414 20.0261 -186.3881
-105.0239 65.3869 181.0466
105.9195 127.3601 213.1604
112.7745 66.2884 120.5691
-18.4002 73.6017 255.4799
-48.7697 93.3825 370.4577
22.9464 14.2952 -411.4827
-30.9872 130.5396 351.2123
2.4371 16.4653 -276.2882
-28.9086 -31.7965 230.5088
-106.3565 87.3149 339.0195
-129.8793 40.8258 -213.2609
48.1483 12.6363 -400.3851
-27.0482 171.0139 117.7301
-8.0345 133.5071 367.4650
-102.3925 37.6646 -494.4118
-118.3196 115.7007 -597.4464
85.3043 -21.6301 -54.4747
-143.2390 35.0916 -420.5328
19.4318 168.3209 232.1384
-76.9453 140.0845 92.4181
-11.1543 32.2032 -53.9789
-59.8860 56.7193 242.6983
-33.1601 158.0404 -11.7399
-3.6039 11.2853 338.0037
-117.4699 34.0106 -135.1283
-105.7916 28.5329 -449.6401
9.2812 168.2988 9.0169
122.7031 1.1675 249.0590
-110.1494 42.0857 -500.9640
80.3910 129.4490 -127.7103
-130.8047 56.4831 -563.1897
-124.4600 19.9209 -622.9607
46.5962 23.3998 -181.4739
-50.6871 -30.0700 216.3602
119.3190 25.9085 231.8930
47.7418 10.6853 -137.6987
-20.2765 9.4738 -341.8502
-6.4816 141.9730 -505.2148
-81.9537 149.7435 165.2899
-33.2052 -31.1225 284.2634
29.0701 -34.4981 35.4571
51.1186 162.4304 14.4834
2.3119 15.2310 -269.5299
-42.4406 14.5018 310.0709
39.2152 160.8724 -22.8106
37.3633 24.8859 -29.3837
-127.4390 72.3556 -305.7163
10.6044 9.4657 -223.9797
-128.7680 31.1787 210.7083
105.0661 32.8708 -437.0612
71.8107 13.9625 219.1605
-48.9276 -29.7543 -379.2842
-56.5566 15.7527 -433.7208
-64.7924 137.3855 -284.3067
93.4875 29.9857 -587.1208
81.3424 17.6950 -395.2910
19.3945 -32.8701 -110.3668
-11.8388 14.4448 -409.2371
16.1102 130.0807 -620.8906
-34.4065 130.0360 -598.2060
-17.5782 113.3520 373.8985
94.0760 108.5989 373.5167
-57.8005 33.3004 72.0847
-53.0411 99.6777 372.1246
85.9875 -20.3583 -617.0814
72.6742 21.1211 -643.0745
-95.0096 21.9770 350.7756
72.9503 31.3680 -212.4014
-92.5106 -3.6255 -128.9536
142.5934 24.0718 -355.5443
-36.1098 11.0955 109.1078
134.5900 15.8102 -544.3162
-94.6171 101.5594 278.6933
55.6429 22.8917 -244.9681
136.3415 17.0210 -360.5698
-81.9498 143.3658 156.0647
-58.1127 85.5286 357.8441
66.7437 30.4965 36.0705
74.8245 29.6831 210.0331
155.4250 33.4512 156.0260
-37.8852 11.5572 -74.9894
65.7051 -30.1909 -255.2268
83.2826 16.4346 -81.7403
-108.8769 34.6869 -171.0598
74.5981 15.9138 -519.2572
-93.3344 38.6893 -369.6000
154.4789 26.3224 283.7954
-31.7088 120.8377 358.0688
-73.4628 34.0528 194.7370
10.6516 8.9746 -577.0836
-81.6721 22.6841 -594.2258
-65.5744 146.7147 23.8582
-66.4378 119.7826 358.2877
73.1784 36.2563 -121.2117
-106.8425 62.4713 308.4537
-78.7838 -21.6537 -242.6711
-131.8898 39.0793 -36.3596
116.3323 -3.7448 159.6896
-94.0028 34.1258 -615.3128
37.6749 30.4543 -156.3245
-9.5323 10.6482 -179.6517
92.8892 18.4800 -219.8026
-48.1946 77.3227 346.6754
77.3233 123.1020 -520.4341
-80.4959 123.1833 14.9451
71.4950 43.5397 -180.6274
-66.9669 -22.5460 -162.2177
-110.4787 49.3214 -308.5955
-94.1357 -7.0591 17.0493
73.0011 166.8653 194.7874
122.0330 6.5780 -523.0234
68.9587 -29.4933 -448.5904
-107.3245 92.7309 244.7598
-107.4812 36.4929 21.6190
-34.3342 133.7280 346.1750
89.3648 156.0628 264.6522
68.2338 15.7197 -37.5875
-100.5489 26.7100 -508.1581
138.3377 30.6310 175.5461
-8.1551 164.0176 -23.4097
46.3485 11.8414 1.9742
44.5849 10.2918 -377.9040
-51.4181 152.0030 2.1552
-132.1649 59.0574 -618.0483
-101.2857 26.9979 -179.8428
-62.2506 117.0846 357.1593
43.8002 25.2132 -206.7477
-132.3317 34.2548 -533.4803
-21.3295 11.7061 230.7077
-54.9128 156.6348 297.4988
-46.0019 136.9027 -491.6113
41.5253 122.1036 -566.6978
91.2705 -13.9156 -56.9751
-72.3761 110.9601 345.9392
126.5161 18.3093 -67.3582
-90.0551 56.2004 -196.1081
-42.2020 138.5407 340.2663
16.7361 8.9195 11.1212
7.1907 -33.8704 4.7766
-124.7497 28.3065 -25.4286
137.0706 31.8142 -251.6718
111.0554 34.5868 -524.2621
65.9162 -27.0861 -552.1100
-77.6121 45.3840 -49.7256
26.3152 20.3496 105.1927
66.4475 164.2731 346.0499
-34.6513 10.7452 -257.8844
66.2648 -29.6859 207.1268
133.2160 11.9554 316.2876
25.6463 164.1610 -1.7429
-1.0623 11.1714 -352.2626
-42.8474 115.9905 371.8226
-93.0507 114.1910 -109.6292
-23.7601 144.3214 280.1284
137.1112 30.7653 69.3165
9.9433 17.7202 347.3427
48.2014 11.9221 356.7843
61.2462 76.4944 349.0137
-86.4765 31.4044 -517.0011
-96.7053 88.4652 -72.8798
93.7070 111.7516 -165.6119
-102.7446 29.0224 -584.0833
-9.6737 12.6057 143.7165
47.8476 19.5251 -236.9064
114.9872 24.5651 -394.2249
13.4428 21.9433 -172.9084
50.1615 27.6872 -92.2778
-30.0597 152.5508 -116.3555
-103.6364 78.8806 -206.9344
142.6389 26.2602 -403.0264
-13.7660 143.1009 284.6508
110.3968 20.9806 223.7945
4.4806 165.4776 116.5730
-75.9910 18.5226 -649.3506
20.0482 11.7214 -455.0847
78.8001 87.0797 277.1531
94.9636 96.3971 242.4628
40.3226 19.9039 304.9852
-44.2687 13.4045 -624.6932
-43.1104 13.7214 -456.2496
-84.7708 140.4438 152.2198
12.3277 162.5706 -23.3534
-13.4524 19.2368 345.5000
-69.5154 136.3791 289.6663
134.9284 9.8042 333.2363
-113.9896 44.7347 -396.8649
100.8400 21.3039 330.6316
-93.4039 25.6708 -649.5543
-109.2821 99.3624 334.2980
90.8380 16.8764 191.3266
47.8880 135.8236 -492.5040
68.5847 -30.1978 107.6531
16.2341 9.4197 -402.3199
-76.3745 -18.4572 -118.6083
140.7669 32.4028 -222.9377
-116.8612 5.6720 185.7230
13.4630 24.1158 43.6185
24.0604 9.6091 -396.7143
82.3060 77.1091 336.7014
4.1770 98.7946 297.6354
-119.3209 34.4834 -270.4030
21.1027 143.7847 -308.5416
90.2734 152.3995 117.1821
-133.1187 72.3274 -428.0330
-49.4406 12.6409 375.0000
65.4416 13.6509 -431.6888
-55.0475 133.8813 -620.3368
3.3976 7.9552 93.4095
-136.7597 29.5862 -591.7830
-35.8913 157.5933 338.1909
103.7029 133.3200 256.4197
141.5180 32.7504 -501.3994
86.8754 37.2465 233.6033
107.9686 84.2195 35.5322
114.9811 26.5151 -277.7482
82.3590 -28.5605 322.6496
64.3277 -30.2871 -549.9079
-55.7487 16.3185 365.2562
-68.6527 -24.7544 -409.1060
-72.2045 44.1523 -28.7663
-91.1919 71.5287 -21.0146
6.5427 29.1024 96.0048
1.5177 168.8451 44.4355
42.9063 -31.0950 -328.1033
57.1359 135.9104 -431.4257
120.0970 28.8504 -565.3626
-15.9501 -31.8669 284.6417
113.5504 77.1121 236.2644
12.8143 17.9878 -129.0259
-113.2124 12.9140 -140.1052
43.4706 121.9389 -605.8146
7.0753 10.7329 17.9278
44.8084 9.8696 -624.6752
38.9752 -30.9715 338.0785
132.3089 20.5354 -28.4836
-66.8278 15.8201 -607.3524
-70.2438 65.2421 253.9292
27.3203 10.9321 104.9799
61.4436 36.8427 -175.1763
-78.3780 101.2959 276.0428
-51.6461 -30.6219 179.8677
-65.8047 34.7651 134.3632
53.4140 13.5643 169.6935
-62.0015 -28.7123 175.8020
57.1642 13.9093 -253.8793
-138.6980 36.3971 200.1330
-25.0053 9.9688 293.7789
-67.2692 16.1096 36.8961
-42.1145 19.0739 -393.4213
-31.2177 74.7716 254.5404
87.1061 41.5622 -217.9471
-73.1023 -24.4337 -375.4774
60.7145 28.7927 -89.9809
-71.7335 50.3789 361.5224
-34.6971 59.0326 242.4968
-62.6294 15.3755 -529.5843
124.3223 25.2778 250.7115
-43.4442 13.6562 -352.8381
-44.1350 96.8927 371.5080
-120.1788 31.2392 203.6760
-141.2474 29.5773 216.7873
-73.0888 17.3839 -355.6705
64.8648 -27.3462 -412.6299
18.0065 17.5174 -269.9848
-127.4677 52.7253 -606.8331
-74.8301 148.1093 289.5608
50.1733 150.5760 -61.4744
26.0508 19.1773 232.5797
-80.7423 -20.4135 82.6272
-25.1385 93.2806 342.6696
91.1189 155.6472 169.6311
-101.4283 28.0974 -31.2834
72.8162 -31.3424 304.5234
-12.7741 15.7646 -389.7303
48.0503 128.8304 -512.4788
109.0484 72.7004 -244.4495
67.5915 -29.4632 271.6540
-10.9361 20.1438 351.8730
107.0309 -13.4989 297.7602
-86.8884 118.4020 333.1249
83.6506 20.0191 -27.9041
11.1102 8.9607 -627.3878
-56.4030 124.1880 357.6660
-10.4256 11.4313 -416.5529
123.7045 27.0022 -468.2326
4.7203 166.9255 1.5239
86.9958 -24.9869 -235.3749
103.7095 79.6777 -140.9103
25.2860 -34.3151 226.1882
119.1669 29.5695 7.8452
10.2109 15.8213 -226.5444
-55.6111 -27.1680 -378.6838
-94.9204 122.3682 149.0659
7.3955 18.5710 282.9397
27.9033 166.6667 64.3956
74.7818 13.3106 106.0781
64.3515 33.1791 -196.2578
77.0697 41.0279 -195.0960
-32.4568 -31.8479 143.1245
78.3933 16.3336 -578.5366
74.3646 32.0186 -213.3456
-44.8346 157.7662 336.2224
-134.9109 22.6997 351.1768
0.9695 98.9843 254.9038
-97.8183 1.3725 -87.8311
-4.4891 -33.7999 -536.4467
28.5392 25.4305 19.5469
21.5545 21.7768 -61.6684
-8.4049 138.1319 -628.3710
111.7854 22.5412 252.5694
13.6716 144.3372 -374.6695
109.1025 98.8916 23.2539
137.3978 9.8573 150.5436
84.0776 35.5980 51.6176
-63.2268 17.1408 289.0712
-91.0480 136.7029 -357.5955
-136.6714 26.9887 -325.8926
40.7968 12.0311 -19.5816
89.0637 -15.1154 -203.7768
-123.6511 18.4944 -430.7142
99.0379 29.5840 -437.2124
-78.5298 53.9412 17.3242
18.4553 163.7038 -19.5163
-3.3100 8.7859 120.6555
23.3331 9.1154 -515.5099
23.3037 20.7011 218.0216
106.5919 21.7966 -222.9219
-25.9838 156.8154 -59.7196
-147.8394 36.8278 -588.9891
73.1827 124.3106 -508.2768
80.7753 122.2588 -575.4997
-76.9261 31.9986 -316.6537
53.2463 10.8940 -220.2151
-59.5428 13.6899 -454.3065
-106.1451 2.2994 -497.0668
48.0153 138.2798 -422.0566
-115.1214 67.3435 -231.7861
-57.9123 132.0818 346.0830
-116.7022 17.9548 -202.4126
82.0786 121.0956 -512.9543
-5.7505 8.8028 -352.6639
-71.5111 83.2310 337.0858
160.2219 35.3960 330.4242
96.3857 -10.4400 -52.9957
97.8166 115.2030 -631.2180
40.3408 11.1762 -420.2728
-22.5333 150.6208 265.4481
-119.1732 57.8844 -267.9890
64.4108 15.2630 -478.1345
-8.5555 19.0007 321.2267
-88.1653 55.4399 -182.0889
108.5317 78.4201 -25.6812
-134.7687 21.6216 232.1327
17.2034 19.1320 -248.2614
43.0861 11.7523 233.9307
-6.1612 11.0379 -467.8320
20.6551 144.3503 -256.1414
105.1148 91.3536 -156.0413
-102.8673 -4.0554 -324.2518
25.6083 -33.3488 -566.2874
-73.4599 28.1172 316.3245
-57.9850 142.5453 319.8873
-127.2329 30.8399 263.1648
4.9181 17.5708 -214.6725
-51.6108 98.5864 371.8257
113.1507 88.5348 -254.7858
39.4979 140.5387 -441.0836
16.3130 144.7223 -426.1180
-50.6566 128.8129 357.6977
125.7524 80.3660 -632.7686
-86.7148 45.3203 128.8067
96.9247 48.7968 90.5347
81.3521 126.7107 -437.4999
42.6545 -30.0169 -78.1184
-13.7556 170.0082 310.2891
-40.2821 -29.2812 -283.9955
155.7993 36.0670 -463.9990
3.1136 8.8853 -570.9130
-88.7694 49.8101 -214.6694
-30.7932 -33.1823 -229.6797
-0.3875 17.1068 350.0918
4.2342 7.8876 -28.2065
71.5302 15.6859 -295.7001
26.3200 170.2235 212.2489
143.4242 31.9692 182.0365
107.6847 37.2506 -593.8656
85.6717 16.1364 -614.3754
-78.2014 127.5568 279.8369
-59.7345 34.1161 71.6575
-62.6563 132.2566 344.0895
24.8921 12.3474 -65.9591
-76.2504 21.5049 -439.4438
117.7956 37.6906 -432.7441
-116.7826 37.2386 -75.5301
-30.0235 -30.4880 -471.4818
36.1031 21.6031 -123.2907
-42.5856 13.4468 -567.0626
-131.9105 54.4963 -514.4949
-61.6628 133.4438 332.9129
91.0636 147.4581 345.5747
-88.4659 34.8259 -312.3080
-40.6283 158.1625 324.5434
71.0417 -28.1173 199.8313
61.6578 -31.7712 353.9196
-93.9293 102.3245 92.7153
-78.0698 148.1446 127.7696
109.3599 120.7939 173.7078
-88.7394 114.5374 294.8060
106.6857 22.6588 -3.1047
-67.7518 60.3116 253.9033
50.4549 -28.9213 -137.5557
11.5299 -31.3255 -500.2177
82.1769 30.2311 -266.0586
109.2777 -5.8231 366.2185
-146.0321 39.7407 -628.5017
-14.7646 10.4339 -447.1341
10.4709 -31.7240 -262.7967
-5.2189 -33.1808 -258.8187
7.1661 17.5921 -267.9298
-80.5893 19.7028 -199.1992
11.4857 11.0433 -328.2332
-6.1577 -21.5663 354.4389
89.0875 17.7667 144.0511
66.1156 14.7751 -593.8680
-131.0210 36.3006 -628.0620
-120.9601 29.7526 306.8110
-57.3587 23.7184 -400.8412
105.7014 23.9802 -207.7700
110.0098 39.4796 -614.6620
9.2441 14.9210 -566.1436
-54.2454 -27.3400 127.7945
89.8626 43.7718 87.5900
-75.4954 127.0075 264.5636
-97.7828 93.1632 50.9540
32.9492 15.0513 -505.1251
107.7002 72.4448 -228.0474
50.5483 -28.3930 -160.2750
118.2480 41.1091 -406.4715
78.3350 14.9634 50.7061
38.3408 -30.7366 -365.0300
-36.8941 21.1550 -648.1200
-9.4437 146.1834 -287.7542
49.5498 24.8355 46.4197
-114.5826 43.1019 -480.4321
145.6216 20.9545 169.7137
70.0111 14.2049 -183.6970
-12.0817 -33.4697 232.7614
-130.3396 26.6240 -352.2838
-121.4637 22.3302 -41.8236
31.2545 164.7298 106.0485
119.4316 27.2720 -597.4574
4.6666 10.2301 306.2959
54.2522 -29.8781 263.8188
-45.2326 24.2311 -266.1085
-15.8145 141.6885 -518.2581
-119.8835 32.7774 -453.5327
25.9355 160.0429 -34.8899
-3.4962 95.2439 250.7265
-42.0756 14.1347 -208.6231
-40.8534 -30.4868 232.3894
134.0897 13.1273 -367.6290
39.5181 29.0280 -6.9138
100.4444 -17.9956 185.2924
2.9916 10.8781 197.2468
15.1728 -33.4194 -41.0659
-64.5230 146.6760 264.8667
-30.9281 -31.7009 -203.2360
-63.0286 107.4076 357.7750
-89.0620 -5.5696 -88.5213
-96.9697 77.9593 55.0569
-66.9658 19.4968 18.1426
90.9825 35.7218 359.5573
78.8135 43.7178 -136.8776
-14.2801 84.4473 241.9742
-64.2735 135.1479 -209.9274
41.4597 12.2625 54.7096
25.8721 17.9141 322.9079
-5.7377 16.9310 -361.0638
-88.7976 72.9876 257.8165
88.4710 -25.2116 -348.6605
111.8713 20.2592 240.2958
85.1323 123.9221 -249.0034
-19.7732 10.5091 166.1879
16.2007 12.0147 -213.2639
-48.0448 -30.5837 276.7161
-109.6513 4.5618 -432.6343
-8.3605 145.8066 -477.4750
70.6064 17.3225 -551.0436
110.5977 95.0180 -240.1876
106.5835 107.3267 -463.8814
132.0379 32.8971 -214.9778
87.5474 124.4651 -249.3985
-44.0218 20.8820 -322.5634
117.9772 3.4795 -529.3995
-10.8907 81.8712 368.0799
-130.2337 81.7389 -517.1163
72.2298 17.1799 -82.8813
-10.0486 25.4197 -236.3453
-17.4705 11.3090 -526.8624
-56.0629 76.0143 346.5435
10.8429 16.5855 -324.0303
-112.5518 93.5902 -220.2710
-11.3061 87.5658 254.4995
-51.9806 -29.3373 -384.1218
-63.9470 17.6923 -417.6380
4.9994 157.0508 -80.9980
45.7261 -31.8910 -640.1898
-49.6241 -28.3409 185.2352
-44.8663 131.0863 -558.9199
-71.3027 36.6049 -225.4321
-150.6935 34.5467 178.8076
-97.2492 119.3457 -219.7443
-19.5351 73.0136 246.5894
103.0617 -13.6568 200.1421
-91.6444 26.6457 -186.5883
10.7201 144.3488 -382.6929
-130.9200 23.5599 -437.4594
-82.0920 39.9381 160.6000
-62.9486 14.5711 320.8720
-109.4469 42.1088 -490.2851
18.1270 11.0289 -505.8754
103.4598 -8.7384 -605.3742
-3.9954 140.7017 353.7413
98.4361 97.1886 -166.8505
77.8319 -27.4239 -423.3657
99.5469 96.3222 -170.3942
-76.3566 156.4665 154.6763
23.7457 26.6766 -198.8423
52.4528 -30.1343 -41.3863
38.2307 169.7941 149.3858
-100.2901 106.9718 -191.8236
-5.2785 -31.9398 -116.4076
32.5584 19.8701 -235.1970
-120.5283 23.5847 -199.4898
-52.8727 12.5858 92.2822
-87.0531 56.2254 -195.6469
-27.2410 69.2767 243.0756
-64.1446 -23.7155 -68.7249
-72.5970 43.2887 -203.2640
-145.9144 39.9664 -258.2480
6.3434 168.1713 237.6564
-133.6729 35.8149 -405.9542
-136.6227 42.4963 -201.5845
7.5984 -31.8884 -453.2567
112.6894 105.2513 311.8107
155.1046 37.7410 -524.5456
-145.7293 31.8190 300.2252
77.5380 14.0522 -643.6594
38.9003 166.3438 32.9186
91.1287 116.6735 -170.2957
24.9160 28.9096 -164.6547
-89.9150 62.4077 -31.0414
107.3099 120.0351 157.8924
90.3234 103.7566 259.5481
44.2465 -29.5423 -142.7963
108.8632 113.7199 -393.2148
-137.8053 41.9348 -291.8342
25.9719 -31.8452 120.4510
9.5445 19.6597 -252.3018
36.7530 21.8734 91.2081
142.0023 30.4880 251.6903
149.7457 32.6229 -392.3864
-125.4950 13.0166 193.2713
-103.6747 53.8408 302.6845
63.9122 -28.3662 31.7041
-103.5410 113.4131 279.1159
49.7008 13.2632 253.9641
141.2050 18.9134 143.3415
-56.4297 166.6336 111.6854
-79.3535 128.5133 327.0268
-52.0613 80.5680 357.7336
-111.1029 118.7241 -253.3637
64.7006 -27.4988 316.4081
-56.0407 -28.5802 293.1492
29.7288 24.9329 71.2690
-45.9779 66.4078 264.0651
154.4174 39.4156 -351.9805
21.6137 11.1381 -219.5669
62.5882 134.3722 -455.5965
74.3874 -25.4406 -169.9561
41.3081 19.1842 336.8572
-97.6947 89.1918 54.9806
16.7108 9.3802 -250.5703
123.4495 5.9864 -372.8395
146.5219 37.5302 -44.5692
-53.3926 140.6022 334.8796
86.2421 -21.3479 -51.6067
-1.5110 166.4508 73.1540
56.6182 136.0740 -291.1477
-104.3656 128.1420 -359.4913
35.1601 146.7060 -211.8745
77.2936 -28.7683 193.2506
-117.8984 36.2314 225.4811
-53.1012 15.2488 178.7123
-79.8572 96.3895 313.2895
114.6638 104.1178 -286.7379
-89.2532 22.2011 -139.3972
-114.8445 31.1300 -24.0343
40.1905 11.8706 140.5143
-40.4557 14.6585 35.4447
146.6936 32.3915 122.3370
-20.0991 -34.3792 96.3697
30.6120 14.2143 -337.9819
-61.1367 140.4556 -424.3022
-147.2684 41.8410 56.0017
99.7296 53.4193 17.9843
-40.9279 11.9731 -69.9568
52.8328 24.3932 -210.3289
-116.8174 56.2048 -285.0757
-9.4397 9.2633 -456.0565
-92.7533 129.9305 -247.2328
-120.7971 39.9716 7.4299
-91.7100 107.9966 17.6145
-6.5209 9.2849 -241.9504
109.1483 -0.8209 -26.0318
42.3573 -30.6669 -119.4411
-69.6547 16.2325 216.1255
-69.8235 -27.5210 -387.7689
115.2202 89.5973 192.2531
-57.8701 132.4716 346.2259
-78.1161 135.4266 -524.1076
108.8785 80.2902 288.6589
-25.8096 57.8809 365.0976
54.2510 28.9654 73.0795
-38.0980 20.8467 -644.5402
-73.5222 144.4167 69.0482
-103.1212 51.8409 -249.2195
32.3048 143.2365 -282.6481
143.4677 24.0445 -628.9114
-98.7488 81.5159 -173.3808
-54.9487 134.2747 -532.0557
-126.5885 93.5848 -561.9676
19.6463 -34.9157 -462.4969
-16.8633 -34.4294 117.9291
-0.7937 90.6715 298.9759
68.8528 15.5426 32.1703
-29.3825 130.9098 345.5186
95.1861 -19.8328 -376.5345
-65.1626 142.7435 -5.2951
-104.9397 4.2233 -43.6435
-101.9262 130.0949 -476.6363
-85.5404 -13.3885 -189.2841
-85.2650 -21.5828 232.8704
-37.4846 35.0827 -103.7712
132.2798 29.5829 -517.2321
-13.9596 149.5663 -234.6845
1.5383 10.3840 -590.8275
60.8948 169.1890 102.6776
-116.0620 9.6162 -430.8304
-61.6558 14.7988 -193.7960
27.2278 168.9109 211.1976
-24.2573 18.0040 -597.5625
27.8810 122.6271 -586.7667
140.5414 39.2949 -38.6956
18.5929 9.2470 180.8294
-17.8549 28.9525 62.4968
117.0130 84.5964 -451.1995
96.4800 -13.3844 -79.9091
-22.7596 146.0167 -243.9119
-12.0684 95.9048 310.3173
30.7855 -33.7373 -90.2272
-102.7781 99.3705 138.7356
51.0551 143.1054 -169.2134
-29.4372 12.1080 -549.4299
-77.5775 132.6855 37.7386
-45.8964 134.8598 346.8232
-73.2198 25.7772 -467.5632
-125.3809 25.9321 11.1306
-56.5489 133.6687 -606.1016
111.7239 66.0452 158.2472
-132.2378 19.9955 139.7753
51.2245 31.1437 -194.5856
-66.0521 138.8865 -345.6115
104.2368 21.0681 -332.9021
-89.9838 -10.7697 -627.9518
-13.0141 154.8111 -158.2150
2.9417 -34.9043 29.4955
113.6393 -7.8204 133.4471
-98.7867 -2.7238 -419.2571
42.9750 20.4706 277.3307
-89.2520 23.2557 292.6781
-51.9175 78.1884 346.8055
-11.3640 138.3276 -541.2555
102.6404 39.7236 -268.1628
-86.6733 140.7750 163.1780
-45.8350 156.5341 245.4450
20.2005 161.9569 -28.0991
5.8404 27.6412 116.9621
-58.8881 51.4159 303.7769
33.5888 18.5578 263.2466
-81.3959 -22.6029 135.7997
37.2122 32.4090 -169.3367
-48.3623 -28.0205 -66.3267
131.6645 8.7803 128.9556
52.8299 34.2669 -183.2970
132.3604 14.4819 -599.2546
9.7926 24.7587 135.1612
155.1249 39.5519 -397.3837
83.7946 128.8016 -407.0326
-52.4636 -28.9412 40.2169
114.2145 93.5871 -267.2258
90.7932 -25.3329 327.5015
-7.8303 16.9940 -548.4204
66.4655 39.4568 -164.0493
75.7339 25.5891 -330.6170
71.3349 80.3287 313.7213
90.6131 85.0702 292.0724
68.3871 15.2432 -646.8270
-17.5151 99.5347 374.3654
34.3859 -32.9588 33.9767
-86.8576 77.3504 253.7472
137.0376 20.4695 63.5843
18.6898 -32.2552 301.1151
-71.7870 121.7119 334.6020
-41.1254 -29.6845 171.7378
52.1248 165.2281 322.3480
47.5144 155.4805 -25.2087
57.6779 152.6913 -26.3347
-21.9018 135.5710 -552.9746
114.5702 -3.9663 -594.5800
-50.4065 16.3951 -640.3100
132.2644 13.7927 -515.9851
-126.7366 39.7400 -147.7181
-115.1848 104.6501 -240.4874
41.5084 159.9427 -23.2981
55.0706 -30.9148 -172.2283
-112.0105 41.9624 -506.0300
-12.8589 143.4706 -512.8061
-20.8255 154.8100 271.1153
112.1761 36.1915 -381.1090
72.4875 -28.2481 -486.1313
-109.6478 89.0442 340.9221
62.7373 -30.9642 370.4504
-8.8001 15.5565 -546.5902
97.6286 -15.7809 -368.3467
51.5886 -29.5668 -21.7256
147.2083 34.7909 6.2903
-19.3760 11.5334 59.2937
48.7210 13.5348 -59.4844
-83.4537 51.1266 -40.2089
158.1672 34.8844 -298.2128
71.5925 14.1655 -306.7759
79.0227 165.8610 148.9226
-16.2670 143.7325 -503.7988
-90.9088 33.0676 -410.0273
-89.3052 119.9743 -138.8117
60.6458 15.4808 29.0984
-44.7373 -30.5512 238.2582
136.4022 27.5173 131.2339
167.0534 39.7388 228.7570
-56.3898 31.1481 -227.0952
20.5100 19.3192 138.3943
-34.4668 102.7662 371.6340
34.6258 11.5084 -221.4017
-75.2117 19.9750 -463.9820
-74.9961 49.3535 -166.9907
38.1114 140.7864 -328.9833
-91.8094 20.5900 142.2097
-123.5134 15.4091 -224.5762
-78.7057 -25.3990 296.1545
148.0758 39.3371 -155.5980
102.4058 139.0146 258.6016
64.4527 -27.2748 -128.6070
-84.2545 21.0679 -23.7199
61.5876 28.4043 -113.5814
35.3691 167.2114 295.3373
-18.0171 -33.4909 38.9466
-108.8490 6.2508 -289.9923
73.4584 131.1938 -305.3601
5.0674 21.2069 -4.4734
-67.8623 51.5410 357.0398
72.4311 37.7333 -131.3665
-68.3610 141.4259 269.7490
132.3992 25.7495 340.6742
-48.6512 113.6261 371.9474
-48.5218 -29.3002 -120.8219
3.2384 19.0788 -59.8804
-10.3219 11.5400 -366.7807
-113.2317 35.1573 -218.2148
-69.4400 131.9513 -208.4189
-123.2074 31.9535 -249.2834
-21.3039 148.8492 -225.0051
32.9327 59.5882 337.9974
45.2705 16.2045 -253.1983
-104.2310 29.1584 -248.2304
-34.1506 -30.9791 10.0096
-37.6210 14.2519 -122.4944
49.7982 123.9971 -574.7990
-30.7580 174.6758 153.2656
-92.8749 -4.0216 7.8773
68.0801 -27.9028 -611.3740
-85.4254 55.7596 -65.1902
-132.3877 17.7853 159.2819
-22.5316 -31.7389 136.9725
42.3025 23.9076 -164.4955
70.2701 163.8544 89.2697
-39.6665 30.9116 -203.3856
95.9787 -19.6616 -535.8384
-116.9706 33.5459 29.2598
59.5951 12.2754 311.6152
131.3788 28.7469 138.9641
65.8131 14.8853 -558.3787
-101.9818 105.1208 -194.1360
-133.1947 37.2473 -428.3656
74.7605 46.8120 -156.3879
71.8501 -26.2919 -66.2172
-89.9650 -5.5440 42.0422
90.5125 -13.3793 49.4596
36.8275 140.6490 -437.2938
-117.2402 30.0592 -638.3155
88.9792 118.5114 -637.8035
-69.0469 30.4403 -247.5721
-78.1262 21.2582 -431.8299
-18.7298 22.3715 -599.0711
-74.0574 58.3434 242.1978
-123.7396 21.7076 -578.3315
102.6737 140.5595 211.5786
80.0530 29.9675 306.0853
149.1199 37.9424 -222.8348
-60.7297 14.8203 -382.9097
74.2706 13.9433 -59.3403
-105.9036 48.5155 -271.3534
100.7575 19.2379 -288.9761
106.3324 1.1352 -54.8493
-101.1235 -9.4302 213.0036
118.8373 101.9341 -286.1718
110.4980 69.3314 -239.4060
22.7576 20.5292 -101.7121
-45.7350 13.6787 -512.6714
-21.7390 122.6059 371.6741
-147.0974 37.6761 -559.8058
84.2017 17.8262 -194.8837
-71.7701 158.2954 294.9064
-49.7141 16.7284 -108.0497
5.2033 7.9900 185.2127
-130.2770 32.4242 356.3613
54.1118 163.7704 39.9075
-81.9097 128.6232 46.8466
30.2278 -31.5135 -430.1950
60.1343 14.9898 -551.3016
38.1513 26.3319 -195.3430
7.9578 13.6133 -375.8502
33.0503 17.9798 -628.6228
6.7021 169.8777 45.0255
149.6547 32.9852 293.5030
-71.8098 40.7249 75.9624
-62.9432 52.5563 331.4078
158.2915 35.9589 190.1766
-74.8293 49.9821 -175.3460
112.4202 61.6950 -275.6611
41.8203 12.6834 -558.7280
2.8857 11.2235 -448.2266
67.0477 19.9883 -507.0530
-84.8192 85.6470 262.9679
32.2716 -31.2482 -520.6409
69.1424 24.4372 -306.2908
86.0773 136.5083 -18.1712
97.4236 116.0219 -429.1699
-90.7256 133.4628 -503.8623
-14.5937 133.0022 324.5126
106.4559 22.6555 -570.6915
132.0478 30.0903 -644.6899
-83.9352 60.7850 270.0178
118.3223 61.5891 -412.9671
109.9227 -7.1639 186.0328
-39.9856 141.7321 -430.6669
113.1587 -1.6865 -524.7195
116.3736 3.2478 -36.6674
-66.7679 94.4927 357.5346
58.2987 168.1700 97.3831
-58.1891 17.0616 -400.1239
-148.9977 40.8359 92.1666
71.6680 -29.6405 -377.6863
29.8042 -33.2314 -65.8914
-94.0458 129.2924 -238.5217
-24.3272 133.5305 -563.8907
11.5092 20.7005 -237.1553
135.5056 30.1715 -386.1852
-32.2363 64.0819 373.8424
-24.9388 26.9928 150.3010
84.7140 17.5968 253.0342
-115.3579 18.7297 13.6665
-42.9340 28.9908 -219.8013
-123.1145 20.7672 -250.1463
97.1954 44.3698 -230.2419
-90.1143 42.0621 205.2997
81.9452 46.0311 -148.6494
111.4950 103.5345 -253.9118
-100.2794 37.8401 -646.6469
139.3235 30.6674 1.2381
107.8806 57.2396 136.1882
87.7833 17.1438 -139.3151
-72.0509 -22.4697 40.5388
-46.4097 54.6610 242.9719
38.1616 -30.3906 29.1665
26.7780 154.7823 -84.0714
-45.2128 79.4016 346.4891
-39.6153 -28.8430 -160.5749
-29.9933 85.1392 346.5385
-75.3361 -22.7490 -344.5547
-70.2015 87.4009 345.8087
22.4447 -34.1489 160.2104
53.3118 36.0221 -167.0070
-38.9222 100.1155 371.1230
-73.0039 27.7335 -528.2947
-56.2563 22.6671 372.0231
-113.3628 43.7045 -482.8967
27.2247 57.2813 351.2285
-62.4973 15.5072 -441.7527
27.6653 -33.7825 -125.4457
93.3363 20.9147 -218.8894
43.1341 -32.4110 109.2856
2.4197 10.8366 -141.3159
-0.7998 26.0940 145.7315
148.2635 34.9926 -83.3272
-23.5581 23.5890 181.2509
-117.3745 7.7856 143.9873
-127.2532 19.3340 -489.4311
118.1579 26.5368 -635.4910
112.3339 23.3505 -645.7317
-132.6367 24.7054 -391.6117
23.0805 10.6634 336.8241
23.0155 25.1717 97.9481
-3.4336 17.2339 -623.5659
-94.0586 136.2638 230.9579
97.7880 29.5901 -551.3608
133.1863 28.4228 -347.4362
-95.2268 41.2593 -274.8082
-40.7714 37.3233 -136.4099
-116.5379 32.4938 -587.8019
-8.0719 139.6939 -553.8412
-12.5163 9.3983 -541.6207
45.7749 10.5870 61.9316
102.1751 135.6043 228.3606
97.0619 125.2130 -306.4439
110.5820 101.7044 -45.2147
42.1644 12.7112 -207.2617
-99.4034 121.5860 244.2211
114.8064 92.7660 -377.2630
-47.1267 -30.2009 -429.6398
-77.7804 136.5470 271.7661
22.9922 170.2533 181.1647
-58.9017 136.4263 334.7841
17.1329 23.7221 47.9868
55.3332 123.0012 -642.4180
-68.3741 16.2719 -479.9719
-17.3990 149.4802 370.2763
91.1740 123.7915 -95.4325
70.9091 23.1015 -311.4327
-131.9253 36.3497 -502.1732
-141.5769 40.8488 -447.0203
-77.8305 34.7634 -245.2370
-14.1199 -31.6296 361.7845
114.9826 106.1675 -282.9225
82.0997 14.9058 -352.5193
130.7046 18.0786 1.4966
-119.0500 28.8640 -340.7048
88.8525 16.4153 147.0615
-29.4839 143.8139 289.8922
106.2278 21.3991 -522.2986
-90.5088 89.8950 250.5035
128.4997 30.0486 -521.7088
-74.2799 -20.8896 -15.7837
-72.3661 -26.5075 68.9931
48.1893 -31.3740 -190.0704
-7.2000 137.0029 341.1494
-92.9425 57.9572 -198.4067
-132.0904 52.5546 -569.5119
-74.1121 17.1547 -486.3848
-43.5028 32.5804 18.7583
107.9041 108.5647 -464.9434
6.5111 -34.6119 -58.2747
-6.7433 130.9460 -637.8885
135.0818 24.6607 -123.8557
46.9240 -30.8878 -252.6804
43.5323 153.7499 -54.9409
-123.0294 18.7189 -630.6151
85.2718 -21.4321 -324.9263
116.2465 -3.5497 281.7809
-119.0971 101.9229 -279.4604
-101.2850 26.8858 -266.9137
-139.9184 33.6605 -394.3308
-74.9499 136.7912 242.6029
-65.3768 88.3128 357.9086
12.5467 14.9360 -613.7518
70.6929 -29.7003 -469.6357
34.8906 8.6786 -646.6987
84.3964 -22.8651 -45.3737
-70.9024 150.2533 260.5943
6.2973 19.0368 -295.7927
139.5495 22.2678 -644.2225
-29.6151 20.7574 -623.8746
137.7435 32.4714 -325.5846
104.5982 44.1481 356.9374
-133.3467 28.6122 -424.7181
23.6305 22.6433 -74.0707
-30.8219 143.1450 -455.4546
-108.4535 28.0050 -474.4086
-86.7674 -12.6674 -118.2882
69.0889 132.0296 -187.0427
-48.8728 108.4199 372.1721
-104.8722 115.2303 275.4460
42.2626 123.4798 -591.9032
109.1548 91.3150 -101.2321
83.2969 47.5054 -148.5494
-26.4731 31.6933 -12.6120
-40.2799 154.4587 -20.2042
18.2610 130.4536 -575.2398
54.9692 30.2148 32.5866
-51.3884 35.9995 -62.6601
-62.9998 138.4023 -37.5586
12.2828 11.2380 74.1091
-13.8887 124.2137 -640.5934
162.0102 29.5071 229.2370
-55.8921 139.2672 -56.1199
81.3748 24.0652 -380.5514
14.4490 10.0751 -53.0228
-103.5160 48.6624 321.8512
-78.8907 124.5480 -52.8662
-134.8672 27.5273 -555.5302
-50.8124 60.0451 254.4003
-5.0706 27.7982 127.8993
-24.1125 -31.1180 -255.2102
102.4933 89.3796 -198.2100
11.8605 20.0664 280.7725
84.7856 -22.8530 -380.8157
62.6174 19.8655 -594.3016
112.3178 77.8745 159.5593
-46.9929 61.4454 254.2446
79.1406 142.3541 -24.9755
37.5108 9.6308 129.4418
-136.0143 28.7840 -605.4508
-87.3487 -12.2101 -643.8266
108.7119 76.2126 -9.7988
-97.7355 118.0739 138.9293
124.4670 3.5893 160.6464
-86.5997 33.5389 -254.6614
-99.1654 72.2575 -183.6808
118.9887 89.6493 -347.8529
104.4867 76.3938 -98.8147
50.9800 11.4895 -507.4120
110.3437 21.4965 -499.3481
-66.2593 18.0208 -340.3831
102.3864 21.8129 -602.8723
76.9710 40.5925 -137.0324
109.9728 36.2135 -532.0639
88.0083 18.7850 -632.8294
76.5270 151.8969 41.8305
81.7846 -26.9240 327.9135
-14.1826 134.1151 334.0822
160.3116 31.1232 213.4672
-137.8219 34.9450 243.0768
136.2257 18.0820 -405.5737
-145.4077 40.2452 230.6972
17.1923 165.4485 272.1635
6.8713 9.4085 -481.7643
141.3596 21.5355 -574.8277
126.7028 5.7083 222.0983
-123.9723 33.7143 -317.2592
-104.7056 67.7271 -217.7391
-31.5773 10.7061 -358.2000
-1.7159 8.6064 -53.9783
100.4168 19.0911 -494.2108
-44.6299 19.3891 -479.0747
-36.3850 -29.8725 -219.2777
-37.0748 140.1339 -503.7809
81.1410 131.6457 -349.2509
-113.5832 34.7632 -278.3876
-20.8848 81.6326 242.1678
101.7187 -5.9693 35.2631
-127.5587 58.2573 -354.5135
115.2533 74.4426 114.7817
146.8106 32.5068 118.4132
101.0206 115.1069 -647.7927
-115.9271 71.3924 -229.5152
123.1506 24.0256 207.2060
-48.9672 12.7052 160.0936
-128.9597 34.1903 272.2340
-140.1142 35.3626 -294.3809
91.1533 26.7688 -552.8698
47.7278 21.9906 -166.0311
-35.7002 21.6020 340.6592
-15.1731 10.9763 -105.8864
-61.0699 103.9972 372.0311
-93.3200 105.0172 -52.9844
104.0514 -9.6555 -418.4797
-147.3492 38.1394 -580.4495
87.6697 121.5625 -238.7864
-59.7237 37.7524 -30.6599
-20.8603 11.5076 -88.0959
80.7207 -25.9430 -131.1014
58.5934 164.9610 363.5673
-8.3734 133.8553 -604.6071
81.8674 -24.5316 18.4148
-147.3220 39.5947 193.6836
-40.4960 -29.6008 -260.7681
97.7313 -18.3048 314.8535
-78.1355 -25.1603 185.0652
-48.1559 16.5394 -363.7695
-45.9608 158.1073 360.1017
27.4937 -33.2740 344.6497
85.4471 126.4633 -426.0485
4.1288 10.6737 166.6805
105.0343 -2.2965 -101.2651
-117.9959 12.6916 -477.0257
-41.6897 159.9245 11.0127
85.9768 -25.5800 184.7794
-82.4627 -14.8659 78.0372
90.2707 84.8115 346.8884
-50.4226 -27.1709 -162.0865
-24.9728 11.4562 -595.7897
-134.6395 28.7690 -525.8021
66.9068 23.0501 -369.5445
38.1971 -31.6933 -105.9689
116.5759 26.6989 -394.6146
57.8140 31.1363 -13.4804
101.9800 -14.3440 173.8286
71.1173 13.4349 294.6398
37.1822 56.8963 289.2012
-76.5269 134.6868 -275.7405
-54.9142 155.2601 36.8563
-137.2941 23.9956 263.7303
-81.1521 113.2167 282.2173
33.7539 17.5386 -639.7029
-78.1488 71.4779 254.1184
-64.4299 18.0654 -381.3485
19.3951 -31.2776 183.0534
29.7387 -33.0748 -165.0223
58.7416 37.9517 -183.2096
-78.4478 51.2962 -184.4761
-54.6427 163.4548 86.1530
135.3066 23.9473 -76.1863
-66.0784 137.6702 -443.3312
-35.5656 11.7851 -410.2677
-68.5754 133.2579 -52.1552
24.9607 -34.9462 -0.6737
108.7277 63.7328 334.6841
-37.4115 174.6739 213.5981
-23.5873 -31.3220 -575.0690
-13.9952 11.5280 -415.1676
46.3275 10.0019 228.1193
-81.8541 22.6884 48.0021
74.8079 38.5022 -134.8156
-13.8107 8.2821 -318.2427
142.7154 19.9267 100.2469
-75.6195 15.7109 287.8071
-96.8817 90.1300 -63.0624
46.5707 19.2226 -247.5198
-31.2293 108.9695 358.5869
145.2351 32.1223 -118.2687
-10.3919 138.0717 -599.7718
-83.1091 60.3196 242.4828
-59.4459 33.3880 136.5074
-123.1594 85.8333 -283.1240
47.9525 138.5501 -357.8621
58.3208 13.7763 69.1482
-110.7679 9.7267 -355.3495
81.5649 16.4041 -195.6469
19.5889 9.0533 115.4907
68.4845 31.6916 8.2678
2.7601 -33.7142 -367.3605
22.6534 -30.9580 89.1990
-12.5942 31.1763 -73.9037
-54.7257 137.7787 -93.7937
19.2209 17.2084 -269.4089
68.3165 13.3018 -498.5071
91.2588 46.3202 72.3324
-84.4068 109.5659 256.9800
-92.5159 86.0465 -13.2924
-108.3295 11.1877 -142.3295
-35.4038 169.1426 104.3208
-11.4183 148.5175 -240.8599
-5.8906 15.9248 -349.8445
-19.9609 9.9106 -59.1398
83.9597 42.3638 11.8747
58.7369 14.5191 -208.7535
29.9390 -31.7926 369.6812
-144.5205 38.3528 204.9186
119.6358 63.3123 -447.2487
5.5688 166.0349 -9.6869
90.0377 59.0696 -205.8640
8.7027 20.7262 -251.7726
96.0489 -18.1913 63.0239
26.1938 20.8066 354.1588
25.6284 -33.4039 -139.3662
-128.0898 76.3930 -643.5804
132.3613 28.9755 292.8704
-4.9204 144.5261 -403.5485
-119.0104 34.0864 -181.6235
-90.3816 -6.6695 -23.5909
-32.6494 125.9119 357.8930
-78.6713 -15.0863 -162.3043
101.5861 -7.6693 -164.7771
-33.9589 14.1570 -497.8661
-20.2773 152.4850 351.2935
-110.6230 82.6440 333.1558
-87.5373 61.5062 241.9377
100.2605 18.8720 -581.5677
-40.2673 11.6708 -95.2290
84.9135 99.8684 286.0446
-85.7391 -11.9357 -101.0584
-42.6663 -28.7137 -40.5271
74.2918 122.7605 -579.2463
92.5447 152.4874 146.3737
135.1913 26.4123 -57.9860
56.6304 30.2056 -67.4971
-86.6802 141.8650 197.8935
72.7649 81.3221 308.9926
-20.0628 -33.5211 180.7480
-112.3445 34.5337 -137.5740
-79.1881 151.4246 365.9793
67.9092 -26.5125 -390.0674
81.3788 -23.9457 -444.2394
59.2971 18.2528 -516.9359
80.8702 126.0274 -452.0385
134.6716 34.4233 -9.4681
-71.9725 97.1756 347.3481
106.1338 20.8916 -359.5852
-9.4554 16.3567 -527.8068
-72.8201 42.4685 -206.8720
-42.1787 13.2048 -233.3049
-4.4382 -32.3435 -545.7310
-122.2941 30.2065 -365.5591
155.4925 37.5662 -587.8701
112.1584 99.1217 329.5284
28.9387 27.3810 -27.9224
144.0234 35.2483 -225.2565
-19.4304 29.7850 -172.3953
110.7594 109.1447 311.5059
-37.7248 138.2171 335.4014
-61.3137 -23.9772 -126.8001
-103.8483 -4.0897 292.2275
-22.8330 158.7966 -39.4675
-28.1754 12.4256 272.8474
-114.0385 112.3494 -246.1392
-86.5331 -20.4952 347.4126
-117.4320 7.7504 -505.5077
-86.2519 35.8843 330.6714
113.6986 -3.4662 359.1929
-92.1362 21.1282 -486.1091
-21.5974 -32.7395 -39.2255
96.9262 53.5160 33.6871
56.0483 13.9286 -181.8292
3.3625 -31.9143 7.0619
-47.7333 -27.1343 -559.5151
21.2294 14.8484 -584.5024
-107.5026 46.9558 -384.8242
-129.8292 83.1044 -299.4086
78.3448 83.3527 281.7657
75.6906 77.1413 324.9140
143.0014 29.8942 199.6570
93.3041 118.4039 339.8125
-134.9810 41.0162 -195.4870
42.9133 18.8730 -366.6939
115.3956 1.2181 -343.6934
-33.5108 156.6277 -32.6783
-57.9771 16.9582 -48.7759
56.6656 -28.9193 93.5922
22.0292 -34.4918 0.1315
106.7394 -13.9211 280.9843
109.1941 74.7001 275.9191
52.3224 23.2704 -215.2697
-107.5792 99.2043 359.3222
-40.2335 144.3621 -236.8387
163.4782 30.3178 339.5649
57.2883 -30.4780 -327.8199
4.3545 19.5662 278.2604
-86.8976 20.0660 -608.9674
88.4996 20.2388 40.0496
-148.0868 41.6549 81.6194
27.2087 17.6268 214.1839
103.6711 69.4829 28.1212
126.2567 3.7804 177.3664
28.8459 58.3154 361.8051
-33.1240 -31.4739 -312.0247
-106.7687 27.2619 207.9071
-121.8513 13.4586 117.5374
-23.9059 -32.8688 -618.9781
-70.2856 60.7317 254.2011
86.4924 33.8590 159.0607
37.9819 10.2422 13.0476
-54.7595 115.7675 372.1862
94.1522 -18.2594 -635.9009
133.4013 21.3336 -32.3238
-0.0221 8.6695 360.3477
33.3327 20.0546 -175.4702
16.0086 -32.4385 -479.4639
68.8917 164.9454 247.2889
-90.8632 -9.5932 -136.9463
57.1880 -27.3433 -401.8903
-121.7595 32.1840 302.4440
-53.9960 -27.2377 -598.0775
117.8301 20.6626 178.6141
94.4170 27.3721 -568.2742
11.0935 -34.1476 330.8688
-77.0257 38.9172 -228.5349
-25.0588 88.4487 343.8975
-64.9651 110.3794 357.9016
14.4811 -34.6005 -568.8656
94.3037 105.5889 337.9666
127.8451 28.1790 278.3321
68.2193 21.5182 -622.1596
34.8260 18.7531 271.3948
-74.3102 16.0045 -577.4737
-43.7182 21.4358 314.7227
82.8134 155.4917 76.1112
-33.2808 11.4964 293.5962
101.7597 112.6659 -557.3310
50.9389 26.9538 39.6506
67.0981 14.2309 3.9512
-45.6374 -28.6556 291.0659
-86.2811 65.0684 -124.9824
-90.1612 71.7962 7.8384
-14.7646 11.8864 5.9146
-80.2816 20.3750 -20.1989
-67.7154 -24.1592 331.8943
83.1684 129.2014 -401.0419
-129.8846 89.8403 -500.4037
158.9123 37.3016 303.7731
-94.1100 131.8198 239.0504
149.4886 32.8707 275.0790
-67.5754 96.2153 358.2070
-61.9971 42.0764 -136.4843
153.7256 37.0016 -255.3171
-2.4832 10.5389 -646.3938
-92.0816 134.0995 -443.6021
-78.4688 102.2153 346.7308
80.0950 -26.2473 -573.0469
59.4886 14.3262 -544.0285
-15.4640 -31.3198 -609.0978
-36.9668 12.6141 -408.7120
-136.1898 36.6648 61.2226
-66.6377 94.1027 358.1941
66.4560 -30.3417 -27.2179
100.4454 -12.5252 -525.8423
-91.1159 120.2301 -191.3417
-95.0092 136.6497 -365.0674
40.4575 13.2049 -241.8761
42.1412 -33.0266 241.7723
-98.1487 124.6558 306.1550
-95.6967 54.9170 -210.3736
146.3448 31.3809 206.8406
62.1053 -30.4511 -225.8871
55.3998 124.7871 -548.8173
120.1403 3.9280 -645.0804
-10.1121 -32.7937 261.8014
65.0444 34.6776 -138.6435
-12.6068 11.6327 216.0443
1.5882 -31.9016 -121.9670
47.6682 -32.7573 -406.2833
113.4677 81.6898 206.2787
121.7284 67.8356 -559.1696
-33.8253 56.2882 253.9653
-63.3098 43.9993 -160.5927
-46.3424 169.1754 367.1682
7.8173 8.9356 35.4444
56.8144 13.5577 -155.8425
91.3937 97.0482 243.0042
-116.9894 109.7907 -276.1179
-74.7369 66.5232 262.9364
-10.4555 9.2416 -524.9205
-59.9667 -29.6653 313.5058
-52.2994 13.6750 -278.6899
62.3879 23.1774 -357.0999
-11.4040 -30.8721 8.3787
27.0640 -32.1609 -543.7328
154.0760 26.3265 355.2961
92.6330 18.5068 174.7286
-32.8255 113.6869 372.1585
94.5550 -13.1650 28.2038
-85.1668 134.5171 -582.0553
38.2549 9.3588 -320.0200
76.9480 -25.9168 334.5735
123.2245 90.3854 -622.8610
-120.2850 108.7578 -257.2357
43.0171 23.2638 -168.0954
-43.2736 153.8997 -11.7852
130.3940 12.8683 -610.9125
54.4905 11.9235 -409.3770
-15.7107 144.4838 -390.2701
-116.4261 33.6951 -509.7859
110.2373 45.2335 -280.2697
-58.0347 -26.2355 -360.1248
-121.6211 15.4555 80.2312
-45.8521 -28.1516 260.5362
-61.0309 -27.9743 -441.5399
17.3281 -31.9565 -544.2323
-33.0671 10.9300 361.5665
32.4388 18.8125 -301.3666
110.1845 54.1915 -282.3755
119.5761 10.1307 46.8445
140.3952 16.9378 233.3102
113.0853 99.7651 198.8326
-88.3139 87.2810 245.4436
-58.8248 109.3000 360.5048
-72.7998 18.0231 -282.3154
-41.7771 -30.0048 -346.3956
-107.9306 29.0793 -442.8659
-87.4281 119.1421 333.7275
55.0766 12.4127 36.0549
120.0351 87.6076 173.5883
-32.6057 112.3985 371.5512
-47.0615 28.8388 99.9427
-127.0144 49.9434 -595.8591
106.8733 -1.9440 -78.3366
-7.0191 89.7446 251.3904
84.1368 -20.8792 -11.2727
-78.0191 -24.7350 -443.1154
51.4328 -28.4950 -264.9547
49.0330 11.5862 -161.9811
111.1115 34.9186 -520.8660
-93.4904 133.3910 337.5972
-35.5132 10.7573 -174.9953
-129.0192 62.8657 -322.1829
-46.2614 -28.6026 -459.2046
35.9395 143.8160 -244.8092
-3.3026 93.8224 242.9985
-85.4132 145.4693 298.3337
-88.1785 -17.6791 230.7001
69.9353 133.7143 -412.4773
-132.0290 21.4393 246.7937
-14.0795 16.5212 -359.1517
23.4664 9.1472 -421.5255
-85.9216 -15.8786 -577.2063
124.8849 9.5468 -449.2765
-83.3937 30.7138 -504.9484
-132.7475 35.3223 342.2419
-94.8251 134.9116 -644.3815
-22.8091 25.6967 -634.3648
-65.2043 150.0522 285.3521
156.2275 36.6899 -324.4391
37.8244 58.5588 361.5406
92.2197 -23.4221 283.5026
-91.2832 60.2777 -176.7646
34.1986 154.5555 -65.3564
70.3290 -25.5898 -162.8674
-23.4516 23.2795 177.5995
-109.2062 87.7872 206.6483
64.1278 -29.2649 122.7066
46.6404 18.0089 -517.8737
-90.7537 23.4855 82.7534
-26.7243 13.1301 -533.6256
24.4634 19.6204 157.4184
-126.3514 90.7662 -315.3356
30.5206 165.8373 122.5530
-78.6320 51.5987 -77.8513
-61.9831 16.2195 321.9938
92.6205 20.4936 133.0697
-40.8887 144.2225 -253.4868
-32.5839 132.1774 -551.9030
-57.2946 162.6855 81.6194
45.6896 23.5533 -99.3126
8.1025 28.3503 100.4362
-84.8863 -19.8495 -427.7689
96.1760 116.9529 -152.0665
-33.1181 86.2121 295.8749
146.6747 30.9613 299.0844
-55.8000 135.4056 342.7153
-119.0752 35.1407 -73.2537
-101.5492 42.2078 -351.8128
33.4878 11.7440 -413.7827
-117.6943 36.3812 -102.9438
-38.1126 -29.2031 -389.4856
22.9885 -31.8622 -348.1968
117.9881 57.6732 -372.9142
54.7142 -31.2752 117.4212
142.6516 15.4394 186.9584
144.2503 17.2558 315.0652
-51.6356 13.6438 -602.0546
87.4061 36.2042 -225.1134
92.4866 123.2135 -75.0838
123.8704 16.5804 -52.0139
-39.4283 100.3295 367.1179
-138.3675 39.3977 54.5979
9.5269 -34.1679 -262.2576
149.2544 39.0473 -132.9813
79.9241 36.3959 -218.2380
-93.4855 27.5697 -63.2310
-121.4605 102.3844 -321.1172
-43.9491 149.1738 278.1500
-104.6962 121.7268 -241.6087
13.5846 139.8490 -527.4058
7.5576 154.1501 -114.1177
10.9319 165.0821 -11.4363
-67.4472 23.9310 -484.7142
22.3945 -31.7555 -586.7587
-105.6715 8.3967 -78.7348
-25.5471 20.3554 -316.4172
-129.2516 23.4476 -306.9250
115.0541 107.9047 110.2740
111.7718 44.6861 -501.4062
47.7375 166.3978 341.5207
-97.6750 -7.7907 -488.8843
-80.1519 19.5832 -181.4107
-98.1365 122.3762 255.7106
-106.8303 38.1494 48.3113
93.4481 19.1129 110.8448
62.2607 33.2191 -195.2686
104.9633 19.9988 280.9075
-20.3499 11.8853 -143.3920
-38.0187 173.2077 127.9624
-17.2345 9.0700 326.1227
64.6673 163.7956 360.1225
37.4447 18.3495 -197.9323
-30.6328 92.4203 357.4615
119.2282 4.0549 -277.9604
84.5998 36.2994 116.6764
-148.4883 37.6914 -306.1940
-86.2971 147.5686 373.5268
-132.1117 35.3902 283.5939
-72.8452 -24.0227 -643.7295
-65.5143 162.3666 208.9265
36.7481 23.1426 -215.1924
-80.3136 67.4517 242.3515
69.5249 -26.9307 -322.7349
-101.5092 63.9833 -206.5431
-13.5657 15.0523 -407.4784
-96.2343 133.1922 -263.6307
-114.9294 44.0460 -609.1601
-96.6890 26.9980 -525.4595
88.2483 26.8438 -456.3574
97.1360 72.4048 -214.3096
105.9940 74.7149 -133.6885
118.6853 27.8741 -15.0269
-66.6151 121.6841 348.2264
-34.2119 98.7432 357.8054
-90.6150 44.8664 156.4316
107.5576 -9.0081 -421.7622
94.2271 49.4022 -105.7337
-59.8474 80.5080 346.2163
-26.3201 -32.2288 -429.0026
-12.2866 8.9617 -476.7682
-78.5360 50.8394 39.7800
-102.2602 29.2046 -195.6633
-5.6641 90.6924 244.9495
-84.0342 73.7263 253.6445
-52.4549 28.4473 -223.3480
-11.7143 29.0490 -174.3548
18.7091 21.8191 -73.1183
97.1765 17.9921 129.4064
-73.8367 73.4157 265.9557
4.0409 8.7087 357.4621
-11.6758 -30.9136 -192.6599
-51.0011 142.3841 -153.6609
-56.9868 15.0220 -252.0947
-106.2389 27.5459 10.9064
4.5798 166.2706 271.0370
-90.8150 51.9080 -216.7386
-71.6558 47.7302 -119.4700
69.1733 164.0109 280.7718
58.4269 20.1526 -624.6418
20.3765 25.6676 88.5046
-96.5102 25.5657 -216.1679
-67.2370 30.5718 215.1376
-78.2228 -22.9934 -487.3835
99.4525 60.5404 37.2448
-93.5180 35.0646 -376.8099
70.8862 15.7462 -283.3109
-26.1451 10.5159 -385.5689
-71.3702 27.3406 -539.0823
-4.0408 31.7047 24.4849
-40.2618 12.7154 178.3659
14.8372 -32.7806 -327.7477
59.6512 19.2620 -490.9482
-9.2118 167.8599 65.3915
71.4868 -25.8887 -203.9714
60.6027 20.0602 -563.2515
-114.2394 15.2099 -132.3263
-78.9739 96.0073 296.3918
98.3549 63.6249 -137.7967
33.3003 11.3275 -164.9185
97.0989 49.7287 89.2251
-67.6212 -24.3185 89.7837
-119.7707 61.3418 -265.5324
2.2962 23.8719 147.5732
6.1700 20.6744 -8.5606
24.7898 10.7938 179.6839
-15.4558 29.5503 62.9734
45.5690 12.5822 -97.4638
-28.7572 21.2688 284.9899
-106.1122 68.0641 303.6005
-48.8032 -29.3966 266.6498
36.7285 139.1824 -492.9260
-50.3605 137.9016 -477.6293
-8.9380 142.9013 -513.7114
64.8294 23.2467 -269.8506
111.1229 89.8770 -244.4253
-34.5791 153.7775 265.5215
-87.5864 113.6210 307.4073
-109.2905 123.3079 -266.8121
-126.6808 25.8546 -211.4113
-105.7902 40.5953 -399.5698
-4.3847 156.9382 -95.3921
52.6426 158.2464 -3.3922
-81.1200 85.9611 265.3046
123.2635 1.0900 166.1755
-17.6352 10.7521 185.3256
-85.7274 50.9355 98.2401
-96.0807 -12.5034 267.0232
109.3133 -7.7596 -464.0922
5.4166 25.5739 145.6761
20.9014 21.9420 -123.8155
-17.6717 20.4501 351.1532
-138.4403 35.0888 355.6816
15.2623 20.6681 84.6474
69.6101 34.5114 -206.2953
107.6790 130.6727 335.7098
-42.7989 61.6809 253.3568
-14.0002 9.6858 94.2890
-117.2656 29.4502 -636.5239
-92.1807 79.5961 290.1713
-74.8669 39.2349 140.9658
118.9133 25.9868 -496.7080
98.2232 83.7977 -174.8039
-94.3454 53.3569 -216.8597
25.8079 -34.0399 -510.1545
-58.0766 38.5223 -195.4398
