ply
format ascii 1.0
comment CT-ORG volume-136 whole-body scan with cranial/brain surface
element vertex 4096
property float x
property float y
property float z
end_header
138.1093 166.2970 -401.2541
-19.1569 185.7286 464.0440
182.9355 -76.3374 -552.2180
101.0675 226.7443 334.4134
-179.5038 -7.0409 194.9948
256.1405 121.8645 -414.4792
134.1942 -49.6084 -902.4633
144.8584 195.0947 -555.2741
-167.0638 169.3224 441.4315
-14.5743 185.7286 414.0063
-49.6104 174.7911 -674.5521
215.5216 16.4687 -216.1471
79.0292 86.4757 474.2725
163.1722 155.6505 -685.6863
-18.0316 171.8529 -299.5750
-117.7892 166.5880 250.2854
37.1975 172.0568 -146.7516
-197.1428 144.0810 -151.0085
165.7464 68.1222 330.6249
73.5604 80.5108 436.8566
130.5968 166.5880 -236.9376
-54.9689 -112.7158 -801.7169
248.4813 65.4161 -265.8607
195.8096 168.7530 511.6536
142.2895 142.9762 78.5635
-135.5339 188.4630 -745.6279
-5.5059 180.2599 -585.8716
-213.8908 15.1719 183.4849
-153.5622 57.0927 -449.7952
95.1970 174.7911 -237.4864
124.3988 -48.0895 -256.6469
242.3411 68.9506 278.2281
-71.2965 226.7443 281.6909
-50.4709 169.3224 -189.5841
-4.0620 -74.0371 -192.0849
-136.9600 187.1223 -741.1644
-164.3303 25.7568 4.7580
-0.2677 -46.2316 -495.5359
-117.4484 165.6183 -209.4572
89.7840 172.6644 -937.7538
-19.9585 107.2488 498.7001
170.3541 -28.1641 242.2703
102.6197 136.1349 283.8694
-77.3755 163.8536 -234.8891
169.5277 -56.7498 -770.4987
156.6335 -22.4094 -56.2317
-41.4552 -26.2807 -786.0900
-88.7571 -30.4440 -1019.0158
96.3539 172.0568 -924.3885
-161.2133 171.0721 -622.6924
-132.7272 185.8835 -737.2744
-265.5022 67.0632 -5.9320
144.9346 203.2217 446.5464
86.9194 221.2755 -1004.7156
107.0603 -17.3017 -1029.9236
143.1185 196.6661 -552.9045
-8.4708 -49.8414 -818.6827
45.8248 -115.0527 -494.9215
-160.8264 171.4591 -537.4663
-173.3093 164.4449 -68.5726
90.4561 29.5276 -1117.4045
-4.3363 107.3676 372.3730
44.8110 90.0255 -422.0668
134.4177 205.5355 -228.1469
74.3304 226.7443 236.5964
38.5370 44.3058 -471.8205
40.5930 29.3646 -486.3139
-80.9441 226.7320 302.4370
-229.2790 30.5601 160.4632
-20.5406 36.1434 -466.6392
-124.3213 141.9786 272.4059
-33.9761 184.6244 548.3409
179.1306 -87.4123 -404.8516
-115.7627 202.8509 263.4502
-198.8955 139.6298 -411.9897
-89.1918 -63.0996 113.7483
-85.8542 -65.8340 152.1989
87.6691 28.0923 430.1226
37.9295 229.4786 558.8740
144.8645 143.1355 -305.0836
87.2442 177.5255 151.9732
-33.8043 58.6999 -1074.0776
157.0147 193.8759 192.1472
-149.0175 158.3849 108.2443
-246.8698 119.8333 -142.7739
-183.2601 110.0288 299.3226
114.7128 -52.1621 -163.1007
-9.8333 207.5401 -662.0575
-151.5736 156.1025 -10.0647
9.8812 221.2755 -709.4485
-152.5789 -160.9838 -607.4045
100.3275 203.5318 -662.0575
-12.5824 -123.2659 -597.5554
-44.0177 -34.7434 -1023.3617
-82.3713 170.6172 -782.3713
72.7849 -53.1101 397.8352
-53.5802 -41.2168 -988.3726
-186.0007 157.2222 -312.7191
-168.9925 95.8501 79.7426
236.5162 5.5202 -335.6921
204.9613 158.3849 -240.4507
102.5737 26.4061 -1124.1477
-99.5648 166.5880 -688.4021
247.1860 59.0591 -231.5454
141.9365 162.4697 -999.6891
111.6954 -41.3643 -710.7733
-13.5911 177.5255 -936.2966
-95.2594 171.4010 -229.2298
-181.0901 142.9922 -123.6864
203.4391 150.7017 -657.5539
-10.5965 182.9943 66.7259
-127.8164 -50.2522 128.9418
-79.2230 9.1211 -505.6722
50.1572 180.2599 -185.7980
-143.2713 144.7130 201.5559
181.4075 157.7247 -727.4575
130.7637 170.9082 238.7595
113.1522 172.1135 -5.4530
-22.0718 177.5255 -708.1101
72.0010 180.2599 41.5775
50.3865 107.7399 462.6814
81.0646 70.4742 434.0087
-186.0311 86.6131 -4.3708
-29.6193 226.7443 273.6109
-217.2129 61.1768 -242.4506
8.9668 128.3067 330.2827
-69.0321 177.5255 325.6107
-157.9944 156.8308 -1008.6776
-176.7770 161.1192 -144.3775
53.3466 -95.9121 -405.7448
-146.1930 -4.2451 43.2361
213.6745 150.1817 -544.2470
48.8366 229.4786 546.1604
-60.8021 206.1785 -740.5375
53.7507 169.1348 172.2411
-246.2739 126.8519 97.1631
231.5637 133.9904 -107.0560
2.8550 -6.7200 -476.5962
143.9871 -37.3495 -75.6734
-189.7470 156.2103 572.3007
6.0794 -66.9792 521.0442
6.2846 221.2755 -973.2145
218.6982 154.0674 333.1991
45.4649 155.2358 -378.5594
-1.8666 224.0099 -559.6543
-98.1673 186.6740 -1008.6776
-66.8468 -144.3352 -718.5627
22.8687 118.4616 468.7053
-20.3043 185.7286 508.7264
-245.8703 49.8857 70.8209
166.5292 -80.7004 -686.5399
199.1271 140.8261 -927.3506
-162.2185 172.8013 189.7553
38.5808 126.9130 332.0861
-175.0065 161.1192 -452.5704
88.8204 229.4786 477.2444
-91.4224 -68.3975 -901.1763
85.7222 229.4786 409.6608
115.2391 224.0099 386.9138
135.1721 166.5880 -653.7175
-175.9039 148.1784 367.9012
210.2501 103.0314 -362.8800
-115.3983 -41.4711 10.2870
-221.0096 87.6017 -328.5175
36.7244 177.5255 -571.1006
-48.4969 177.5255 -556.2720
165.2436 174.4265 -651.3755
155.3045 192.8518 -74.7123
-74.1433 38.8834 -1085.1040
227.8569 143.9257 552.5273
-88.4888 174.7911 407.6579
17.9110 97.4108 545.5594
-103.6879 209.4569 -737.5349
219.2751 141.9786 484.9142
-148.1091 -25.2595 85.0004
-212.3586 79.5802 -169.8877
-18.8550 -78.1664 -833.9777
278.8903 88.9100 79.2008
197.5455 150.6108 461.8193
125.7019 208.7825 -405.9136
195.6052 144.3480 -602.6478
198.1530 -44.1989 -319.7083
20.6895 -82.2402 476.4199
-74.6522 -66.7538 -1105.7078
139.6606 -37.7759 -47.8694
88.1469 9.1208 305.2873
-48.0971 -74.0371 -634.1145
-181.9747 23.2851 313.3137
126.7700 166.5880 -807.1697
-102.1292 213.7500 453.9951
217.8484 146.7141 -539.5121
-108.7445 -56.3453 -1172.1776
-168.3018 0.1627 102.8116
165.7351 188.4630 387.4040
-153.3928 -50.0287 -782.1611
-143.5160 185.5754 124.9131
57.0623 229.4786 526.8387
189.1219 164.5031 -512.4527
-131.6537 -72.6593 -678.7581
-76.4409 -70.7955 -653.4608
141.2817 -32.3295 -227.0586
252.1518 40.0669 248.2231
10.5984 202.2579 -740.5375
-158.9688 151.4417 -518.9497
-257.2990 62.7586 -159.1480
-115.3832 -63.6624 -280.8136
-165.3643 147.7805 -898.6656
92.4577 221.2755 -744.4924
-168.4311 -127.5242 -615.8804
13.9502 224.0099 -435.6802
100.9429 80.8633 -442.0838
50.3298 -145.1424 -601.5316
-130.2665 166.4721 475.8933
156.2405 -52.6762 172.2812
108.7092 225.7752 150.4286
122.5210 -65.8340 173.8763
-163.5773 103.6707 48.9378
-167.0646 55.6059 101.9265
216.6421 80.0848 -157.3460
-37.4280 226.7443 273.1832
-81.1154 156.2905 -48.5976
5.2217 84.9228 554.3826
85.9462 121.3637 -407.2535
230.1124 136.4957 199.6000
-89.8866 221.2755 239.5177
214.0359 148.7599 252.8484
-242.2341 48.6348 92.4156
37.3197 181.8198 -727.4575
73.0799 221.2755 -822.2769
-175.2678 89.3429 -24.4305
-162.3335 172.0568 338.6028
-28.9117 75.7296 384.3426
243.0918 20.9354 -338.3919
58.0115 79.2080 550.8256
217.8240 26.9155 -209.7473
156.3907 -34.4902 207.7626
-5.8835 185.1488 317.9073
143.7786 163.8536 -369.0430
-254.4910 122.8380 -151.0493
-176.2212 163.8536 164.9955
167.6802 158.3849 257.4637
149.5276 190.4255 -603.1271
-114.4710 168.5957 133.9220
27.0760 -33.9781 -866.9631
61.7042 -70.8543 471.1223
185.4470 155.6505 502.1003
59.9632 177.5255 -680.7374
-30.3369 61.6364 -445.4676
-47.5650 -59.3674 76.0791
-26.1842 169.3224 160.0947
82.6336 182.9943 592.8612
186.2956 152.9161 228.0538
-11.8466 1.9049 308.8809
-107.3232 104.5700 -408.1803
-111.8305 136.4801 302.6637
124.3514 121.2755 306.3297
159.9842 133.6666 276.6930
-175.2678 27.6717 113.8211
-194.2140 60.4263 -108.9625
57.6378 -62.2657 160.7070
-158.9964 174.7911 244.6222
164.5515 186.3392 -50.2979
-78.0296 -71.0922 -632.1240
-159.5973 150.8131 -558.3239
213.6483 21.4492 -206.2942
-146.9684 128.0601 296.6425
-90.3932 172.0568 26.6363
-153.6310 -15.6212 -189.3698
-168.9825 -119.5252 -474.6016
-249.1684 114.1563 189.1139
-199.8772 -53.6116 -408.2385
-141.6922 -126.5327 -444.2650
-201.7956 5.2611 203.1772
55.6805 177.5255 -727.5408
94.0825 8.9882 304.9701
-39.5105 -18.0939 522.3859
-73.3626 165.6447 -136.3274
12.4624 169.3224 161.0208
189.4311 169.3224 -49.7418
178.4418 156.0426 247.5472
-213.5490 -15.2769 -331.0853
-139.1389 72.6777 336.6846
-112.8861 144.7130 28.4591
-107.0119 169.3224 168.8184
46.2000 60.1975 -1031.6077
-26.5028 -121.6819 -715.4905
-209.1054 19.1349 258.1167
-46.6537 -76.7715 -25.4376
20.3356 229.4786 494.3203
-177.7320 143.6160 -507.4370
170.2975 120.4369 7.4268
-206.3703 64.3263 -92.9211
213.0264 151.5362 -979.5521
-177.6817 -75.0449 -356.3216
173.8408 2.1010 -13.4801
201.4896 150.1817 463.1295
265.9418 57.2130 -81.4925
152.2662 188.4630 -967.7670
142.8893 166.5880 -216.8042
79.7559 -42.4044 232.8389
140.7185 163.6878 -923.7982
-163.3741 171.6457 364.8855
29.7797 -50.7641 142.8735
19.3041 -48.4489 95.6536
179.0170 174.6081 -153.2655
-9.6016 226.7443 181.6964
-43.5977 224.0099 -324.1530
75.6001 182.9943 420.5710
-98.5344 171.9216 -26.9456
-160.5558 171.7296 -597.0952
-0.1790 167.8665 -302.9485
-28.2860 -66.7298 -691.0016
-115.8678 167.1989 233.6409
-48.8503 -67.3655 -302.7506
-51.7741 226.7443 198.4114
-67.4337 -34.6562 -558.0576
-44.8451 -160.9765 -593.3378
97.6680 -59.2273 -1191.7976
-84.6048 178.2455 -727.4575
225.4423 9.0140 272.0352
209.6467 122.8380 -227.4714
1.7296 -74.0371 -175.6855
-69.4216 152.9161 253.1180
30.2013 -78.0497 -5.5097
177.3190 -28.8220 -547.7267
82.0838 224.0099 -301.9859
156.6559 -31.8335 221.2713
27.9055 182.9128 -635.8975
72.6126 177.5255 -425.7288
-86.6080 -44.4964 235.4108
120.3058 66.7544 345.1026
-129.9649 -48.0569 -256.5688
100.8997 161.1192 -148.7029
183.7158 148.0343 -978.7372
-163.9350 149.2098 -683.1655
64.9230 163.8536 19.8784
-179.6624 104.2700 -74.1584
115.8300 209.8514 -638.0037
-185.4486 91.3987 -392.4428
218.3716 143.2433 322.2324
-162.3743 118.6244 -58.7015
232.1543 137.1233 -118.2206
152.3276 161.1192 -375.5492
57.1498 -120.6359 -736.9939
143.7383 -47.7897 207.3310
148.8494 161.0256 -899.1299
222.8281 112.3318 211.4800
-102.8528 51.0484 -457.7117
53.1746 83.9394 -426.6175
-181.1683 99.0996 0.7198
64.5029 221.2755 -909.4871
-145.7356 140.0654 -241.8102
43.8804 30.6656 567.4626
46.3189 177.5255 -675.1944
-5.3617 164.4764 -332.6714
22.9655 217.7326 -637.2336
132.3913 172.2311 -648.9775
152.9052 -24.3235 70.4226
7.9565 -76.7715 -141.7391
58.5649 -132.0659 -676.9558
214.7040 149.8586 -943.2736
-170.9120 150.1817 -1.2521
-169.1828 44.1425 109.6979
-185.3425 157.8805 -196.6390
84.7654 177.5255 101.0726
-27.6115 11.6065 -989.6201
139.7208 169.3224 65.7583
90.2227 221.2755 -947.2474
-66.9047 123.0603 -395.8062
200.2346 163.8536 182.6999
134.9831 147.5481 -293.0998
-96.1842 1.4945 -958.3132
-52.7570 174.7911 -908.0994
-76.6363 224.0099 -388.8495
-152.4377 179.4325 288.5195
-156.3157 -17.0415 222.3132
217.3019 144.8997 -1010.4789
-20.5925 177.5255 -817.0666
-44.1122 176.0638 -666.5990
117.3601 156.9680 -260.1773
38.8752 -24.5897 326.9968
218.4824 146.0166 -997.0448
142.6108 194.6080 -898.2064
0.3573 195.4265 -740.5375
-47.5108 115.0967 340.7280
272.6049 106.4317 -328.3132
110.6874 16.8023 -902.2147
226.3512 130.8591 -79.6333
-170.3346 122.8380 -322.5299
176.8095 152.2061 -587.3297
75.1947 12.7025 -511.6375
-167.0646 -120.8291 -630.2505
53.7456 -63.3043 60.1229
96.8806 -50.3296 -1145.0913
-259.2607 78.5266 161.4772
-12.0367 108.2159 462.5386
166.5288 -131.7501 -558.1128
-85.7853 158.3849 -328.4812
-9.1033 -65.9923 508.6026
-16.6218 -8.9370 547.8427
-82.3164 172.0568 -401.9437
210.7151 142.9099 414.4999
142.4982 202.1349 76.9549
-172.5334 14.6708 -102.0921
284.1074 81.2271 -26.3029
190.9738 146.2450 -913.8549
-89.7275 166.5880 190.7534
168.2261 188.4630 535.3263
-174.8794 122.9184 -296.5539
288.0191 100.1019 -381.2916
87.6915 226.7443 173.4352
81.5118 126.0212 314.5990
-183.7726 122.8380 -210.4664
198.3999 147.4474 173.5961
-234.9902 131.0411 -54.0050
-108.8665 -68.5272 -1172.1776
-160.2241 117.3738 -35.6125
142.7809 -82.4151 -829.6198
-132.1989 144.7130 -114.5781
207.3347 87.8596 -93.9344
84.0006 78.2182 467.8953
-221.7522 22.5398 -291.3189
-266.9423 74.8657 -328.0543
-206.6689 38.0723 50.2857
61.8963 -70.6622 -110.7311
152.0073 166.0708 245.1512
-112.7962 182.5688 -642.4375
176.7225 55.9288 325.4826
-198.8352 111.5752 -305.5009
153.5773 161.1192 -262.8851
215.9412 101.1020 -348.2672
139.2887 -37.0197 -22.5412
104.1367 -68.7854 -293.0666
171.2957 -24.1175 193.0922
-219.7406 125.5724 232.2542
-129.2803 -122.7494 -422.1361
-165.7826 111.4252 310.2693
13.7505 169.3224 169.8139
124.8394 -35.5819 -726.2610
72.2093 -60.3652 56.7669
178.3874 156.0970 246.7744
-152.2607 152.9161 -791.3802
118.7998 1.3423 -845.9099
-133.3241 158.3849 -975.7903
-95.5137 28.9220 -484.4730
109.4713 -105.7247 -792.2780
264.9360 99.8777 243.1319
64.0089 -120.3326 -475.1707
-201.6493 106.9176 -109.2341
65.6184 221.2755 -705.7510
-216.2834 86.3843 -302.1688
192.5922 117.8521 -369.6660
105.6023 229.4786 583.0349
-146.2381 180.5786 -606.0326
-183.5162 142.5796 317.3969
-138.6626 163.5447 482.9344
265.9264 69.2313 241.4374
-7.4226 -63.5077 -748.6086
144.0356 147.4474 -245.4309
76.3270 -42.0532 -1185.2576
46.2530 177.5255 -704.5234
-158.0400 169.0990 -654.3375
223.6222 112.9387 209.9858
-82.3226 163.8536 -126.6245
48.9863 129.1396 -398.3810
104.1250 27.1348 -930.6234
81.4422 12.6536 307.1968
219.8699 128.3067 72.7711
-157.3674 26.9401 325.4826
16.9639 -63.9404 -374.3345
-32.8203 -130.2343 -528.9501
-2.2830 226.7443 336.0479
-168.8440 147.4474 -628.6478
-164.7626 170.2572 186.7418
-91.8723 169.3224 -487.1473
-80.7670 -86.0278 -334.3065
-23.5639 224.0099 -326.2881
61.8724 226.7443 202.1854
73.7206 226.7443 110.8322
-30.4709 -6.2938 -863.0248
-32.9445 221.2755 -904.3598
-122.4907 198.8572 67.5154
54.8852 -63.0996 421.3668
-73.5546 24.5986 -962.0768
-221.7522 13.6410 -302.4422
-27.6115 6.5752 -988.1255
-3.0108 226.7443 284.7792
-117.4183 86.3263 -425.6551
47.4704 177.5255 -616.3151
42.7258 166.5880 191.5152
103.2626 177.5255 534.8412
82.3578 -62.2109 -196.5730
80.8734 224.0099 -516.5045
-72.8697 -61.1627 -601.8350
147.1524 -118.4973 -745.9439
34.4595 177.5255 -751.7607
-22.7156 155.9620 242.9876
71.0661 147.4474 268.7736
-52.6483 -127.7566 -759.2028
16.2906 232.2130 -599.8937
119.1327 174.3361 311.4644
192.7411 160.8840 -677.5039
212.4379 32.7765 -440.6607
13.7170 -1.0801 298.1362
22.4973 -0.0702 -513.4343
153.4368 133.7755 -356.8703
-76.8576 224.0099 -366.7547
171.3959 -95.6167 -411.3908
9.1277 158.3849 -68.5745
-171.0656 -53.2691 -557.0359
-192.2189 -27.9132 -487.4443
170.7043 185.6551 194.7228
-199.8772 -42.7846 -342.8608
-89.1734 -189.4710 -657.3760
-67.1455 165.9763 -121.0443
-144.4071 180.2599 -825.9534
-77.9056 200.7036 -662.0575
123.4972 208.2528 -679.5532
-257.2990 78.3210 97.8726
166.3578 -16.7868 -73.4577
181.4592 155.6505 308.5095
-48.5492 224.0099 -549.0947
-153.4728 -15.7655 -189.3366
59.3936 -44.2986 -716.8353
-169.3374 149.9561 -94.7213
-51.1383 180.2599 -14.4885
232.3882 132.1744 10.1028
281.8400 91.2724 205.8972
139.9047 -36.4038 -52.5866
-78.1014 -50.8000 -269.4401
97.8430 39.2051 454.3549
106.9150 -0.9537 -1164.1489
-39.9402 2.6202 289.7391
75.2712 229.4786 476.1692
-262.7678 111.4935 156.2121
-125.3756 136.5099 20.6358
25.3694 -54.2731 88.2635
-147.9680 -124.1113 -441.8488
-149.0686 142.2012 172.5508
168.2011 182.6895 -162.8880
276.7403 91.6553 128.6684
38.0910 221.2755 -943.3051
172.3127 124.6729 291.6639
279.5644 63.1232 -240.2065
-158.8615 -64.1008 -776.1525
-15.2448 21.5208 560.9226
-38.3508 -69.2965 45.7910
-189.7715 134.3109 -745.8898
130.3367 -92.7333 -821.6249
-23.1828 224.0099 -226.1964
-3.7884 -79.5058 -112.3250
-155.7222 157.4226 501.7822
-140.8527 -26.5373 227.6610
205.6710 139.7509 -186.7942
-213.5490 70.0368 -194.3185
-113.7936 170.5937 534.8740
-86.6007 221.2755 -174.3503
4.6643 182.9943 129.6018
52.8092 224.0099 -573.5236
6.7686 -24.0646 -513.5840
-186.1535 45.9857 -87.1066
-110.6096 167.7875 16.7438
173.8256 3.1258 73.3578
77.3805 72.5278 430.1090
82.9196 5.8112 539.8564
90.9454 174.7911 -476.5676
133.9112 163.8536 -987.0496
-200.9712 139.4017 -809.4841
-51.9612 229.4786 507.9875
30.1575 224.0099 -349.5271
-62.2947 -8.0131 283.9269
174.9030 134.3705 -222.0464
1.8761 19.4970 -441.5549
135.4411 166.8224 -1010.5325
178.0967 172.7940 -474.9231
14.2205 180.2599 -853.0965
207.6856 -20.9224 -442.6309
52.8827 229.4786 390.7473
176.2695 150.1817 -859.8395
-62.8096 177.5255 202.8689
9.3709 103.4182 -400.4575
27.2767 110.0028 -406.9975
-176.0677 2.4356 297.1945
-36.8691 -71.5144 -677.9011
211.5104 136.5099 -171.0225
72.4636 -12.6916 -1147.0898
-142.2019 159.0816 -113.7580
-62.1323 39.4992 -472.2548
-133.8214 -32.0850 -147.5245
-240.3806 49.5319 -25.2038
215.1701 70.0955 -85.2100
-12.8207 7.8753 -489.6259
-80.8738 172.1147 -342.8881
56.8216 221.2755 -756.7971
-265.2291 69.2446 -103.6218
-93.6746 169.3224 -555.5539
103.3420 224.0099 -94.3388
73.1013 206.8368 -662.0575
268.1548 67.6125 113.8307
67.3742 163.8536 64.8904
-0.9748 114.9531 504.5714
134.1136 -38.4902 -222.3229
201.9284 158.3849 -365.5822
112.8342 218.9158 -292.1459
237.6062 97.8335 -364.4474
143.2906 -134.5925 -710.1444
186.2666 147.4474 -629.1332
-171.9518 163.0681 -899.1266
117.3307 219.8881 49.8987
-19.1241 229.4786 357.1691
39.2713 -15.0236 -537.7975
84.6920 -63.5482 180.9936
246.5749 128.6736 -126.6909
269.1982 125.3862 -31.0820
-86.7978 -34.7889 -1159.0977
119.6088 -53.4216 212.3331
128.0778 -89.3748 -831.3833
-59.3769 179.9397 161.9276
-167.5372 65.1634 -439.1716
-216.2834 19.3205 -398.0600
142.3002 -35.2990 -54.0205
4.1252 180.2599 -555.2631
272.3250 68.6728 174.0141
-6.3533 -42.2329 -330.3121
262.2324 50.5668 147.5823
-30.3458 -13.2699 -971.0643
150.1230 -25.8299 -878.9644
-185.5130 112.4741 -151.6537
38.4263 182.9943 167.2715
151.7189 188.2342 -914.4731
212.4608 143.8987 524.8721
164.6673 155.6505 -945.3520
-221.3568 59.3407 279.7026
-48.5081 226.7443 79.9554
-207.8565 -34.4545 -351.0298
-174.4910 163.8536 352.1144
92.7011 58.9737 516.3480
107.9348 171.8621 -456.0281
138.8367 163.8536 -678.6052
186.1481 65.8755 74.8364
123.1599 -45.6756 -6.5338
153.7571 161.1192 -396.8903
-208.0803 -6.4457 -423.8980
-116.4409 204.9070 569.4969
67.3752 200.1637 -635.8975
181.0467 180.2599 466.6550
-270.9709 101.0846 -157.7300
19.0421 -24.8183 195.4172
92.5427 180.2599 570.5912
-231.7453 48.4168 -75.3091
-35.3380 172.0568 -166.2458
198.0862 122.8380 29.9541
90.7837 224.0099 -412.3484
-111.4106 166.5880 -497.8002
177.3225 180.2599 346.5276
-59.5036 229.4786 514.1921
178.8949 -86.9611 -596.5116
-81.6637 -94.6028 -831.9590
53.9582 112.1040 352.2598
-38.6350 221.2755 -630.8441
-91.9788 -127.3454 -760.1863
195.0382 161.3213 -393.9251
-135.9632 144.7130 246.9335
-185.9286 112.9743 -339.6909
-64.3409 226.7443 200.7095
111.8417 14.1959 -1025.3503
155.8679 185.7286 -880.6757
286.8418 89.2045 -165.3908
-86.1682 172.0568 -203.2239
-31.9642 180.2599 -212.9133
-161.8283 20.5313 47.3091
47.7371 -123.2559 -520.4302
284.1074 94.2883 -286.8522
103.7957 169.3224 -725.3732
58.4135 -18.2983 252.7870
-39.4276 -76.7715 -19.0012
209.5445 40.9555 52.2041
6.5842 229.4786 456.8079
-163.3083 171.7115 -3.6459
-52.3246 182.9943 596.4457
-195.0478 108.9257 -327.5630
-129.1326 -78.2255 -625.4600
-253.5002 114.6348 -156.5416
-10.8497 -53.3189 151.8253
72.7134 226.7443 -24.0464
-59.4434 -61.6470 -230.2132
-27.9259 180.2599 -433.2777
231.2034 138.7419 -142.3333
127.0326 152.9161 -110.4229
33.5612 -76.7715 -134.3526
-90.3680 172.0568 -231.4675
199.5385 147.4474 123.2206
-111.0808 -79.4700 -312.0817
-70.9955 224.0099 -407.9761
203.7216 163.5753 295.2929
27.0760 -94.2182 -751.2839
121.8440 174.7911 547.2678
53.9074 169.3224 -292.7054
84.9808 -133.8691 -724.9630
-82.2598 -62.0749 -49.8419
-110.2701 -47.0145 79.2311
-71.9673 22.3363 318.9426
-152.9059 153.6090 -466.3505
187.3453 163.8536 -889.3961
-89.7841 78.7120 345.1026
41.6544 188.7364 -635.8975
146.6067 199.4005 149.7040
145.0104 139.9787 -62.9860
-18.9356 180.2599 -193.1081
-0.2677 -34.1391 -507.6470
281.8772 79.9510 -23.2561
93.2816 20.4979 443.6559
160.7193 -114.8656 -702.5613
202.8562 148.0345 450.8774
146.6758 -84.8587 -339.6155
-138.8956 188.4630 546.5761
41.5971 224.0099 -239.9304
-178.2545 145.8279 -163.9916
82.1826 226.7443 162.1056
229.6392 134.9234 372.9117
15.5859 232.2130 -600.5518
-20.7784 185.7286 444.0499
-224.6222 135.1949 96.4577
234.0705 14.0120 247.6559
-177.8637 158.3849 -607.5094
-215.9507 21.6661 241.0724
-106.7848 -120.0716 -409.1914
-194.8020 -64.0732 -401.4240
-11.2772 177.5255 -772.2581
18.9853 180.2599 -602.1375
-77.2011 172.0568 -994.3076
-206.2624 -36.2065 -404.9071
-172.8379 94.3200 314.4828
-42.9273 200.2900 -727.4575
-197.2347 26.2595 -442.7476
104.5788 -64.2185 -282.1438
-127.0860 -183.4121 -660.0570
-83.2101 176.1071 -740.5375
-38.1770 25.3923 547.8427
-26.5947 -79.5058 -40.4576
-273.2390 66.3170 -168.1713
-171.9904 122.0138 -116.9439
183.8901 169.7349 -357.4059
-277.7504 91.7796 -67.7080
15.6837 -69.5482 440.0942
4.2077 180.2599 -878.3266
-66.2037 4.5905 -866.4668
-22.9388 127.7233 323.6080
141.3519 195.8669 -835.3058
171.7198 176.4365 -602.7408
-100.9898 168.4050 -458.7532
-71.1579 21.5977 -492.0175
-109.5562 147.4474 61.0527
0.8545 224.0099 -422.6758
95.2808 177.5255 11.2483
-116.9497 201.6639 -351.7839
-68.0555 224.0099 -321.5141
217.0508 144.7774 -715.7567
-211.1229 130.1501 -4.3859
-9.1286 177.8356 -718.6026
108.3423 11.6463 -1053.0173
-154.9479 155.6505 298.1825
-210.8147 68.8469 -172.7885
-162.2625 150.1817 -674.2112
209.9848 144.7130 527.4503
-263.1303 64.4114 -158.5009
-136.6109 161.1192 -201.3732
-229.7400 68.1505 -252.1318
-172.5334 15.9806 -80.0507
69.1493 147.1492 270.6057
-110.2208 -31.6187 253.6277
45.9137 -71.3027 38.1326
54.9742 97.1390 428.8426
177.9802 64.2670 131.8461
-270.2260 111.7941 7.0588
180.2011 -88.1510 -557.9434
68.4125 -7.6391 -532.6787
-149.7400 179.8111 -404.4902
139.4337 133.7087 -384.2672
180.1783 138.9668 234.6407
-103.5961 166.5880 -835.9439
210.0970 143.5280 478.3878
-12.5303 139.2442 293.3154
60.9002 180.2599 -264.1535
270.4355 126.3655 84.7847
-51.8693 -56.4115 -1161.8804
157.4276 185.2599 -781.9507
-74.9369 173.2446 -474.0847
153.7300 -25.3128 -149.2507
60.3308 -50.9264 382.4449
-122.3984 185.5152 -1008.6776
-30.7012 180.2599 -363.6734
-75.1010 161.1192 -314.6070
-187.9042 2.8572 -219.4740
-232.4932 73.5984 -288.7580
-61.6002 180.9021 -662.0575
-251.9779 70.2960 176.8240
-146.8455 128.6393 -52.0532
113.7421 174.2579 22.3169
105.7463 178.5502 568.4146
124.0792 -162.7349 -688.6227
-75.3370 38.1984 -1018.8389
197.8664 119.9954 101.0057
57.8613 -94.3014 -813.0600
-166.8310 150.1817 -246.4461
-157.9337 150.1817 -778.1873
102.1138 -0.5264 -531.2575
-145.0516 180.2599 -899.2782
16.1385 -99.9672 -591.3343
278.7810 80.3128 118.1757
-272.1006 91.3882 -242.9187
-254.5647 63.5057 151.5294
279.5944 103.3739 -351.1971
50.6223 169.3224 -128.5991
-167.4994 164.7861 -692.2621
198.0482 150.1817 474.9183
191.4189 162.2061 -898.8139
28.6646 -37.2783 -871.4955
68.3009 182.9943 535.9452
-97.1901 213.2203 -678.7195
-209.0636 122.0002 -77.8130
56.5931 -58.0744 -276.4785
-85.6338 16.1973 -929.2814
86.7273 172.0568 -685.6216
168.9187 181.9720 -283.9151
-251.5799 50.1266 66.8516
58.4357 22.9442 -1100.2375
-115.4329 150.1817 -116.2081
188.4386 152.9161 281.4009
-104.4734 150.1817 -337.7657
62.6415 226.7443 -115.0331
37.6859 38.6388 -1083.1038
-38.4271 181.5177 158.1595
93.8818 221.2755 -807.5375
114.7357 214.2800 -929.6305
43.1643 182.9943 217.7380
129.8827 169.3224 180.6318
270.5374 68.9065 -156.9128
-28.6640 98.5433 508.4259
19.1784 -31.3488 -815.5020
-261.0012 87.4250 161.0272
149.2711 166.5880 317.4781
20.2678 -7.0603 560.9226
-32.0793 180.2599 -185.7424
-181.7707 -16.9740 -503.4822
196.6074 105.3948 -42.0255
-39.4015 166.5880 6.4954
95.9569 172.0568 -799.3276
-157.1571 150.5190 -880.2813
233.8333 134.6306 330.0521
-141.6714 182.4109 -812.3508
-131.8017 163.8536 250.6371
182.1080 -26.1593 228.6107
207.7208 141.9786 108.5156
-127.0940 196.9883 470.8466
-3.9054 -66.3952 515.1426
118.8487 -60.3652 -653.4410
191.1010 111.3378 297.3984
-46.1600 226.7443 16.9318
18.9375 202.9382 -727.4575
123.5943 169.3224 -191.1916
117.5564 174.7911 500.3571
143.4982 -30.0826 -757.8818
46.2167 -40.6205 -1143.4349
-174.3337 -60.8659 -314.4010
202.1651 165.1318 484.0896
186.4678 81.8918 312.4026
153.3248 -137.3357 -526.8112
-177.5451 34.9017 -461.4540
-127.6798 161.1192 -564.9114
123.9741 215.9790 220.1010
-242.7087 46.7242 201.0483
262.6291 132.0116 97.6759
-47.6767 174.7911 -694.3167
111.4356 172.0568 -224.1242
196.6074 -61.8928 -431.3229
-39.4858 87.5846 512.2000
-73.1157 177.5255 367.9590
61.3205 169.3224 -192.6492
47.7024 229.4786 452.1240
-33.3028 224.0099 -391.2696
59.8074 34.2348 -980.0731
218.5243 138.9663 25.4076
-6.0634 204.4700 -727.4575
-131.5177 -47.1665 -881.1812
-47.6442 178.5038 -739.6074
-37.7994 24.8832 -1093.0594
-164.3303 107.5980 62.5053
-150.4951 179.0560 -147.6540
94.5211 226.7443 -39.8195
-62.2735 166.5880 -282.0352
228.8211 131.0411 -135.6299
-110.5840 167.0139 -156.6691
-178.0021 -96.6920 -552.4800
128.8844 202.8657 -861.8024
192.2897 165.5771 -249.7022
-92.1013 169.3224 -435.9541
-129.4963 -71.1524 -297.1631
-136.5359 -80.0050 -618.5492
20.7741 182.9943 -63.8276
-6.6683 226.7443 -95.5849
-101.6866 150.0982 18.4933
-213.5490 88.2770 -213.8888
3.7466 -46.6061 -389.7426
232.2503 139.2442 568.4681
82.1013 224.0099 -401.3432
8.9371 185.7286 332.5071
-171.3466 20.5854 318.9426
-103.5521 -49.4277 -225.8498
-85.2265 18.6731 -1064.7295
134.5030 202.7158 -411.7247
192.3264 13.2836 -123.5650
201.4266 141.2610 -593.3265
270.4355 121.6053 130.8970
267.3015 119.8721 -146.9069
230.2903 -6.1744 -337.1324
-191.6740 -61.9419 -488.4471
-162.2856 133.7755 -200.9382
-79.0435 -119.7575 -1180.1604
37.8696 -34.0229 -563.0827
-180.0251 144.7130 246.3079
175.6512 158.3849 194.6279
65.6152 226.7443 -81.2580
33.4092 55.4418 -1074.0776
-146.6587 107.3358 -401.3214
-105.3852 2.5254 -876.4094
-149.3470 136.5099 265.6282
177.0485 172.0568 -601.2174
50.4429 133.0344 310.9051
118.8726 148.0356 -51.9743
-84.9074 172.0568 -733.2040
-48.9638 180.2599 -122.3565
-33.9825 -60.3849 -279.4203
131.6693 211.0183 258.0685
139.1855 -23.2735 -924.9288
-128.4727 195.6096 287.6390
221.2168 139.5747 114.2457
-170.3901 164.6297 -436.7336
197.9808 142.6981 -1007.1435
-176.8947 85.3195 17.4812
-98.8428 -6.1016 -1090.7567
174.4947 173.6616 -921.4357
-143.1377 186.4134 446.7349
-31.2648 177.5255 -941.1364
-14.3055 180.2599 -298.8698
-109.3092 207.6036 28.1920
110.3379 -59.5904 199.8057
176.6572 158.3849 458.8448
189.7214 163.9037 -483.0491
-62.8201 163.8536 -328.0469
27.3977 -26.7588 210.4307
-106.4710 157.4551 -234.5950
-110.2655 205.6137 -329.0036
-149.7189 155.6505 -42.2329
220.5350 106.9505 -249.6475
196.6334 -25.2895 -260.9744
143.0919 -34.6855 -27.9207
19.2010 226.6440 -623.3622
4.8285 203.5298 -635.8975
26.1987 -81.2827 391.0745
30.0243 -15.0342 -829.9832
-18.9881 -116.2798 -664.3224
-163.3124 147.4474 -992.4651
-168.4009 147.4474 -638.2982
226.1120 139.0680 -130.5243
2.0996 -21.2435 -449.8894
229.5534 9.4949 216.4357
-149.0514 -148.1050 -662.3454
36.9866 169.3224 107.3414
-125.0191 -53.7060 -707.4149
-103.7850 -1.4563 -934.1115
-232.8924 108.2829 -375.4552
-170.5388 145.3404 -727.7628
211.6373 136.5099 -876.0731
-72.6151 -65.9475 -48.0282
63.7274 103.9906 351.6426
-6.1062 -38.8541 188.1565
-35.6282 65.3845 -1031.4919
26.3248 169.3224 -128.0603
-138.2780 136.5099 -331.5375
275.9043 81.2627 72.8151
160.6435 179.1549 -1011.5775
122.5144 169.3224 -338.0773
-5.4669 229.4786 -597.0233
-154.4045 -92.2650 -362.3045
212.3119 -5.0123 196.4733
-63.7359 224.0099 -564.4463
-208.0803 91.5303 -174.6243
-59.0919 -142.3965 -716.4508
149.6700 136.5099 50.9560
68.4358 226.7443 1.6451
129.5124 -31.3548 -1172.6479
151.1826 -27.8602 -161.5313
-125.8502 196.6661 163.0028
211.7774 138.0190 -33.5647
-18.7015 177.5255 -702.8221
75.1405 177.5255 -277.1875
-272.4288 88.9768 4.8056
278.8581 108.6288 -385.5674
-90.8451 -120.5215 -416.9876
-197.4234 133.7755 -796.5532
-8.4708 -75.0226 -588.2997
-163.7189 -74.5226 -744.4542
-152.2379 -158.8158 -625.5485
74.8367 166.5880 -262.6573
-37.3308 -49.2786 472.7649
211.7338 93.2626 -376.1560
-74.0070 177.5255 400.1378
115.2291 215.8068 -516.3020
-9.3615 180.2599 -335.6357
87.5421 -95.2032 -362.7919
60.8816 -117.6006 -469.5764
-2.6313 182.9943 227.9037
225.7464 95.9614 -240.3210
-59.9259 -82.7654 -1137.4639
-141.4230 158.0499 -526.3499
93.7493 226.1082 -150.1887
175.3134 160.7332 -1008.6776
-219.3936 130.0497 -75.0045
-13.2475 180.2599 -629.8552
195.2991 163.7947 -254.5535
127.3891 -171.7159 -672.4666
279.4882 81.8223 -324.2226
26.6928 109.5270 393.2895
88.1212 -88.7176 -341.8839
-83.3937 174.7911 333.8100
225.2068 137.5123 -165.6231
-51.6167 226.7443 120.7498
122.1859 -175.2090 -667.6722
-34.7127 224.0099 -433.6642
41.9972 221.2755 -734.3162
111.8471 176.1529 381.5206
15.4582 -41.2246 130.5208
205.2768 140.1451 -217.7988
-27.7597 102.1819 489.2701
78.7490 229.4786 596.4827
-59.9513 -151.9063 -683.9618
-34.4214 180.2859 102.6305
-19.2118 226.7443 305.1576
-167.6336 148.2456 -399.9706
-183.0858 141.9786 321.7812
89.9667 -33.2107 435.8223
85.2698 24.5267 346.6467
88.0837 136.9489 -400.4575
-252.0010 124.5770 -108.9465
-69.9451 -87.1089 -1178.7175
-131.3218 123.5658 -392.6453
143.2210 123.0570 -403.2036
183.1055 135.8455 154.2601
-106.6776 -52.1621 -118.9742
91.1306 -15.1618 509.2952
-164.3303 -17.9544 168.2607
-94.5921 -80.1813 -313.7831
-160.7373 152.9161 -146.9984
-89.5373 155.4106 2.3264
92.7011 29.3615 385.0243
207.6695 64.1347 -429.3841
-128.7834 -37.7183 -1150.9227
33.8856 -8.4385 -870.5658
104.1897 172.8729 -251.6877
229.1068 -10.0923 -354.8958
62.2624 206.7710 -727.4575
-104.6380 170.2256 285.8806
70.6482 56.8178 -1017.5425
-73.2439 228.9635 364.6589
259.4980 42.7286 168.6171
-35.9958 -17.3641 -813.9564
98.1423 -84.8487 -1201.9087
-244.9340 48.9495 85.2968
-35.3332 11.6144 328.2615
188.9795 170.1143 146.2176
61.6983 221.2755 -870.7103
-15.7915 180.2599 -611.8129
217.3491 142.2126 317.0350
181.3190 -14.2338 275.5883
-72.6289 -18.1176 -1126.7211
31.1916 194.2496 -635.8975
3.9377 180.2599 -378.6581
73.9514 163.8536 69.9608
-67.0212 166.5880 -147.5719
-110.3581 172.0568 540.3159
207.8687 142.6866 249.4703
212.0249 139.2442 132.7051
173.4394 -8.3378 -153.2744
262.8521 56.4655 -85.1749
125.7855 -45.1562 -18.1115
132.4389 202.0455 -645.9517
133.5199 149.8792 -290.4717
-0.0114 229.4786 522.4644
-11.8263 221.2755 -815.5161
-110.0704 -194.3496 -638.2950
78.1836 174.7911 -624.4520
-87.4008 154.2311 -345.8701
-101.3745 -63.0996 156.1649
51.8515 185.7286 553.7244
-29.7419 -132.1362 -547.4019
-121.0376 -50.4869 -1143.1047
162.2322 -1.1929 -530.3409
181.6944 133.6494 -220.5488
-149.1923 177.6244 -578.9735
-265.7695 72.5193 -73.1230
-64.6208 224.0099 -340.1512
150.5277 197.6286 253.5453
173.1439 133.1213 -314.2614
-162.4474 150.1817 -500.0129
140.1387 169.3224 83.7754
-169.2264 -91.3328 -381.5954
-42.6431 180.2599 48.5579
285.5402 87.3567 -337.3289
-134.2362 136.5099 72.3997
-152.3510 2.8508 57.1366
-24.8463 -97.4011 -805.6463
68.9414 66.4676 392.8754
219.6993 9.3954 286.6832
264.1035 129.1237 180.2867
-194.1986 145.8704 535.2796
-161.4629 151.0743 -1011.1307
148.6399 169.3224 416.3524
-94.6328 7.9651 -943.3378
193.5423 144.7130 -756.0680
86.5094 172.0568 -923.1829
-172.1421 110.7396 -371.4698
168.5017 -39.3811 -256.8862
-142.7470 131.7906 72.9130
-25.3609 -60.2586 -320.5653
36.7702 -71.3027 -650.4625
10.6557 208.1199 -635.8975
98.6943 -45.6371 -700.5537
81.8188 225.9693 -182.6520
278.6386 83.8089 57.3433
286.3931 110.9820 -10.9531
17.5604 182.9943 -99.6696
-179.8623 111.4414 19.0954
116.9028 -58.3418 202.7920
260.5076 57.2130 -124.8554
-74.4739 172.0568 -589.6766
-8.7322 182.5869 -216.9883
-23.8348 18.8398 -488.9673
-204.9045 20.2260 -430.9432
90.7748 229.4786 507.1920
-57.1320 221.2755 -594.5112
147.1542 -113.2871 -758.4010
169.2636 -65.6214 -778.4320
164.2284 -29.4827 245.6564
-26.5795 -76.7715 -181.0357
-71.7384 -66.8242 -8.6847
126.8483 210.3705 -193.2841
151.8638 165.8698 -740.5375
5.5140 227.1802 -588.3263
197.4292 167.1333 488.0677
-159.1442 151.2662 -489.7646
191.9963 144.7130 -702.1442
-179.5896 142.4828 -663.5949
-154.0427 -24.8890 98.3060
26.2412 224.0099 -508.8978
-195.2048 122.8380 21.6197
-205.5360 127.1297 4.0475
-276.1342 69.5669 -234.5359
-19.4083 -22.4099 -858.6891
138.6611 172.0568 456.0584
-224.9614 60.8397 -178.4259
80.7299 221.2755 -767.1484
162.7857 158.3849 -248.9992
-148.3874 180.2599 -472.0858
-157.4327 -112.2088 -416.5454
183.6320 148.1180 -814.9990
164.7889 158.3849 -257.2522
30.7750 194.0914 -662.0575
161.0253 187.1310 -95.6340
-184.2900 158.9329 1.8331
-39.2231 74.5568 373.9476
119.0760 215.8068 -151.4754
-101.4257 -106.0372 -817.6907
129.1033 166.5880 -680.6914
14.1545 143.8636 278.4641
129.1915 -53.3122 -899.0300
-5.7365 -52.3143 -778.5760
-50.2794 -51.1841 -927.8932
-120.2581 -38.5153 -191.8880
-125.0281 -29.4859 46.4446
128.3244 117.1015 -417.4479
-170.4969 145.3823 -811.0854
-187.2649 139.5518 -127.3395
-143.0435 128.6712 297.0439
-143.0623 -36.5159 110.2428
163.1496 158.3849 -285.9127
-36.9989 -72.7328 -165.3043
278.0897 61.3265 -147.3830
-161.5959 103.8620 5.4701
84.5931 -111.1084 -416.9561
-13.1458 118.1572 345.1165
-38.2115 -48.3980 463.8188
189.4397 169.6541 101.3085
257.4060 120.1036 -180.5075
189.3955 147.4474 -972.8775
-133.5810 75.9187 -433.1575
-120.5643 162.5023 -966.1094
84.0473 65.3146 -1081.9380
-88.6962 64.2551 -445.7443
120.2361 14.6389 -913.9277
42.3502 180.2599 -491.6381
34.9349 226.7443 -175.0860
167.6636 154.7303 -956.8699
109.8993 -52.7373 5.3056
-237.4119 55.5911 -138.2484
-209.4330 36.6414 50.9896
59.5507 4.6792 312.9831
3.4280 232.2130 -601.3245
-102.6194 166.5880 -562.3087
-28.7743 14.1883 -988.0114
131.3959 166.5880 -492.7834
166.5292 -52.1223 -811.1954
40.6076 182.9943 246.4640
-45.2633 226.7443 75.4194
-95.5386 12.0944 312.4026
22.9023 182.9943 -203.1397
-76.7949 226.7443 31.8138
43.8466 -40.6068 -906.3865
93.9297 174.7911 -271.3272
-193.7950 8.7479 -215.1900
-277.0742 88.8264 -303.7078
-125.0216 199.0607 475.9396
199.1517 56.1402 316.1271
77.8726 224.0099 -504.7116
-145.5435 156.6638 -365.4961
195.3373 128.3067 260.7042
-2.9999 -58.9958 -418.6385
-0.2677 -37.4963 -496.8590
217.3383 139.2442 316.7198
-199.8772 144.8249 -303.1359
-124.6781 161.1192 -749.4020
50.6058 182.9943 327.9380
-134.3820 191.1974 229.3788
94.2390 -57.6308 28.2768
-123.8351 -5.5086 292.7826
-176.7402 -62.8938 -550.6258
-126.0898 -186.1465 -652.9124
-23.9210 -109.9951 -758.4034
-141.7760 98.5195 325.4826
-160.3078 -150.5205 -602.7601
183.6399 122.8380 -360.8484
-75.3780 226.7443 263.8184
-51.9426 -109.5840 -431.0599
-202.3681 141.0534 -756.4126
-54.2916 150.5422 262.4904
-100.0629 14.9115 312.4026
62.6604 224.0099 -514.0171
-128.1111 182.4666 -642.4375
197.0545 2.3472 154.7995
215.3340 139.2442 341.8295
-179.0038 32.6350 -463.3867
-175.2333 147.4474 -123.1180
-169.7752 -127.3812 -522.1957
68.2788 47.2712 -1001.2492
-166.4298 -114.8309 -450.7287
177.3476 176.2774 -143.0039
127.1777 210.3380 -134.8112
163.7563 -141.0678 -608.3301
25.4037 111.2299 444.8687
282.8915 75.0266 -230.0555
-214.1122 44.3451 -31.9177
-35.1774 169.3224 173.3941
-72.5049 174.7911 -431.1399
226.6855 -5.8748 -390.6287
48.9682 0.9116 -1097.0085
154.8393 158.3849 -504.1701
-146.4222 -19.4842 -85.2298
263.5169 104.1386 -332.6451
11.4077 39.1137 -457.8124
7.1357 55.9972 567.4626
247.3602 97.6750 259.6835
-43.2141 -49.6737 -723.5992
-39.8514 226.7443 203.4589
50.8818 172.0568 -164.7224
-165.9708 169.3224 359.0212
-70.1912 -97.3496 -1185.2576
-134.7679 158.3849 -742.3163
-178.4414 161.1192 -309.8778
185.7385 122.8380 -362.3257
53.1923 -5.3020 -1049.9551
-54.1916 179.6564 -30.6779
-33.2874 218.8309 -1012.6407
-21.0940 166.5880 -333.9617
74.5563 179.3040 -727.4575
214.7296 16.5861 -213.9717
218.2174 2.4625 -423.9812
-40.3406 226.7443 203.2350
-69.1417 174.7911 -484.6110
-13.7621 224.0099 -459.2520
43.9828 226.7443 -195.6230
-8.6467 192.2684 -727.4575
83.2294 224.0099 -531.3007
39.0737 169.3224 82.4527
-72.1568 -171.3474 -660.1158
-60.6304 174.7911 -745.2639
-47.9611 221.2755 -631.5034
-180.7822 43.4741 -70.2968
-148.6745 153.5328 -816.1321
115.5475 -1.0789 -1125.4510
-41.9071 170.0658 -238.4989
-123.7441 141.9786 -21.3593
40.1415 229.4786 477.3515
130.3259 -59.8498 133.0198
-100.1292 -115.0527 -790.3881
166.5292 -45.1967 -779.5060
215.7480 72.7081 -112.4909
58.0911 180.2599 -733.3044
89.9818 64.0338 510.9332
-206.2874 122.4123 -46.4451
223.9511 84.6498 -232.6357
-37.6177 -74.0371 25.1688
212.8754 139.2442 172.2809
49.2818 180.5708 -659.5311
-272.1613 109.6077 -379.0465
-217.9057 19.1868 174.5653
95.0593 -9.3086 418.2872
40.0591 229.4786 470.4754
-239.2606 48.1196 -32.4429
121.6115 215.6073 -9.9937
177.3638 173.5269 -383.4647
7.6706 225.3972 -204.2093
-5.6229 113.7214 504.5190
-269.5500 74.0606 -173.6433
145.9385 199.4834 164.8008
-67.5290 224.0099 -350.7871
191.2093 131.0411 -204.9827
-48.9617 229.4786 580.8339
42.1611 55.0588 -1034.8376
-95.8478 -8.9244 -1079.0979
-149.5140 152.9161 -884.5472
137.9753 197.0983 -882.5567
7.6993 226.7443 45.2894
29.8104 -16.2459 -870.7419
239.2366 109.1661 -211.3714
237.5685 121.5253 202.4178
180.1350 150.1817 -820.2739
-135.9087 147.1580 -182.5463
56.7399 -65.8340 -652.6956
191.9018 104.2701 -37.4126
-46.5727 -43.8244 -1048.0248
-177.5403 129.0559 188.8297
158.0536 137.7707 92.4065
2.1451 -34.7102 174.2821
42.9961 -13.5610 325.4826
267.2763 107.1085 -282.1348
62.7514 -17.5113 547.8427
-25.7036 40.1005 -1029.5908
-49.9594 116.5145 337.3370
-28.1689 -26.5761 -791.9235
-169.6472 117.3692 -359.1726
150.8686 144.7130 125.7689
172.6054 -56.4798 -585.9117
-90.4047 170.7870 -440.7700
-83.4921 224.8581 369.6049
187.5049 163.3858 -862.2798
-244.2101 107.8672 -290.9898
21.8141 67.3642 560.9226
-5.1507 -79.5058 -118.9348
98.3232 212.6296 -635.8975
-149.7095 182.5760 587.0709
90.3336 23.5137 325.4826
-45.4694 169.1535 -306.0313
68.9916 -38.7491 529.3402
-219.0178 125.6000 -298.8690
-9.4752 185.7286 489.4690
20.6195 185.7286 251.0822
-122.6455 102.8497 -412.2948
-162.2878 169.9977 -488.0129
-137.7214 161.1192 9.9764
-60.6954 18.9317 -916.7053
-179.4458 144.6365 -85.2812
222.6067 136.4871 -481.5260
-31.7259 -51.7677 -901.7417
158.2412 -132.9110 -519.6348
255.1783 133.7755 51.4645
-189.3203 139.2442 -78.1773
80.8211 180.2599 258.1325
188.7692 68.6456 -444.1805
73.3083 224.0099 -454.1459
-22.1427 -89.4576 -663.1240
-21.0946 82.7410 410.1929
-221.7522 4.7878 -350.6728
27.8487 229.4786 569.9270
278.0781 110.7663 144.2919
231.5096 134.4980 208.7141
-219.6179 135.7428 -8.1726
105.2957 23.5137 -1124.5551
-82.9874 172.0568 -628.1740
201.7863 157.3075 -969.0315
-212.4914 87.6007 -308.8979
218.4824 143.2746 -460.4408
172.4384 -78.2873 -612.3097
-170.1886 67.7343 -5.7192
-196.5989 -58.7271 -369.0787
169.3493 156.9320 -90.0884
-152.7483 155.6505 -113.9395
28.7670 -98.9702 -715.2159
208.9884 81.3060 -95.2952
44.2753 221.2755 -893.8106
-37.5206 224.0099 -219.5976
-15.3446 221.2755 -907.7897
-195.9192 141.9786 -700.9749
246.7011 29.3769 151.4345
-75.4808 -63.0819 -68.1979
-137.9507 186.1316 -424.5436
-91.1122 219.2983 13.5798
240.3574 25.8023 -296.6656
-179.8477 6.0839 -180.5405
185.4141 152.9161 -46.2079
106.7151 175.8162 275.6854
167.0068 178.4151 -632.6092
255.7796 130.6579 -46.6790
170.9165 186.3546 542.3921
221.1195 148.9118 5.5450
-167.5211 164.7644 -648.9964
151.1340 164.2098 73.1180
33.0672 229.4786 424.9970
31.9348 177.5255 -763.1957
202.0319 -44.5415 -336.3450
250.4145 41.2935 58.6947
106.4577 -38.6193 -259.5386
3.0933 107.8917 384.5645
-11.7746 221.2755 -875.9305
-41.7021 -75.0074 -870.0184
-52.9698 -54.6825 -586.3357
-41.8946 226.7443 227.7891
-183.7598 78.0206 -413.5375
-188.9397 -79.6766 -468.9122
141.5590 169.3224 271.5201
-16.7363 229.4786 579.1240
215.9691 148.5934 -969.7648
64.7390 -63.0996 115.3180
-223.5998 100.9630 -218.2740
-154.7222 177.5633 555.0629
-127.8800 193.4679 -868.6948
257.3955 126.3077 -87.9177
-120.7644 -57.0807 -265.0718
18.4944 172.0568 -212.5869
218.4824 144.0260 -946.2286
258.7678 108.5662 -266.4762
-111.0577 9.1163 -505.6838
-208.7759 10.0570 167.1808
-154.5806 -19.3922 224.2145
-196.1508 142.3538 -6.3149
-133.8189 190.2634 -360.3726
46.6921 -133.9261 -644.2138
207.6309 140.5254 152.2065
30.8278 143.8730 284.9817
70.6226 143.2186 280.0068
-128.4137 -101.6585 -365.1517
151.8356 158.3849 -725.9210
67.4298 -70.4743 -1193.0863
186.4167 -57.9820 -331.1438
226.8595 6.8010 246.8157
-60.5485 226.7443 329.4709
-183.7285 137.6194 -940.3597
-117.7650 147.4474 -60.1924
-18.1053 177.5255 -913.5195
223.9436 94.1195 -244.9602
-47.5425 218.5411 -650.6558
137.2593 208.1626 328.5742
31.8251 -102.7849 -490.5571
-138.4453 158.3849 -338.4144
-71.3142 -169.9391 -661.4689
80.6711 229.4786 548.6447
92.0204 -72.4659 -858.7455
-18.5715 -104.7827 -756.5596
-118.1602 203.1878 242.2354
115.3693 -81.7838 -324.1559
-148.7225 182.1385 456.1456
219.1346 145.7994 397.4226
-136.1290 158.3849 -685.6864
-174.8032 146.5448 -260.7790
10.6698 -69.0678 -454.5301
22.8715 -60.3652 354.4175
16.1385 -66.1568 -767.8369
-19.4083 29.8966 -1059.6353
280.6107 83.1339 -217.3375
5.3942 -79.5058 -134.2697
-1.2929 169.3224 -119.1859
-26.6360 224.0099 -344.8865
-193.5972 81.2536 -397.2180
55.7533 226.7443 -82.1521
-118.2196 200.3940 -510.5596
77.1507 76.8687 -441.7355
-205.3459 -44.5597 -395.0101
267.5016 62.2822 -215.9047
-3.0021 -96.3642 -585.4280
200.4812 145.3558 -88.8147
-0.2677 -52.8225 -411.5974
-198.2075 7.6918 250.3153
165.0414 136.5099 -306.3834
80.8369 -54.8965 -679.6564
140.8330 207.3232 556.2912
-25.2396 226.7443 51.5263
75.6230 144.7130 276.3198
180.4487 154.0357 -13.4734
72.3399 11.3846 -869.6367
-59.6883 226.7443 9.3589
87.2323 59.3006 439.5378
90.4167 226.7443 -73.5956
235.5994 65.1089 -254.0757
-48.8196 177.5255 -571.1226
-23.6803 59.3620 -444.3674
157.9563 160.1219 -192.3855
12.6101 185.7286 529.1475
120.0863 172.0568 182.6655
-9.7230 68.2662 560.9226
-123.2289 163.8536 -376.1911
126.7391 -36.1620 53.4399
-165.5980 110.1095 82.2511
-132.5706 158.6992 -702.2906
71.0833 177.5255 -622.1580
126.5210 169.3224 -228.2987
199.9198 72.2459 312.4026
-95.8583 172.0568 264.8177
-172.5334 28.0758 -52.5595
228.8039 138.4930 180.5197
-152.6369 110.7117 317.0537
-132.0389 53.1492 338.5626
-88.2718 219.4042 -849.9696
27.0435 -110.7376 -534.0946
193.8730 12.8808 -164.5075
132.8611 -150.4699 -528.9008
107.3354 189.0754 -727.4575
-141.2290 -43.8180 149.9536
-54.6794 166.5880 127.7895
-1.2722 179.2935 -701.3887
-156.1271 -55.1092 -786.8313
-95.3597 215.0507 -731.9785
-78.7160 187.4901 -727.4575
-167.9039 166.5880 -428.8054
36.5489 204.7306 -740.5375
106.6491 -22.0012 -1113.7802
-194.0244 147.1282 297.6409
3.2957 -63.0996 427.4103
144.5001 -91.8702 -805.9376
126.7466 191.3214 -740.5375
162.0660 -67.6804 -618.2888
-14.4218 23.0254 -476.8395
163.8317 -75.7201 -690.8203
-109.4107 -77.9263 -1174.3845
-52.4636 -98.2299 -392.3404
-141.9674 132.3444 72.3728
-5.4707 185.7286 463.0182
-39.5599 -116.8642 -480.8522
-109.6636 -59.4644 127.1780
128.8745 150.1817 -295.6433
-76.6830 185.7087 -635.8975
-95.2819 174.7911 536.6983
-164.4890 93.9284 113.7871
-18.8651 184.9047 356.9233
-82.6427 221.2755 -869.9105
-48.1436 35.3290 413.6931
-112.3771 -28.9440 -942.6388
134.4601 164.4774 -619.8126
214.9359 141.9786 412.6370
11.3339 -59.6621 -385.5000
79.4632 -0.0981 287.5459
186.8778 151.4556 -113.3015
286.4529 92.6267 -309.5091
64.5251 29.8692 -954.8871
196.3365 111.1180 -22.3609
204.8755 158.5703 -203.6584
147.8241 193.9318 -431.4286
-7.9767 180.2599 -576.0316
-187.6035 141.9786 480.3532
-258.3626 121.8850 -73.7221
0.8305 44.3971 -421.9435
8.7064 169.3224 -303.0497
-33.4247 177.5255 -985.7258
44.4298 226.7443 129.3999
36.8392 -71.8919 -840.9596
170.1388 185.7286 193.3511
-175.9986 161.7556 -322.2872
-118.6745 -23.3472 266.8713
149.8689 -64.1752 -843.2125
177.4667 -105.3491 -563.7299
280.7383 81.0899 -195.4062
189.6378 147.4474 -904.6037
197.4874 118.6107 108.7980
-75.6024 224.0099 -516.7927
-35.2386 177.5255 -594.1462
-97.9578 215.1870 -56.9609
62.3030 -63.8685 52.2334
220.2876 37.6505 -203.0440
-59.4269 37.7022 491.6830
37.0291 229.4786 519.8620
-84.3209 172.0568 -294.2510
-145.8919 -51.7654 -265.4387
-133.4214 190.6609 -237.9827
-199.3469 135.6729 -709.4056
225.7030 48.6252 -51.8458
-36.7491 221.2755 -800.7645
170.2098 152.9161 -914.2892
96.6852 42.3335 -1060.8967
-135.1074 -24.0332 258.6904
-142.9536 -29.6502 203.3006
159.4594 158.6187 -175.7722
-99.1050 5.2598 -917.9683
207.9727 153.8554 -493.7590
-161.2047 172.0568 -89.2048
93.1377 221.2755 -681.3918
160.5735 -130.5787 -671.0765
-113.6999 -63.8260 -281.2049
-93.2365 -20.5183 -1065.1854
240.3574 36.3595 -276.8870
-98.3958 -3.3988 -847.3582
-23.4819 -50.2726 195.8646
-21.8628 180.4957 -145.5028
-104.3925 -10.0376 -946.6429
138.8923 203.7952 -1.2466
137.9190 -45.2612 -707.9928
-45.5757 218.5411 -643.5943
168.1151 158.3849 313.9114
-122.0348 -59.5405 -270.9550
-271.9323 94.7099 -178.5209
45.1622 46.4083 -468.8097
281.3730 69.5700 -179.0054
-218.0481 22.8989 239.1904
-125.1708 -38.4581 -1140.6470
22.7063 -80.6924 -433.3669
157.9364 -29.3796 -837.3992
-182.3631 -3.0177 262.5543
-38.1196 171.1190 -275.9566
125.2998 168.8844 -729.0165
-48.4750 180.2599 293.4732
-136.1512 163.8536 452.7716
-134.0459 191.1974 237.5003
-30.6980 -122.4141 -730.3132
-0.8376 211.3189 -1008.6776
183.5476 154.7538 228.0633
79.7151 -50.1399 -905.6041
99.0540 221.2755 -690.8146
270.6873 56.0976 133.1508
-29.0430 -2.6474 -1056.8660
-34.6513 226.7443 -135.0239
212.0253 136.7281 -36.0592
-107.2938 -173.1087 -555.6641
116.6930 157.6352 -239.2733
129.4982 213.0724 203.9745
-180.9394 158.3849 -398.6503
-5.4054 224.0099 -309.8373
-132.7345 191.1974 -364.8976
-138.1909 -157.3108 -530.5697
-4.7207 -76.7715 10.3988
-89.0407 158.3849 -323.5556
150.4796 167.5986 367.8997
203.5056 144.6507 235.4812
153.9463 193.9318 -69.2420
-99.2776 169.3224 -550.1576
-95.6553 217.4895 -155.2084
-104.9728 169.3224 -276.4418
-161.5959 -112.8070 -672.9357
222.5465 150.1817 593.3474
-35.7189 180.2599 -109.6930
-118.6514 -44.5206 -97.6513
174.0078 174.7911 -524.7322
-37.0517 -39.0101 502.3737
-225.6289 92.7428 -341.0598
-151.7438 175.0729 -900.2200
76.1362 180.2599 18.3545
145.4805 -33.0215 -57.7982
-125.2857 185.6440 -640.8143
211.3029 136.8534 -51.7886
176.5412 155.6505 35.4608
176.1967 -51.5369 -572.0399
-117.4415 199.4005 -978.1522
-207.0801 122.8380 -52.4281
185.8235 152.9161 125.9494
-78.4422 -16.2262 -537.7975
66.9160 -27.7442 -985.2405
132.1855 210.5020 163.2840
-163.1435 -141.2399 -551.8129
140.9597 198.0995 -523.5858
222.0948 4.7707 191.3362
116.0476 -39.1365 -254.8532
-16.1658 -71.4042 -837.1794
191.1091 12.0663 -79.4637
24.3261 182.9943 -57.3964
124.6741 -49.4277 -119.4871
162.7467 -79.0316 -789.9587
126.1727 216.5148 361.8093
-86.5056 -58.8698 -53.8929
-168.4916 86.0530 5.1656
-112.0845 169.3224 386.2209
13.7032 -64.7658 -393.2761
12.5457 182.9943 -148.6106
52.0861 -32.7920 228.8896
-39.0785 170.1600 -148.0703
145.3650 202.7913 382.6767
208.1253 153.7029 -754.7104
-106.1144 -50.9092 212.6581
119.5498 172.0568 109.9904
93.2655 224.0099 -312.7169
22.9210 224.0099 -382.3788
-135.6785 161.1192 92.1198
150.0506 159.8244 -678.0612
233.6693 67.8254 -260.2714
113.9095 -101.2427 -370.6971
210.2730 139.2442 153.2548
270.8778 106.4317 -314.2223
-57.0541 176.8398 -1013.5876
75.4423 163.8536 97.4460
-2.3580 226.7443 4.8098
274.1222 106.4317 -338.0950
-181.0253 -77.5694 -370.3566
-31.3073 24.1183 -485.4775
187.8620 174.7911 525.3409
-90.4680 169.3224 -827.3311
147.1180 -58.8208 151.1014
-44.3932 163.8536 -67.6868
265.7721 62.1199 121.7733
193.0131 64.6807 41.5382
-81.5613 163.8536 -160.5093
137.2055 202.7477 -320.2033
-63.4784 -169.9759 -576.8356
62.6554 -61.6133 -881.5103
84.2007 221.2755 -917.5308
167.4929 161.5228 450.8306
-242.7449 131.0411 24.5935
-121.1235 142.8026 65.3993
107.8132 23.4846 -918.3718
44.7842 -68.5683 -649.7920
6.9616 185.7286 475.5705
-201.8842 141.3387 -874.2502
-57.8530 -141.0391 -718.0150
185.6699 28.1854 56.2224
-230.6655 31.9466 186.3190
-38.2684 182.9943 490.1799
223.9511 68.6384 -170.2438
-205.3459 -42.1932 -389.9502
127.6824 -157.2005 -694.7576
-101.6045 -80.5440 -1172.1776
184.7939 147.4474 -905.3733
125.9140 137.3765 270.1322
194.9198 150.1817 275.8190
-122.4258 166.1096 82.8482
26.6913 64.1523 567.2152
140.6041 163.8536 -449.4415
-108.4086 210.2050 459.7361
-115.4257 9.3366 -505.1568
-237.8049 116.5648 -371.5280
231.0065 134.0617 -200.8277
108.9584 -78.2318 -315.6603
74.9339 -67.4004 -296.2940
125.7578 -177.0985 -656.9543
25.9666 136.0025 310.3462
0.5969 -38.9928 -382.8727
-12.8788 177.5255 -694.7303
76.8437 226.7402 -168.2972
-128.2304 -177.6760 -677.0995
195.2639 -16.5915 243.7447
157.1954 158.3849 -537.7150
-56.3421 -31.7946 -766.3148
48.0110 177.5255 -990.8797
-158.4204 -108.7993 -704.2293
250.5611 104.0498 -244.4096
202.9893 156.1045 -717.1035
213.0136 95.7588 -123.8951
-66.3981 -68.5683 -83.1276
-144.2475 -156.0684 -537.3347
-127.2473 196.3132 -97.5955
-184.6493 106.7661 177.9843
-170.5201 150.8278 593.0820
-194.2028 151.7545 -18.2095
275.9712 110.2250 139.2526
-191.1218 133.7755 -762.0487
-165.5429 150.3363 51.3060
165.3246 -13.7183 -56.3467
48.9595 221.2755 -609.3854
137.9671 169.3224 200.7476
72.4257 -7.0026 -537.6964
194.8365 -42.5481 -307.8277
76.9678 174.7911 -991.9883
21.9218 182.9943 90.3776
107.7639 160.6857 138.1124
-13.8819 -58.9403 -346.3223
-59.8345 176.7478 -383.8419
-4.4349 206.8879 -662.0575
-144.7163 -63.6877 -705.2987
148.9505 188.2683 -656.7825
-102.0059 170.1233 57.8481
-152.5871 -24.3970 193.3395
-106.3563 -70.3330 -1147.9673
171.8073 184.5521 405.7390
-69.6000 215.4444 -1008.6776
99.5260 -52.1731 -234.7718
179.9320 155.6505 108.5960
-188.9397 -50.8042 -504.9105
134.0795 205.8736 -186.4097
-78.5135 174.7911 -227.7263
-121.9517 193.9276 -656.6079
97.6296 172.0568 -819.3335
207.3185 -1.3823 164.2474
-85.0408 54.9522 -452.7775
47.0725 -98.6391 -794.9221
-87.6461 169.3224 -966.3750
37.7630 166.5880 12.4333
67.4008 190.2910 -740.5375
63.1212 221.2755 -718.6156
70.3092 -92.3880 -367.1049
-160.8737 -107.3644 -688.7135
101.1706 25.5012 -1066.6069
93.4839 30.5398 400.8989
95.5366 172.0568 -793.7991
-191.2198 133.7755 -743.5514
-14.7212 -79.2042 -2.6653
-33.2826 224.0099 -543.2796
-186.6414 145.6441 459.2565
-121.4405 197.1731 -430.9935
-16.8441 -79.7887 -617.3610
122.5111 209.2390 -677.5148
-112.1016 152.9161 139.4639
167.5043 169.0303 -1008.6776
33.1848 229.4786 591.1235
133.1699 -171.3153 -618.7368
-4.1147 182.9943 -92.0642
11.3782 161.1192 -22.2206
67.5676 70.3425 393.4332
216.3501 112.9101 -253.8923
5.3637 229.4786 512.4734
25.6146 224.6830 -205.9176
59.8886 77.9645 395.9374
118.9692 212.7809 -486.0189
-191.6740 -59.9698 -489.9644
19.9676 169.3224 179.5631
1.2691 -41.3942 -392.3951
214.2479 81.1345 -151.6197
7.4801 1.7386 268.0107
-5.5718 225.5417 -625.9045
238.0986 22.7962 -369.8900
-13.5334 204.3046 -662.0575
-138.9882 -26.9182 -133.9217
-122.9460 196.6661 -536.8905
-181.4440 110.6769 -98.3831
-275.1029 73.5888 -224.9838
-21.0288 177.5255 -914.7949
137.6887 169.3224 270.1594
120.9801 -64.3141 140.9643
-228.9336 136.5099 39.6814
46.2167 -37.3739 -1144.6660
-154.1128 50.5356 332.0226
222.2119 136.8819 -302.3253
-148.3504 161.1192 579.7509
70.9348 174.7911 -811.2145
-69.0649 -147.9763 -510.8559
79.7136 -67.4930 -1174.5088
-30.5876 13.7024 -1084.4658
131.1266 208.4647 -195.3129
-114.0768 -6.0102 -886.8766
204.9587 108.1696 -363.2464
9.8381 182.9943 -70.1828
131.3811 -35.9779 -730.1964
176.3486 123.1426 61.9369
285.7740 92.2958 -310.3416
-119.0629 -119.1875 -407.0770
-88.3740 -161.5371 -524.1368
-108.2101 207.6691 -326.8870
-98.2086 -173.6674 -557.0005
52.1211 -44.5686 -1133.3538
278.6386 111.7050 73.5147
278.0617 59.1988 -217.7480
25.0169 177.5255 -878.3394
75.4601 177.5255 -253.3868
181.7687 92.6458 -423.1411
219.5821 17.5374 -427.2573
-128.2748 147.4474 -279.2527
23.2209 224.0099 -365.9048
169.1832 -12.5941 -131.6398
-82.8972 221.2755 -539.3623
-20.0683 226.7443 -31.3959
271.9719 71.0541 62.3707
272.7184 63.5974 -213.6106
204.2859 123.6805 -13.1368
152.2732 -73.3437 -317.0490
-95.1916 -76.5894 -1143.7183
-71.7617 -141.6486 -730.2036
35.0570 -41.1361 194.3628
41.5465 180.2599 -357.5988
14.1090 182.9943 175.4609
75.6353 -26.6187 -1172.1776
-31.8195 182.9943 285.2499
124.3204 215.6328 57.3423
-65.1010 81.7242 351.6426
-69.9470 224.0099 -402.4093
-167.3074 166.5880 -497.1382
-138.3080 161.1649 380.7892
177.0424 152.5589 -657.9330
-14.5658 -108.3859 -526.8942
-117.0878 199.4005 -682.6469
129.7260 204.7584 -541.2604
36.6866 117.7832 360.3663
-249.0959 114.0648 191.6604
-74.3159 -54.4047 -944.9802
-142.5028 155.6505 -732.6767
85.4634 52.1127 346.0635
-93.3585 -96.0590 -1165.6973
-197.0018 146.2212 192.3915
-202.9302 126.0428 251.6551
52.8502 -70.8703 -858.2576
-246.3615 50.4907 71.9693
176.1471 -8.4121 -203.4489
-152.9479 152.9161 -530.5521
61.6450 -54.8965 79.9368
-16.8170 185.7286 437.4396
-15.9780 94.8230 376.9012
-191.6740 -67.1595 -463.5096
153.4192 194.7371 -22.5481
195.4031 169.1595 373.8818
-261.4884 120.0158 -49.8144
-141.2801 183.7761 -563.0167
201.6615 163.8536 374.2325
35.4868 180.2599 -329.2396
-156.1809 154.2296 -121.4973
-128.5305 -31.9072 -20.7475
86.2786 -89.0632 -1197.3488
113.9708 171.4953 -1011.4681
55.9784 229.4786 591.9265
229.3222 9.2637 241.2661
7.1940 143.6394 279.0004
-82.3708 7.2144 -1115.3542
-0.3508 54.7078 -413.1880
-55.4690 224.0099 -444.2857
-118.5270 -54.6889 -1168.4111
-213.7845 125.5724 204.9326
-58.5337 177.5255 -284.1307
109.1073 1.8944 -1092.6820
-253.0479 57.2130 -213.3267
-20.3317 221.2755 -923.7592
78.1865 132.9005 -404.5658
63.7036 221.2755 -619.8476
142.1896 -109.7780 -410.7316
157.8035 26.8648 325.4826
109.1416 20.2646 -991.1120
-177.0493 158.3849 -904.1049
-0.2677 -64.7054 -553.8674
60.8455 180.2599 -291.1546
-110.3605 208.2531 547.5872
-217.2124 95.0560 -228.5867
-120.3030 201.0449 536.9789
-12.3074 172.0568 -137.8576
-29.7840 180.8045 -729.4249
-143.7482 141.9786 -168.7653
164.1116 184.0447 -325.0533
211.7970 155.6505 -4.0818
-131.9720 193.9318 443.0495
216.9624 139.2442 201.2573
-255.8743 122.8955 -95.4578
213.4536 150.1817 -802.3046
226.5005 135.3277 -125.0289
-259.1702 72.5695 -322.7369
133.5993 163.8536 -825.1696
245.2193 136.5099 128.0010
205.8710 117.6759 -322.1212
247.6982 67.2766 -277.3774
35.5195 221.2755 -1010.9017
-188.5099 6.2438 -194.3361
177.0878 125.6247 282.8474
63.9963 80.1196 385.1305
65.9312 174.7911 -884.5890
-28.0735 -54.8371 494.5594
46.8630 163.8536 -10.0503
-153.7740 -20.5730 -531.2575
123.4138 -26.5205 -564.7587
-192.7225 139.2442 239.7237
116.0469 155.6505 122.3904
176.2199 -2.6941 76.9626
-2.5081 182.9943 -219.8486
14.7743 158.3849 -64.5160
-76.8086 161.1192 -100.0789
244.9043 109.2746 -384.3671
119.8004 -139.4292 -488.1905
-49.4865 23.4700 352.9634
-143.2501 -91.6185 -347.6782
-120.1609 -17.5630 -1138.0701
-4.6999 -73.0907 -459.5334
221.2168 143.7411 17.4043
119.5143 -36.7170 -1160.1277
-123.2474 161.1192 -656.0973
183.1464 15.1534 318.9426
-46.1789 192.2418 -635.8975
177.8668 169.6410 -640.7186
-109.5221 -25.2285 -775.5264
69.0307 -41.0934 -579.9938
216.5506 6.4527 -236.0241
-102.4633 -56.5804 -1132.8735
100.9617 -23.3936 -1054.2378
274.8476 60.2578 109.9953
-156.7743 156.3705 518.5128
-183.4830 -91.7985 -487.1037
93.9795 -7.0743 -805.8671
-62.0790 174.5033 -973.8471
-193.5138 152.4435 -136.0904
-1.2906 -59.0738 -295.6363
127.3538 204.8693 -730.3324
-90.5397 174.9306 515.5661
-65.6309 177.5255 -0.4654
174.0618 155.6505 121.2027
21.6073 -28.7979 -816.3782
174.6265 -85.0539 -613.2608
-13.9396 -98.7774 -756.4399
229.4199 -7.5362 -321.1844
82.3808 174.7911 -878.0448
-168.5033 -44.9149 -268.8447
192.8612 147.0919 -515.5605
5.4805 169.3224 187.4830
-158.8615 -60.9232 -779.4108
-153.7650 -118.6359 -704.9171
98.1698 36.5348 -1076.5178
-210.3589 68.8315 -168.8386
-89.8454 221.6509 455.6099
-160.2902 171.9952 -556.6083
-17.9125 -77.1673 -613.6464
-29.1311 182.9943 51.7432
20.5625 183.2147 -635.8975
-92.7016 217.7088 -635.5059
-229.8115 133.7755 93.9481
66.2440 163.8536 22.6787
-46.5317 -74.0371 -87.7003
83.0099 177.5255 -165.6584
-175.5825 162.1717 -305.0176
-256.9127 60.9282 -45.7232
-107.2958 156.6302 -231.2114
-11.4918 221.2755 -673.0996
-38.1632 18.2637 -492.6925
158.4367 -17.8717 -180.7611
-48.0280 180.2599 148.9865
28.1306 -58.3694 353.1461
56.3012 -145.6811 -567.3137
-247.4933 54.4786 -103.7288
19.2974 111.9005 415.3500
-60.5689 68.1505 -1061.7070
-27.4880 218.5411 -653.7682
-178.0021 77.5747 -41.8825
143.7134 -34.4213 -61.4754
221.2168 144.4525 -218.0382
-246.3615 75.9306 245.7599
59.5115 -13.6285 549.3480
132.4346 169.3224 243.2388
-90.7717 173.1544 154.6218
147.0930 -92.4401 -362.7233
74.2586 166.5880 -137.2530
215.6290 136.5563 102.9490
268.2468 49.7338 126.2460
-215.2073 88.0933 -303.0127
-15.8491 218.5411 -642.9239
35.3298 -58.0841 79.1484
-157.3385 -124.5176 -682.0502
-65.8404 226.7443 -121.8791
275.9043 64.6308 131.4902
-253.9522 57.9677 -78.0531
-9.8641 -80.8691 -34.2705
174.7324 -96.8753 -614.7024
-71.0077 174.7911 -486.5950
-0.5473 224.0099 -510.1149
263.1038 53.9828 56.6994
-0.8537 -70.5215 -475.8419
-165.2433 94.5029 105.1079
-204.9357 47.5566 -167.5121
223.9511 78.8854 -182.3358
-99.4534 166.5880 -773.7973
14.1797 120.2324 361.1446
-183.8111 137.5368 -700.1724
-25.2435 -55.8973 409.8847
214.7610 141.9786 553.0871
12.1062 -78.6096 -107.4494
248.3956 115.6864 -198.4724
-101.4396 -5.5909 -955.6522
12.3275 169.3224 191.3867
183.4425 15.0341 -493.5870
-12.6853 24.0528 560.9226
-94.5803 217.1165 -315.6309
181.5535 139.2442 206.8767
-42.1919 180.2599 -200.2576
28.2433 -38.7017 183.8886
260.3303 53.9436 -80.3665
-135.9977 -27.5527 246.7864
-83.2105 169.3224 -976.3954
-231.1698 43.1143 2.4082
-39.2339 -148.5725 -642.3840
-132.4380 188.9099 -609.2968
95.6858 -30.4012 -1020.8858
-140.6164 -1.2578 -517.4161
93.9713 34.4275 -1112.2251
-98.7911 -64.1148 -1135.5713
-55.3673 -63.0996 -233.1609
-58.0847 -71.3027 142.4442
112.3911 -49.4622 224.0301
-6.1148 177.5255 -754.4581
-52.0089 -67.4336 103.6785
177.8046 178.5548 285.0748
46.2919 166.5880 210.6028
-124.5417 -27.6928 31.2099
202.6958 72.7703 5.5709
-60.9724 -91.9268 -1154.7942
-219.5658 44.2252 -254.6183
9.1635 180.2599 -955.1019
-167.0646 68.0622 73.7488
-113.4621 172.0568 529.4531
124.2129 169.2559 -493.4713
-164.3336 79.5066 99.8604
155.9953 164.8172 311.7036
217.4148 147.1477 -348.3729
63.6636 -56.0883 -1132.5183
109.5649 -57.6308 -28.5990
108.2470 174.2842 -59.3381
279.7175 98.6609 3.4759
-64.4405 224.0099 -349.1878
-150.3785 179.1726 -177.7884
22.3978 -74.0371 -162.2789
27.2713 185.7286 461.2895
-142.6759 161.1192 315.4336
64.1634 -15.3373 260.2833
-258.0806 65.4161 -292.0170
215.7480 86.7459 -126.2223
-99.0840 -3.0099 -1091.3335
-220.1228 76.3536 -258.1191
-175.3775 159.6423 -617.3558
-110.1484 -188.5901 -666.0231
-97.1030 216.0419 106.8009
-226.6737 78.4494 277.7415
-94.2348 216.1756 -584.0126
-133.8035 146.5288 -144.4478
-47.6599 221.2755 -589.0884
-43.6705 224.0099 -209.0456
-64.3235 66.7516 -439.7733
-69.4107 29.8692 -971.9401
-182.6298 76.1004 -416.1548
-240.1744 81.0126 258.5308
-127.7321 -69.6487 -295.1314
130.0545 42.3167 -485.1359
277.3710 70.7853 -174.1801
216.0956 131.0411 -322.0781
13.5000 156.4074 -58.9179
26.3735 166.5880 -102.1051
-77.4473 224.7600 -175.5930
137.8584 166.5479 -432.8387
134.8023 202.4165 -512.3650
173.9452 122.6289 292.7826
199.7202 117.5321 131.6473
-21.9321 229.4786 579.9484
135.9444 -34.9815 -233.4813
155.8079 161.1192 -352.1159
-79.2525 218.5411 -649.3552
214.9877 138.6373 -848.6218
-182.0973 14.0564 -474.2634
281.0529 74.5340 -178.8394
135.8390 201.3798 -499.8747
-183.5805 161.1192 414.1707
84.4979 75.6515 464.1039
-224.4865 37.3111 -336.9917
137.1295 202.8237 -336.1905
153.4351 -25.6078 -62.5638
58.7062 154.6145 -380.0453
179.3506 169.3224 -986.4315
-180.5727 159.9159 -362.4013
-93.2369 -43.7048 -573.1595
-29.7836 180.2599 -148.2185
-216.2834 88.8865 -208.1083
-15.1110 11.6265 -486.1316
-99.2896 153.6989 -25.0191
-39.3650 -64.1305 103.6365
-25.2121 65.7966 -1067.4287
190.9979 147.4474 -461.8953
-94.9236 -7.1106 -1081.2256
199.9481 -8.6647 -480.7572
-23.5787 172.0568 -214.0158
-67.5820 16.5946 -1100.2375
12.3323 -77.3907 -126.8602
-28.4280 -18.5572 252.1677
-102.3360 -127.1866 -766.6975
13.7266 -70.7771 -581.0788
-157.1310 175.1544 397.9932
-56.3827 174.7911 -605.7205
43.9746 169.3224 -315.0054
-31.1450 172.0568 -285.2854
165.0032 180.2599 -952.4929
-102.9805 212.8987 -114.9672
246.9228 125.8429 -130.8577
145.5971 163.8536 -423.6602
242.9511 83.4727 -348.8149
173.2547 -11.2569 -211.2864
-158.8672 -11.6135 218.6896
23.9226 169.3224 -319.7338
-146.0240 -39.7109 183.2273
161.4410 163.8536 578.0358
51.0728 110.8751 505.9806
-98.5469 -65.0362 -673.7755
215.7076 139.2442 241.8817
-173.3362 166.5880 536.4442
42.8816 -56.3881 534.4650
110.5008 223.9836 -10.1878
-199.8772 142.3133 -498.8888
58.0789 182.9943 201.9539
162.3410 -16.5432 -30.5679
-193.8376 122.8380 35.7656
16.9396 226.7443 -12.2347
-101.9922 -28.1220 -1104.8293
87.1592 142.1589 -396.7563
-168.8680 128.3067 146.1929
219.0802 148.2168 -96.3873
200.6589 75.5944 -426.6175
-137.6993 -49.3219 -729.4154
-70.7582 163.8536 97.7668
55.1300 -95.1337 -811.0692
110.6213 96.3323 345.1026
-16.6740 56.3465 -1047.7291
-153.5003 158.3849 560.9268
-175.8065 -113.1468 -515.1936
288.3064 98.1311 -123.5723
-11.6322 180.2599 -511.9677
188.9272 126.4396 112.9875
2.7865 -2.9876 315.7784
212.8274 124.0190 -69.9925
-185.5432 157.6798 -104.0590
-173.8821 161.1377 -506.6363
214.4848 139.2442 287.1716
224.2203 137.6079 -214.5104
-76.1761 226.7443 -11.5243
-53.7277 -67.1187 175.2598
-10.8477 -79.5058 -142.8612
-27.3720 -130.3517 -548.8019
-137.9595 188.8572 269.7237
200.2415 164.3211 192.4184
-104.8465 18.5256 -496.2588
106.3729 -11.5884 -1042.9707
-194.3522 107.3199 297.3326
-219.5925 27.1348 101.1660
83.6145 -78.3377 -1197.6567
-62.3581 67.5835 -1059.8357
83.3022 20.8805 -504.1167
-181.6871 -31.0370 -260.6448
225.6304 77.0453 292.7826
125.2825 207.6036 -568.6439
191.1386 -16.7376 154.4832
-161.5959 -2.9115 -95.0005
-74.4456 226.7443 -67.3857
-49.4865 -21.2711 450.3953
29.0932 134.3582 -397.3484
-86.3697 174.8220 457.8521
-197.6599 40.0451 -162.9844
-50.7051 19.1616 -1093.6975
-102.8119 166.5880 -433.3947
-41.8681 -137.1350 -530.3545
-130.7274 -35.1790 -134.6708
-100.7371 212.4077 -486.3761
70.6399 177.5255 -420.2382
-42.2992 34.8895 -1091.5002
-61.1700 166.5880 -122.0040
27.4847 224.0099 -421.1249
138.4019 -43.1530 -252.7758
-45.5233 224.0099 -243.2598
54.8120 -114.5030 -755.8704
240.8192 135.6045 64.4127
20.3288 182.9943 -110.8817
207.9783 -0.4309 163.5503
149.4961 -28.7610 253.9226
-199.4842 141.0043 -697.5710
-22.6660 -85.1319 -412.6621
102.9744 -60.3652 -86.0724
274.2763 108.1727 -387.6478
-8.4708 -72.4952 -425.9566
-183.7390 159.4839 61.4257
41.9803 224.0099 -466.8838
-167.8633 152.9161 409.2099
129.4301 124.9523 297.9781
16.1385 -78.0686 -596.5465
114.2012 15.3191 307.0322
185.1046 176.7236 524.2475
71.1203 229.4786 493.9551
64.0099 -58.3849 428.7034
129.5867 213.0724 196.0914
174.7324 -108.3737 -552.0587
185.2608 173.8330 136.9905
-221.7522 33.1088 -279.9088
38.4097 221.2755 -629.0977
-123.8705 169.2523 546.6806
181.8400 125.5724 87.5552
81.9063 -46.2663 -275.5174
-27.5868 177.5255 -578.2001
-137.5828 159.1557 -399.9713
-63.7637 71.4985 -434.9598
107.5314 -134.3085 -475.9428
-129.4190 161.1192 -613.5039
-180.7365 -92.2089 -532.4924
197.0070 -15.9504 -242.8634
134.2863 197.4638 -736.8295
-130.1704 166.5682 517.3154
-88.9385 221.4720 291.2851
251.1574 57.2130 -176.2831
106.4552 197.1958 -740.5375
62.3270 224.0099 -461.6996
-78.5025 174.4861 -296.7487
-82.9929 -70.7918 -895.4495
-217.7021 76.3021 -313.5992
116.3339 -28.4856 -976.0820
-215.8094 133.7755 31.2217
-268.2209 53.0958 -194.6785
117.3386 150.1817 -55.2610
226.6855 11.1155 -256.6313
132.1235 3.7383 -904.9473
-3.1375 169.3224 62.4196
2.8941 229.4786 421.6860
-18.6154 -32.3077 220.6533
-72.2707 181.5208 -662.0575
21.9200 180.2599 -469.3594
-21.3394 92.5548 434.2510
56.3695 191.2047 -662.0575
200.7035 161.1246 -18.0682
282.1302 83.4562 -230.8717
-188.2989 72.8386 8.4221
-44.0370 221.2755 -899.4769
-139.6625 -34.7606 -551.7671
-56.5265 177.5255 -413.9814
-87.2766 -67.6789 165.2207
-141.7568 -146.1539 -693.9813
133.0212 172.0568 543.1119
7.6029 224.0099 -313.0907
209.2358 152.5923 -699.8196
-227.7816 54.0204 -99.8625
-195.1952 96.0746 -360.3049
-37.1585 224.0099 -242.3951
-190.0187 136.5099 -646.8204
-100.1151 215.7641 534.3222
273.7842 80.2591 78.2943
-126.5299 113.8727 -400.4575
-132.1267 141.9786 110.2256
47.1164 221.2755 -892.8478
10.1412 -58.1440 347.5942
49.8641 224.0099 -336.5618
-47.0459 168.7558 -306.9827
166.8044 -47.5075 172.4572
-160.5977 152.5471 -266.8097
-25.1545 229.4786 366.8154
98.9421 177.5255 294.7310
185.1833 165.7073 -773.6631
-49.6272 53.3066 354.5761
42.9922 224.0099 -465.4109
-194.6061 140.8091 -617.4270
-145.9438 -19.9626 -169.8992
-194.5502 140.7532 -620.4215
116.7104 -54.3441 -115.4537
-87.0902 -49.1399 -579.6193
113.8408 131.0989 -403.5894
-193.8835 40.3712 -437.6830
182.4865 168.4042 -762.2427
170.2759 175.1460 -770.9154
-183.9335 -9.2243 -492.8535
-244.7864 84.7647 247.6084
-198.7224 41.0809 -165.0175
179.0194 -54.0882 -304.1380
-111.7758 -169.7402 -544.0614
35.7158 109.1661 379.6829
-25.3371 177.5255 -738.6937
149.0126 163.5968 -359.3305
5.0773 145.5057 -377.2715
12.0157 185.7286 556.4443
275.9043 92.9961 1.9972
-155.7688 154.6416 -216.1161
165.3488 185.5419 -160.3902
-206.2648 49.4582 -29.4812
0.2576 141.2014 286.8453
192.9979 160.6271 -814.0328
88.2600 224.0099 -487.9610
97.5646 -136.4878 -725.2397
-99.7198 -78.2744 -877.8776
-27.0917 9.8812 -1034.4739
-52.4068 229.4786 466.6825
22.7513 180.2599 -903.8526
-9.1030 221.2755 -608.7689
-67.6192 -66.3656 -289.2775
-78.5731 -48.4932 -713.3428
-105.8878 209.9914 -215.0312
-51.9559 180.2599 167.7096
-155.8770 152.9161 -296.4661
188.4042 102.9486 47.6861
61.0508 92.4303 532.7711
-165.3272 169.3224 -366.2345
101.1561 32.2229 475.5945
173.5264 185.5674 512.1555
-113.3981 164.1998 -483.5605
-156.6722 156.4727 526.3517
-264.7491 115.2490 -180.4076
-210.8331 57.3053 -393.6524
133.4603 118.0575 -415.1612
275.9043 53.2532 -224.5085
-213.5490 79.2952 -219.7884
125.4913 205.9275 -1006.1998
-192.1210 -61.2854 -362.4974
54.9405 185.7286 567.9210
130.3113 -35.3107 -1185.7979
-54.3485 211.5339 -1008.6776
-261.4344 118.2702 36.6882
57.8382 -20.2985 -1056.0916
277.3368 74.1681 46.0634
-102.1968 -78.2373 -877.8776
-136.6906 187.3917 -702.6473
-167.0646 68.8395 67.1311
39.0533 182.9943 -125.8647
56.6149 143.6724 278.9214
146.2607 202.8109 483.5233
127.1502 172.0568 203.2584
196.4319 162.6619 -150.0808
155.3367 143.6009 151.8302
-107.1632 -25.1196 -775.7870
38.4989 216.5324 -740.5375
-85.0353 221.2755 -695.6173
-68.8852 177.5255 211.2043
216.1646 153.8666 170.0664
94.7387 139.8795 281.4532
256.7636 40.1303 153.0389
-26.9355 -65.8340 -265.3574
28.4624 167.0590 48.7048
5.2010 -51.0407 -472.5950
-174.2950 147.0530 -311.9243
-112.0490 141.6103 283.8535
24.9398 182.9943 185.5804
-193.1464 117.3692 -208.4519
214.6412 149.9213 -331.5161
-167.0403 61.9345 68.6937
-131.3462 136.5099 61.0468
134.8948 207.7928 163.5815
-180.5095 143.5728 170.2558
202.0761 86.5093 -53.7152
113.8198 210.2651 -658.9618
-193.4729 139.2442 -257.2741
101.1827 -68.5652 -1182.6538
74.0111 80.4138 440.9117
130.9133 152.9161 144.6313
166.9409 139.2442 -205.3900
111.5178 152.9161 -4.7715
52.0266 221.2755 -951.4933
-71.5184 19.2923 -494.4251
101.8136 226.7443 193.8236
232.3937 12.3352 193.5012
54.3008 -114.9588 -753.5575
87.4156 178.7094 193.9644
-18.4357 106.3544 367.2338
131.8351 -36.2703 15.3438
284.1074 96.6395 34.6595
-150.2713 138.2641 -152.7557
-128.5932 -47.9210 -256.2438
29.4312 224.0099 -472.1704
2.4667 -49.1628 -480.5632
45.8325 110.8857 511.9486
-208.0367 9.3178 169.2644
-32.8334 -91.7250 -410.6532
52.0534 -13.2065 -804.2804
50.5004 180.2599 -635.4279
83.9516 174.7911 -600.9993
110.5484 215.8068 -937.4913
77.9893 -68.3956 -1193.8716
147.3375 163.8536 -164.9453
69.8737 -28.9320 -994.6344
28.7667 169.3224 84.5889
62.0870 -65.8340 -187.6967
-177.4986 141.9786 -978.3785
-97.1873 213.2231 -732.6845
25.2133 182.9943 -142.2961
187.1534 147.4474 -791.8724
96.0127 -84.3283 -1186.9819
-184.0284 122.8282 -255.2676
54.3802 217.7128 -660.7688
-120.5146 166.5880 336.9069
120.8486 -44.5224 29.0441
167.8329 0.9419 -524.7175
57.7140 -150.7122 -595.5880
53.8341 180.8044 -738.5699
-62.1861 14.4901 451.5005
-14.5402 -112.4241 -543.1539
185.6699 -61.6110 -558.0396
114.5761 9.7423 -1003.7709
21.9769 -46.9868 332.0226
-48.9604 -28.7407 253.5426
-208.6390 106.5161 -205.7956
-160.2076 116.8425 -378.8273
-134.7178 158.3849 -992.9109
-47.1536 -118.8627 -467.4697
224.2732 -9.8774 -306.6324
13.7636 180.2599 -288.3845
-111.4615 -131.4135 -442.8587
-174.9584 75.2142 48.2725
-63.7984 -29.6333 -764.9912
161.3425 -22.0839 -110.7472
-44.2807 177.5255 -998.5721
139.1855 -7.9320 -909.5774
152.0814 193.9318 -86.2894
-172.5334 33.0519 115.0458
63.6441 166.5880 183.1808
231.4615 135.8354 392.9657
-35.3651 180.2599 12.4382
-204.4717 -34.6247 -431.4136
213.8138 136.5099 -98.4714
192.6331 82.9014 11.9472
20.4760 182.9943 114.6742
38.8004 -67.2680 -850.1697
-125.9355 196.6661 -146.4580
159.8731 191.0176 173.2485
9.5453 22.2130 -468.3998
-225.1177 26.3988 183.8864
96.7209 174.7911 -289.1025
227.1936 122.6116 257.3541
167.1216 158.3849 -134.2990
-92.6101 148.0754 261.8505
-201.7220 0.5443 -246.1085
221.2220 118.2095 271.1402
218.9596 148.3373 -80.8818
27.7565 179.5731 -734.1642
79.0292 -49.2463 491.2430
-9.4134 226.7443 -98.1594
-27.9358 169.3224 142.5599
-170.6319 147.9817 -292.8090
-180.4345 143.6478 -196.7282
-113.8578 169.3224 360.2648
169.0932 184.8943 244.5997
-158.4762 173.8092 -399.4793
-118.4862 163.8536 -428.7615
35.5179 163.8536 -79.4731
-123.9198 161.1192 -809.3767
-150.3159 180.2599 397.4489
43.0507 -73.0686 -846.4617
-50.7005 -40.7059 -565.9869
69.7224 164.9094 -98.8726
207.4767 137.9452 -379.0851
-156.4531 173.0980 -610.9799
206.8347 154.9934 -726.5927
202.4859 147.4474 330.7427
167.8208 158.3849 -223.9137
74.6936 35.3380 -962.7015
69.1648 147.4474 266.3712
76.1141 179.7027 -35.9822
99.1701 221.2755 -556.2755
-255.0532 63.6976 -268.8173
231.8734 117.5217 -324.8829
51.0379 182.9943 89.3088
141.1893 204.2326 203.4296
-47.2364 177.5255 -605.4753
-260.0334 83.6952 74.7401
14.7781 138.0102 299.0042
13.3702 238.3251 -644.0574
-18.0906 84.7676 543.9500
-62.0641 174.7911 -1002.3131
-107.1793 200.7234 -727.4575
25.6680 182.9943 58.9035
-46.2163 4.8610 370.9349
245.4901 132.0723 69.8556
-144.2224 181.2943 -916.9568
-73.4355 221.2755 -766.5656
-86.0010 -54.9329 -1093.6975
33.2413 172.0568 -171.1298
10.1054 166.3045 27.2345
79.2000 75.0893 531.0842
225.9294 90.9110 -221.2640
-91.7895 181.9758 -662.0575
100.1063 -31.5388 -1088.2429
-241.9243 60.2830 -238.5607
-102.3607 213.5185 311.6231
-4.6679 -79.5058 -6.3837
-230.2879 41.8238 3.3855
69.4080 -90.4081 -1181.9033
93.4782 226.7443 158.3619
124.9818 166.5880 -881.2933
17.5630 182.9943 62.7944
58.8637 182.9943 452.6918
-37.7968 180.2599 6.8038
-216.2834 38.9692 -242.7801
-179.1891 42.5606 325.4826
85.6172 -22.7587 261.7388
282.5817 93.3928 90.6611
-256.7979 122.8380 -79.0862
39.7242 -76.4280 -114.5793
128.8074 -16.9036 -788.8977
166.5292 -43.3627 -796.3170
32.2003 224.0099 -240.4380
67.1748 92.3893 364.7226
101.8028 221.2755 -551.6890
182.9355 -24.5871 104.1501
-166.3046 -47.4004 -274.6185
212.9661 159.7995 484.5707
-240.7561 132.2716 77.3597
169.5072 181.3835 -158.0189
-191.6948 154.2625 329.3927
-133.6448 187.7031 -765.3529
-272.1320 83.3738 -7.1237
-16.5912 224.0099 -569.3375
-67.1334 172.1833 -711.9415
-148.1684 154.0389 -965.7465
-15.0922 224.0099 -394.1979
-36.2135 182.9943 311.7429
137.6914 125.3755 -404.1983
197.7718 169.3224 522.9023
80.5338 224.0099 -331.4059
-167.0646 91.8778 -2.5235
-85.8404 158.9451 -77.3966
206.3519 155.4762 -956.7535
-184.2850 -55.5582 -325.5076
-34.2645 150.3699 -383.2199
221.2168 143.9313 -74.7877
226.5427 128.3067 -476.7133
-29.1590 -45.1875 508.5027
89.4913 -34.8640 432.7725
-11.5650 224.0099 -402.3414
127.5503 195.8052 -662.0575
-229.8607 111.9005 -328.6563
-158.1181 152.9161 -247.7890
64.0106 149.2829 -386.2083
-115.4027 167.6640 192.8960
90.6393 -168.6118 -590.6885
-56.7920 161.1192 -51.3062
193.5670 162.7924 -417.5471
162.1665 188.4630 -6.2481
6.9544 -56.9736 -407.7719
140.1818 119.8491 303.2014
-96.0533 152.9161 57.1451
6.7308 167.1622 -317.3340
-132.4099 -17.0902 31.8442
183.7884 147.9616 -626.3961
162.4515 158.3849 -334.2625
202.5455 145.6108 46.4095
189.8138 59.8154 70.3212
234.8886 1.4574 -342.1113
-119.0659 202.1349 -200.6078
215.6983 151.5986 -58.1792
45.9333 57.4236 -1032.2455
-24.7860 -137.7485 -585.7585
42.0529 177.5255 -885.8638
-61.4033 -97.9533 -1169.6378
-87.1474 -9.6782 286.4843
-109.1294 -46.2641 -58.1231
-188.5330 155.6505 41.1035
9.1115 226.7443 5.7144
196.6074 -52.7809 -477.4943
73.9176 -53.7253 -1120.3264
22.2565 163.8886 14.9163
-21.4335 -134.8513 -624.8881
-5.7365 -60.2671 -791.1241
-124.9867 144.7130 106.2139
164.2517 156.5609 -414.8271
-130.4364 146.8645 244.4432
110.9504 -53.2922 -178.6687
131.6555 211.0320 203.3673
49.4267 -123.8285 -518.4096
182.9594 172.0568 -210.2692
-87.0545 176.8716 551.0665
189.9263 171.9018 375.7245
116.5988 144.7130 -375.9152
153.8003 -47.4120 196.2337
88.0221 180.2599 474.1759
175.2941 172.8622 -700.1887
278.8255 103.5015 -321.9559
-27.1522 177.5255 -681.9902
159.2350 191.6557 226.2509
125.6122 -61.7175 188.1783
-10.9031 -68.1713 438.9830
216.9420 38.7696 -172.7455
-39.0330 67.5983 429.9596
42.9393 125.1410 -400.4575
-175.2678 91.4968 -29.5829
-118.0612 141.3785 23.7222
171.0094 161.1192 501.4194
-38.4732 195.2329 -727.4575
-38.6712 20.4496 -1090.7200
-106.1649 -143.1739 -735.4082
4.9158 226.7443 280.4500
155.0157 147.6098 208.7518
199.3417 100.9014 -75.6409
-193.4480 149.7750 -1002.1137
48.7716 -127.9237 -529.7712
-5.5845 182.9943 180.4744
66.0529 161.1192 -58.9349
-13.0579 -63.0996 69.1454
-36.5138 -67.9003 141.9501
-2.4401 178.8868 -917.1317
51.0999 -62.7043 -265.4633
10.7425 221.2755 -799.6768
-2.7870 179.7843 -656.1406
160.9814 159.8311 52.8118
125.0559 2.5254 -858.4642
-63.0691 224.0099 -575.9248
153.7351 158.3849 -739.7760
181.0034 -48.0969 -558.8557
-154.6266 -27.6860 106.5577
51.2817 -29.6684 -937.2518
-91.2916 206.3029 -635.8975
122.4487 -51.9190 -685.5290
-111.7703 201.3745 -732.1530
91.0686 221.2755 -706.7234
-105.2629 173.1986 -662.0575
17.4374 185.7286 252.4954
227.0984 -6.6320 -382.5034
-44.4573 -28.8641 -775.5898
190.2605 -68.9650 -493.1689
271.8040 116.8736 153.3550
187.0381 168.2989 -334.2329
-147.2254 141.0994 -227.6514
160.8705 192.6242 354.6009
-228.7334 136.5099 38.3983
-37.8993 -31.0046 -1081.2087
188.4042 23.6975 85.7210
99.3268 163.8536 203.7863
26.8490 181.9171 -233.5367
-42.2279 4.3402 -873.4190
159.1281 161.1192 100.9130
106.7162 229.4786 547.3237
-5.5439 226.7443 -104.4795
196.2287 162.8651 -265.9085
-115.2858 -46.6933 -102.7079
-143.9013 -16.5363 -39.1243
78.0513 -20.4191 364.9418
250.2433 52.7762 -111.8958
-106.3032 -23.6391 -1109.0498
-106.5597 172.0568 515.4294
-161.6260 169.3224 -710.8997
183.6026 132.5256 -235.5636
-116.7052 163.8536 -852.3180
12.1439 -54.5378 -566.6254
277.8983 71.5117 -118.3282
-260.0334 73.6361 151.9261
37.6167 224.0099 -213.5267
15.1612 226.7443 53.4626
156.1591 185.7286 -849.7811
-56.1965 -60.4473 -259.6512
-29.5832 -78.8550 -652.1368
-147.1067 179.7100 -571.9688
123.7013 153.3612 -283.5678
144.1817 163.8536 -446.4015
-160.2755 10.8859 -17.6032
-38.4080 -25.1715 -1092.5156
197.9184 166.5880 270.8481
-273.7053 107.7909 -113.6103
-82.3579 -124.8911 -766.0564
37.1517 180.2599 -401.6021
-67.1031 166.5880 -170.3626
-96.7640 169.3224 -445.2354
-9.6835 131.3771 314.8690
-140.8811 83.9880 332.0226
27.0760 -86.9574 -693.7474
106.9693 161.1192 -256.0394
49.4166 -74.7960 -31.2888
-183.2728 159.9501 117.3954
173.5664 131.0411 -97.6132
-143.2117 -68.1761 -692.4257
134.0237 203.1951 -403.4053
-53.3886 -145.5905 -689.9112
144.7309 -35.5564 -573.2906
-130.0280 194.0544 -58.0033
-135.8628 -16.3717 58.8101
6.8054 232.2130 -623.1482
-227.2392 101.0047 260.0826
-118.2672 -13.6329 283.5657
114.6880 153.2826 229.7760
172.4547 -95.5355 -413.7292
-190.0815 139.2442 -6.8125
193.8730 -51.1409 -508.7352
150.1706 197.9857 266.8060
189.2705 -67.2521 -512.7139
103.1056 -57.6308 -165.9196
93.2027 -15.0669 460.3192
24.3131 -54.9672 335.4619
82.9366 226.7443 -30.8809
210.0186 152.9161 -961.7191
-176.7711 101.5987 11.2370
-73.5684 -76.8402 -312.3319
-190.9705 22.4446 -457.7302
224.7038 48.5164 17.4825
-17.9024 224.0099 -558.1400
92.7011 63.3864 498.9974
172.6089 175.5474 -588.9514
278.1863 71.7997 84.4496
-149.8143 158.3849 566.6772
151.8940 2.2503 -527.6796
194.0505 170.5120 556.6976
-208.0803 -17.9942 -422.6875
128.7419 208.4769 -308.9118
-56.2258 -76.9666 -1171.9465
82.5833 -38.3745 -1185.2576
18.3953 -56.8079 -814.6052
-102.3610 158.3849 -221.6770
-161.1537 -102.3059 -653.1838
-169.7272 35.1346 -465.8575
-178.2868 161.1192 -259.3973
75.0924 92.2663 478.3862
-58.9218 166.7230 -274.0082
-124.5778 194.0357 -647.4033
99.5428 -65.7814 -1182.0995
96.9068 -1.7528 507.9309
31.0864 221.2755 -856.8115
218.5764 136.5099 70.1758
-42.9493 226.7443 135.1822
169.8120 177.5255 -590.7103
-192.5217 142.5337 -663.9998
122.5028 -21.8835 -557.4175
277.2138 78.0595 -309.8455
173.5578 174.5985 -684.9116
49.3337 184.1744 427.3206
71.7770 174.7911 -581.9265
-56.8302 221.2755 -668.9382
94.2270 -58.7162 -891.6317
136.5870 204.8693 -129.4889
283.3759 109.9526 50.6711
8.2815 -68.7777 517.9118
-196.8965 91.4813 -122.1305
55.8474 38.3944 563.2777
-168.8516 147.0276 -963.3284
-109.9775 205.9017 -392.7448
-69.4194 166.5880 -138.2189
117.0486 174.7911 349.7948
-140.1884 183.8939 -777.8253
-149.2865 139.2442 -256.6460
-213.6669 81.2966 -222.3381
189.5611 147.6577 -410.3195
100.5191 20.6678 446.4340
-219.8774 113.0670 -348.8716
-236.2523 67.9058 254.8316
40.0377 -17.3112 -542.7321
-90.5021 -3.2364 -1048.2253
57.4912 166.5880 88.7244
-19.4083 -113.2219 -691.5311
213.4695 136.5099 -87.1245
-86.8939 -57.5977 -194.5268
95.8716 -69.4190 -1197.1023
-201.9422 61.9839 -57.7996
229.2115 139.2442 -137.0235
265.7819 128.8588 52.7172
123.3821 -58.2505 -1188.8735
-5.8794 -7.0842 -489.1832
-119.5091 121.0563 325.4826
158.7606 163.8536 359.3538
119.8764 172.0568 -135.3102
-121.1978 176.8431 -1008.6776
-15.0976 224.0099 -218.5070
-7.4249 226.7443 184.3508
165.9212 -71.2636 -326.9697
95.3507 218.5411 -658.6805
79.4447 16.5392 316.4904
82.5251 70.2396 -1080.3395
-94.9272 -2.4321 -520.2248
-49.3645 182.9943 493.9938
-213.5490 102.6437 -336.8735
143.4487 204.7076 306.8926
-22.1212 185.7286 483.7070
-19.4542 180.2599 -401.7512
-109.2030 207.6036 177.5774
-124.8942 149.9693 -276.0868
53.3458 -73.7439 -111.8837
-115.2746 167.7921 196.5377
-196.8190 146.4039 -939.2173
137.7222 61.1916 -465.8575
-47.5718 154.0214 254.1691
-43.4346 -68.9845 -313.1629
-22.2471 125.8358 325.4826
160.7000 -71.3691 -321.2742
-71.9940 -147.4393 -507.3487
131.9900 166.5880 -318.1003
221.2168 86.7708 -226.7770
86.5002 -41.8272 -716.2062
-21.8189 169.7429 151.1669
126.4502 172.4873 457.1302
-9.5995 -82.3884 -795.2027
-28.9932 182.9943 165.0433
25.3924 -44.7799 155.9921
-74.9702 161.1192 36.2065
-174.5141 -107.4870 -593.4447
-30.1607 215.4947 -1008.6776
-167.0646 62.4239 99.2608
-31.6723 -77.4343 -359.6302
37.2602 229.4786 421.6588
216.3231 148.2394 -915.7391
-221.5583 23.4446 -285.5439
67.7049 180.2599 98.7382
-9.6337 -90.2390 -750.5757
-248.3088 57.7362 -229.7864
-106.4154 170.9301 301.9890
-170.8424 123.1618 -309.2447
-123.0888 195.5248 -746.3569
-92.9042 -191.6153 -652.0112
-36.4870 172.0568 -227.4596
25.2760 226.7443 324.5696
-276.5843 86.0685 -297.7741
-151.4960 172.1203 -657.6729
-180.0782 -95.2032 -433.1554
34.8588 182.9943 -84.2690
-69.7916 172.0568 -697.9347
34.0707 117.3692 501.9420
-121.3627 169.3224 434.7875
-244.5400 125.6750 100.6938
219.9097 139.1841 -206.6430
-174.3700 160.6498 -918.7543
-167.3414 164.9441 -767.0906
-155.8925 -149.4670 -548.5103
267.0568 60.6702 15.9789
67.0599 -92.8530 -370.2509
63.0444 221.2755 -785.3597
274.4121 106.3735 204.9308
-183.4709 -88.3880 -511.7819
255.4500 35.3915 211.5876
-127.5236 150.0744 -151.4487
67.0043 229.4786 505.4019
-27.9696 177.5255 -792.5706
-44.1484 180.2599 -65.9004
214.8006 149.7619 -932.9507
-155.5425 135.4510 264.0134
284.1074 85.1379 -308.9066
-46.1819 226.7443 122.0941
80.6866 -33.3499 -568.7075
241.9677 116.9333 -319.1686
-200.9499 125.5724 26.2231
212.0370 136.5099 -830.4802
44.0143 224.0099 -375.4300
106.6112 -57.6308 -21.5577
-154.7610 136.5088 -162.4535
26.2685 198.7477 -662.0575
92.9603 -47.1916 -594.5792
-12.3881 211.4435 -1008.6776
-152.1174 139.2442 176.1385
-110.7286 169.6037 508.6585
180.0983 8.8221 166.2965
-224.4865 46.8340 -291.2073
107.5729 221.4427 -206.4217
286.8418 109.0093 -13.1884
-265.1842 71.9341 45.6106
-151.3985 155.6505 -337.4610
91.8253 -13.0974 406.5340
-197.1428 -38.9164 -475.4356
53.4643 31.3184 -988.2693
95.0752 221.2755 -810.3888
54.4137 -64.4729 -632.6196
-52.7655 180.2599 366.7783
100.4111 226.7443 210.0062
57.8230 -64.6323 -216.9415
-125.7370 -63.8704 -1153.6548
43.6177 -89.8149 -810.7106
193.9051 -64.8259 -385.0433
91.3063 -60.3652 -188.0747
-3.3312 172.0568 -185.4652
-71.9435 -65.8340 183.6977
-187.0716 139.2442 -290.7344
-109.6640 206.2151 -663.2274
-259.0038 57.5505 38.6540
273.3065 106.4317 -339.3709
-120.4363 198.1773 -801.8444
160.4618 -90.4597 -372.9046
-147.3559 182.1952 14.7413
-91.7571 158.3849 -118.5338
-27.6115 3.4333 -1036.8928
-70.9099 177.5255 154.3022
152.4788 -92.7585 -792.8575
231.4577 64.7455 -226.2319
188.0103 172.0568 275.1422
-154.3078 -21.6610 251.2842
141.9720 -102.5489 -386.9011
-156.5090 -9.3974 -112.2525
206.5049 155.3232 -830.1532
18.3364 226.7443 63.6271
-65.6078 226.7443 18.9192
-152.8975 177.5255 -263.1178
-258.9866 68.8466 -10.4286
-108.0545 142.1396 -364.6311
208.8235 158.5259 158.8382
149.5386 195.8833 -209.9140
244.8219 128.6696 -225.3495
-176.8672 114.4778 140.0237
54.9344 193.4075 -662.0575
-100.4257 -186.6165 -601.0517
33.4692 161.2390 -37.2009
-73.6845 226.7443 342.6221
-90.7123 152.9161 248.1262
46.8346 221.2755 -594.4567
-138.5140 161.1192 282.9691
-3.0021 -86.6245 -545.1373
80.5579 174.7911 -851.5685
-168.3910 169.3224 554.4769
216.1820 145.0514 312.4026
12.5745 185.7286 477.0004
160.8644 191.1974 285.3511
84.9562 -65.8340 -63.8951
107.7436 -82.2066 -848.5278
111.3214 -78.2794 -857.9210
189.5520 169.5418 132.6342
66.1939 44.9272 -1098.9233
-92.8370 171.0891 -732.4537
-177.6405 -0.3680 165.6330
63.7978 -63.0996 -660.0117
-194.3049 35.2438 -145.3750
-108.3847 -46.6933 -165.9561
-197.1428 45.8005 -147.9766
36.3927 172.0568 -269.8194
-149.8376 139.2442 -229.1832
61.7184 221.2755 -613.5649
147.2327 172.9454 -1008.6776
163.1985 95.6992 319.8786
-79.5224 226.7443 444.7781
36.2846 172.0568 -168.8731
43.5779 -109.5840 -751.5951
-2.9298 185.7286 359.4708
84.9339 -10.0014 -538.3289
-125.5939 162.9415 -503.3284
262.8941 132.2033 129.0664
-181.7447 161.1192 -47.4879
167.8156 158.3849 -37.4440
57.5040 -71.3027 -123.4198
-109.2955 206.5837 -665.4912
126.4430 5.5242 -880.7328
-186.2053 91.2184 -13.1884
138.5679 169.3224 200.0904
53.3536 71.3763 -1076.8918
-172.4729 30.3367 -471.4241
-189.7961 117.1787 -281.1448
128.4228 -30.2871 -1181.9189
-84.9937 -156.1465 -704.3806
196.1803 88.0097 -53.1401
132.5516 33.1548 325.4826
104.6593 -63.3965 -280.1776
-93.1423 172.0568 183.8032
105.1120 224.0099 -226.8214
223.2771 146.7542 223.3028
-182.3951 141.9786 86.8635
-68.1333 -163.8225 -550.9847
-113.1080 -178.7048 -575.5888
-38.5490 -32.3775 -1068.7236
123.0294 174.7911 568.3640
-3.8918 229.4786 381.1240
46.2167 10.6174 -984.8866
-75.6795 221.2755 -779.8989
-158.7732 -89.0993 -770.1788
-98.2241 174.7911 577.8809
182.2846 24.9766 7.9575
59.5720 156.9574 -367.9016
-47.1586 182.4707 -740.5375
148.1832 161.1192 -578.4877
-197.4921 146.6000 -516.9865
-104.3742 156.8174 -172.9125
-115.6243 -44.8133 -24.9679
273.0226 69.3703 -260.1518
105.2622 52.3802 345.1026
67.1256 -72.5233 -1197.9871
-269.3599 62.0032 -162.7870
-140.7801 185.7286 -371.5299
75.7843 -69.6348 -1197.6184
-44.3836 -124.3787 -758.3472
213.3802 142.9792 533.7101
132.6967 202.1349 -557.3041
-14.9488 -58.4165 -734.8538
126.5159 218.5411 524.3718
257.1786 106.4317 -341.0755
-8.3681 180.2599 -503.4174
77.8463 -37.1933 -727.2894
211.2297 144.2962 -673.3306
-108.0606 166.5880 -789.5905
195.1047 161.2547 -395.7590
-180.2291 157.5251 -775.2588
81.7636 -45.9567 488.4645
144.2014 -35.5405 222.4407
64.9881 168.3244 -281.4186
8.7405 185.7286 369.8428
68.4786 -148.2181 -550.7961
-156.7104 175.5750 123.2830
-123.4924 163.8536 -270.1008
-96.1408 -43.5950 -572.8971
55.7870 182.9943 91.3082
-16.6740 -40.0199 -863.4996
-110.4710 204.8693 -884.5523
193.4272 10.1615 142.3626
-47.3656 -68.5683 -205.8244
-15.5092 229.4786 523.2392
-32.7005 229.4786 394.5664
-139.7963 139.2442 130.6546
116.7770 212.2386 -1007.5966
-13.6829 70.1152 556.8373
-254.5674 55.8485 35.6243
237.2956 138.2044 581.4617
160.6464 -20.7213 -45.0069
114.7761 50.0550 -473.1676
185.2411 173.8527 212.4351
204.2140 138.4736 -649.7039
-64.3359 -71.3027 -37.2792
63.9414 226.7443 153.5446
63.6812 175.2229 -756.5938
-97.3406 213.0699 -879.1306
-121.1300 173.7296 -648.9775
-173.3867 161.6331 -728.8312
83.5772 226.7443 258.1000
140.9762 198.9769 -358.3823
134.3325 -62.1437 -630.3413
-74.1725 -58.5995 -1083.1179
-129.5401 166.5880 492.3422
-11.2052 -35.2185 -808.2382
35.6780 -65.8340 -226.8719
211.2791 152.9161 -997.6388
188.6959 167.6635 -197.9193
211.6243 105.1500 292.6311
178.4079 150.1817 -877.7763
240.2965 41.0976 -373.7475
-5.7365 63.5033 -415.5967
-209.7454 73.3212 -134.8793
-185.5230 -9.4353 -490.3793
-42.4882 182.9943 304.5887
-100.6019 -71.5133 -893.7239
-145.1896 -38.9434 -828.4271
230.4309 10.3724 209.9632
-132.9195 191.1974 128.7391
231.9054 143.0969 487.3149
132.9660 -84.5770 -332.3109
75.2855 229.4786 554.5518
93.7319 163.8536 142.4142
-65.8482 -167.9673 -566.3635
79.0606 224.0099 -318.5337
-136.2039 -13.2976 34.4557
217.7155 152.3158 104.5112
-83.2705 172.0568 -589.1129
-104.4702 172.0568 308.9643
109.1073 -10.6906 -1034.6676
85.2527 141.9399 -395.8155
-14.7105 226.7443 -101.4415
72.7798 168.7358 -209.0702
-151.6708 2.1706 54.8011
91.9711 -54.8965 -244.2309
-95.7980 5.2598 -874.5577
-97.0099 174.7911 578.5070
-150.1172 176.6995 -802.2068
-66.4119 -64.5033 188.0553
-69.3709 229.4786 408.8825
-11.2457 91.5233 394.0558
-136.1547 190.6620 382.1321
-135.3203 149.5865 202.3538
33.4207 -33.9196 -889.7824
-163.6296 -87.6878 -361.2175
97.6303 172.0568 -825.1641
221.8616 153.6385 539.0262
-24.9173 182.9943 -61.4194
201.7578 131.4866 162.2868
-180.6252 161.1192 284.1282
-217.1221 125.5724 210.2015
110.5799 226.6388 441.3646
133.5392 -60.3652 183.5133
175.4133 -33.7249 119.5138
-198.8315 76.0053 -83.2035
140.8572 -59.9711 -282.7375
-46.7569 164.8461 -335.9537
-82.1199 224.0099 -398.3612
-143.8633 180.2599 -779.6354
281.0605 105.4996 -375.3380
-198.2896 144.9334 -500.6308
166.4313 -28.2730 198.1869
76.4695 180.8047 363.0017
118.9419 142.4386 261.6205
110.0414 19.3648 -968.6740
182.9355 -85.9478 -517.6786
-140.9688 183.1136 -812.8662
-276.5137 80.5292 -126.1000
57.9880 221.2755 -684.2952
-58.6389 226.7443 133.0272
-167.0646 57.2292 109.1085
-135.9063 -37.3978 -864.7683
-66.1907 -106.3797 -1182.7004
-193.2759 150.1817 -787.8414
-199.9087 84.5752 -374.1778
209.6206 103.9249 196.8022
-75.5569 155.6505 241.7073
267.5506 112.6231 -398.9157
240.3574 27.7508 -364.3708
-159.7151 17.0732 -486.6525
109.7525 221.2755 -315.9358
60.2073 -46.8331 -710.7731
97.3912 224.0099 -344.1386
-180.4335 141.9786 -508.1276
-137.3321 161.1192 128.4301
-192.0607 153.8966 134.0096
59.3355 206.2262 -727.4575
273.1699 102.7231 -199.4778
89.7507 226.7443 106.9291
109.2126 -40.3783 -258.8534
269.0829 125.5578 -15.3744
93.9700 224.0099 -262.8246
-219.2258 127.1476 -95.7994
186.2855 150.1817 -412.3723
-51.1400 177.5255 -290.1206
-269.8907 94.6674 38.4090
16.1385 -101.0311 -600.9237
219.1289 148.1680 -179.4158
-101.1554 -135.5906 -747.0056
3.9071 226.7443 141.4794
-145.2118 184.3393 95.1359
-198.6645 133.9300 -908.9482
-189.1680 139.2442 -347.3781
115.2455 224.0099 403.7530
185.4695 -65.8340 -352.9498
-159.5925 130.2177 130.5830
-87.2241 -29.4636 -1032.0045
-133.5904 190.4919 -551.3106
-238.1731 93.9850 -364.1830
36.7172 17.6352 -498.5575
102.5506 31.8400 -1089.2690
81.3940 -65.8340 120.1489
-40.1869 21.9368 -953.5415
38.3686 180.2599 -443.0101
-179.7750 -10.7407 225.7687
-153.0887 63.9807 -439.8607
214.6963 152.6006 -116.6186
134.6683 -37.0681 -216.2121
212.2720 136.5099 -1008.2309
211.5036 130.2456 182.6284
80.8641 23.6141 547.8427
216.0555 122.7528 179.0680
-28.0720 -76.7715 -2.0647
-270.9709 79.9067 -163.1723
-197.6019 139.4063 -654.8070
-171.7538 -125.4026 -566.1629
-181.8555 117.3692 48.6548
-58.2775 174.7911 -927.3300
104.8746 172.0568 -419.7729
148.5000 170.0044 -648.9775
54.4734 100.2788 435.1544
-158.7195 176.3004 574.4366
125.9305 174.7911 548.5923
-54.8056 -72.8195 -93.1381
-260.4496 108.4525 66.1572
-91.3137 -192.0020 -643.4535
-68.2124 224.0099 -513.8802
-95.2400 217.9048 65.1246
159.5753 158.3849 -374.4586
129.8193 210.3380 103.7846
101.0320 173.7344 -278.4193
-162.7280 152.9161 349.4006
155.8300 188.4630 -430.0102
91.5778 180.2599 410.8713
-134.3550 189.7273 -422.4378
83.0451 -56.3619 -890.7227
1.7306 169.3224 147.6674
-18.2409 221.2755 -682.3705
-173.0153 126.7247 -252.6687
18.4252 232.2130 -620.4968
-177.7437 39.4436 322.8406
-148.7839 -48.8390 -757.0825
-164.5687 151.3105 59.5102
228.2320 100.9630 -379.2621
-90.3880 173.5380 83.4077
-55.8411 -63.0996 -242.9959
-71.8468 -42.3429 -734.5928
199.0755 162.7527 -19.3475
42.9487 -114.9340 -733.0054
209.2174 152.6107 -870.7834
-80.9904 -41.2246 -1015.0170
-171.3235 166.4307 -172.0078
39.3043 223.1776 -588.8381
-59.8431 169.3224 -151.4566
153.0335 186.9197 -794.8713
189.8936 147.4474 -438.9368
-3.6659 182.9943 -64.9408
248.4853 127.2510 187.3977
39.1871 -22.1267 -789.4852
-96.6024 106.4079 338.5626
5.9983 158.3849 -69.3666
-221.1617 77.1304 -272.1516
155.2455 -62.1527 -290.2828
-179.2997 142.0482 -496.8056
-80.3728 221.2755 -616.9388
43.2883 107.4405 -404.1207
-215.9505 125.5724 227.9329
-189.8939 108.7532 -26.5174
100.9595 178.8374 471.1783
-190.4068 -68.4684 -380.9280
0.4353 20.8757 -439.9064
-63.1492 24.1551 -489.3344
-118.1701 200.4435 -287.9753
-136.3544 163.1186 357.4811
134.2689 166.5880 -341.3550
226.6855 132.4358 -120.0508
-161.2237 172.0568 91.4047
236.0668 7.8052 -311.4663
56.1775 -50.1766 529.7014
79.9408 -65.8340 -132.1119
107.8029 -103.8228 -376.8681
106.8618 -64.9633 -883.2301
163.1141 -141.7101 -601.1288
3.2011 169.3224 62.3479
26.4613 190.2930 -662.0575
-72.6200 174.7911 -618.3479
-175.3505 27.4186 -471.5208
87.7734 181.0020 565.9676
-224.4865 17.3841 -354.8212
-94.4232 -54.4888 -265.8442
-181.7791 -0.9479 -491.2913
-134.7990 -153.8492 -698.7571
75.8167 174.7911 -600.1249
70.2311 226.7443 -187.2365
-26.7800 184.9203 -727.4575
-183.4709 115.2013 164.9264
-21.9396 221.2755 -802.3331
-57.0057 180.2599 421.8530
113.0761 215.9395 -577.2030
48.4859 180.2599 -452.7852
6.1533 226.7443 212.2476
5.2010 -54.1539 -479.1373
241.9599 22.8600 246.0254
131.6926 -19.2570 -951.3888
7.9640 229.4786 538.8513
0.4856 185.7286 431.4713
-239.3719 46.1217 41.7195
221.2168 143.5499 -67.1150
-73.4794 177.5255 426.0570
-103.0419 210.1029 -791.1292
286.5846 110.7905 -64.5778
111.6740 161.1192 179.5182
-211.4295 66.8361 -375.9706
-197.5845 124.6469 25.5945
-240.7150 110.7652 -244.0521
59.2084 -129.4116 -687.0830
-193.5680 152.3893 513.8069
219.1555 60.6414 -6.3141
217.9102 146.6524 -351.5224
34.6601 -107.5977 -696.2004
66.2611 224.0099 -246.5405
-86.4046 221.2755 -416.7201
-197.1428 145.1732 63.1510
118.9825 212.7675 -599.2510
-176.7314 144.7130 -335.4145
-184.8802 136.5099 -693.4888
-76.2245 -29.2727 -551.7214
-260.0334 86.6027 156.3499
-22.4752 226.7443 134.3746
107.1650 174.7911 32.6916
154.0143 164.0639 191.5934
59.9337 221.2755 -879.6620
174.2780 176.6127 -354.6983
-32.1491 73.6192 -1054.9495
177.2532 -10.9322 193.6594
14.2823 224.0099 -229.2334
-121.7960 199.5519 201.0000
224.6552 -11.3711 -311.1189
-92.0612 -103.8832 -370.4725
-242.0067 141.7253 -333.8400
-110.7165 153.2095 139.3406
-49.7927 -165.5428 -598.9658
-57.4970 163.8536 36.0818
24.6066 -74.0371 -78.0307
193.4236 24.9411 318.9426
-89.1234 221.2870 345.6623
22.5656 135.8055 310.8173
-63.5353 174.7911 -378.3157
163.1273 48.6969 -476.4161
-152.6613 179.6241 259.2852
-178.6601 161.1192 11.6225
14.3840 -63.0996 -272.9971
90.9589 226.7443 -26.1225
149.8418 162.7676 -363.3403
53.5550 13.4629 -888.0948
139.1632 163.8536 -491.8666
-38.3872 -62.6973 -598.9653
-227.2209 91.8937 266.5549
-170.6423 -9.4191 -511.6375
-219.4981 26.5892 -278.6515
-69.0533 172.0568 -878.4957
6.9362 185.7286 312.7302
-54.7844 15.6257 -1094.6561
39.6939 179.9467 -993.4051
-0.5009 229.4786 520.9559
93.2552 224.0099 -359.9198
89.9259 -53.6680 -253.0732
-74.1753 172.0568 -987.4600
-60.7522 177.5255 -143.8606
52.9684 177.6682 -449.3677
57.3455 142.5075 281.7077
-77.4261 226.7443 -37.9380
-69.1483 221.2755 -908.7267
99.5980 37.7683 436.8085
83.0156 -105.8100 -785.5341
-162.9557 -111.3826 -427.6319
-16.4229 -79.5058 -33.1033
196.6846 165.1436 117.5858
-222.9096 27.9158 -296.7180
180.5711 128.3067 -330.3190
-149.8236 180.2599 359.8553
16.1385 -100.3425 -586.2316
-24.8771 -11.7115 -920.0297
-263.7170 86.1983 98.2386
209.8338 52.7646 311.0275
-10.5911 172.0568 115.5052
230.5026 114.6348 -362.7025
-87.2582 -191.6153 -643.6335
184.7473 127.8621 -112.6517
212.0659 125.8703 -361.2175
38.8118 226.7443 278.3947
-128.6581 -35.7558 -78.4776
98.1447 -130.0213 -737.3762
35.8124 171.1432 -139.9426
224.9162 24.8210 -418.7752
-20.0607 221.2755 -794.9379
-98.1022 217.7770 485.6840
-161.5850 150.1817 -565.4528
104.6917 -50.3364 -918.2143
252.7637 125.5724 -195.1395
-234.3749 73.3011 -303.1992
121.6991 97.2026 338.5626
216.4029 35.6909 -434.8612
-191.5039 139.2442 -92.2756
-171.8277 -36.1545 -255.8433
99.9935 -62.4654 -129.4724
83.0272 -63.0996 -177.1448
-193.1238 139.3268 104.4359
169.0901 154.4568 -599.2466
20.6827 226.7443 63.7144
204.2595 141.1624 -234.4723
190.1068 93.2751 130.0848
157.3674 163.4451 341.9874
19.5254 180.2599 -908.5536
-103.9116 -110.5324 -386.3758
13.8204 221.2755 -983.5445
-177.9088 116.0954 -109.1940
84.8181 224.0099 -399.9782
-165.4279 169.5920 -49.2846
15.2633 185.7286 299.4993
-201.7485 97.9595 -337.7651
-83.1681 -60.3652 -55.1740
-115.6535 165.3311 -729.1674
67.4243 110.3911 345.4427
145.3163 202.1349 217.2675
-200.4923 114.6348 -241.7338
177.4317 150.1817 -844.4518
183.7522 147.9978 -879.7424
-59.2789 -169.7402 -584.3827
85.6716 226.7443 -198.7617
-36.9877 193.8618 -727.4575
-152.2522 25.5960 175.1941
23.2757 226.4430 -593.6441
-185.7578 141.0589 81.6079
192.0659 116.9294 50.0403
211.9753 142.3112 546.1547
165.0163 -5.8234 47.7262
39.5238 226.7443 273.1447
40.6919 -76.7715 -40.8105
269.6649 125.5724 24.0259
-105.9661 132.3580 306.9993
-192.1344 149.4485 287.7589
41.9626 224.0099 -564.0441
-68.8879 166.5880 -132.9904
-70.3056 -0.9783 294.2124
-264.5628 63.1096 -17.2975
57.7579 101.1171 524.5840
-98.8390 -46.2435 64.6386
-138.0537 158.3849 -753.4117
-219.3184 136.5099 45.7529
-51.6482 174.7911 -666.3152
191.8998 144.7130 -867.6301
-64.5286 229.4786 426.0811
94.2104 -82.1691 -835.8776
130.3943 5.2598 -885.5670
-69.6412 57.3189 -1064.8589
164.9529 -3.1524 16.9579
101.7933 -66.5554 -1197.1941
40.8656 39.1908 -1087.1576
-276.7093 88.6022 -279.9782
-225.4377 83.1036 279.7026
277.7879 70.5323 -123.8017
144.5308 -77.0348 -319.3374
217.7246 150.1817 435.6085
201.2811 146.8752 -16.9056
-249.0959 57.6781 191.1420
146.6421 198.7798 -76.8908
-13.8938 224.0099 -312.6890
146.8794 147.4474 159.6043
-267.4583 119.5146 -10.8998
-87.0359 -38.5379 -1065.9014
128.9521 34.7474 -492.0175
149.1746 -63.1275 -292.6143
67.9877 71.0753 -1028.5044
-82.6332 163.8536 -242.5758
-76.7464 -67.8496 -667.0467
243.0918 41.7998 -357.3658
-19.2872 221.2755 -877.7568
-12.9887 -67.9570 -248.2296
38.4141 -67.1045 -849.6367
-33.6671 226.7443 114.6419
37.7120 -52.9609 118.8342
-22.5933 180.2599 -397.9299
167.0444 -45.8413 -778.1652
204.1246 163.1723 269.0200
214.5558 155.4755 234.4536
42.9827 -21.2277 234.7756
-15.6015 -27.2580 -818.8336
106.2614 -15.0488 276.6422
172.0098 -7.0331 -184.1355
43.1289 -115.4369 -506.8616
103.6386 36.0985 -1035.8501
127.1583 -149.6837 -706.7582
93.8008 172.8954 -507.0012
126.8317 144.7621 2.2850
-125.5764 -16.6152 -816.5855
11.9181 -19.0375 -520.4167
54.1384 -63.0996 138.5506
-273.7053 94.7501 21.2473
179.7326 152.0175 -464.8358
63.7225 196.0957 -662.0575
-162.9667 -50.3692 -275.1881
160.4267 126.1323 -381.0139
112.0859 -28.7382 -570.0630
131.7006 169.3224 3.1255
-39.3318 -120.9616 -491.1977
180.3937 -1.3835 -110.6304
-30.9588 180.2599 -351.7467
47.1553 0.5967 278.3596
-276.4397 77.3355 -220.9115
79.3371 174.7911 -552.3178
110.5846 138.2393 -393.9175
42.7985 185.7286 445.1632
7.7403 226.7443 0.3820
157.0881 -31.1271 -850.1478
95.4354 43.7460 524.2542
-94.1931 169.3224 -484.4836
232.2332 136.5099 357.2870
106.8347 172.0568 -514.1761
277.1358 70.7492 -131.9979
249.0428 125.5724 -150.2792
211.5842 150.2440 -885.9239
131.7402 -81.7558 -843.0661
61.5983 180.2599 -116.5212
-145.2530 158.3849 -189.4803
31.6060 177.5255 -964.9786
134.6887 207.9988 295.5941
20.4963 154.4724 246.5504
185.1908 165.6999 -766.5604
-172.5334 -117.4608 -591.4749
-44.0177 -39.0839 -1044.4797
12.4254 221.2755 -993.4725
-20.9076 180.2599 -417.9307
-176.3363 161.1192 -431.1962
-154.3694 -23.8512 189.0766
171.9980 -65.0965 -751.9766
3.1893 182.9943 -19.1778
-208.3781 -34.0908 -383.2986
-253.9230 62.6817 -256.2515
-3.6024 224.0099 -579.0743
-147.9240 -37.6192 -815.2993
105.4771 -17.1840 -1176.8081
149.0739 161.1192 -540.3652
-117.4737 201.1399 -265.0004
53.6531 192.7610 -727.4575
-154.1070 118.4693 -381.4765
-82.2770 224.0099 -54.3637
197.0158 33.2160 -66.4296
32.6011 182.9943 14.3147
195.1921 152.9161 477.5712
-118.8428 -16.6152 -811.6985
-68.5274 180.2599 517.9811
-2.3162 62.6043 562.7482
-1.0315 226.7443 -171.0715
284.1074 95.7454 -43.2604
-172.9731 163.8536 -215.7218
177.0628 172.0568 -555.8382
184.5640 -90.1820 -482.0985
37.6533 -4.5783 -912.9858
-60.4240 14.1068 447.2583
22.4867 -74.0371 434.3959
-87.3838 223.0267 66.3788
153.5524 -28.2248 -71.1939
11.8743 -34.1315 -329.1325
213.5469 156.4844 281.4935
69.2409 226.7443 -28.9043
19.9898 -43.9590 111.3139
108.0485 -16.6152 -778.2335
12.6695 103.7612 -400.4575
204.3026 -13.0215 228.3577
-140.4832 186.3335 -119.1126
255.2645 46.1435 62.8676
157.3600 160.7182 -44.0989
183.3810 148.3690 -941.6617
3.6816 106.4317 394.1924
171.9980 -116.2711 -520.3079
-80.2216 161.1192 -78.8989
134.3167 0.5583 -879.8658
-162.7950 172.2249 556.7555
-78.7645 166.5880 197.1102
-16.6755 226.7443 105.4402
-72.2411 -3.3327 -522.3788
-41.2833 -41.1990 -1075.5656
164.1369 -114.2900 -677.5894
-103.1391 212.7401 -204.5027
124.6932 -30.4509 253.5426
-191.0242 120.8210 138.7623
133.1467 212.2753 536.5327
147.7207 200.4355 228.8904
-35.9813 177.5255 -543.9410
114.3444 -48.2922 24.9285
210.1771 25.4960 -175.2328
153.8897 158.7197 -525.1179
-40.5593 182.9943 550.7878
2.0870 182.5580 -280.5109
141.9767 165.1639 -304.2948
-87.1996 223.2108 321.8037
154.3976 -74.0263 -659.2272
-69.1842 51.1595 -1076.0153
155.0557 158.3849 -796.7274
-186.9966 148.0232 557.1484
-212.5571 54.4786 -78.5895
285.2346 95.4534 53.5961
188.4042 -79.3256 -467.6327
193.6048 14.5620 -127.9674
227.6633 129.8975 88.5763
-18.4513 180.2599 -290.3277
-87.4795 -175.5791 -568.1128
-164.3303 29.2274 25.4478
10.6693 224.0099 -426.5373
-121.8916 137.6704 5.6503
218.0801 139.2442 333.8232
-269.9443 91.0375 -353.8281
-160.1991 128.3067 -330.2293
-108.2479 -60.6284 -1172.1776
-132.1650 161.1192 -472.7957
-117.0866 141.9786 23.5120
83.6267 62.2680 -1042.5638
-69.1534 -32.3316 -557.4175
64.8479 177.5255 -621.8457
197.5912 127.7986 143.5004
60.3241 163.8536 15.8096
100.4831 154.6439 -50.4228
-50.9580 218.2565 -737.9484
-150.9527 61.9104 -444.8123
-74.3336 229.4786 510.7483
241.5308 21.4723 237.4244
67.4829 182.9943 562.5936
-93.2155 158.3849 117.6758
-13.0679 221.2755 -641.6998
170.1848 175.2371 -812.6209
90.5044 29.9145 443.2026
41.9586 179.1752 -530.5818
194.1223 147.4022 -386.8894
92.4779 -161.4638 -560.5122
79.0844 -28.4084 374.6647
-137.0890 188.4630 -203.4724
-174.6098 119.3944 -108.9221
239.4107 67.7299 -333.0981
56.2648 224.0099 -209.3950
-30.8760 226.7443 94.0803
54.4198 -22.2230 -1076.8461
-198.0405 122.8380 80.0522
163.1872 130.2816 51.6627
-124.0883 194.7586 -633.1857
154.5768 -26.3071 259.7918
25.8803 226.7443 251.1109
-92.1478 -0.4809 -854.3371
-233.3480 118.4206 -250.9775
160.5803 -18.4626 -51.8262
-141.1089 136.5099 -73.2384
-206.2569 52.2004 0.1064
131.9661 -44.5226 76.9626
-57.6896 10.6203 415.6831
-42.0798 177.5255 -955.2910
-106.3545 -41.4030 -730.3008
183.9502 -5.1861 -511.6375
-84.4418 221.2755 -814.6913
-125.8760 162.6595 -331.6431
-79.3658 226.7443 22.7683
-128.3402 -14.7962 -531.2575
-74.3250 161.1192 -87.2852
-188.4965 157.4608 555.2170
-149.7003 -65.8691 -824.5792
-26.8755 -59.4171 -878.3851
191.2901 147.4474 -381.6548
-199.8049 113.3399 -264.7491
-123.9221 -117.8508 -791.2522
205.9254 155.9028 -464.1733
197.5941 119.7232 94.0031
94.8578 -60.2006 19.8779
-108.9041 -128.8302 -763.1750
-28.9612 171.8396 -286.5686
-127.1059 193.9318 -691.0026
-164.3303 -113.7815 -664.2334
-42.8587 -76.1819 -58.0196
48.9115 -58.8493 528.2227
-54.2401 226.7443 -74.5244
63.5780 226.7443 -35.8867
-85.2933 172.0568 -353.5084
-59.1951 174.7911 -569.3098
147.0043 168.3395 317.6786
189.8320 110.9438 25.4794
-71.2434 -46.6933 -990.8015
47.0311 107.9072 371.2626
-94.1015 169.8245 -345.4453
-202.6115 1.2165 -251.6702
121.0344 216.1844 -57.4557
-145.3144 129.5419 -30.9301
-24.8969 166.5880 -83.8120
6.4110 -54.3215 83.5026
-139.8936 186.9231 -72.7509
-180.9216 31.8097 318.9426
-61.2877 229.4786 495.0455
226.4093 139.2442 -78.4254
66.3947 177.5255 -462.8419
-42.7243 -23.3844 508.4263
-219.9943 36.7188 50.7698
60.8335 -65.8340 -650.9275
-183.9852 156.5034 -689.8665
32.9564 86.0933 -417.3866
128.1953 152.9161 -133.7561
-23.6337 -57.3920 178.9037
-83.5837 -62.0924 -8.7214
-210.7781 69.2330 -121.7393
-240.9313 44.9468 205.7903
-22.6758 -42.6714 371.4531
195.2293 47.6699 -459.2784
-109.3526 169.3224 394.6284
46.2713 224.0099 -302.4808
95.7443 224.0099 -393.7228
-195.9320 60.4895 -119.6115
-154.0635 -66.5354 -809.1957
-69.6110 229.4786 451.9288
88.6062 174.4202 -651.3604
-19.1776 204.3021 -740.5375
119.7201 -33.3845 249.4043
185.6508 154.3024 247.5475
130.1624 169.3224 111.4275
277.8248 87.8445 164.8931
128.4167 211.5365 21.2700
178.2648 174.7911 -331.1236
169.2636 -51.0022 -778.3151
116.9639 169.3224 -634.1256
152.5091 180.4723 -727.4575
218.8552 137.5855 -528.1821
-0.9736 -63.5746 -271.7914
76.2916 166.5880 -262.0515
19.6655 57.7421 -446.8674
176.3956 155.6505 94.3449
-23.1342 141.3936 -391.1481
160.9798 192.6453 488.0881
154.1377 -19.7374 -821.1522
236.3527 5.7346 -358.8513
-107.8931 166.5880 -429.8466
108.5934 -180.6778 -623.3175
131.9442 142.3839 2.6331
218.2034 146.0269 -782.2529
205.0648 139.2442 -499.7828
45.9234 218.5411 -731.7159
49.8002 180.2599 -277.0537
-147.3571 160.3189 436.2177
255.9140 57.2130 -224.1654
-105.4448 169.3224 135.4438
115.9250 169.3224 -411.4064
150.8763 167.6871 -740.5375
-15.5719 -73.7719 459.1078
-125.2808 193.9318 -728.5421
-136.2200 169.4736 -662.0575
179.5405 155.6505 233.8889
16.4591 182.9943 -303.7705
-183.2872 113.4514 -122.3257
110.4925 -30.5749 -985.0563
-106.7544 206.3905 -762.0593
191.2510 -8.0885 180.5597
-80.1501 227.5260 490.0991
-130.5737 190.7743 -857.7130
-187.0520 111.7701 175.8388
16.7232 221.2755 -1000.1548
-12.9857 221.2755 -887.8420
127.5809 28.8608 319.8008
-6.1348 -56.0036 -561.0182
-59.1430 -7.5392 -525.8999
-101.5703 211.5745 -495.3120
-93.5151 169.3224 -371.5452
215.7480 104.4332 -142.1827
-148.1188 1.3531 73.6772
275.9043 72.4524 -60.9641
-68.9483 -66.5530 -136.3697
-183.4709 -91.2277 -496.1530
-106.4329 166.5880 -775.3993
-201.0013 142.0528 -1000.4338
146.3074 163.5676 -489.9749
15.6468 229.4786 374.4752
-62.3158 -142.8369 -716.5941
87.2323 34.5954 340.9075
74.9220 -32.3201 -565.5500
221.2168 101.5367 -254.7897
236.1761 128.3067 -135.0122
95.5983 4.2647 512.3730
159.7123 161.1002 4.3110
150.6833 -156.8753 -607.9610
5.6121 226.7443 -157.9350
106.8134 -55.7908 -269.6575
-187.6417 19.1452 -465.6918
131.1546 166.5880 -337.5043
233.8128 142.2700 592.9722
-186.6486 116.4737 8.3603
170.6147 180.2599 -319.6603
218.4824 20.9222 -217.8787
-118.3891 152.9161 -144.1604
24.0043 -68.5683 -209.3508
215.1954 104.0982 286.6056
233.6935 46.3950 -393.5061
-165.8063 169.2135 56.9600
-57.7584 -66.1778 -677.5852
102.2858 -65.8340 -1176.8584
-119.3624 166.5880 81.8141
-70.3459 186.0995 -662.0575
-244.7977 48.8131 187.8275
-152.2063 -24.6891 93.4357
39.8069 226.7443 -9.2727
80.9406 229.4786 403.7513
81.3366 -19.0048 -553.3229
140.8298 141.7015 -26.0668
-29.6978 224.0099 -474.3597
-94.8126 215.5979 -611.0011
-257.2990 116.7346 130.8340
-128.5369 195.5454 -127.8240
-77.9633 164.0878 -195.8769
-141.7761 179.8539 -1012.6220
-249.5563 55.0621 -112.9920
-154.1042 178.1812 396.7667
90.5452 -159.2790 -557.1730
73.0999 -72.1423 -307.6356
217.7259 142.5893 -769.3440
154.0465 -124.8381 -479.0260
44.0808 224.0099 -451.5324
-162.1737 126.3618 -92.6797
42.8642 -44.2193 -895.3965
-197.2792 113.4041 -74.0627
-20.9039 55.7033 -1074.0776
-41.0836 181.8268 278.4438
-24.3297 224.0099 -450.2848
-92.1908 218.2197 -267.3163
97.1257 -60.3652 -11.5605
171.0780 174.7911 -853.3185
137.2956 163.8536 -628.4974
71.2053 190.0343 -662.0575
29.6039 182.9943 -194.4225
-230.5283 46.2755 -68.3329
115.3784 -16.1121 -1003.4885
31.9679 224.0099 -557.7989
-96.4904 22.3751 -492.0175
-69.8378 19.9508 318.4843
217.6324 142.4958 -916.6775
70.3645 -52.1621 -1118.7389
0.1519 -44.9078 -316.4381
67.8696 177.5255 -631.8492
-30.2741 177.5255 -703.9343
-3.7745 -48.4659 534.7626
-89.1249 172.0568 -364.9102
-18.7122 226.7443 24.0530
98.8955 -65.8340 152.0950
-218.3249 111.5437 -353.8735
150.5900 159.2850 -663.0320
-90.5021 12.7148 -1010.3003
95.8579 172.0568 -831.0975
79.5480 -26.3260 253.5426
80.5188 224.0099 -243.0080
63.1678 103.9101 351.6426
231.6715 135.6255 403.0553
17.3806 -63.5852 -583.5775
117.2575 217.2270 -94.8620
106.3729 2.0926 -1066.1235
-111.4853 -6.1531 -906.1569
-90.2455 109.8141 338.5626
-25.7788 -29.8507 359.2956
-93.8606 164.5967 196.0562
-50.6168 -155.5086 -653.0198
-40.6268 224.0099 -552.2032
60.3631 182.9943 331.0266
-120.8832 70.7082 -436.8501
155.8622 -42.5362 93.8266
-20.6778 169.3224 51.2555
107.5576 113.3617 331.7977
-188.1482 150.7952 547.8427
-3.0021 -58.6728 -407.9379
-236.7268 59.2631 -176.3099
92.2229 163.8536 -251.9158
-60.0007 -24.2178 -784.4839
225.7090 46.6917 19.4426
-70.4911 174.7911 -172.5499
44.7267 -57.1709 -605.0736
-101.9008 -119.4421 -783.4621
69.4002 140.0375 -395.2901
-4.7490 182.9943 -147.8300
-49.6280 174.7911 -916.9531
-129.1524 142.0002 -67.8517
-172.7283 89.0897 32.9545
-169.7039 150.1817 199.0647
287.5897 98.8478 -122.0830
-31.3975 15.2162 -971.1155
-273.3851 77.4006 -49.4163
228.5690 -10.6302 -344.0422
-249.5987 47.1399 66.4490
-27.6115 11.4420 -1022.9374
111.8417 6.0172 -1027.9984
211.1229 -33.5450 -332.7634
110.3302 169.3224 -901.0825
-5.4703 -78.8495 -581.3710
253.8111 133.7755 82.6266
-218.8321 65.0100 -246.3233
272.0376 117.1343 -114.5504
176.2054 51.3405 325.4826
215.2233 136.5099 -231.6505
-103.8373 169.3224 -219.8728
-157.7250 9.3082 -15.2764
85.9979 163.8536 -105.0537
19.7782 180.2599 -969.9429
21.3550 224.0099 -269.9298
213.2927 144.7130 -571.8860
66.9575 129.6434 312.4756
-77.6710 -45.8842 -269.6575
-36.4798 11.6763 331.3467
-163.7818 168.5036 -919.0676
-133.4231 83.2799 -426.6175
-158.1938 133.7755 -244.5268
157.0905 -16.1571 -546.5118
107.4634 -32.8117 -1185.2576
26.8101 -63.4829 -269.3769
-47.7201 -48.0697 -1145.0848
90.8221 34.4932 -1112.0679
158.3422 184.3453 -785.6196
189.9169 169.1769 -128.0751
36.1296 -55.5282 -315.4375
163.5438 -136.1025 -561.3833
16.0357 185.7286 490.9106
-0.4732 -79.5058 -135.6969
185.6115 63.6955 84.0974
-40.2824 -73.0097 -624.5063
-38.1362 180.2599 -211.0578
-78.8865 -68.5683 159.6298
22.2231 -86.9575 -467.2718
31.7559 221.2755 -746.3225
87.6027 -61.3497 -282.7375
-21.0844 -10.7549 338.5626
-121.9500 199.4005 440.6152
186.5459 147.9385 -562.4972
-61.0529 175.5294 -328.2230
213.7084 136.5099 -720.8246
-125.5452 -106.2372 -815.1473
40.9355 169.3224 -304.6985
29.8742 -8.4646 -528.1132
166.3309 154.4816 -758.8372
-160.2500 152.9161 133.0433
208.2216 18.4941 -454.4290
28.0927 109.3240 524.5750
50.8863 217.2100 -727.5437
17.0191 172.0568 -256.6496
-222.7827 13.1263 -351.4093
11.0160 -89.4223 -548.3218
-97.3605 -59.9607 -1128.7539
-60.8827 -87.0004 -349.7127
81.7619 -0.9601 538.0365
10.0195 -69.7737 397.4226
-183.0004 160.2226 334.6134
-192.4160 85.2831 -390.4057
-137.6694 -94.7313 -355.1232
-133.5231 -118.8132 -412.7216
62.2203 152.7829 -380.8375
-141.3324 160.8749 155.3078
192.3577 172.2048 529.5506
-125.7623 161.1192 -763.8328
-183.7142 140.3681 -220.0915
191.1386 -69.3359 -476.6027
-84.9061 156.7507 20.4295
-24.9586 104.9830 489.2148
231.0341 136.2628 292.0162
224.6100 7.2859 164.4135
110.2693 221.2755 -319.1393
-194.2172 141.9786 -967.3106
55.5353 229.4786 464.5497
275.9043 92.6432 -202.5330
222.7283 131.0411 -4.4959
-175.2678 97.1522 15.2278
-37.3295 180.2599 -131.9586
-72.8485 -112.2013 -409.7009
-163.2329 5.0279 90.6879
100.2938 161.1192 -150.4573
-96.4122 216.7326 -7.0378
-59.7942 79.3981 351.6426
-183.0806 119.3884 89.2654
10.6698 -57.6623 -564.9731
-150.9246 -115.3960 -752.1599
-23.3007 177.5255 -709.6035
-158.3649 133.7755 -247.9851
229.4710 66.7322 -249.8293
-159.8181 169.7329 -890.4482
20.5859 182.9943 -240.6825
-130.1832 -35.7232 -90.3121
-192.2263 152.9161 -383.3145
-130.1150 -52.1621 167.8393
-203.3488 122.2080 186.8127
-160.6120 169.3224 -851.6883
7.8580 -0.2089 302.0077
81.8690 181.5216 469.7405
-187.0827 156.1403 -343.1218
-17.7616 -79.5058 -92.3491
51.0363 -128.8839 -526.6511
-114.4205 204.1931 58.6526
-49.9645 221.2755 -804.2290
-192.8596 -63.2327 -370.9114
-119.5752 140.7291 3.8748
-4.8006 180.2599 -540.1715
279.0791 64.5484 -210.0577
281.3799 112.0483 31.5528
264.9668 56.9939 17.6440
-24.5830 -77.4295 -630.2281
-188.1777 139.2442 -155.8486
-72.7227 172.0568 -885.5713
-111.6474 166.5880 -412.5366
-258.0675 65.4161 -283.5777
-181.9041 114.6348 -340.8479
-10.4889 -55.9059 84.3583
-63.7250 166.5880 195.8915
-139.7331 -65.6900 -695.1310
112.8924 -87.1795 -836.6340
-53.9556 62.9802 -1074.0776
176.8788 171.2775 -731.6830
-110.4402 -57.3557 -915.8683
29.1380 182.9943 -118.5255
-138.6254 185.4569 -637.1918
8.4214 182.9943 58.6184
-153.5168 -145.1309 -524.2560
-150.5236 157.1524 277.5255
65.8859 -63.0996 113.3368
-97.8602 -54.3743 -0.0833
-144.7597 158.3849 84.0628
216.5802 142.5136 -817.6066
-216.0829 129.4734 -44.3714
44.3543 69.5207 -446.2302
34.0116 108.6184 -406.9975
-108.2133 207.6660 22.2144
-10.0793 -72.2494 -418.4948
-185.7334 158.3849 -136.4256
112.3748 224.8440 371.3915
-119.8946 166.5880 277.9437
-135.3817 158.6225 -444.5054
-76.4422 226.7443 208.5184
201.8811 146.2752 119.4129
150.8821 189.0711 -803.0378
224.6956 131.0411 -33.6215
81.1103 190.3689 -635.8975
88.4995 139.1543 283.1876
-0.2010 227.2151 -620.6738
204.8105 59.1005 -94.4233
16.7272 182.9943 -105.7620
-55.9944 -68.5947 -155.9289
74.9892 224.0099 -249.0497
35.0444 -96.5116 -777.7820
-168.3356 74.5721 37.9528
-37.1982 -63.8375 65.3878
-77.8940 174.7911 -26.2159
174.2392 176.6515 -433.0359
-47.3302 224.0099 -273.9508
162.4952 -8.3446 30.0877
-16.2043 4.9421 -498.1939
129.0947 203.0475 -875.5455
-161.5959 -97.5900 -690.2419
213.1817 144.7130 -515.3628
-0.5685 229.4786 448.9341
-102.7727 158.3849 -147.4483
-110.8084 -41.5846 -201.3664
-97.7109 136.7964 295.3672
-50.7366 -158.6857 -641.6696
111.8417 8.6805 -1037.1537
226.9526 68.3503 -392.8009
89.9667 67.5898 476.1436
35.1406 -48.2618 105.5797
-13.5890 102.0776 -406.9975
166.4753 139.2442 -201.9887
176.8132 119.6316 -60.3775
-84.0717 -128.2711 -757.9723
230.6357 27.1348 87.7407
-37.5524 169.3224 -126.9199
154.0326 141.9786 -302.3743
242.3103 41.2354 271.7617
105.8500 -164.7133 -683.8907
-150.9961 157.3419 238.7758
51.1128 221.2755 -1001.6927
-170.9848 133.7755 212.9224
148.0679 135.1604 -6.4545
-90.2026 -65.8340 155.3468
100.9048 171.9555 -714.1368
208.6766 35.1025 -160.1333
-139.9669 -25.9395 -121.8717
-39.0493 -53.6264 200.9902
81.4014 -168.3317 -638.4002
-27.1360 169.3224 -299.7624
-141.5732 -87.2501 -653.3452
-235.2561 133.7755 -30.0335
-32.1264 85.6225 443.4702
81.0414 10.9537 353.1852
45.0831 224.0099 -402.3445
-154.1719 158.3849 487.2804
-15.1638 221.2755 -953.3691
-48.1250 46.6686 -1012.9018
-94.7067 218.4381 -22.3667
117.2251 98.3839 -429.5160
-78.9373 228.7387 519.7346
30.8960 229.4786 523.1306
213.9161 136.5099 -211.9564
28.5705 221.2755 -703.3264
64.3474 226.7443 302.2952
-190.6874 100.7712 -109.8790
-143.3275 165.9439 -1008.6776
-178.0792 124.1281 -275.4914
133.9738 203.2450 -392.8931
170.5755 177.5808 -482.1492
-135.9373 -27.1752 -63.5050
-119.7652 -35.5237 -750.9028
-70.6210 163.8536 -302.6680
