case_id,modality,fov_category,target_name,target_index,dx_mm,dy_mm,dz_mm,abs_dx_mm,abs_dy_mm,abs_dz_mm,radial_err_mm,contrib_x,contrib_y,contrib_z
amos_0004,CT,FOV-A,spleen,0,7.6855472541355425,33.683527893206154,-19.056267865016707,7.6855472541355425,33.683527893206154,19.056267865016707,39.456165967706696,0.03794196602645048,0.7287949923695629,0.2332630416039865
amos_0004,CT,FOV-A,kidney_right,1,-1.6949629086750804,27.457449940406267,-21.169054049443275,1.6949629086750804,27.457449940406267,21.169054049443275,34.71186116934601,0.0023843203057514386,0.6256977606404309,0.37191791905381766
amos_0004,CT,FOV-A,kidney_left,2,5.186596491268666,21.408182015588483,-17.540195971426783,5.186596491268666,21.408182015588483,17.540195971426783,28.157938757868322,0.03392838626179703,0.5780399529668708,0.38803166077133205
amos_0004,CT,FOV-A,gallbladder,3,-28.94774618472983,29.902134366751017,-40.00055250652258,28.94774618472983,29.902134366751017,40.00055250652258,57.724811387217564,0.2514805879246959,0.2683362413684647,0.48018317070683947
amos_0004,CT,FOV-A,esophagus,14,9.985232004019977,37.625989263190355,-2.554793935876205,9.985232004019977,37.625989263190355,2.554793935876205,39.01213783250811,0.06551139089538775,0.9302000415716446,0.004288567532967637
amos_0004,CT,FOV-A,liver,4,-12.881647605721419,36.831545323858954,-29.134522859114895,12.881647605721419,36.831545323858954,29.134522859114895,48.696201065481,0.06997657218901868,0.5720707167179565,0.3579527110930251
amos_0004,CT,FOV-A,stomach,5,5.1410484630232105,20.432665224491675,-27.906759476590196,5.1410484630232105,20.432665224491675,27.906759476590196,34.96729060078235,0.021616203987820017,0.34144917933419855,0.6369346166779815
amos_0004,CT,FOV-A,aorta,51,5.1488507314015095,31.977954642785914,-4.063446664058802,5.1488507314015095,31.977954642785914,4.063446664058802,32.64371066196332,0.024878349428256917,0.9596267038357355,0.015494946736007709
amos_0004,CT,FOV-A,inferior_vena_cava,62,-2.619404264747099,30.717717799016288,-5.977192535827498,2.619404264747099,30.717717799016288,5.977192535827498,31.403284797812624,0.006957527071612185,0.9568144749204333,0.03622799800795443
amos_0004,CT,FOV-A,pancreas,6,-5.338450407461213,27.300029873691294,-23.548882980248663,5.338450407461213,27.300029873691294,23.548882980248663,36.446406866449884,0.02145462791848038,0.5610696879903542,0.4174756840911653
amos_0004,CT,FOV-A,adrenal_gland_right,7,-3.141800000535115,27.816105195416345,-17.786512586805657,3.141800000535115,27.816105195416345,17.786512586805657,33.16574506153038,0.008973824146274309,0.703417427626005,0.28760874822772053
amos_0004,CT,FOV-A,adrenal_gland_left,8,4.506301702136717,18.332120651207322,-5.871166316228255,4.506301702136717,18.332120651207322,5.871166316228255,19.769774822033646,0.05195616463807518,0.859848559957238,0.08819527540468688
amos_0004,CT,FOV-A,duodenum,18,-2.367336083162119,17.231666513779146,-21.404780874810058,2.367336083162119,17.231666513779146,21.404780874810058,27.580776915659452,0.007367274375261589,0.3903386637813521,0.6022940618433863
amos_0004,CT,FOV-A,urinary_bladder,20,-3.495658637789039,28.819748815668696,-11.083846639985495,3.495658637789039,28.819748815668696,11.083846639985495,31.07489674076012,0.012654315063574166,0.8601238580130933,0.1272218269233326
amos_0004,CT,FOV-A,prostate,21,20.02713590628593,37.84098263699304,-55.38345106708016,20.02713590628593,37.84098263699304,55.38345106708016,70.00251989494177,0.08184842799338028,0.29221160757560066,0.6259399644310192
amos_0011,CT,FOV-A,spleen,0,1.1113710211091359,46.772052868823465,-32.081973831579035,1.1113710211091359,46.772052868823465,32.081973831579035,56.728415455049515,0.00038381048163575493,0.6797849696272794,0.31983121989108465
amos_0011,CT,FOV-A,kidney_right,1,-14.317246709576985,48.79245481151109,-42.172132640040445,14.317246709576985,48.79245481151109,42.172132640040445,66.06191013954569,0.04696958937760658,0.5455104611265589,0.40751994949583453
amos_0011,CT,FOV-A,kidney_left,2,-4.846565736008145,36.74728830471064,-40.73086053930729,4.846565736008145,36.74728830471064,40.73086053930729,55.07136640265493,0.007744912419218976,0.4452448339220069,0.5470102536587743
amos_0011,CT,FOV-A,gallbladder,3,-28.383292995242726,15.339152345461429,-41.97924697686403,28.383292995242726,15.339152345461429,41.97924697686403,52.94485898248873,0.2873941799282672,0.08393732600814201,0.6286684940635908
amos_0011,CT,FOV-A,esophagus,14,-10.616124114198268,41.8380428749316,-14.442798341147181,10.616124114198268,41.8380428749316,14.442798341147181,45.5161328183285,0.05440029595994055,0.8449130328756547,0.10068667116440475
amos_0011,CT,FOV-A,liver,4,-23.84712500528625,33.80014037652144,-38.283222589253,23.84712500528625,33.80014037652144,38.283222589253,56.36257616813301,0.17901539704056005,0.3596295234229465,0.4613550795364934
amos_0011,CT,FOV-A,stomach,5,-23.45802429207299,26.33095562121378,-23.95138426657809,23.45802429207299,26.33095562121378,23.95138426657809,42.62941397555332,0.3028057644240546,0.3815175471639266,0.31567668841201874
amos_0011,CT,FOV-A,aorta,51,-13.210173191581713,42.015321531702654,-9.360044646983852,13.210173191581713,42.015321531702654,9.360044646983852,45.02672933888794,0.08607483907943299,0.8707120992769042,0.043213061643662856
amos_0011,CT,FOV-A,inferior_vena_cava,62,-16.271404347116878,41.532597800108604,-19.0092560248238,16.271404347116878,41.532597800108604,19.0092560248238,48.48780355997021,0.11261209860626031,0.7336909628722136,0.15369693852152616
amos_0011,CT,FOV-A,pancreas,6,-18.897779467761232,40.97435671531652,-43.0557279298655,18.897779467761232,40.97435671531652,43.0557279298655,62.3684189683909,0.09181044309701084,0.4316132994219816,0.47657625748100757
amos_0011,CT,FOV-A,adrenal_gland_right,7,-13.726015168439933,46.83672926733163,-46.47540471728735,13.726015168439933,46.83672926733163,46.47540471728735,67.394702644208,0.04147987376312914,0.48297160250372967,0.4755485237331413
amos_0011,CT,FOV-A,adrenal_gland_left,8,-8.771575860533058,39.55906874247086,-35.239265016121635,8.771575860533058,39.55906874247086,35.239265016121635,53.69977897277675,0.026681500594683466,0.5426841311502406,0.43063436825507584
amos_0011,CT,FOV-A,duodenum,18,-17.765143057713566,44.793135458785244,-60.17337206934508,17.765143057713566,44.793135458785244,60.17337206934508,77.089947452868,0.0531057955179921,0.33761942647273885,0.6092747780092693
amos_0011,CT,FOV-A,urinary_bladder,20,-8.56648604423994,43.43723293352119,-23.703687182333624,8.56648604423994,43.43723293352119,23.703687182333624,50.21994299185397,0.029097320160214157,0.7481210465998553,0.2227816332399304
amos_0011,CT,FOV-A,prostate,21,11.312986577980515,51.33449151349616,-65.38375177160015,11.312986577980515,51.33449151349616,65.38375177160015,83.89427084129763,0.0181840214991799,0.37441558813347153,0.6074003903673486
amos_0009,CT,FOV-B,spleen,0,-3.361549860362473,39.0079524895238,-7.163233766595113,3.361549860362473,39.0079524895238,7.163233766595113,39.80241566643333,0.007132803386513006,0.9604780588428554,0.03238913777063154
amos_0009,CT,FOV-B,kidney_right,1,0.6769366403992692,39.516666514223495,12.078813574340757,0.6769366403992692,39.516666514223495,12.078813574340757,41.32702400337031,0.0002683043898724942,0.9143076192333259,0.0854240763768017
amos_0009,CT,FOV-B,kidney_left,2,0.47273979038946123,34.94426310983481,11.638599975184434,0.47273979038946123,34.94426310983481,11.638599975184434,36.834522076187476,0.00016471541241430237,0.8999983117157816,0.09983697287180406
amos_0009,CT,FOV-B,gallbladder,3,2.6588022567723897,27.387812442294646,-4.333176845882235,2.6588022567723897,27.387812442294646,4.333176845882235,27.855662286016774,0.009110560581870299,0.9666910840342469,0.02419835538388286
amos_0009,CT,FOV-B,esophagus,14,-0.7047121004429675,38.62185727099333,58.581558761104816,0.7047121004429675,38.62185727099333,58.581558761104816,70.17081661977626,0.00010085801025087883,0.3029376469328209,0.6969614950569281
amos_0009,CT,FOV-B,liver,4,-9.093488465436778,45.82210757900846,0.6438180414170347,9.093488465436778,45.82210757900846,0.6438180414170347,46.72014102208715,0.03788373155380569,0.9619263714937151,0.00018989695247922608
amos_0009,CT,FOV-B,stomach,5,-10.653054373964238,36.00521357525384,-15.682657032398993,10.653054373964238,36.00521357525384,15.682657032398993,40.69162940569148,0.06853905722425555,0.7829258305687976,0.1485351122069469
amos_0009,CT,FOV-B,aorta,51,-6.323134511006327,44.811965880112574,4.158217212877844,6.323134511006327,44.811965880112574,4.158217212877844,45.446507967875,0.019358147933823622,0.9722701588150207,0.008371693251155948
amos_0009,CT,FOV-B,inferior_vena_cava,62,0.5665529592593508,48.34989590316115,-1.1164727710292937,0.5665529592593508,48.34989590316115,1.1164727710292937,48.36610308419125,0.0001372141281020685,0.9993299246979234,0.0005328611739745966
amos_0009,CT,FOV-B,pancreas,6,-3.018801334423223,41.95132689591749,-2.9061019021439733,3.018801334423223,41.95132689591749,2.9061019021439733,42.16008085962941,0.005127033985993186,0.9901215964964323,0.004751369517574627
amos_0009,CT,FOV-B,adrenal_gland_right,7,-2.8398877224678394,50.37180425829463,-5.203547473922754,2.8398877224678394,50.37180425829463,5.203547473922754,50.719429539630475,0.00313511603902633,0.9863392000999944,0.010525683860979249
amos_0009,CT,FOV-B,adrenal_gland_left,8,1.7394675125656534,49.104910990515705,-4.693654851451811,1.7394675125656534,49.104910990515705,4.693654851451811,49.35938032915627,0.001241918928502771,0.989715697960309,0.00904238311118812
amos_0009,CT,FOV-B,duodenum,18,18.027086968148488,51.442139837735866,-0.6014404713559998,18.027086968148488,51.442139837735866,0.6014404713559998,54.51267142860406,0.10935941464060943,0.8905188573930205,0.0001217279663701881
amos_0006,CT,FOV-A,spleen,0,-8.604475374151079,59.680773132472865,-26.77368304115089,8.604475374151079,59.680773132472865,26.77368304115089,65.97470562073073,0.01700959095304214,0.8183026525585333,0.16468775648842432
amos_0006,CT,FOV-A,kidney_right,1,0.27817873708582397,71.11738429133712,-14.98092272623262,0.27817873708582397,71.11738429133712,14.98092272623262,72.67866108825095,1.4649878615656548e-05,0.9574976432886415,0.04248770683274298
amos_0006,CT,FOV-A,kidney_left,2,-8.822141047716215,57.75213484267485,-6.931100777925394,8.822141047716215,57.75213484267485,6.931100777925394,58.831789107132,0.02248660455194578,0.9636336878948248,0.013879707553229266
amos_0006,CT,FOV-A,gallbladder,3,-30.48900363708971,53.44696452991619,-63.222793904128594,30.48900363708971,53.44696452991619,63.222793904128594,88.22289402013804,0.11943286875421773,0.36701472563334875,0.5135524056124335
amos_0006,CT,FOV-A,esophagus,14,-5.5265239089943226,61.07437110946385,-19.303746305025015,5.5265239089943226,61.07437110946385,19.303746305025015,64.29040281676546,0.00738944485834899,0.9024553286242539,0.09015522651739719
amos_0006,CT,FOV-A,liver,4,-31.052697487068308,69.0067643655356,-12.336324359754599,31.052697487068308,69.0067643655356,12.336324359754599,76.67064919597986,0.16403645824556443,0.81007466080486,0.025888880949575397
amos_0006,CT,FOV-A,stomach,5,-28.8263226912476,49.814146473616766,-42.82572638640886,28.8263226912476,49.814146473616766,42.82572638640886,71.73875458438374,0.16146218383619057,0.4821672638004623,0.35637055236334686
amos_0006,CT,FOV-A,aorta,51,-5.0906302363109255,56.35015671855621,-19.05601488892694,5.0906302363109255,56.35015671855621,19.05601488892694,59.70248220849526,0.007270400407419185,0.89085183872594,0.10187776086664076
amos_0006,CT,FOV-A,inferior_vena_cava,62,-18.190160188507598,58.111005751008264,-2.6113261914206305,18.190160188507598,58.111005751008264,2.6113261914206305,60.94743588991486,0.08907629991186268,0.909087959243175,0.0018357408449623596
amos_0006,CT,FOV-A,pancreas,6,-46.68955701362309,36.97815204719284,23.624796813275907,46.68955701362309,36.97815204719284,23.624796813275907,64.07362552113189,0.5309833577234588,0.3330671572887928,0.13594948498774878
amos_0006,CT,FOV-A,adrenal_gland_right,7,-19.552011120212338,50.35762067659119,-18.838662897210043,19.552011120212338,50.35762067659119,18.838662897210043,57.21071856572918,0.11679602599199289,0.7747750009329775,0.10842897307502969
amos_0006,CT,FOV-A,adrenal_gland_left,8,-3.117757703249268,61.76465637103105,-17.830666723006743,3.117757703249268,61.76465637103105,17.830666723006743,64.3624569567901,0.002346494243304503,0.9209049986601823,0.07674850709651292
amos_0006,CT,FOV-A,duodenum,18,31.10893745653818,30.095870196614484,-50.5771567843326,31.10893745653818,30.095870196614484,50.5771567843326,66.57008472995383,0.21837963518132222,0.2043880926123758,0.5772322722063022
amos_0006,CT,FOV-A,urinary_bladder,20,-6.918377948019605,36.189229553049245,-31.91314340726558,6.918377948019605,36.189229553049245,31.91314340726558,48.743953586138616,0.020144990370625525,0.5512101061188536,0.42864490351052076
amos_0006,CT,FOV-A,prostate,21,-7.519949212322422,48.582975380442925,-16.75014579702065,7.519949212322422,48.582975380442925,16.75014579702065,51.93671646527224,0.020964322717500268,0.8750225379122163,0.10401313937028339
amos_0014,CT,FOV-A,spleen,0,-9.366852828330309,34.771307002186575,-45.507456652562496,9.366852828330309,34.771307002186575,45.507456652562496,58.03197681910176,0.026052695516589005,0.3590106246970503,0.6149366797863605
amos_0014,CT,FOV-A,kidney_right,1,-8.915298949835922,32.86118564270387,-24.689016356982165,8.915298949835922,32.86118564270387,24.689016356982165,42.05814553549081,0.04493363801099197,0.6104726599089197,0.3445937020800884
amos_0014,CT,FOV-A,kidney_left,2,-3.1454679991525154,29.371726907590677,-30.31178025535428,3.1454679991525154,29.371726907590677,30.31178025535428,42.32489022687081,0.005523048558823531,0.48157871364278093,0.5128982377983957
amos_0014,CT,FOV-A,gallbladder,3,-27.256244879386944,44.8360478130788,-47.30797709514536,27.256244879386944,44.8360478130788,47.30797709514536,70.64855812581453,0.1488419802586864,0.40276158550492663,0.4483964342363868
amos_0014,CT,FOV-A,esophagus,14,-4.7959934486019264,34.379735663832435,-15.412600625986443,4.7959934486019264,34.379735663832435,15.412600625986443,37.980469132571045,0.015945440184017515,0.8193782219416178,0.16467633787436498
amos_0014,CT,FOV-A,liver,4,-18.736199888632317,42.047033140363844,-36.96765575044765,18.736199888632317,42.047033140363844,36.96765575044765,59.03901891001616,0.10071282039809337,0.5072154227282879,0.39207175687361884
amos_0014,CT,FOV-A,stomach,5,-16.99281625176308,27.659953755577078,-54.3675923792639,16.99281625176308,27.659953755577078,54.3675923792639,63.321907323174024,0.07201496384229747,0.19080727259564148,0.7371777635620609
amos_0014,CT,FOV-A,aorta,51,-10.04797701871999,30.360597082311966,10.781926974419775,10.04797701871999,30.360597082311966,10.781926974419775,33.74874288984607,0.08864251415831241,0.8092923139534104,0.10206517188827717
amos_0014,CT,FOV-A,inferior_vena_cava,62,-7.055626368354171,36.74442272003536,-20.139799288474478,7.055626368354171,36.74442272003536,20.139799288474478,42.49171660286864,0.02757163982814549,0.7477807910128434,0.22464756915901088
amos_0014,CT,FOV-A,pancreas,6,-5.715974417886763,35.78250817156078,-39.637560244718316,5.715974417886763,35.78250817156078,39.637560244718316,53.704715218939796,0.011328064597008278,0.44393227684995595,0.5447396585530357
amos_0014,CT,FOV-A,adrenal_gland_right,7,-9.367736311356229,31.233745975176493,-21.647745768229242,9.367736311356229,31.233745975176493,21.647745768229242,39.13982968903726,0.05728375146193872,0.6368106011134417,0.3059056474246196
amos_0014,CT,FOV-A,adrenal_gland_left,8,-8.97845524427651,30.784632598664963,-21.481092153105465,8.97845524427651,30.784632598664963,21.481092153105465,38.597196567865794,0.0541117676215359,0.6361454515487399,0.3097427808297242
amos_0014,CT,FOV-A,duodenum,18,-10.583795158412062,33.33484423715861,-50.007773898392315,10.583795158412062,33.33484423715861,50.007773898392315,61.02463445645194,0.03007962920523748,0.2983915270731335,0.671528843721629
amos_0014,CT,FOV-A,urinary_bladder,20,-13.236760841162486,44.95958021628274,-5.8667702943726,13.236760841162486,44.95958021628274,5.8667702943726,47.23340644583479,0.07853530032375358,0.9060370548116444,0.0154276448646021
amos_0014,CT,FOV-A,prostate,21,8.25197308572496,28.692664408790456,-42.578014553298544,8.25197308572496,28.692664408790456,42.578014553298544,52.00241700136545,0.025180743351980433,0.30443508277214293,0.6703841738758766
amos_0017,CT,FOV-A,spleen,0,0.9251597611362854,53.87071674186713,-22.711404571932235,0.9251597611362854,53.87071674186713,22.711404571932235,58.46980366390923,0.0002503630303883874,0.8488720546104378,0.1508775823591738
amos_0017,CT,FOV-A,kidney_right,1,-5.803486095096821,75.73939411379702,-27.82541951400367,5.803486095096821,75.73939411379702,27.82541951400367,80.89740566119131,0.005146461260236263,0.8765455004939391,0.11830803824582471
amos_0017,CT,FOV-A,kidney_left,2,-7.4273750913082495,56.776510028094265,-22.115189127821623,7.4273750913082495,56.776510028094265,22.115189127821623,61.38256741027207,0.014641332884498249,0.85555372833557,0.12980493877993185
amos_0017,CT,FOV-A,gallbladder,3,-52.50861522165969,63.90447998763499,-38.64353745477388,52.50861522165969,63.90447998763499,38.64353745477388,91.29216955470423,0.33082176450605927,0.48999940651093055,0.17917882898300985
amos_0017,CT,FOV-A,esophagus,14,-11.358013958089657,61.70417438593556,-22.911126189408833,11.358013958089657,61.70417438593556,22.911126189408833,66.79318319251689,0.02891615296482034,0.8534239153198865,0.1176599317152932
amos_0017,CT,FOV-A,liver,4,-31.657047919766214,66.34369551550454,-26.749021389735617,31.657047919766214,66.34369551550454,26.749021389735617,78.22509036720177,0.16377540429392026,0.7192952151409476,0.11692938056513238
amos_0017,CT,FOV-A,stomach,5,-48.30078072047473,50.51912379456277,-30.48747333765914,48.30078072047473,50.51912379456277,30.48747333765914,76.25374297496627,0.40122313665229,0.4389239578022608,0.15985290554544934
amos_0017,CT,FOV-A,aorta,51,-6.533813001221773,64.99180193417934,-17.297437586174283,6.533813001221773,64.99180193417934,17.297437586174283,67.57089889911282,0.00935005162270662,0.9251193472823785,0.06553060109491499
amos_0017,CT,FOV-A,inferior_vena_cava,62,-13.470092583939781,59.82476039395886,-29.81150490263849,13.470092583939781,59.82476039395886,29.81150490263849,68.1848309741583,0.03902704103401898,0.76981505337114,0.19115790559484103
amos_0017,CT,FOV-A,pancreas,6,-3.8709050958014046,57.40972230925625,-22.700459972895942,3.8709050958014046,57.40972230925625,22.700459972895942,61.85605067305597,0.003916162200183606,0.8614032701185833,0.13468056768123288
amos_0017,CT,FOV-A,adrenal_gland_right,7,-13.844155693959229,60.91894022853491,-25.63180275913669,13.844155693959229,60.91894022853491,25.63180275913669,67.5260485896345,0.04203298915696383,0.8138830525239774,0.14408395831905896
amos_0017,CT,FOV-A,adrenal_gland_left,8,-9.796257340292172,54.01462711610435,-15.383473228726416,9.796257340292172,54.01462711610435,15.383473228726416,57.01050647861292,0.02952640495663704,0.8976622587563914,0.07281133628697169
amos_0017,CT,FOV-A,duodenum,18,-19.38028770189171,75.0580257412768,-30.622394255255813,19.38028770189171,75.0580257412768,30.622394255255813,83.34886807576086,0.05406560003981835,0.8109514625458629,0.13498293741431877
amos_0017,CT,FOV-A,urinary_bladder,20,-3.5833441936256065,52.164984507557335,-35.06172757682339,3.5833441936256065,52.164984507557335,35.06172757682339,62.95514835940794,0.003239772749339862,0.6865871357968936,0.31017309145376665
amos_0017,CT,FOV-A,prostate,21,-4.8624846193117435,46.59310211041603,-26.58082874775414,4.8624846193117435,46.59310211041603,26.58082874775414,53.86187313733278,0.008149924319592976,0.7483079291325693,0.24354214654783773
amos_0016,CT,FOV-A,spleen,0,5.360599762278355,39.469238010773,-21.847803941056554,5.360599762278355,39.469238010773,21.847803941056554,45.42998256668423,0.013923282187727225,0.7548007860072642,0.23127593180500855
amos_0016,CT,FOV-A,kidney_right,1,3.780870082362597,39.38270879394492,-40.361810663883944,3.780870082362597,39.38270879394492,40.361810663883944,56.518744595006595,0.0044750562190272744,0.48554127569029604,0.5099836680906766
amos_0016,CT,FOV-A,kidney_left,2,3.7731209815427604,31.57203115045559,-20.987096607023886,3.7731209815427604,31.57203115045559,20.987096607023886,38.09839651349188,0.009808171846575255,0.6867389029104934,0.3034529252429312
amos_0016,CT,FOV-A,gallbladder,3,-36.980121888511135,36.38154056885436,-70.84681157657428,36.980121888511135,36.38154056885436,70.84681157657428,87.8089780126096,0.17736128699057543,0.17166601488112687,0.6509726981282976
amos_0016,CT,FOV-A,esophagus,14,5.935497324165205,46.79957280524111,-19.776132966868545,5.935497324165205,46.79957280524111,19.776132966868545,51.15198508720361,0.01346446936216608,0.837064247667165,0.14947128297066886
amos_0016,CT,FOV-A,liver,4,-11.644152560150907,43.70488227947518,-43.783687048220145,11.644152560150907,43.70488227947518,43.783687048220145,62.95009353006025,0.034215509728846155,0.4820223216444458,0.48376216862670784
amos_0016,CT,FOV-A,stomach,5,14.196348407726717,34.814371545421764,-63.36023826263386,14.196348407726717,34.814371545421764,63.36023826263386,73.67561718040758,0.03712835717440895,0.2232901443740808,0.7395814984515101
amos_0016,CT,FOV-A,aorta,51,5.538626157691244,36.65468955356607,-12.11790207260151,5.538626157691244,36.65468955356607,12.11790207260151,39.00110506926858,0.02016741706206019,0.883293970617966,0.09653861231997372
amos_0016,CT,FOV-A,inferior_vena_cava,62,1.8933760027783917,33.654885799893655,-9.150900965662231,1.8933760027783917,33.654885799893655,9.150900965662231,34.928143371429556,0.0029384799705217154,0.9284216095409306,0.06863991048854796
amos_0016,CT,FOV-A,pancreas,6,6.4846946909647585,33.30308416345723,-45.65884644431185,6.4846946909647585,33.30308416345723,45.65884644431185,56.884768951438936,0.012995322761705074,0.3427495655190407,0.6442551117192541
amos_0016,CT,FOV-A,adrenal_gland_right,7,-4.4374236368533495,30.92060329720472,-31.504739307459204,4.4374236368533495,30.92060329720472,31.504739307459204,44.36578676893917,0.01000380942380865,0.4857351618397142,0.504261028736477
amos_0016,CT,FOV-A,adrenal_gland_left,8,11.514548778942185,25.6563653189174,-17.640220635755668,11.514548778942185,25.6563653189174,17.640220635755668,33.19655552973119,0.12031168255562846,0.5973160909983871,0.28237222644598425
amos_0016,CT,FOV-A,duodenum,18,-14.65585556542098,26.600717714058728,-61.69298636604981,14.65585556542098,26.600717714058728,61.69298636604981,68.76348487401671,0.045426219615717654,0.14964801223074903,0.8049257681535337
amos_0016,CT,FOV-A,urinary_bladder,20,-1.988963897156335,39.728241195298644,-25.982815261975475,1.988963897156335,39.728241195298644,25.982815261975475,47.51205967745411,0.001752451811182431,0.6991831641257311,0.2990643840630868
amos_0016,CT,FOV-A,prostate,21,-4.617429480075868,25.968564456821905,-22.09456226018051,4.617429480075868,25.968564456821905,22.09456226018051,34.407218376680504,0.0180094900236887,0.569635120010538,0.4123553899657734
amos_0010,CT,FOV-B,spleen,0,9.498583956003245,51.93859564994887,-47.623892215862725,9.498583956003245,51.93859564994887,47.623892215862725,71.104682862989,0.017845196066281446,0.5335609018261689,0.4485939021075496
amos_0010,CT,FOV-B,kidney_right,1,1.5555283050292843,40.951445641520166,-10.883648061202848,1.5555283050292843,40.951445641520166,10.883648061202848,42.401584446318196,0.001345834525538229,0.932769429685152,0.06588473578930963
amos_0010,CT,FOV-B,kidney_left,2,15.047540778607576,56.159427127916025,-41.04376480581891,15.047540778607576,56.159427127916025,41.04376480581891,71.16811342346337,0.04470541709034077,0.6226936417354136,0.3326009411742457
amos_0010,CT,FOV-B,gallbladder,3,9.335952542563454,42.42365845379005,-18.39205173537016,9.335952542563454,42.42365845379005,18.39205173537016,47.17196597045073,0.039169616332987274,0.8088132965026974,0.15201708716431522
amos_0010,CT,FOV-B,esophagus,14,12.55448067975152,43.6397478002888,-31.94264220452169,12.55448067975152,43.6397478002888,31.94264220452169,55.51914052123966,0.05113426723483798,0.6178442305628079,0.33102150220235405
amos_0010,CT,FOV-B,liver,4,-3.1362123389871357,52.15504364985524,-15.396568105894858,3.1362123389871357,52.15504364985524,15.396568105894858,54.470530705997156,0.0033150318478107296,0.9167890408730397,0.07989592727914956
amos_0010,CT,FOV-B,aorta,51,9.605817563990579,45.429340015517184,-13.472477966397946,9.605817563990579,45.429340015517184,13.472477966397946,48.34877793567505,0.03947277559869161,0.882880353033554,0.07764687136775454
amos_0010,CT,FOV-B,inferior_vena_cava,62,10.32331533663159,45.47726854571509,-3.602215892584809,10.32331533663159,45.47726854571509,3.602215892584809,46.7731627459103,0.048713004014301196,0.9453557491080947,0.0059312468776039655
amos_0010,CT,FOV-B,pancreas,6,17.477666429277317,51.06428881576873,-28.111447212845405,17.477666429277317,51.06428881576873,28.111447212845405,60.854612647472536,0.0824859323973822,0.7041214436756987,0.21339262392691907
amos_0010,CT,FOV-B,adrenal_gland_right,7,7.37943155314289,45.60916143313415,-17.436829669327153,7.37943155314289,45.60916143313415,17.436829669327153,49.38314130954348,0.022329983028342593,0.8529955197089917,0.12467449726266569
amos_0010,CT,FOV-B,adrenal_gland_left,8,10.639860573638561,52.684179587261056,-18.129711758571602,10.639860573638561,52.684179587261056,18.129711758571602,56.72315100783922,0.03518448329183561,0.8626601699362237,0.10215534677194098
amos_0010,CT,FOV-B,duodenum,18,17.0524556609444,45.09024993901445,-27.740790227627485,17.0524556609444,45.09024993901445,27.740790227627485,55.61895653538009,0.09400007157549663,0.6572333786058802,0.24876654981862314
amos_0010,CT,FOV-B,urinary_bladder,20,-2.014189552878346,68.40705687198805,-24.145010206080315,2.014189552878346,68.40705687198805,24.145010206080315,72.57109553599183,0.0007703238062497424,0.8885348231332363,0.11069485306051416
amos_0010,CT,FOV-B,prostate,21,3.9641998342626708,42.91341748724376,-4.681540369881986,3.9641998342626708,42.91341748724376,4.681540369881986,43.349660909807376,0.008362568124396091,0.9799745430414406,0.011662888834163401
amos_0005,CT,FOV-A,spleen,0,4.60628906088219,43.3827226543585,-59.319183799622635,4.60628906088219,43.3827226543585,59.319183799622635,73.63453055782189,0.003913265653758368,0.3471127481631319,0.6489739861831098
amos_0005,CT,FOV-A,kidney_right,1,-18.41479201180408,34.367820193266965,-40.90497346672379,18.41479201180408,34.367820193266965,40.90497346672379,56.51078201536508,0.10618691449070397,0.3698633854565782,0.5239497000527178
amos_0005,CT,FOV-A,kidney_left,2,5.567069410609292,4.981109928116467,-36.78539920731316,5.567069410609292,4.981109928116467,36.78539920731316,37.53623999257142,0.0219964065515334,0.017609649756691336,0.9603939436917754
amos_0005,CT,FOV-A,gallbladder,3,-45.71528235165067,49.5712554677048,-42.65410941720671,45.71528235165067,49.5712554677048,42.65410941720671,79.79078555391368,0.32825952090019794,0.3859707153670991,0.2857697637327027
amos_0005,CT,FOV-A,esophagus,14,-12.313972837031686,37.35798849397435,-23.366387894349998,12.313972837031686,37.35798849397435,23.366387894349998,45.75195421592721,0.0724397736540218,0.6667264278597577,0.2608337984862206
amos_0005,CT,FOV-A,liver,4,-33.20623704617423,50.57208903464178,-41.32672371457443,33.20623704617423,50.57208903464178,41.32672371457443,73.26724002632567,0.20540909241012287,0.47643331660288346,0.3181575909869934
amos_0005,CT,FOV-A,stomach,5,-56.55549571355927,7.058868062965118,-38.20914470537576,56.55549571355927,7.058868062965118,38.20914470537576,68.61698370558935,0.6793387382182825,0.010582953373268325,0.3100783084084492
amos_0005,CT,FOV-A,aorta,51,-9.138248504217515,39.51131206789688,-24.478539650047367,9.138248504217515,39.51131206789688,24.478539650047367,47.36929670631081,0.03721620235741818,0.6957432953016492,0.2670405023409325
amos_0005,CT,FOV-A,inferior_vena_cava,62,-14.085494042500397,29.814509382053245,-24.650646745345114,14.085494042500397,29.814509382053245,24.650646745345114,41.16989794835116,0.11705354948589407,0.5244399330988176,0.35850651741528816
amos_0005,CT,FOV-A,pancreas,6,-27.395673311576942,18.242576883294475,-37.92330575585788,27.395673311576942,18.242576883294475,37.92330575585788,50.2144565537639,0.2976503678251814,0.13198203997233013,0.5703675922024884
amos_0005,CT,FOV-A,adrenal_gland_right,7,-16.510428268970138,22.884954544123758,-25.459385939223864,16.510428268970138,22.884954544123758,25.459385939223864,38.00652205232371,0.18871239155023498,0.3625633068857163,0.44872430156404897
amos_0005,CT,FOV-A,adrenal_gland_left,8,-4.603295026020815,30.622679854516946,-69.90842831837159,4.603295026020815,30.622679854516946,69.90842831837159,76.4599712039818,0.0036246773948443336,0.16040508356223487,0.8359702390429208
amos_0005,CT,FOV-A,duodenum,18,-44.72294487859076,24.166429620634986,-55.38276697385513,44.72294487859076,24.166429620634986,55.38276697385513,75.17585381558969,0.3539191376362225,0.10333994954694609,0.5427409128168311
amos_0005,CT,FOV-A,urinary_bladder,20,4.366769019442268,34.76853773350268,-30.419592709113807,4.366769019442268,34.76853773350268,30.419592709113807,46.403356649961545,0.008855674537520685,0.5614021322529315,0.42974219320954804
amos_0005,CT,FOV-A,prostate,21,-2.954743471962944,44.69609715173232,-44.34465090780712,2.954743471962944,44.69609715173232,44.34465090780712,63.03110084488038,0.0021975045312049952,0.5028395398510028,0.49496295561779236
amos_0001,CT,FOV-A,spleen,0,23.54262610844752,47.448669957202924,-26.515715578030495,23.54262610844752,47.448669957202924,26.515715578030495,59.23440467671415,0.1579653211736243,0.6416527061527203,0.2003819726736555
amos_0001,CT,FOV-A,kidney_right,1,13.424632577315776,30.57212559517845,-36.91244587137561,13.424632577315776,30.57212559517845,36.91244587137561,49.773529947659206,0.07274580133724343,0.3772718363534829,0.5499823623092734
amos_0001,CT,FOV-A,kidney_left,2,24.96551285103145,35.847337955258695,-18.480613294796512,24.96551285103145,35.847337955258695,18.480613294796512,47.43249453850552,0.27703143592451,0.5711653984030532,0.1518031656724368
amos_0001,CT,FOV-A,gallbladder,3,20.431611400387254,22.849473964160865,-37.910690302481214,20.431611400387254,22.849473964160865,37.910690302481214,48.75212450822982,0.17563786438398843,0.21966725372077323,0.6046948818952386
amos_0001,CT,FOV-A,esophagus,14,24.81509482483203,36.63445261856447,-17.199987826226106,24.81509482483203,36.63445261856447,17.199987826226106,47.47327280743952,0.2732332400834379,0.5954990426334282,0.13126771728313383
amos_0001,CT,FOV-A,liver,4,8.991648714899426,28.491738339514328,-21.53014372969062,8.991648714899426,28.491738339514328,21.53014372969062,36.826294807387825,0.059615969648174144,0.5985795059399984,0.34180452441182746
amos_0001,CT,FOV-A,stomach,5,28.44144481746552,27.02244529223013,-18.902415443030918,28.44144481746552,27.02244529223013,18.902415443030918,43.54801536760821,0.4265466881527559,0.385045948040204,0.18840736380703996
amos_0001,CT,FOV-A,aorta,51,25.19344660351146,35.60255875551718,-11.477584382055909,25.19344660351146,35.60255875551718,11.477584382055909,45.09974373487337,0.31205203753277677,0.6231811027485721,0.06476685971865109
amos_0001,CT,FOV-A,inferior_vena_cava,62,24.509662326987044,32.18307446130686,-32.970456498651856,24.509662326987044,32.18307446130686,32.970456498651856,52.18740107434403,0.22056841214318643,0.3802977193499156,0.3991338685068978
amos_0001,CT,FOV-A,pancreas,6,28.640644039976287,26.768365662474196,-30.768471030259605,28.640644039976287,26.768365662474196,30.768471030259605,49.835034873113926,0.33029045735529533,0.28851884134463074,0.3811907013000741
amos_0001,CT,FOV-A,adrenal_gland_right,7,10.688833729094718,36.62021245532699,-36.03862407730111,10.688833729094718,36.62021245532699,36.03862407730111,52.47926783165469,0.04148442818427439,0.48692960986029915,0.4715859619554263
amos_0001,CT,FOV-A,adrenal_gland_left,8,29.69273876972265,36.045668222128114,-29.837271428172016,29.69273876972265,36.045668222128114,29.837271428172016,55.418514049955704,0.28707195136989466,0.4230545871484829,0.28987346148162224
amos_0001,CT,FOV-A,duodenum,18,33.55113889497556,27.912030408379067,-44.437604603218915,33.55113889497556,27.912030408379067,44.437604603218915,62.28531982369716,0.29016373721311806,0.2008220802725817,0.5090141825143003
amos_0001,CT,FOV-A,urinary_bladder,20,6.4436874331804255,48.71737151005097,-33.291796720480605,6.4436874331804255,48.71737151005097,33.291796720480605,59.356946716139774,0.011784897931235742,0.6736349179264381,0.3145801841423261
amos_0001,CT,FOV-A,prostate,21,4.445747876836375,42.39746822163943,-31.138930142331674,4.445747876836375,42.39746822163943,31.138930142331674,52.79150458358175,0.007091883291129904,0.644988196693109,0.34791992001576083
amos_0023,CT,FOV-A,spleen,0,11.821489499368312,69.01342876083655,-29.60957626415552,11.821489499368312,69.01342876083655,29.60957626415552,76.02189138566324,0.024180599320999568,0.824118889630645,0.15170051104835536
amos_0023,CT,FOV-A,kidney_right,1,-10.503984753965995,57.63269836174983,-36.681015363759116,10.503984753965995,57.63269836174983,36.681015363759116,69.11843823672757,0.023095125813271715,0.6952645311164534,0.28164034307027486
amos_0023,CT,FOV-A,kidney_left,2,8.412447685480466,57.30373122350152,-32.83738975598544,8.412447685480466,57.30373122350152,32.83738975598544,66.57913377465005,0.015964983425961938,0.7407804653552212,0.24325455121881678
amos_0023,CT,FOV-A,gallbladder,3,-6.189406949772241,44.75189337227168,-34.386514070339445,6.189406949772241,44.75189337227168,34.386514070339445,56.77563798587133,0.01188431160223909,0.6212963216128783,0.3668193667848827
amos_0023,CT,FOV-A,esophagus,14,13.70959535740861,45.9279383342274,-15.828803954085743,13.70959535740861,45.9279383342274,15.828803954085743,50.47652483197862,0.07376840251008024,0.8278945180464667,0.0983370794434532
amos_0023,CT,FOV-A,liver,4,1.58185557593891,44.3034435338477,-23.924137990414238,1.58185557593891,44.3034435338477,23.924137990414238,50.37520972268346,0.0009860522422221554,0.7734660087758068,0.2255479389819711
amos_0023,CT,FOV-A,stomach,5,23.79198714794942,46.415485550604586,-43.645335965080676,23.79198714794942,46.415485550604586,43.645335965080676,68.010082361745,0.1223812350154981,0.46577823872654106,0.41184052625796064
amos_0023,CT,FOV-A,aorta,51,1.392455482173352,48.338520684825745,-14.629654247596136,1.392455482173352,48.338520684825745,14.629654247596136,50.52304719305209,0.0007595975690945285,0.9153931082658421,0.08384729416506324
amos_0023,CT,FOV-A,inferior_vena_cava,62,-1.8935557696419032,46.94249199547285,-18.327355815422152,1.8935557696419032,46.94249199547285,18.327355815422152,50.42891114611602,0.001409928272198026,0.8665090435630338,0.13208102816476816
amos_0023,CT,FOV-A,pancreas,6,3.1539971464872263,44.06476965756753,-32.951571823370614,3.1539971464872263,44.06476965756753,32.951571823370614,55.11313553596172,0.003275007902782378,0.6392529909053644,0.3574720011918531
amos_0023,CT,FOV-A,adrenal_gland_right,7,-6.604738020282078,48.263215836731725,-18.7643502498654,6.604738020282078,48.263215836731725,18.7643502498654,52.20212071859854,0.016007919746760167,0.8547836744066456,0.12920840584659424
amos_0023,CT,FOV-A,adrenal_gland_left,8,6.1604198559152366,46.605990154344475,-22.215653134151808,6.1604198559152366,46.605990154344475,22.215653134151808,51.99619539201842,0.014037103102113575,0.8034157550165532,0.18254714188133328
amos_0023,CT,FOV-A,duodenum,18,7.321393221006419,45.28054474618538,-47.302219002333004,7.321393221006419,45.28054474618538,47.302219002333004,65.88953220165224,0.012346805797675862,0.472270085713125,0.5153831084891993
amos_0023,CT,FOV-A,urinary_bladder,20,8.440930208587703,53.63244194193807,-31.4454502398562,8.440930208587703,53.63244194193807,31.4454502398562,62.74156893343422,0.01809963720069307,0.7307088938798274,0.25119146891947947
amos_0023,CT,FOV-A,prostate,21,3.8589102067114966,44.85060747205314,-26.22607106474652,3.8589102067114966,44.85060747205314,26.22607106474652,52.09870422658116,0.005486248844250322,0.7411102426564639,0.2534035084992859
amos_0019,CT,FOV-A,spleen,0,3.9970040368850306,21.645113687982878,-22.721654210107545,3.9970040368850306,21.645113687982878,22.721654210107545,31.63479979200559,0.015963899801081566,0.46815488767669106,0.5158812125222272
amos_0019,CT,FOV-A,kidney_right,1,-3.007303234380643,25.984490092059357,-17.95716944042215,3.007303234380643,25.984490092059357,17.95716944042215,31.728497165795265,0.00898370409427396,0.6707016791177869,0.3203146167879394
amos_0019,CT,FOV-A,kidney_left,2,12.35415115035298,33.93698105161706,-15.012036262349284,12.35415115035298,33.93698105161706,15.012036262349284,39.11144290723206,0.09977417476545282,0.7529024931482974,0.14732333208624987
amos_0019,CT,FOV-A,gallbladder,3,3.471740017214401,25.994629589858306,-16.529153404545696,3.471740017214401,25.994629589858306,16.529153404545696,30.999784814286524,0.012542295608493743,0.7031531203004596,0.28430458409104653
amos_0019,CT,FOV-A,esophagus,14,5.4595742592534755,36.25439903092599,-13.708187733770956,5.4595742592534755,36.25439903092599,13.708187733770956,39.14208491036494,0.01945492879183141,0.8578937650561449,0.1226513061520236
amos_0019,CT,FOV-A,liver,4,-3.2671199915212696,24.59429040311736,-14.369393428537705,3.2671199915212696,24.59429040311736,14.369393428537705,28.671111959182383,0.012984974375987666,0.735833439652773,0.2511815859712394
amos_0019,CT,FOV-A,stomach,5,10.295183574646785,31.98529958895078,-43.96187157560121,10.295183574646785,31.98529958895078,43.96187157560121,55.33259750870427,0.034618326842714375,0.334147895096534,0.6312337780607515
amos_0019,CT,FOV-A,aorta,51,3.808101631742147,38.484669057703734,-2.8268524752379562,3.808101631742147,38.484669057703734,2.8268524752379562,38.775797676326604,0.009644852261313026,0.9850403736643356,0.00531477407435104
amos_0019,CT,FOV-A,inferior_vena_cava,62,2.1866557011436143,29.522387780520596,-13.106567887398569,2.1866557011436143,29.522387780520596,13.106567887398569,32.37491258993239,0.004561877347928381,0.831544991052112,0.1638931315999598
amos_0019,CT,FOV-A,pancreas,6,-4.2157214955571565,20.965639592702516,-25.78031456838471,4.2157214955571565,20.965639592702516,25.78031456838471,33.495596285244225,0.015840482189867215,0.3917786854971664,0.5923808323129667
amos_0019,CT,FOV-A,adrenal_gland_right,7,-7.546320123733679,34.31289488516304,-23.30543031334605,7.546320123733679,34.31289488516304,23.30543031334605,42.15999033325725,0.03203829853262644,0.6623899192839754,0.3055717821833983
amos_0019,CT,FOV-A,adrenal_gland_left,8,7.700361860238138,41.39329049839674,-22.877709477325425,7.700361860238138,41.39329049839674,22.877709477325425,47.91752979852131,0.02582458941397044,0.7462271733752962,0.22794823721073343
amos_0019,CT,FOV-A,duodenum,18,11.125148043229196,27.872396964993683,-27.118458144270107,11.125148043229196,27.872396964993683,27.118458144270107,40.44811743061085,0.07565105196975852,0.4748451550120702,0.44950379301817117
amos_0019,CT,FOV-A,urinary_bladder,20,3.1330987624123203,33.8721548496039,-53.16306612134099,3.1330987624123203,33.8721548496039,53.16306612134099,63.1145845382242,0.002464272409435714,0.28802235476420524,0.7095133728263588
amos_0019,CT,FOV-A,prostate,21,5.3777829815742315,41.75770905256455,-10.116677994881456,5.3777829815742315,41.75770905256455,10.116677994881456,43.300969836340386,0.015424507203920024,0.9299895762632392,0.054585916532840596
amos_0024,CT,FOV-A,spleen,0,5.029513041737118,41.017093074979236,-37.666441795088986,5.029513041737118,41.017093074979236,37.666441795088986,55.914745490445895,0.008090943573046344,0.5381174202875223,0.45379163613943135
amos_0024,CT,FOV-A,kidney_right,1,-5.861426005552687,51.984207866258345,-35.09904216889231,5.861426005552687,51.984207866258345,35.09904216889231,62.99727727032816,0.00865691222695857,0.680925034834684,0.3104180529383576
amos_0024,CT,FOV-A,kidney_left,2,0.902007520765089,49.9297847952553,-26.19043395696349,0.902007520765089,49.9297847952553,26.19043395696349,56.38914663410052,0.00025587583491834266,0.7840221706883634,0.21572195347671821
amos_0024,CT,FOV-A,gallbladder,3,-26.050130411003032,53.71707794509106,-38.47549962533776,26.050130411003032,53.71707794509106,38.47549962533776,71.02462832573374,0.13452464793518107,0.5720142144734504,0.2934611375913685
amos_0024,CT,FOV-A,esophagus,14,1.3829627386721501,45.75890285136691,-13.129148085021598,1.3829627386721501,45.75890285136691,13.129148085021598,47.62524861390035,0.000843230771195721,0.9231593959266502,0.07599737330215398
amos_0024,CT,FOV-A,liver,4,-10.962908493480448,37.52395738640071,-31.435023254113958,10.962908493480448,37.52395738640071,31.435023254113958,50.16366640866203,0.04776095872773959,0.559549775689083,0.39268926558317735
amos_0024,CT,FOV-A,stomach,5,-9.571364441428031,35.46167414001306,-25.623273280692274,9.571364441428031,35.46167414001306,25.623273280692274,44.78496939487781,0.04567548232825045,0.6269803153034903,0.32734420236825945
amos_0024,CT,FOV-A,aorta,51,0.19345385308695917,48.607931953361984,-0.7090234357015106,0.19345385308695917,48.607931953361984,0.7090234357015106,48.613487710802204,1.5835843754872784e-05,0.9997714445009418,0.00021271965530340854
amos_0024,CT,FOV-A,inferior_vena_cava,62,-1.9416083551563688,52.10025237955524,-10.818546210153954,1.9416083551563688,52.10025237955524,10.818546210153954,53.24703825678384,0.0013296347352786462,0.9573896801356969,0.041280685129024254
amos_0024,CT,FOV-A,pancreas,6,-2.5283031814492496,50.601777220922145,-33.320383132129564,2.5283031814492496,50.601777220922145,33.320383132129564,60.639756818155746,0.0017383747304676486,0.6963324567828031,0.3019291684867292
amos_0024,CT,FOV-A,adrenal_gland_right,7,-5.904565883193275,56.309878904585915,-35.98184306578946,5.904565883193275,56.309878904585915,35.98184306578946,67.08471801333893,0.007746914244058082,0.7045664994311591,0.287686586324783
amos_0024,CT,FOV-A,adrenal_gland_left,8,-4.580706724312556,48.82971462775128,-25.987571873165052,4.580706724312556,48.82971462775128,25.987571873165052,55.50385388947968,0.006811122577448455,0.7739663762536114,0.21922250116894018
amos_0024,CT,FOV-A,duodenum,18,-19.152756969702697,58.32228423161832,-36.93241976211448,19.152756969702697,58.32228423161832,36.93241976211448,71.64021612906534,0.07147412067316478,0.6627584527459145,0.26576742658092095
amos_0024,CT,FOV-A,urinary_bladder,20,-2.6428097463242453,23.898614475551888,-44.703000722572824,2.6428097463242453,23.898614475551888,44.703000722572824,50.75910254140307,0.002710840278100679,0.22167543897029932,0.7756137207516
amos_0024,CT,FOV-A,prostate,21,-7.954020233317433,45.94914890996363,-60.29555780657188,7.954020233317433,45.94914890996363,60.29555780657188,76.22430724268793,0.010888960208866183,0.3633858157127779,0.6257252240783556
amos_0025,CT,FOV-A,spleen,0,-2.523475055800901,37.12700153627824,-37.29648305416026,2.523475055800901,37.12700153627824,37.29648305416026,52.68595465246236,0.0022940787646108835,0.49658093804354453,0.5011249831918445
amos_0025,CT,FOV-A,kidney_right,1,8.1472393103504,14.982436898629011,-4.334889521716605,8.1472393103504,14.982436898629011,4.334889521716605,17.59665283419001,0.214368423672572,0.7249445391158531,0.06068703721157509
amos_0025,CT,FOV-A,kidney_left,2,4.240482186205398,30.760568339081455,-31.65538194416331,4.240482186205398,30.760568339081455,31.65538194416331,44.34250173079645,0.009145134622325118,0.48122516197125204,0.5096297034064228
amos_0025,CT,FOV-A,gallbladder,3,1.8379274384941802,25.488731642828647,-27.085068075584104,1.8379274384941802,25.488731642828647,27.085068075584104,37.237807812602625,0.0024360629714349686,0.46852011087553325,0.5290438261530319
amos_0025,CT,FOV-A,esophagus,14,-3.362185341889134,34.00025316101439,-9.354878916638654,3.362185341889134,34.00025316101439,9.354878916638654,35.42365402991698,0.009008585102789823,0.9212501811291752,0.06974123376803486
amos_0025,CT,FOV-A,liver,4,-1.0174882377452015,32.417273608469486,-20.5970118364437,1.0174882377452015,32.417273608469486,20.5970118364437,38.420721064432456,0.0007013386488860224,0.7119048482304267,0.2873938131206874
amos_0025,CT,FOV-A,stomach,5,8.868836300627663,47.61114004882428,-60.09471927529421,8.868836300627663,47.61114004882428,60.09471927529421,77.18064653041272,0.01320433254034452,0.3805400203123096,0.6062556471473459
amos_0025,CT,FOV-A,aorta,51,0.8626199655169451,31.282816645574933,-12.768071447897,0.8626199655169451,31.282816645574933,12.768071447897,33.799147607360915,0.0006513696452234634,0.8566436556478256,0.14270497470695095
amos_0025,CT,FOV-A,inferior_vena_cava,62,2.3286197741185415,26.28518518766583,-3.870148195804177,2.3286197741185415,26.28518518766583,3.870148195804177,26.670423271102944,0.00762320055874878,0.9713198538806714,0.021056945560579736
amos_0025,CT,FOV-A,pancreas,6,9.527456425434345,28.08145504689401,-29.092003423383176,9.527456425434345,28.08145504689401,29.092003423383176,41.54136741460755,0.052600802039339416,0.45695942371200376,0.4904397742486567
amos_0025,CT,FOV-A,adrenal_gland_right,7,0.5604145832598153,31.49796787504072,-19.390813301960407,0.5604145832598153,31.49796787504072,19.390813301960407,36.992427404452826,0.00022950555184129574,0.7250023445926702,0.2747681498554883
amos_0025,CT,FOV-A,adrenal_gland_left,8,-3.6426240930370284,31.83924311730597,-33.474094449045424,3.6426240930370284,31.83924311730597,33.474094449045424,46.3413542286984,0.006178616922821815,0.4720500286290403,0.5217713544481379
amos_0025,CT,FOV-A,duodenum,18,8.409600458311605,13.691966462677662,-33.55760430688247,8.409600458311605,13.691966462677662,33.55760430688247,37.206237814388345,0.05108803637744714,0.13542540345054102,0.8134865601720119
amos_0025,CT,FOV-A,urinary_bladder,20,-6.990754130250108,25.944135100494265,-38.04143543402097,6.990754130250108,25.944135100494265,38.04143543402097,46.57380808247371,0.022530174604162154,0.31030937451717977,0.667160450878658
amos_0025,CT,FOV-A,prostate,21,16.391033709945518,41.567177252917816,-76.53452766966006,16.391033709945518,41.567177252917816,76.53452766966006,88.62296619090348,0.03420740453145051,0.21999281830502093,0.7457997771635284
amos_0015,CT,FOV-A,spleen,0,-15.72460893984686,48.364589665997556,17.59082472189675,15.72460893984686,48.364589665997556,17.59082472189675,53.812953591750784,0.0853858779571853,0.807758163743368,0.1068559582994466
amos_0015,CT,FOV-A,kidney_right,1,-1.3116263702745385,50.032925161864085,0.9576357118201315,1.3116263702745385,50.032925161864085,0.9576357118201315,50.059275165991416,0.0006865167933613868,0.9989475249478033,0.0003659582588353955
amos_0015,CT,FOV-A,kidney_left,2,-13.057468663724052,46.04629167195199,15.232194431907772,13.057468663724052,46.04629167195199,15.232194431907772,50.2272656219115,0.06758322515352339,0.8404468402239142,0.09196993462256241
amos_0015,CT,FOV-A,gallbladder,3,-5.320620226580758,48.085689776824715,-33.090338779485535,5.320620226580758,48.085689776824715,33.090338779485535,58.613250050220294,0.008240108223821697,0.6730387882375214,0.318721103538657
amos_0015,CT,FOV-A,esophagus,14,8.925822246761257,43.84888208612301,1.559653073789491,8.925822246761257,43.84888208612301,1.559653073789491,44.775297661702695,0.03973923516902464,0.9590474345186809,0.0012133303122944638
amos_0015,CT,FOV-A,liver,4,-1.059453572374352,41.252639695689695,-7.0379912627414,1.059453572374352,41.252639695689695,7.0379912627414,41.86210750486452,0.0006405037578290902,0.9710940875484553,0.028265408693715605
amos_0015,CT,FOV-A,stomach,5,-4.04586756643981,60.604220752767105,-5.432609846435128,4.04586756643981,60.604220752767105,5.432609846435128,60.98158629585557,0.004401755251867611,0.987661916935684,0.007936327812448626
amos_0015,CT,FOV-A,aorta,51,2.45956418712803,40.10851372147752,-18.68789224172974,2.45956418712803,40.10851372147752,18.68789224172974,44.31680996388454,0.0030802029974437532,0.8190985465324123,0.17782125047014413
amos_0015,CT,FOV-A,inferior_vena_cava,62,-0.4222033078070311,46.386861703594874,-6.980493625454756,0.4222033078070311,46.386861703594874,6.980493625454756,46.911048651640414,8.100148492267957e-05,0.9777767364234882,0.022142262091589412
amos_0015,CT,FOV-A,pancreas,6,-3.8117696011205044,49.65270715581359,-11.389816501666644,3.8117696011205044,49.65270715581359,11.389816501666644,51.084722132303376,0.005567640862362686,0.9447214868604473,0.04971087227718983
amos_0015,CT,FOV-A,adrenal_gland_right,7,-3.4907994629367565,42.28068927929735,14.45847266977313,3.4907994629367565,42.28068927929735,14.45847266977313,44.820640320788655,0.006065878226833468,0.8898729472522748,0.10406117452089182
amos_0015,CT,FOV-A,adrenal_gland_left,8,-5.179861983385081,49.47173709971371,-0.22288452222329624,5.179861983385081,49.47173709971371,0.22288452222329624,49.74267201649258,0.010843716516616841,0.9891362063547885,2.0077128594880652e-05
amos_0015,CT,FOV-A,duodenum,18,-10.98525128834725,58.719941662964644,-22.6698577231231,10.98525128834725,58.719941662964644,22.6698577231231,63.895459494057555,0.029558337012256214,0.8445614138793426,0.12588024910840126
amos_0015,CT,FOV-A,urinary_bladder,20,-4.737079512797957,59.36200442789557,11.172455522109331,4.737079512797957,59.36200442789557,11.172455522109331,60.589695942475025,0.006112569398071277,0.95988580173714,0.03400162886478872
amos_0015,CT,FOV-A,prostate,21,2.5277086435168483,48.121330094959774,-27.463484210658457,2.5277086435168483,48.121330094959774,27.463484210658457,55.46435509481452,0.0020769502399797047,0.7527440139540302,0.24517903580598988
amos_0007,CT,FOV-B,spleen,0,14.075251403668645,31.207722558493458,-28.59507927718971,14.075251403668645,31.207722558493458,28.59507927718971,44.6062014548778,0.09956847110262664,0.48947855563201514,0.4109529732653581
amos_0007,CT,FOV-B,kidney_right,1,3.052324481448018,42.26743916213445,-57.53626560803525,3.052324481448018,42.26743916213445,57.53626560803525,71.45820427482882,0.0018245560249583253,0.3498707821171454,0.6483046618578965
amos_0007,CT,FOV-B,kidney_left,2,8.459771620881142,31.62378515887937,-34.82244310142573,8.459771620881142,31.62378515887937,34.82244310142573,47.79366137056731,0.03133117437699963,0.43781143190762395,0.5308573937153765
amos_0007,CT,FOV-B,gallbladder,3,0.7115484944303603,39.57858506671603,-45.936321768725065,0.7115484944303603,39.57858506671603,45.936321768725065,60.63923115263787,0.000137689757700361,0.4260034888060266,0.5738588214362731
amos_0007,CT,FOV-B,esophagus,14,12.169206513175325,34.357383783984545,-22.489718354637944,12.169206513175325,34.357383783984545,22.489718354637944,42.828808520798844,0.0807332688220874,0.6435290951230568,0.2757376360548558
amos_0007,CT,FOV-B,liver,4,11.530208704651386,32.93403562707944,-35.04540993409506,11.530208704651386,32.93403562707944,35.04540993409506,49.45479929094167,0.05435724654130468,0.44347895413399435,0.5021637993247012
amos_0007,CT,FOV-B,stomach,5,10.183048319218223,39.62909554879626,-41.41052918649416,10.183048319218223,39.62909554879626,41.41052918649416,58.21504629039336,0.030597441618042242,0.4634019179195856,0.5060006404623719
amos_0007,CT,FOV-B,aorta,51,8.376354655907905,35.858532998016486,-20.45301851055433,8.376354655907905,35.858532998016486,20.45301851055433,42.122721567871956,0.03954369679981434,0.7246898685144118,0.23576643468577402
amos_0007,CT,FOV-B,inferior_vena_cava,62,9.692846288958425,39.73584341949187,-39.344325280666226,9.692846288958425,39.73584341949187,39.344325280666226,56.75266031853152,0.029169581814329135,0.4902215772149787,0.4806088409706922
amos_0007,CT,FOV-B,pancreas,6,3.8661774156149225,39.96128989666808,-37.16826633229073,3.8661774156149225,39.96128989666808,37.16826633229073,54.71135202279919,0.004993541514425064,0.5334873207446685,0.4615191377409066
amos_0007,CT,FOV-B,adrenal_gland_right,7,4.826502309495957,34.48555247368546,-40.72904066078564,4.826502309495957,34.48555247368546,40.72904066078564,53.58547571037149,0.00811280160372937,0.4141714846845173,0.5777157137117533
amos_0007,CT,FOV-B,adrenal_gland_left,8,6.587300951282181,33.91274637562077,-34.519360306979536,6.587300951282181,33.91274637562077,34.519360306979536,48.83700581078878,0.0181935291744879,0.4822007313407261,0.499605739484786
amos_0007,CT,FOV-B,duodenum,18,6.361079259905825,42.2303542928514,-55.19731126434294,6.361079259905825,42.2303542928514,55.19731126434294,69.7897508511337,0.00830765242298451,0.3661559992015898,0.6255363483754256
amos_0007,CT,FOV-B,urinary_bladder,20,-1.345336547248473,57.88562143620793,-42.5650115271566,1.345336547248473,57.88562143620793,42.5650115271566,71.86330987220329,0.0003504672563250937,0.6488240926766276,0.35082544006704747
amos_0007,CT,FOV-B,prostate,21,-0.9282960337193117,43.82206727334031,-34.73705606506644,0.9282960337193117,43.82206727334031,34.73705606506644,55.92761730757848,0.0002754992081462187,0.6139501186478561,0.38577438214399773
amos_0021,CT,FOV-A,spleen,0,-3.4319315854600063,39.566375913772674,-25.41493200306104,3.4319315854600063,39.566375913772674,25.41493200306104,47.15076909317031,0.005297850287142391,0.7041658894460942,0.29053626026676344
amos_0021,CT,FOV-A,kidney_right,1,20.922065214183796,62.66269828115641,-40.73543565129967,20.922065214183796,62.66269828115641,40.73543565129967,77.61264256809568,0.07266815965514052,0.651858364177674,0.2754734761671857
amos_0021,CT,FOV-A,kidney_left,2,-11.23134360434171,66.18293407459782,-19.815948861025618,11.23134360434171,66.18293407459782,19.815948861025618,69.99282585482695,0.025748763139716645,0.894097700172002,0.0801535366882813
amos_0021,CT,FOV-A,esophagus,14,5.5791222404060985,57.33761557073768,17.130335497770147,5.5791222404060985,57.33761557073768,17.130335497770147,60.10139065427071,0.008617131332964276,0.910144219125897,0.08123864954113869
amos_0021,CT,FOV-A,liver,4,13.163987883602516,66.38347159357535,-43.804332963891966,13.163987883602516,66.38347159357535,43.804332963891966,80.61560310650893,0.02666470190935837,0.6780812042133422,0.29525409387729945
amos_0021,CT,FOV-A,stomach,5,7.2769386480952996,65.03584583762553,-52.35394422011177,7.2769386480952996,65.03584583762553,52.35394422011177,83.80662596302342,0.007539468203605054,0.6022112620261549,0.3902492697702402
amos_0021,CT,FOV-A,aorta,51,1.274226375903253,50.13788328145912,-21.504999425875212,1.274226375903253,50.13788328145912,21.504999425875212,54.570101641000804,0.0005452349110931562,0.8441555197905366,0.1552992452983703
amos_0021,CT,FOV-A,inferior_vena_cava,62,8.626302832531941,59.025793680370526,-15.747649986088618,8.626302832531941,59.025793680370526,15.747649986088618,61.6964010315073,0.01954923372320766,0.9153011525469127,0.06514961372987949
amos_0021,CT,FOV-A,pancreas,6,-6.785402583937454,48.284815256074054,-14.844301008606863,6.785402583937454,48.284815256074054,14.844301008606863,50.96879775876054,0.017723213139668518,0.8974543538905698,0.08482243296976186
amos_0021,CT,FOV-A,adrenal_gland_right,7,14.147265673011212,63.88579680998643,-34.54336977656044,14.147265673011212,63.88579680998643,34.54336977656044,73.99178708201217,0.03655762596510045,0.7454896156378826,0.21795275839701714
amos_0021,CT,FOV-A,adrenal_gland_left,8,-0.6916753235232846,64.47971088696588,-28.000079406975374,0.6916753235232846,64.47971088696588,28.000079406975374,70.30018476232337,9.680362730009073e-05,0.8412657928095829,0.15863740356311723
amos_0021,CT,FOV-A,duodenum,18,38.37482982589686,55.484160074874566,-28.76044406170081,38.37482982589686,55.484160074874566,28.76044406170081,73.33677608135682,0.2738099946002369,0.572393118035249,0.15379688736451416
amos_0021,CT,FOV-A,urinary_bladder,20,8.599869276806132,63.20133240928779,-16.09940069877439,8.599869276806132,63.20133240928779,16.09940069877439,65.78416886111081,0.017089954852795613,0.9230169667934676,0.059893078353736924
amos_0021,CT,FOV-A,prostate,21,8.786590295731493,53.70556224524605,-11.650125381794396,8.786590295731493,53.70556224524605,11.650125381794396,55.6526459974238,0.024926948567909342,0.9312513169116968,0.0438217345203937
amos_0035,CT,FOV-A,spleen,0,3.3532600188632387,34.87172865673351,1.3472586336140466,3.3532600188632387,34.87172865673351,1.3472586336140466,35.0584785478321,0.009148467129501231,0.9893747528060995,0.0014767800643988307
amos_0035,CT,FOV-A,kidney_right,1,-3.70485767599574,26.4304313490095,-18.905613110172,3.70485767599574,26.4304313490095,18.905613110172,32.7065112594663,0.012831416894758734,0.6530404149004685,0.3341281682047727
amos_0035,CT,FOV-A,kidney_left,2,9.696875873276213,25.66768743723655,11.33908001312011,9.696875873276213,25.66768743723655,11.33908001312011,29.68895949037853,0.1066777183906704,0.7474523815325378,0.14586990007679193
amos_0035,CT,FOV-A,gallbladder,3,-8.94770050199834,37.607666385513795,-81.82631323032115,8.94770050199834,37.607666385513795,81.82631323032115,90.49830634936875,0.009775567406743407,0.17269186035719536,0.8175325722360612
amos_0035,CT,FOV-A,esophagus,14,12.250955843900206,52.29028567679672,-8.318509585527636,12.250955843900206,52.29028567679672,8.318509585527636,54.346642002746776,0.05081530298391791,0.9257561361042349,0.023428560911847196
amos_0035,CT,FOV-A,liver,4,1.4484686841335304,49.08596738017811,-42.609725978372126,1.4484686841335304,49.08596738017811,42.609725978372126,65.01629798080467,0.0004963336795965762,0.5699939348441624,0.42950973147624105
amos_0035,CT,FOV-A,stomach,5,1.2320771236214867,38.85034162410138,-29.745098198695587,1.2320771236214867,38.85034162410138,29.745098198695587,48.94525436850829,0.0006336575417280326,0.6300405534716391,0.36932578898663265
amos_0035,CT,FOV-A,aorta,51,9.630481952037865,48.79926683533168,-1.0205551194358122,9.630481952037865,48.79926683533168,1.0205551194358122,49.75094128804234,0.037470840896061036,0.9621083643399398,0.0004207947639990456
amos_0035,CT,FOV-A,inferior_vena_cava,62,11.75354314584079,38.68341774417054,-3.6758118610302972,11.75354314584079,38.68341774417054,3.6758118610302972,40.59635670462117,0.08382305637810143,0.907978480831063,0.008198462790835593
amos_0035,CT,FOV-A,pancreas,6,-12.615912606723032,38.63227972040181,-20.285140767849953,12.615912606723032,38.63227972040181,20.285140767849953,45.421374079471995,0.07714660294195826,0.7234027199265449,0.19945067713149664
amos_0035,CT,FOV-A,adrenal_gland_right,7,-1.052160081690296,36.238870948454725,-12.789785051502804,1.052160081690296,36.238870948454725,12.789785051502804,38.444003565184296,0.0007490424383012031,0.8885709261723803,0.11068003138931855
amos_0035,CT,FOV-A,adrenal_gland_left,8,6.1528621066191285,40.280179076961986,-0.3272544599926732,6.1528621066191285,40.280179076961986,0.3272544599926732,40.748713280995524,0.022799565208162967,0.9771359372223787,6.449756945827256e-05
amos_0035,CT,FOV-A,duodenum,18,-8.703283145381441,40.699263927481425,-33.183835040350004,8.703283145381441,40.699263927481425,33.183835040350004,53.229166156653555,0.02673418195615671,0.5846201549809975,0.38864566306284587
amos_0035,CT,FOV-A,urinary_bladder,20,2.7987185109147887,33.925095185114124,-15.50634945945501,2.7987185109147887,33.925095185114124,15.50634945945501,37.405772043644966,0.005598106995116057,0.8225549191869561,0.17184697381792785
amos_0035,CT,FOV-A,prostate,21,7.3027896625056865,49.004564291845526,-39.824239163214315,7.3027896625056865,49.004564291845526,39.824239163214315,63.56687882236562,0.013198233534107639,0.5943076064077589,0.39249416005813353
amos_0027,CT,FOV-A,spleen,0,0.30740723707256734,78.32409084141966,-8.831890391536263,0.30740723707256734,78.32409084141966,8.831890391536263,78.82106313183345,1.5210503786968609e-05,0.987429614666817,0.012555174829395957
amos_0027,CT,FOV-A,kidney_right,1,3.804720587760528,44.403043788050326,26.805756794961326,3.804720587760528,44.403043788050326,26.805756794961326,52.00629571258713,0.005352216772508868,0.7289766894478442,0.265671093779647
amos_0027,CT,FOV-A,kidney_left,2,3.7729866025125816,64.14793398747655,-5.554652127775853,3.7729866025125816,64.14793398747655,5.554652127775853,64.49842651588482,0.0034219391809634132,0.9891612792081956,0.007416781610840805
amos_0027,CT,FOV-A,gallbladder,3,19.131605052478463,62.42079206955355,2.6912182897481216,19.131605052478463,62.42079206955355,2.6912182897481216,65.34230062032965,0.08572627852757715,0.9125773966838735,0.0016963247885493952
amos_0027,CT,FOV-A,esophagus,14,6.323405019797582,56.43142146726247,67.06480667665846,6.323405019797582,56.43142146726247,67.06480667665846,87.87593000610455,0.005178001009684226,0.4123842892166624,0.5824377097736532
amos_0027,CT,FOV-A,liver,4,13.344035064569894,48.426038943645146,5.859000101074571,13.344035064569894,48.426038943645146,5.859000101074571,50.5714583709062,0.0696247090220448,0.9169527093067849,0.013422581671170362
amos_0027,CT,FOV-A,stomach,5,8.977568598940131,65.63922578443878,-0.06804349150843336,8.977568598940131,65.63922578443878,0.06804349150843336,66.25035342883798,0.018362891397569706,0.9816360537376757,1.0548647548140928e-06
amos_0027,CT,FOV-A,aorta,51,0.025916377933814072,62.1914736727753,-12.273696571641267,0.025916377933814072,62.1914736727753,12.273696571641267,63.39103798474093,1.671448050005309e-07,0.9625115939586039,0.037488238896591024
amos_0027,CT,FOV-A,inferior_vena_cava,62,3.945608438907154,56.9092702028929,-4.777901942708695,3.945608438907154,56.9092702028929,4.777901942708695,57.245621736104745,0.004750544761078424,0.9882833519147797,0.006966103324142006
amos_0027,CT,FOV-A,pancreas,6,5.212424291746036,58.309070148334584,1.2868290786595935,5.212424291746036,58.309070148334584,1.2868290786595935,58.555725233646214,0.007923932944191888,0.9915931161290062,0.00048295092680166753
amos_0027,CT,FOV-A,adrenal_gland_right,7,2.554693167838522,49.77190806139798,22.877801539703796,2.554693167838522,49.77190806139798,22.877801539703796,54.83760655375221,0.002170303698519821,0.8237806716284385,0.17404902467304176
amos_0027,CT,FOV-A,adrenal_gland_left,8,5.7432772021222505,61.3437517889043,4.537361025934388,5.7432772021222505,61.3437517889043,4.537361025934388,61.778869863722704,0.008642504964578733,0.9859632986476048,0.005394196387816463
amos_0027,CT,FOV-A,duodenum,18,6.193355263306572,48.52201167754581,5.804831922137282,6.193355263306572,48.52201167754581,5.804831922137282,49.25890112758996,0.0158082045491487,0.9703047499003411,0.013887045550510266
amos_0027,CT,FOV-A,urinary_bladder,20,1.6311535950350722,78.6889260394255,-7.347283397184583,1.6311535950350722,78.6889260394255,7.347283397184583,79.0480253808235,0.00042580196744926806,0.9909350377446581,0.008639160287892607
amos_0027,CT,FOV-A,prostate,21,-7.222648354380914,88.14262479796523,-46.26880191215514,7.222648354380914,88.14262479796523,46.26880191215514,99.81027495159086,0.005236516041141614,0.7798686357373702,0.21489484822148827
amos_0033,CT,FOV-A,spleen,0,23.802886140571047,39.483797193677994,-50.023262156633336,23.802886140571047,39.483797193677994,50.023262156633336,68.02848216918962,0.12242713205551291,0.3368652886226769,0.54070757932181
amos_0033,CT,FOV-A,kidney_right,1,17.110745654752915,24.17833137096848,-15.703707576686838,17.110745654752915,24.17833137096848,15.703707576686838,33.52574766355101,0.2604839252043682,0.5201106025246548,0.21940547227097698
amos_0033,CT,FOV-A,kidney_left,2,25.147270894581354,34.8006216348919,-53.8457227054555,25.147270894581354,34.8006216348919,53.8457227054555,68.8682100340438,0.13333498909704064,0.25535032374371003,0.6113146871592491
amos_0033,CT,FOV-A,gallbladder,3,30.7545057838397,39.71612890019517,-9.913091362463547,30.7545057838397,39.71612890019517,9.913091362463547,51.20038965853382,0.36080369167828663,0.6017100852474483,0.037486223074265065
amos_0033,CT,FOV-A,esophagus,14,22.01853348030144,42.03477051842165,-16.036617159556272,22.01853348030144,42.03477051842165,16.036617159556272,50.08902912895897,0.1932375631174703,0.704258559137594,0.10250387774493572
amos_0033,CT,FOV-A,liver,4,17.948680563378183,32.474417363660535,-16.751508717536126,17.948680563378183,32.474417363660535,16.751508717536126,40.710636956317636,0.19437896352463646,0.636307351997772,0.16931368447759162
amos_0033,CT,FOV-A,stomach,5,20.33280501730391,41.34758777529436,-26.985104497155135,20.33280501730391,41.34758777529436,26.985104497155135,53.39702088534297,0.1449975074560436,0.5996064561039113,0.255396036440045
amos_0033,CT,FOV-A,aorta,51,25.985554556495536,39.00480915032279,4.618581704360395,25.985554556495536,39.00480915032279,4.618581704360395,47.09517469360914,0.30444661846175075,0.6859358318814748,0.009617549656774771
amos_0033,CT,FOV-A,inferior_vena_cava,62,21.5245580024269,34.41220236594373,-2.9637795639785054,21.5245580024269,34.41220236594373,2.9637795639785054,40.697546095291294,0.27972548586344953,0.7149711023338887,0.005303411802661647
amos_0033,CT,FOV-A,pancreas,6,30.932444038386343,33.09029390641299,-28.281377807500803,30.932444038386343,33.09029390641299,28.281377807500803,53.400561567190415,0.33553422347448314,0.3839808810945606,0.28048489543095634
amos_0033,CT,FOV-A,adrenal_gland_right,7,17.723656155444168,35.22892140813149,-18.140931897257815,17.723656155444168,35.22892140813149,18.140931897257815,43.40850494082542,0.16670820502080447,0.6586414172275554,0.17465037775164013
amos_0033,CT,FOV-A,adrenal_gland_left,8,26.30816007512933,28.783071151791752,-30.362569155675374,26.30816007512933,28.783071151791752,30.362569155675374,49.42135244204579,0.28336858371333845,0.3391915391972932,0.3774398770893683
amos_0033,CT,FOV-A,duodenum,18,25.98605126078492,29.94539050823345,-22.160414112742956,25.98605126078492,29.94539050823345,22.160414112742956,45.42119798581931,0.32731311894687937,0.4346531113628443,0.23803376969027662
amos_0033,CT,FOV-A,urinary_bladder,20,2.0217019245999843,47.62841800591431,-27.856510688889102,2.0217019245999843,47.62841800591431,27.856510688889102,55.213573224146856,0.0013407337471542699,0.7441159350954578,0.254543331157388
amos_0033,CT,FOV-A,prostate,21,0.8242412886435773,57.05981169029971,-13.687902845995723,0.8242412886435773,57.05981169029971,13.687902845995723,58.68441162826621,0.00019727098916116407,0.9453990438514177,0.05440368515942092
amos_0043,CT,FOV-A,spleen,0,-11.141046701308568,59.979081007349,-41.529760399348106,11.141046701308568,59.979081007349,41.529760399348106,73.79928237397796,0.02279017772363417,0.6605342431001562,0.3166755791762097
amos_0043,CT,FOV-A,kidney_right,1,-20.100600848726344,71.28914043926414,-41.98118434137223,20.100600848726344,71.28914043926414,41.98118434137223,85.13868414389091,0.055739646718521815,0.7011208610136342,0.24313949226784382
amos_0043,CT,FOV-A,kidney_left,2,-9.826240477987113,59.01477134835875,-34.22255760552048,9.826240477987113,59.01477134835875,34.22255760552048,68.92373820603076,0.02032530767757117,0.7331347568145632,0.24653993550786565
amos_0043,CT,FOV-A,gallbladder,3,-44.977865640578244,41.967723741269474,-34.39349153306762,44.977865640578244,41.967723741269474,34.39349153306762,70.47843991917398,0.40727253259215934,0.35458328942358314,0.23814417798425758
amos_0043,CT,FOV-A,esophagus,14,-22.846243664022175,55.92395550167274,-25.158251094269417,22.846243664022175,55.92395550167274,25.158251094269417,65.43987505054739,0.12188343517995005,0.7303160414961858,0.14780052332386429
amos_0043,CT,FOV-A,liver,4,-24.125498857429704,50.48998270547832,-28.442492557365767,24.125498857429704,50.48998270547832,28.442492557365767,62.7714380239544,0.1477163094263743,0.6469731954696836,0.20531049510394217
amos_0043,CT,FOV-A,stomach,5,-28.760878500532126,53.12216856263713,-20.685825915688838,28.760878500532126,53.12216856263713,20.685825915688838,63.85183097401191,0.20288857142382355,0.6921574224595581,0.10495400611661851
amos_0043,CT,FOV-A,aorta,51,-21.81990001421898,67.4264392415462,-29.33392926629881,21.81990001421898,67.4264392415462,29.33392926629881,76.7001444041969,0.08093067248998931,0.7728017334983293,0.1462675940116813
amos_0043,CT,FOV-A,inferior_vena_cava,62,-18.735228722202663,62.365126005528865,-37.751104399367705,18.735228722202663,62.365126005528865,37.751104399367705,75.26993835742594,0.06195478840157462,0.6864999146295822,0.25154529696884304
amos_0043,CT,FOV-A,pancreas,6,-30.518950510573703,66.98797700596769,-32.952107201152785,30.518950510573703,66.98797700596769,32.952107201152785,80.65132839956927,0.14319113777238293,0.6898754258261088,0.1669334364015081
amos_0043,CT,FOV-A,adrenal_gland_right,7,-24.87190853890676,59.8462428970664,-40.51485575031688,24.87190853890676,59.8462428970664,40.51485575031688,76.43061009655358,0.10589697914397819,0.6131110299819313,0.2809919908740907
amos_0043,CT,FOV-A,adrenal_gland_left,8,-19.951826329846476,65.13798530068917,-33.54509573484211,19.951826329846476,65.13798530068917,33.54509573484211,75.93619657837016,0.06903472991090513,0.7358189394116919,0.19514633067740292
amos_0043,CT,FOV-A,duodenum,18,-20.915421433713988,73.7594467419297,-27.81217882526471,20.915421433713988,73.7594467419297,27.81217882526471,81.55628809867409,0.06576856057119582,0.8179380245301563,0.11629341489864771
amos_0043,CT,FOV-A,urinary_bladder,20,-3.8563149996942734,73.3171728552226,-3.52132370286904,3.8563149996942734,73.3171728552226,3.52132370286904,73.50291641479161,0.002752554083540562,0.9949523398663647,0.002295106050094893
amos_0043,CT,FOV-A,prostate,21,-2.5065533989593005,56.425484914825475,-7.018362334280255,2.5065533989593005,56.425484914825475,7.018362334280255,56.915512539818835,0.0019395126655082336,0.9828546524980364,0.015205834836455595
amos_0042,CT,FOV-A,spleen,0,-9.298682702316384,68.16002340427922,-35.355782167329835,9.298682702316384,68.16002340427922,35.355782167329835,77.34523658981158,0.014453589387973994,0.7765909358299931,0.20895547478203272
amos_0042,CT,FOV-A,kidney_right,1,-1.6141829635918583,49.92538702049259,-10.014851806145543,1.6141829635918583,49.92538702049259,10.014851806145543,50.945530839171525,0.0010039066592482054,0.9603525562728636,0.038643537067888215
amos_0042,CT,FOV-A,kidney_left,2,-3.9373408777602563,57.902586517987615,-21.427569267044873,3.9373408777602563,57.902586517987615,21.427569267044873,61.865603556053095,0.004050489614922525,0.8759865134292538,0.1199629969558236
amos_0042,CT,FOV-A,gallbladder,3,-30.382022177073985,49.645479061157026,-30.45891185108053,30.382022177073985,49.645479061157026,30.45891185108053,65.6923600880033,0.2138964729267568,0.5711230419645137,0.21498048510872986
amos_0042,CT,FOV-A,esophagus,14,-3.152489219665964,51.49099758204632,-7.435645693824426,3.152489219665964,51.49099758204632,7.435645693824426,52.120531915536894,0.003658386129194509,0.9759890232706654,0.020352590600139962
amos_0042,CT,FOV-A,liver,4,-22.88546863520805,47.10792421408442,-17.996898767171388,22.88546863520805,47.10792421408442,17.996898767171388,55.37860203768986,0.17077946294754784,0.7236089981731896,0.10561153887926263
amos_0042,CT,FOV-A,stomach,5,-21.650814800542975,38.9316852314474,1.7797905412512591,21.650814800542975,38.9316852314474,1.7797905412512591,44.58252517364441,0.23584092159965803,0.7625653714678037,0.0015937069325383817
amos_0042,CT,FOV-A,aorta,51,-2.2396082867104172,53.61826623249985,-12.400666540902876,2.2396082867104172,53.61826623249985,12.400666540902876,55.07913261586282,0.0016533695946572668,0.9476573794264389,0.05068925097890388
amos_0042,CT,FOV-A,inferior_vena_cava,62,2.976406897017,46.56884837986392,-12.9885344647887,2.976406897017,46.56884837986392,12.9885344647887,48.43778137968717,0.003775862049354993,0.9243203422556328,0.07190379569501208
amos_0042,CT,FOV-A,pancreas,6,-10.354112232764429,51.91695712886769,-8.384453268117113,10.354112232764429,51.91695712886769,8.384453268117113,53.599226993069664,0.03731716851040966,0.9382129174208568,0.024469914068733545
amos_0042,CT,FOV-A,adrenal_gland_right,7,-0.4545621915236566,44.56379218069313,-4.585221719771425,0.4545621915236566,44.56379218069313,4.585221719771425,44.80136670381198,0.00010294472432200463,0.9894224381712571,0.010474617104420766
amos_0042,CT,FOV-A,adrenal_gland_left,8,1.9795155357393774,51.102898126316575,-19.32560749261029,1.9795155357393774,51.102898126316575,19.32560749261029,54.67086777821767,0.0013110096677261707,0.8737337786574177,0.12495521167485604
amos_0042,CT,FOV-A,duodenum,18,-3.015919372943415,53.125425934183966,-17.761467130959545,3.015919372943415,53.125425934183966,17.761467130959545,56.09702634718455,0.002890412144966772,0.8968610626339016,0.10024852522113156
amos_0042,CT,FOV-A,urinary_bladder,20,-8.071354396961636,40.9374600410886,-22.570766088286746,8.071354396961636,40.9374600410886,22.570766088286746,47.439033276714575,0.028948173897801112,0.7446807479069062,0.2263710781952927
amos_0042,CT,FOV-A,prostate,21,-9.366118127872616,41.70844881828496,-72.09468950302107,9.366118127872616,41.70844881828496,72.09468950302107,83.81505309996395,0.0124874917077812,0.24763043899148957,0.7398820693007293
amos_0030,CT,FOV-B,spleen,0,-2.9859606880179257,53.55510708218412,-34.76288680383573,2.9859606880179257,53.55510708218412,34.76288680383573,63.918101933262164,0.002182330042756567,0.702027369501634,0.29579030045560945
amos_0030,CT,FOV-B,kidney_right,1,18.493705478831895,49.815264259047474,-24.37509185965655,18.493705478831895,49.815264259047474,24.37509185965655,58.46129316653203,0.10007164491735529,0.72608596406365,0.17384239101899457
amos_0030,CT,FOV-B,kidney_left,2,7.682477653409734,47.918978766213456,-25.8936389387668,7.682477653409734,47.918978766213456,25.8936389387668,55.006631658220776,0.019506192599339965,0.7589007893714897,0.22159301802917034
amos_0030,CT,FOV-B,gallbladder,3,31.38352249883889,35.590487039819706,5.458497940781172,31.38352249883889,35.590487039819706,5.458497940781172,47.76403931763114,0.4317191172824897,0.5552208517334138,0.01306003098409678
amos_0030,CT,FOV-B,esophagus,14,8.422810789184727,35.03707578972211,62.341162304942145,8.422810789184727,35.03707578972211,62.341162304942145,72.00667287839563,0.013682599044587308,0.23676102758213607,0.7495563733732765
amos_0030,CT,FOV-B,liver,4,5.3100116918843625,34.58128104614722,-11.632926270569214,5.3100116918843625,34.58128104614722,11.632926270569214,36.869854848874425,0.020741879120846345,0.8797095349384936,0.09954858594066007
amos_0030,CT,FOV-B,stomach,5,2.2970346072134404,51.07384199273716,-31.913116143674415,2.2970346072134404,51.07384199273716,31.913116143674415,60.26823944571029,0.0014526402268536336,0.7181580733000649,0.28038928647308153
amos_0030,CT,FOV-B,aorta,51,-4.551389846446188,41.774896617551754,-10.72772643904159,4.551389846446188,41.774896617551754,10.72772643904159,43.36981959257361,0.011013182638159263,0.9278024957039467,0.06118432165789418
amos_0030,CT,FOV-B,inferior_vena_cava,62,4.855449671741014,48.85254843982317,-28.33919584156706,4.855449671741014,48.85254843982317,28.33919584156706,56.685596949549456,0.007336914612587664,0.7427266359970458,0.2499364493903666
amos_0030,CT,FOV-B,pancreas,6,15.924186563274375,50.09758551595521,-19.721308591286288,15.924186563274375,50.09758551595521,19.721308591286288,56.14514943236998,0.08044332809665292,0.7961760447382561,0.12338062716509111
amos_0030,CT,FOV-B,adrenal_gland_right,7,7.15141382407433,50.92913907382993,-28.649432785118734,7.15141382407433,50.92913907382993,28.649432785118734,58.870280493587835,0.01475678022226617,0.7484115123993981,0.23683170737833562
amos_0030,CT,FOV-B,adrenal_gland_left,8,2.8282148325512253,50.54051809327835,-16.136707037154565,2.8282148325512253,50.54051809327835,16.136707037154565,53.12942764870531,0.0028337042167274483,0.9049177445858408,0.09224855119743185
amos_0030,CT,FOV-B,duodenum,18,23.666907209702092,50.526884710876715,-26.227956447650286,23.666907209702092,50.526884710876715,26.227956447650286,61.65220413641929,0.14736209958919802,0.6716574385442051,0.18098046186659678
amos_0030,CT,FOV-B,urinary_bladder,20,1.3079007460352017,47.08410411937482,-0.16342611270897578,1.3079007460352017,47.08410411937482,0.16342611270897578,47.10254954012494,0.0007710113032500655,0.9992169507041728,1.2037992576759837e-05
amos_0030,CT,FOV-B,prostate,21,19.057376772387666,44.07670406651739,-47.50931848621485,19.057376772387666,44.07670406651739,47.50931848621485,67.5505351114015,0.07959185984312388,0.42575586181305136,0.4946522783438249
amos_0036,CT,FOV-B,spleen,0,12.75483372152513,38.07746509455502,-25.456988860113142,12.75483372152513,38.07746509455502,25.456988860113142,47.54616086620176,0.07196456287945974,0.6413648379062143,0.28667059921432575
amos_0036,CT,FOV-B,kidney_right,1,0.9427999568131682,48.54929256638341,-22.976451518118893,0.9427999568131682,48.54929256638341,22.976451518118893,53.72001493688666,0.00030801144799521256,0.8167583111884464,0.18293367736355823
amos_0036,CT,FOV-B,kidney_left,2,3.8010745559260783,43.696197789654036,-23.08796786162202,3.8010745559260783,43.696197789654036,23.08796786162202,49.56672400947601,0.005880744943100912,0.7771536029709549,0.21696565208594445
amos_0036,CT,FOV-B,gallbladder,3,0.4778353743956174,56.2421850019948,-34.432917686528526,0.4778353743956174,56.2421850019948,34.432917686528526,65.94723285211353,5.2500500151842355e-05,0.7273295202980307,0.2726179792018173
amos_0036,CT,FOV-B,esophagus,14,10.435053648232223,51.06486517912046,-4.671469499928435,10.435053648232223,51.06486517912046,4.671469499928435,52.32908777813727,0.03976518839536019,0.9522655018529217,0.007969309751718156
amos_0036,CT,FOV-B,liver,4,2.271176619320549,56.63926462478342,-29.41232888496279,2.271176619320549,56.63926462478342,29.41232888496279,63.86117467530337,0.0012648179250856278,0.7866135199087195,0.21212166216619477
amos_0036,CT,FOV-B,stomach,5,5.467089980951364,33.33767190607308,-22.322671355759667,5.467089980951364,33.33767190607308,22.322671355759667,40.4918645833215,0.018229589625483496,0.6778521607346563,0.3039182496398604
amos_0036,CT,FOV-B,aorta,51,1.0811518751399838,50.33740762075948,-17.46999025770583,1.0811518751399838,50.33740762075948,17.46999025770583,53.293752494640025,0.00041154829847928515,0.8921319434477589,0.10745650825376181
amos_0036,CT,FOV-B,inferior_vena_cava,62,0.5817818272048475,56.279086593287076,-10.667976632255431,0.5817818272048475,56.279086593287076,10.667976632255431,57.284201864873,0.0001031455674933011,0.9652156334767414,0.034681220955765056
amos_0036,CT,FOV-B,pancreas,6,15.724994594153479,51.76142445628188,-28.567062969534163,15.724994594153479,51.76142445628188,28.567062969534163,61.176773398364695,0.06607054275864788,0.7158784741604152,0.21805098308093687
amos_0036,CT,FOV-B,adrenal_gland_right,7,-0.8776374212651543,64.37869867542253,-30.895623347823403,0.8776374212651543,64.37869867542253,30.895623347823403,71.41377060927833,0.00015103108312894292,0.8126816602849322,0.18716730863193903
amos_0036,CT,FOV-B,adrenal_gland_left,8,8.900353340221038,42.62892523299386,-23.85518637616201,8.900353340221038,42.62892523299386,23.85518637616201,49.65391699697406,0.03212975905556001,0.7370581262005066,0.23081211474393343
amos_0036,CT,FOV-B,duodenum,18,4.562203771851309,48.648943424118904,-30.025169748968665,4.562203771851309,48.648943424118904,30.025169748968665,57.350189345750195,0.006328191984172371,0.7195767339750225,0.2740950740408052
amos_0036,CT,FOV-B,urinary_bladder,20,-7.6492294412029125,57.59501523317141,-18.852419509432366,7.6492294412029125,57.59501523317141,18.852419509432366,61.08281437616507,0.015681850097649372,0.8890613225361216,0.0952568273662291
amos_0036,CT,FOV-B,prostate,21,-7.416437485398298,56.03952581982644,-12.92077792051714,7.416437485398298,56.03952581982644,12.92077792051714,57.986019876838746,0.016358522681456582,0.9339901658990022,0.04965131141954119
amos_0038,CT,FOV-B,spleen,0,0.9427056911905964,41.08193601745725,-41.39340930431217,0.9427056911905964,41.08193601745725,41.39340930431217,58.326910554194214,0.00026122474328545446,0.4960938656227135,0.503644909634001
amos_0038,CT,FOV-B,kidney_right,1,-13.081825601483267,41.36056820826641,-38.6955757443061,13.081825601483267,41.36056820826641,38.6955757443061,58.130700544218556,0.050643719732126835,0.5062463201021415,0.44310996016573156
amos_0038,CT,FOV-B,kidney_left,2,12.896089689687173,38.85753487813101,-27.760394360621603,12.896089689687173,38.85753487813101,27.760394360621603,49.46571177236668,0.06796848106577498,0.6170807032231629,0.3149508157110621
amos_0038,CT,FOV-B,gallbladder,3,-19.870181415454155,41.39847970649795,-77.91092861767675,19.870181415454155,41.39847970649795,77.91092861767675,90.43655803689735,0.04827425881663876,0.20954665631485372,0.7421790848685076
amos_0038,CT,FOV-B,esophagus,14,7.686443327769191,46.78290037921427,62.92106626779241,7.686443327769191,46.78290037921427,62.92106626779241,78.78313118427332,0.009518847822134097,0.35262070631820325,0.6378604458596626
amos_0038,CT,FOV-B,liver,4,-15.703424562601533,50.00190936750711,-61.714480294550185,15.703424562601533,50.00190936750711,61.714480294550185,80.96582959135375,0.03761709075930929,0.38139029439982225,0.5809926148408686
amos_0038,CT,FOV-B,stomach,5,-14.841363260442435,35.854192810160455,-39.7474164013322,14.841363260442435,35.854192810160455,39.7474164013322,55.548594186329005,0.07138409294698983,0.41661389880300487,0.5120020082500052
amos_0038,CT,FOV-B,aorta,51,-4.420869538455785,48.68517293073725,-6.272997905539796,4.420869538455785,48.68517293073725,6.272997905539796,49.28631304423921,0.008045679630748707,0.9757549691022535,0.0161993512669981
amos_0038,CT,FOV-B,inferior_vena_cava,62,-3.141086191797143,45.84813445254971,-7.957245550692733,3.141086191797143,45.84813445254971,7.957245550692733,46.639421222795995,0.004535794839823771,0.9663557461018594,0.02910845905831702
amos_0038,CT,FOV-B,pancreas,6,7.186343361088571,46.40570623290554,-36.305661441558186,7.186343361088571,46.40570623290554,36.305661441558186,59.35683747124028,0.014657989971010626,0.611225219922126,0.3741167901068634
amos_0038,CT,FOV-B,adrenal_gland_right,7,-4.975691617083456,47.00762132970691,-37.590739550947774,4.975691617083456,47.00762132970691,37.590739550947774,60.39484804296323,0.006787457541847518,0.6058104570573971,0.3874020854007553
amos_0038,CT,FOV-B,adrenal_gland_left,8,0.46835171684212895,42.48874682406766,-22.28042875767369,0.46835171684212895,42.48874682406766,22.28042875767369,47.97843750724029,9.529103243713717e-05,0.7842520152670245,0.21565269370053836
amos_0038,CT,FOV-B,duodenum,18,-3.8188535169391713,46.52962059721095,-50.15126306854995,3.8188535169391713,46.52962059721095,50.15126306854995,68.51816126017349,0.003106380136968303,0.4611557446003506,0.5357378752626811
amos_0038,CT,FOV-B,urinary_bladder,20,-7.596514229673571,46.79489085360827,-35.46683386229188,7.596514229673571,46.79489085360827,35.46683386229188,59.206124198921835,0.01646248709995249,0.6246886475115088,0.35884886538853894
amos_0038,CT,FOV-B,prostate,21,-3.44386472562507,39.36554583620686,-30.005812439570036,3.44386472562507,39.36554583620686,30.005812439570036,49.61708559951465,0.004817588105273971,0.629462776461489,0.3657196354332368
amos_0045,CT,FOV-A,spleen,0,6.364799347785777,50.697591886939506,-30.626005190221008,6.364799347785777,50.697591886939506,30.626005190221008,59.57103900204942,0.011415608972647104,0.7242763633945658,0.26430802763278716
amos_0045,CT,FOV-A,kidney_right,1,6.079375738317935,42.82225449942973,-32.48829060284655,6.079375738317935,42.82225449942973,32.48829060284655,54.09430021801359,0.012630337566761579,0.6266658700706076,0.36070379236263095
amos_0045,CT,FOV-A,kidney_left,2,11.047930731786536,44.943637186599176,-28.380429942328476,11.047930731786536,44.943637186599176,28.380429942328476,54.29029471946554,0.04141116865070328,0.6853178337141307,0.273270997635166
amos_0045,CT,FOV-A,gallbladder,3,0.5670648155130777,43.901418268397144,-18.63751108731742,0.5670648155130777,43.901418268397144,18.63751108731742,47.69709538338395,0.00014134535406831088,0.8471752046722474,0.15268344997368452
amos_0045,CT,FOV-A,esophagus,14,21.603435222733626,51.81706420137398,-29.770785074694743,21.603435222733626,51.81706420137398,29.770785074694743,63.54538692805189,0.11557863820403264,0.6649324840644463,0.219488877731521
amos_0045,CT,FOV-A,liver,4,20.49972555171781,36.92821322414275,-28.78346059733275,20.49972555171781,36.92821322414275,28.78346059733275,51.11183115073956,0.1608619069445817,0.5220038530943948,0.3171342399610233
amos_0045,CT,FOV-A,stomach,5,15.256755615819802,45.48165481860533,-32.10055146409826,15.256755615819802,45.48165481860533,32.10055146409826,57.721702342003354,0.06986282091843254,0.620860819445995,0.30927635963557226
amos_0045,CT,FOV-A,aorta,51,2.2390643189315895,49.23437311832022,-10.12624540499479,2.2390643189315895,49.23437311832022,10.12624540499479,50.31478660772063,0.0019803496146143583,0.9575149311658151,0.04050471921957082
amos_0045,CT,FOV-A,inferior_vena_cava,62,13.768962648560606,48.342737885231045,-27.493129320209505,13.768962648560606,48.342737885231045,27.493129320209505,57.29290356122103,0.057756488181581106,0.7119685681634182,0.23027494365500065
amos_0045,CT,FOV-A,pancreas,6,11.83966459954155,44.99489203358054,-38.83181983251336,11.83966459954155,44.99489203358054,38.83181983251336,60.602212818081036,0.03816821367566556,0.5512510931460799,0.4105806931782546
amos_0045,CT,FOV-A,adrenal_gland_right,7,15.699027502918725,45.929405716897534,-38.8749857018542,15.699027502918725,45.929405716897534,38.8749857018542,62.187091002587884,0.06373016120142591,0.545482935026725,0.39078690377184916
amos_0045,CT,FOV-A,adrenal_gland_left,8,8.802444702386861,51.743141124645874,-27.383510221202073,8.802444702386861,51.743141124645874,27.383510221202073,59.20044187519445,0.022108369495319784,0.7639337238043589,0.21395790670032122
amos_0045,CT,FOV-A,duodenum,18,9.863900553397869,49.6425200310501,-49.93260675049751,9.863900553397869,49.6425200310501,49.93260675049751,71.09811211319442,0.019247805981683835,0.48751895003689166,0.4932332439814244
amos_0045,CT,FOV-A,urinary_bladder,20,12.91998819992387,62.011068757575515,-10.621884466874079,12.91998819992387,62.011068757575515,10.621884466874079,64.22712178799974,0.040465723829010765,0.9321837159837395,0.02735056018725
amos_0045,CT,FOV-A,prostate,21,13.036048468862035,53.43674281289222,-52.733547023024826,13.036048468862035,53.43674281289222,52.733547023024826,76.19875998835728,0.029268207486554,0.49179504481713343,0.47893674769631267
amos_0047,CT,FOV-B,spleen,0,4.568375729290466,33.162405188777825,-41.81880470028466,4.568375729290466,33.162405188777825,41.81880470028466,53.567038384338545,0.007273247387297383,0.3832628909745768,0.6094638616381258
amos_0047,CT,FOV-B,kidney_right,1,14.709684330891662,53.09185090610029,-46.84205088712713,14.709684330891662,53.09185090610029,46.84205088712713,72.31387956030481,0.041377417612367434,0.5390293450905204,0.4195932372971121
amos_0047,CT,FOV-B,kidney_left,2,6.50059597477906,45.563384173555875,-44.517016026992735,6.50059597477906,45.563384173555875,44.517016026992735,64.0315894018092,0.010306656094120169,0.5063413353338477,0.48335200857203214
amos_0047,CT,FOV-B,gallbladder,3,15.299941369708563,35.44842637984608,-21.507123091186315,15.299941369708563,35.44842637984608,21.507123091186315,44.19542377196226,0.11984638208132818,0.6433381659000391,0.2368154520186327
amos_0047,CT,FOV-B,esophagus,14,12.723935729513748,27.742838721445906,-16.524486287587195,12.723935729513748,27.742838721445906,16.524486287587195,34.70766900616652,0.13439776275340137,0.6389264984489118,0.22667573879768685
amos_0047,CT,FOV-B,liver,4,19.796513942606516,45.496549983684275,-33.574265637637495,19.796513942606516,45.496549983684275,33.574265637637495,59.90884190004295,0.10919319951605201,0.576733371689105,0.3140734287948429
amos_0047,CT,FOV-B,stomach,5,9.807015610134648,39.36939007381818,-28.682614387589865,9.807015610134648,39.36939007381818,28.682614387589865,49.68720960236201,0.03895691139934948,0.6278098967800794,0.333233191820571
amos_0047,CT,FOV-B,aorta,51,19.56990476235726,31.638521239780403,-4.502424127967686,19.56990476235726,31.638521239780403,4.502424127967686,37.47331079149365,0.272730239790854,0.712833700283028,0.014436059926118053
amos_0047,CT,FOV-B,inferior_vena_cava,62,12.360962097294419,43.36138458834378,-39.98855270741342,12.360962097294419,43.36138458834378,39.98855270741342,60.266801848302755,0.04206765061861142,0.5176664170631555,0.4402659323182329
amos_0047,CT,FOV-B,pancreas,6,-3.8849641646255932,29.64062783715316,-38.65121574279851,3.8849641646255932,29.64062783715316,38.65121574279851,48.862830899748324,0.006321451137436154,0.3679743509589234,0.6257041979036405
amos_0047,CT,FOV-B,adrenal_gland_right,7,14.423759128937274,39.95308120344322,-26.318467214519046,14.423759128937274,39.95308120344322,26.318467214519046,49.969543139598976,0.08331940594895743,0.6392780579593862,0.2774025360916564
amos_0047,CT,FOV-B,adrenal_gland_left,8,9.090742674726314,38.481152843884246,-39.22695890900508,9.090742674726314,38.481152843884246,39.22695890900508,55.69735210780889,0.026639718499443514,0.47733914502629765,0.4960211364742589
amos_0047,CT,FOV-B,duodenum,18,-8.1077079846468,50.42114421299715,-39.32375811487566,8.1077079846468,50.42114421299715,39.32375811487566,64.45451624819948,0.015823024122307083,0.6119538725662822,0.37222310331141073
amos_0047,CT,FOV-B,urinary_bladder,20,6.603394262330836,29.8287725463542,-0.24524852643384065,6.603394262330836,29.8287725463542,0.24524852643384065,30.551933396196645,0.046715075908970005,0.9532204870757004,6.443701532972776e-05
amos_0047,CT,FOV-B,prostate,21,3.315200908860164,25.509511521976236,10.66363427392072,3.315200908860164,25.509511521976236,10.66363427392072,27.846702337689507,0.014173338534962231,0.8391831205825256,0.1466435408825121
amos_0044,CT,FOV-B,spleen,0,-7.927636077948691,32.1359739657762,45.96471573975337,7.927636077948691,32.1359739657762,45.96471573975337,56.64206325293749,0.01958886537573916,0.3218880133486948,0.6585231212755658
amos_0044,CT,FOV-B,kidney_right,1,-7.4770351662536,52.28638975440944,23.670511699902008,7.4770351662536,52.28638975440944,23.670511699902008,57.87975235401931,0.016688047143071472,0.8160635557018653,0.1672483971550631
amos_0044,CT,FOV-B,kidney_left,2,-4.103347178098424,50.223850846671866,31.887441197377996,4.103347178098424,50.223850846671866,31.887441197377996,59.632889901873696,0.004734834617585659,0.7093299612769995,0.28593520410541484
amos_0044,CT,FOV-B,gallbladder,3,-20.29435792777143,43.73546336699427,18.06218141785631,20.29435792777143,43.73546336699427,18.06218141785631,51.48683440645531,0.1553668104012678,0.7215643746449221,0.12306881495381011
amos_0044,CT,FOV-B,esophagus,14,-0.69720602889852,34.56288050155396,5.551554491715919,0.69720602889852,34.56288050155396,5.551554491715919,35.01283424811426,0.0003965224054960378,0.9744629331582253,0.02514054443627861
amos_0044,CT,FOV-B,liver,4,-17.94699058726448,37.20561794926478,26.13970579933199,17.94699058726448,37.20561794926478,26.13970579933199,48.88391041438526,0.13478805020427884,0.5792755059762086,0.28593644381951244
amos_0044,CT,FOV-B,stomach,5,-11.317915802787965,49.70040835607537,6.81095017236181,11.317915802787965,49.70040835607537,6.81095017236181,51.425818915502354,0.04843624698857856,0.9340228085405947,0.017540944470826596
amos_0044,CT,FOV-B,aorta,51,-3.24565502909918,33.69974427147855,19.79958280895527,3.24565502909918,33.69974427147855,19.79958280895527,39.22028199719688,0.006848308125059257,0.7382981609333893,0.2548535309415514
amos_0044,CT,FOV-B,inferior_vena_cava,62,-9.701537447964345,40.043057487241825,19.499600973061646,9.701537447964345,40.043057487241825,19.499600973061646,45.58289942390057,0.045297813189352866,0.7717036757075899,0.18299851110305704
amos_0044,CT,FOV-B,pancreas,6,-31.06463459637781,39.69600231629265,26.419044946676486,31.06463459637781,39.69600231629265,26.419044946676486,56.910017206078024,0.2979580100986147,0.486537266378459,0.21550472352292635
amos_0044,CT,FOV-B,adrenal_gland_right,7,-9.509673537511254,40.31484163014315,26.943916836830034,9.509673537511254,40.31484163014315,26.943916836830034,49.413510308048124,0.037037341172568,0.665638605567906,0.2973240532595258
amos_0044,CT,FOV-B,adrenal_gland_left,8,-12.845238081120044,41.71701552501406,38.79529748926509,12.845238081120044,41.71701552501406,38.79529748926509,58.398498550523534,0.048381680988770034,0.5102970988952884,0.44132122011594144
amos_0044,CT,FOV-B,duodenum,18,-17.40487941113522,55.99190604342563,24.207314746144633,17.40487941113522,55.99190604342563,24.207314746144633,63.43514370529063,0.07528044561434619,0.7790954129663563,0.1456241414192976
amos_0054,CT,FOV-A,spleen,0,16.801071478813327,57.132447663567575,-17.556453275014917,16.801071478813327,57.132447663567575,17.556453275014917,62.085599219660146,0.07323053464061953,0.8468059615068226,0.07996350385255785
amos_0054,CT,FOV-A,kidney_right,1,1.35395841542379,44.41968800450945,-46.0325346627625,1.35395841542379,44.41968800450945,46.0325346627625,63.98387400968379,0.0004477850486702613,0.48195883330346917,0.5175933816478607
amos_0054,CT,FOV-A,kidney_left,2,11.308543814930154,50.787047930371585,-36.37585269889594,11.308543814930154,50.787047930371585,36.37585269889594,63.48551063248866,0.03172956629770244,0.6399657104147011,0.3283047232875964
amos_0054,CT,FOV-A,gallbladder,3,-17.98975429899815,-3.288238301654715,-53.32079515908622,17.98975429899815,3.288238301654715,53.32079515908622,56.36976997703666,0.10184927419652993,0.0034027813369045708,0.8947479444665655
amos_0054,CT,FOV-A,esophagus,14,7.287897261752878,52.41497865902481,-11.98289513725993,7.287897261752878,52.41497865902481,11.98289513725993,54.258945900141285,0.01804104869263919,0.933185800456565,0.048773150850796046
amos_0054,CT,FOV-A,liver,4,-11.121472321708616,41.074630981649435,-26.58608338673207,11.121472321708616,41.074630981649435,26.58608338673207,50.176013061297304,0.04912836050545908,0.6701237981308505,0.2807478413636904
amos_0054,CT,FOV-A,stomach,5,11.611275394844661,58.392234955652,-40.89960030516701,11.611275394844661,58.392234955652,40.89960030516701,72.23054841639657,0.025841518308257424,0.6535342785300031,0.3206242031617397
amos_0054,CT,FOV-A,aorta,51,5.491558796258959,44.7365335472373,-4.341058733086413,5.491558796258959,44.7365335472373,4.341058733086413,45.28089489795849,0.014708259139273107,0.9761007714477059,0.009190969413021104
amos_0054,CT,FOV-A,inferior_vena_cava,62,3.684730499300297,39.04315290416966,-30.36613345251837,3.684730499300297,39.04315290416966,30.36613345251837,49.59886176523611,0.005519097141049335,0.6196498416156228,0.374831061243328
amos_0054,CT,FOV-A,pancreas,6,-3.2919776223818245,44.626756156109934,-34.34996318362974,3.2919776223818245,44.626756156109934,34.34996318362974,56.411917645120674,0.0034054305074707964,0.6258192435092144,0.3707753259833148
amos_0054,CT,FOV-A,adrenal_gland_right,7,-5.097831106119962,41.99249940241687,-34.23039017673349,5.097831106119962,41.99249940241687,34.23039017673349,54.415783553119205,0.008776495039105846,0.5955163302009774,0.3957071747599167
amos_0054,CT,FOV-A,adrenal_gland_left,8,6.569088201670784,41.82101126474184,-19.102035265045004,6.569088201670784,41.82101126474184,19.102035265045004,46.44391945426244,0.020005640474483992,0.810832847419307,0.16916151210620906
amos_0054,CT,FOV-A,duodenum,18,2.169024269261886,35.28453851109445,-60.182384841682435,2.169024269261886,35.28453851109445,60.182384841682435,69.79701117851624,0.0009657287732018755,0.25556138413411356,0.7434728870926849
amos_0054,CT,FOV-A,urinary_bladder,20,-6.039456009287894,53.60031079800238,-26.336878905865163,6.039456009287894,53.60031079800238,26.336878905865163,60.025823917983665,0.01012323653932734,0.7973671801496816,0.1925095833109911
amos_0054,CT,FOV-A,prostate,21,-6.640300368878598,47.08976830602205,-23.9547855404019,6.640300368878598,47.08976830602205,23.9547855404019,53.2482076542527,0.015551255681243043,0.7820654847259982,0.2023832595927587
amos_0050,CT,FOV-B,spleen,0,27.31857409582115,22.620235026193342,16.414042182973276,27.31857409582115,22.620235026193342,16.414042182973276,39.08196904012796,0.48861093496464275,0.33499733585380703,0.17639172918155027
amos_0050,CT,FOV-B,kidney_right,1,-3.080479748439174,16.789805561102128,-26.27016506506851,3.080479748439174,16.789805561102128,26.27016506506851,31.329036033783513,0.009668133788027927,0.287208486857233,0.7031233793547391
amos_0050,CT,FOV-B,kidney_left,2,15.748432571601299,16.04295561505336,2.758467975035444,15.748432571601299,16.04295561505336,2.758467975035444,22.649474583268834,0.4834576169393312,0.5017097030058468,0.014832680054822099
amos_0050,CT,FOV-B,gallbladder,3,6.2798945925807175,-2.364757181837362,-50.295030563509044,6.2798945925807175,2.364757181837362,50.295030563509044,50.74070606532082,0.0153176342727872,0.0021720013647422063,0.9825103643624703
amos_0050,CT,FOV-B,esophagus,14,19.55925319542898,22.74483768473644,-3.8231266369968466,19.55925319542898,22.74483768473644,3.8231266369968466,30.240838681333233,0.4183279424146321,0.5656893738890841,0.015982683696283882
amos_0050,CT,FOV-B,liver,4,5.658415158812446,13.84335376365567,-23.734290484747135,5.658415158812446,13.84335376365567,23.734290484747135,28.053032819100977,0.040684593162490346,0.243513473232644,0.7158019336048657
amos_0050,CT,FOV-B,stomach,5,35.86681310154546,24.489646604850037,-3.189967287653019,35.86681310154546,24.489646604850037,3.189967287653019,43.54706608013831,0.6783717886837638,0.31626216201805096,0.005366049298185236
amos_0050,CT,FOV-B,aorta,51,14.870283136291611,30.12352542225841,4.8728596276494045,14.870283136291611,30.12352542225841,4.8728596276494045,33.94549845516638,0.19189961128856564,0.7874939272479144,0.02060646146351984
amos_0050,CT,FOV-B,inferior_vena_cava,62,11.694497044198105,24.804037787960795,-16.139823699740873,11.694497044198105,24.804037787960795,16.139823699740873,31.81973382607187,0.13507345604673013,0.607647455647378,0.2572790883058917
amos_0050,CT,FOV-B,pancreas,6,-5.27896814899705,17.76393954081044,-3.9007029051962263,5.27896814899705,17.76393954081044,3.9007029051962263,18.937807050508784,0.07770316495197016,0.8798713933249568,0.042425441723073234
amos_0050,CT,FOV-B,adrenal_gland_right,7,-0.5627580060777433,13.712320332735004,-11.743729944387155,0.5627580060777433,13.712320332735004,11.743729944387155,18.062658123533147,0.0009706888485698301,0.576313212708125,0.42271609844330515
amos_0050,CT,FOV-B,adrenal_gland_left,8,14.301445836712448,20.73770180261559,-12.372176225010548,14.301445836712448,20.73770180261559,12.372176225010548,28.06518080500003,0.2596714496500531,0.5459910976932297,0.19433745265671692
amos_0050,CT,FOV-B,duodenum,18,-6.692387731388052,17.40196359530492,-51.499477457379555,6.692387731388052,17.40196359530492,51.499477457379555,54.770544719791644,0.014930283982247723,0.10094908599009221,0.8841206300276598
amos_0050,CT,FOV-B,urinary_bladder,20,2.197147424574357,26.96822940623207,-27.471755180818533,2.197147424574357,26.96822940623207,27.471755180818533,38.559177724989205,0.003246854809096389,0.4891582017332761,0.5075949434576277
amos_0050,CT,FOV-B,prostate,21,-0.6943436265375951,18.72228569986524,-27.492117048431673,0.6943436265375951,18.72228569986524,27.492117048431673,33.26894339626312,0.0004355829687795782,0.3166939159940045,0.6828705010372159
amos_0059,CT,FOV-A,spleen,0,-16.92859381543426,54.95522922271225,17.273087225861218,16.92859381543426,54.95522922271225,17.273087225861218,60.04176920945131,0.0794940836870739,0.8377435364191005,0.0827623798938255
amos_0059,CT,FOV-A,kidney_right,1,-19.992074705595755,29.132473662663543,15.036932035421387,19.992074705595755,29.132473662663543,15.036932035421387,38.39913277377223,0.2710646596563162,0.5755882142197881,0.15334712612389564
amos_0059,CT,FOV-A,kidney_left,2,-13.596080542218303,19.13081640211441,18.001815276238176,13.596080542218303,19.13081640211441,18.001815276238176,29.57882512138876,0.21128351719277447,0.418316666685364,0.3703998161218618
amos_0059,CT,FOV-A,gallbladder,3,-12.95818115079237,22.881601251663355,-3.562866450625961,12.95818115079237,22.881601251663355,3.562866450625961,26.536317602897896,0.23845519090425188,0.7435180450391253,0.018026764056622707
amos_0059,CT,FOV-A,esophagus,14,-10.535195537445446,35.01442930611472,0.8257039388020075,10.535195537445446,35.01442930611472,0.8257039388020075,36.57434061797518,0.08297212081573684,0.916518201402142,0.0005096777821209461
amos_0059,CT,FOV-A,liver,4,-25.07613499209745,44.76322401218507,2.6327296375318383,25.07613499209745,44.76322401218507,2.6327296375318383,51.3759674891996,0.23823258951397447,0.7591414239313335,0.0026259865546919676
amos_0059,CT,FOV-A,stomach,5,-16.59500913545107,31.893066735587595,-28.06486653800357,16.59500913545107,31.893066735587595,28.06486653800357,45.60919608809501,0.1323884680965629,0.4889762082088273,0.3786353236946097
amos_0059,CT,FOV-A,aorta,51,-13.296969588634358,40.778001065178316,-8.745604223340251,13.296969588634358,40.778001065178316,8.745604223340251,43.773740579759206,0.09227372040753036,0.8678097919203935,0.03991648767207602
amos_0059,CT,FOV-A,inferior_vena_cava,62,-14.006374041876764,36.65058714526406,-2.852327386281104,14.006374041876764,36.65058714526406,2.852327386281104,39.339291089343284,0.12676471406071152,0.8679781926408041,0.005257093298484307
amos_0059,CT,FOV-A,pancreas,6,-5.337223885929789,34.85116484490294,0.8635831307415174,5.337223885929789,34.85116484490294,0.8635831307415174,35.268051061532155,0.02290171048391944,0.9764987119447195,0.0005995775713610213
amos_0059,CT,FOV-A,adrenal_gland_right,7,-20.859976156287445,32.46462962114235,6.826241337760166,20.859976156287445,32.46462962114235,6.826241337760166,39.187859758861286,0.283350853405979,0.6863060299544442,0.030343116639576853
amos_0059,CT,FOV-A,adrenal_gland_left,8,-8.83916506507976,28.480668818378177,7.479120617308126,8.83916506507976,28.480668818378177,7.479120617308126,30.744374779756196,0.08265919224384244,0.8581615187377108,0.05917928901844679
amos_0059,CT,FOV-A,duodenum,18,-8.287998369287294,33.980912757863656,0.9095402643824855,8.287998369287294,33.980912757863656,0.9095402643824855,34.98886411873616,0.05610991701828028,0.9432143359111278,0.0006757470705918318
amos_0059,CT,FOV-A,urinary_bladder,20,-6.411673885932765,58.293491175779565,-0.2242778597189954,6.411673885932765,58.293491175779565,0.2242778597189954,58.645468503871655,0.011952917710644658,0.9880324570195801,1.462526977524591e-05
amos_0059,CT,FOV-A,prostate,21,1.5003515845745081,49.49543153780122,-5.135229451596842,1.5003515845745081,49.49543153780122,5.135229451596842,49.78372605089991,0.0009082622965042067,0.9884516572802423,0.010640080423253498
amos_0049,CT,FOV-A,spleen,0,17.72418141564635,53.73876704373782,2.875676569025643,17.72418141564635,53.73876704373782,2.875676569025643,56.659255254243405,0.09785671885633161,0.8995673256560834,0.0025759554875850387
amos_0049,CT,FOV-A,kidney_right,1,-3.048224593616908,44.51790686712229,-9.092667953642206,3.048224593616908,44.51790686712229,9.092667953642206,45.53912949890563,0.004480479310303276,0.9556525520655197,0.03986696862417705
amos_0049,CT,FOV-A,kidney_left,2,22.979476627771817,59.35486435311975,2.019804623207108,22.979476627771817,59.35486435311975,2.019804623207108,63.6799488000696,0.13021914969546172,0.8687748147887187,0.0010060355158195767
amos_0049,CT,FOV-A,gallbladder,3,-9.888525437168184,17.64512938687656,-13.582626373528853,9.888525437168184,17.64512938687656,13.582626373528853,24.364344144754206,0.1647227634643894,0.5244936613967341,0.3107835751388767
amos_0049,CT,FOV-A,esophagus,14,9.24811357873739,54.463114796545895,-5.617298792214001,9.24811357873739,54.463114796545895,5.617298792214001,55.52758345028147,0.027738869836990532,0.9620273165365417,0.010233813626467587
amos_0049,CT,FOV-A,liver,4,16.49411641923011,22.203754742415015,-8.178928283059122,16.49411641923011,22.203754742415015,8.178928283059122,28.84367294523806,0.3270069523954463,0.5925864518898789,0.08040659571467498
amos_0049,CT,FOV-A,stomach,5,21.39627484000941,36.15539477869804,8.724853365948945,21.39627484000941,36.15539477869804,8.724853365948945,42.90846320820679,0.2486511173517721,0.710003182291203,0.04134570035702502
amos_0049,CT,FOV-A,aorta,51,9.413091752092758,54.326771563129896,5.01412007643313,9.413091752092758,54.326771563129896,5.01412007643313,55.36375894885305,0.028907693784197424,0.962889955743497,0.008202350472305482
amos_0049,CT,FOV-A,inferior_vena_cava,62,14.715810541997584,45.01531693932303,-21.514929187343455,14.715810541997584,45.01531693932303,21.514929187343455,52.01755489247907,0.08003289145275509,0.7488946984848358,0.1710724100624092
amos_0049,CT,FOV-A,pancreas,6,9.101611616313196,53.33327459767524,-14.350248201625561,9.101611616313196,53.33327459767524,14.350248201625561,55.97505816677189,0.026439150173618375,0.9078359824751859,0.06572486735119568
amos_0049,CT,FOV-A,adrenal_gland_right,7,7.319143188680869,52.85157733087536,-9.241389157447998,7.319143188680869,52.85157733087536,9.241389157447998,54.15036802217792,0.018269121413939993,0.9526054923949692,0.029125386191090848
amos_0049,CT,FOV-A,adrenal_gland_left,8,10.724748652923587,77.09015403940818,-12.329489271193438,10.724748652923587,77.09015403940818,12.329489271193438,78.80309885516267,0.018521990345147666,0.9569984510896639,0.024479558565188544
amos_0049,CT,FOV-A,duodenum,18,13.806499641194534,45.502727726728864,-36.59540170827802,13.806499641194534,45.502727726728864,36.59540170827802,60.002842341887124,0.05294482595527393,0.5750839099212435,0.3719712641234826
amos_0049,CT,FOV-A,urinary_bladder,20,-3.8214671794141353,62.59337575287198,-17.501927501445564,3.8214671794141353,62.59337575287198,17.501927501445564,65.10646485418647,0.00344518096177181,0.9242905637187537,0.07226425531947438
amos_0049,CT,FOV-A,prostate,21,-6.723286984525075,65.3660476955666,-11.89229342654231,6.723286984525075,65.3660476955666,11.89229342654231,66.77836043328972,0.010136588008034124,0.9581487761663368,0.03171463582562903
amos_0048,CT,FOV-A,spleen,0,7.730230425514975,97.67705504074343,-64.29320098710468,7.730230425514975,97.67705504074343,64.29320098710468,117.19291461958021,0.0043509307254730465,0.6946761737102587,0.30097289556426826
amos_0048,CT,FOV-A,kidney_right,1,17.61056680146369,60.81052758142707,-47.62064887287619,17.61056680146369,60.81052758142707,47.62064887287619,79.21981145442143,0.049417305238030694,0.58923689688798,0.36134579787398935
amos_0048,CT,FOV-A,kidney_left,2,12.538580013354057,71.93797607532319,-53.117317168175134,12.538580013354057,71.93797607532319,53.117317168175134,90.29804966725231,0.01928146245494917,0.6346871269885539,0.34603141055649705
amos_0048,CT,FOV-A,gallbladder,3,17.865465657984316,76.99184798238228,-83.40150550168806,17.865465657984316,76.99184798238228,83.40150550168806,114.90313589657588,0.02417491289544384,0.44897868614329034,0.5268464009612659
amos_0048,CT,FOV-A,esophagus,14,12.138807014098582,62.89456320395729,-34.02241076755149,12.138807014098582,62.89456320395729,34.02241076755149,72.53000172878883,0.028010227634104868,0.7519532401789242,0.22003653218697083
amos_0048,CT,FOV-A,liver,4,13.684950798926877,72.34734580761486,-53.96669088617972,13.684950798926877,72.34734580761486,53.96669088617972,91.28975872999189,0.022472032905482275,0.6280599310573244,0.34946803603719345
amos_0048,CT,FOV-A,stomach,5,30.753990369369244,91.08991624431178,-71.95184781095372,30.753990369369244,91.08991624431178,71.95184781095372,120.08434189537634,0.06558887524002507,0.5753973280539445,0.3590137967060304
amos_0048,CT,FOV-A,aorta,51,8.404094477805307,70.96522380336141,-5.2254375531080655,8.404094477805307,70.96522380336141,5.2254375531080655,71.65191547386911,0.013757079350585264,0.980924413905273,0.005318506744141538
amos_0048,CT,FOV-A,inferior_vena_cava,62,19.179701578781316,65.20149395351763,-43.07097363426453,19.179701578781316,65.20149395351763,43.07097363426453,80.46244177394328,0.0568194827013587,0.656642030690195,0.28653848660844633
amos_0048,CT,FOV-A,pancreas,6,10.343068204111937,74.57625639497661,-52.07144495698657,10.343068204111937,74.57625639497661,52.07144495698657,91.5425172128923,0.012765948152976693,0.6636749972008905,0.32355905464613277
amos_0048,CT,FOV-A,adrenal_gland_right,7,12.031131115593439,66.62515932524896,-50.49995281962828,12.031131115593439,66.62515932524896,50.49995281962828,84.4624484952934,0.020290165308407805,0.6222274794867457,0.3574823552048466
amos_0048,CT,FOV-A,adrenal_gland_left,8,6.92646530027168,81.51668769087702,-63.40329751389072,6.92646530027168,81.51668769087702,63.40329751389072,103.50325806119723,0.004478321663945458,0.6202760428262304,0.3752456355098242
amos_0048,CT,FOV-A,duodenum,18,15.993275945142756,72.88894517977214,-66.42294396723128,15.993275945142756,72.88894517977214,66.42294396723128,99.90290631483778,0.02562823017177609,0.5323130157679388,0.44205875406028533
amos_0048,CT,FOV-A,urinary_bladder,20,8.551515481463854,66.65842862861456,-33.12943676225028,8.551515481463854,66.65842862861456,33.12943676225028,74.92685836500658,0.01302600156485573,0.7914711639735581,0.19550283446158623
amos_0048,CT,FOV-A,prostate,21,10.413957435684253,71.13428108870916,-31.544412973714387,10.413957435684253,71.13428108870916,31.544412973714387,78.50851192919127,0.01759535790307746,0.8209645457047966,0.1614400963921261
amos_0052,CT,FOV-A,spleen,0,0.5845922528434073,58.240544046553254,-9.64951081978262,0.5845922528434073,58.240544046553254,9.64951081978262,59.03740998724196,9.805088513154827e-05,0.9731868984604277,0.026715050654440613
amos_0052,CT,FOV-A,kidney_right,1,20.986367597280292,48.09402820038454,-13.367595498097387,20.986367597280292,48.09402820038454,13.367595498097387,54.14938395649865,0.1502060796024071,0.7888515208004093,0.060942399597183616
amos_0052,CT,FOV-A,kidney_left,2,1.2261429302704698,62.01128989771695,-18.11629716061327,1.2261429302704698,62.01128989771695,18.11629716061327,64.61504255261146,0.0003600932060161107,0.9210310279488729,0.07860887884511077
amos_0052,CT,FOV-A,gallbladder,3,-3.17801088664816,47.78263206915142,-28.646067659288008,3.17801088664816,47.78263206915142,28.646067659288008,55.8021224774834,0.003243465816922165,0.7332274269605394,0.26352910722253825
amos_0052,CT,FOV-A,esophagus,14,9.737567229298417,52.530861836173685,-8.102048611892883,9.737567229298417,52.530861836173685,8.102048611892883,54.036606596877924,0.03247317863964121,0.9450459286667119,0.022480892693646917
amos_0052,CT,FOV-A,liver,4,5.441966965196492,51.25273592228494,-19.862888165324478,5.441966965196492,51.25273592228494,19.862888165324478,55.23578794801387,0.009706679606887425,0.86097987370994,0.12931344668317252
amos_0052,CT,FOV-A,stomach,5,-8.806012782375298,52.50869517382549,-20.233173065679296,8.806012782375298,52.50869517382549,20.233173065679296,56.956915491332666,0.023903731342186228,0.8499033257201323,0.12619294293768152
amos_0052,CT,FOV-A,aorta,51,11.948333227459692,47.02063498694457,-6.641636896541286,11.948333227459692,47.02063498694457,6.641636896541286,48.96748025123809,0.05953867132373387,0.9220648482076937,0.018396480468572323
amos_0052,CT,FOV-A,inferior_vena_cava,62,18.00162236108388,50.081114661966055,-32.33269160209784,18.00162236108388,50.081114661966055,32.33269160209784,62.27021277988726,0.08357234610337624,0.6468257093613108,0.26960194453531305
amos_0052,CT,FOV-A,pancreas,6,18.45334968359012,57.47304539006639,-16.91521422552762,18.45334968359012,57.47304539006639,16.91521422552762,62.688129125449095,0.08665224227324382,0.8405388716100729,0.07280888611668321
amos_0052,CT,FOV-A,adrenal_gland_left,8,-23.17091042571534,62.83017621455886,-11.816102524835514,23.17091042571534,62.83017621455886,11.816102524835514,68.00104713889682,0.11610608889657509,0.853700144035285,0.03019376706813951
amos_0052,CT,FOV-A,duodenum,18,14.594628303916348,54.38458653512892,-24.63685442844502,14.594628303916348,54.38458653512892,24.63685442844502,61.462679929000764,0.056384936068415936,0.7829403521818017,0.1606747117497822
amos_0052,CT,FOV-A,urinary_bladder,20,-43.289916552424735,87.77125143610694,-4.317984289334291,43.289916552424735,87.77125143610694,4.317984289334291,97.96149469102204,0.1952822145327637,0.8027748816129604,0.0019429038542759273
amos_0052,CT,FOV-A,prostate,21,6.89835857430659,71.42888095715287,-36.77949637003313,6.89835857430659,71.42888095715287,36.77949637003313,80.63748346175062,0.007318424528758175,0.7846459923974446,0.20803558307379733
amos_0058,CT,FOV-B,spleen,0,2.90139701593219,17.911136820844632,-21.351171046450915,2.90139701593219,17.911136820844632,21.351171046450915,28.019625834651688,0.010722342039579544,0.4086219008374047,0.580655757123016
amos_0058,CT,FOV-B,kidney_right,1,6.4335794648463605,3.9030076265105436,22.51699563211274,6.4335794648463605,3.9030076265105436,22.51699563211274,23.7410931837537,0.07343513774711882,0.027026970931487686,0.8995378913213935
amos_0058,CT,FOV-B,kidney_left,2,12.823067524153387,15.031125346809773,5.681461319079688,12.823067524153387,15.031125346809773,5.681461319079688,20.558326601178006,0.38905261248251705,0.5345735547334136,0.07637383278406928
amos_0058,CT,FOV-B,gallbladder,3,30.045944871459866,27.619563047979412,4.4751438738457665,30.045944871459866,27.619563047979412,4.4751438738457665,41.05637561782256,0.5355629389522476,0.45255606672122667,0.011880994326525632
amos_0058,CT,FOV-B,esophagus,14,4.026363236430777,13.15312432531303,-25.61394322554601,4.026363236430777,13.15312432531303,25.61394322554601,29.073877759774614,0.019178736119074093,0.20466893515947784,0.7761523287214481
amos_0058,CT,FOV-B,liver,4,11.49724367290328,19.42956521214944,-9.824794732565962,11.49724367290328,19.42956521214944,9.824794732565962,24.621559819482155,0.21805012814109864,0.6227231897961408,0.15922668206276072
amos_0058,CT,FOV-B,stomach,5,10.426220082802047,24.487878374645035,0.3550535109266164,10.426220082802047,24.487878374645035,0.3550535109266164,26.617443819834655,0.1534338151194387,0.8463882525239322,0.0001779323566288955
amos_0058,CT,FOV-B,aorta,51,9.774778367655525,14.608584826782476,-7.491504660925919,9.774778367655525,14.608584826782476,7.491504660925919,19.107058508906082,0.26171352748018256,0.5845593701592131,0.15372710236060447
amos_0058,CT,FOV-B,inferior_vena_cava,62,8.558240352442798,16.82676123318933,-30.08071077783756,8.558240352442798,16.82676123318933,30.08071077783756,35.51383578872967,0.05807293742188001,0.22449460057416862,0.7174324620039512
amos_0058,CT,FOV-B,pancreas,6,15.446523600873341,15.145788686874823,2.3182154448813748,15.446523600873341,15.145788686874823,2.3182154448813748,21.756932898473742,0.504041342932835,0.4846056150473748,0.011353042019790387
amos_0058,CT,FOV-B,adrenal_gland_right,7,5.123369297202977,17.95698309329177,-0.242930856771558,5.123369297202977,17.95698309329177,0.242930856771558,18.675148464455653,0.0752632896109621,0.9245674960205257,0.00016921436851209125
amos_0058,CT,FOV-B,adrenal_gland_left,8,1.5746413190354076,37.32529889796231,-39.15302812730944,1.5746413190354076,37.32529889796231,39.15302812730944,54.116698390087734,0.0008466437386029783,0.47571188604883335,0.5234414702125636
amos_0058,CT,FOV-B,duodenum,18,29.331646794121006,27.110174945269293,0.41564341557176476,29.331646794121006,27.110174945269293,0.41564341557176476,39.943458146072985,0.5392393419282793,0.46065237751333415,0.00010828055838655161
amos_0058,CT,FOV-B,urinary_bladder,20,27.62330402622773,34.134259321422235,-2.5935622785251553,27.62330402622773,34.134259321422235,2.5935622785251553,43.987738632942914,0.3943555660185925,0.6021680311871906,0.0034764027942168064
amos_0058,CT,FOV-B,prostate,21,14.68995161293801,23.135793667610614,2.129840521508015,14.68995161293801,23.135793667610614,2.129840521508015,27.48810374812655,0.28559537358037956,0.7084011251284751,0.006003501291145373
amos_0066,CT,FOV-A,spleen,0,-3.088014171266451,45.668230739854636,-6.922180870602688,3.088014171266451,45.668230739854636,6.922180870602688,46.29297698826339,0.004449675589261704,0.9731911550527806,0.02235916935795764
amos_0066,CT,FOV-A,kidney_right,1,-0.6050306518551452,55.699582765332416,-6.668954109445622,0.6050306518551452,55.699582765332416,6.668954109445622,56.10066426733013,0.00011631045304332176,0.9857524762827942,0.01413121326416262
amos_0066,CT,FOV-A,kidney_left,2,-16.525378908339654,52.69544919973305,-33.337874246660476,16.525378908339654,52.69544919973305,33.337874246660476,64.5082349294413,0.06562548627432069,0.6672919783440013,0.26708253538167814
amos_0066,CT,FOV-A,gallbladder,3,-42.91696338804534,66.9519979372813,-6.978722981828241,42.91696338804534,66.9519979372813,6.978722981828241,79.83193814947525,0.28900451326716536,0.7033536356082597,0.007641851124574993
amos_0066,CT,FOV-A,esophagus,14,-14.085962799649838,50.77691691535016,-8.076313280839031,14.085962799649838,50.77691691535016,8.076313280839031,53.3098159407041,0.06981660205793748,0.9072318517799488,0.02295154616211374
amos_0066,CT,FOV-A,liver,4,-27.66212365826236,58.50876354387077,-11.137763752642286,27.66212365826236,58.50876354387077,11.137763752642286,65.6697668499535,0.1774353257042402,0.7937996295100151,0.02876504478574455
amos_0066,CT,FOV-A,stomach,5,-32.633688296621656,28.960838994283545,-36.00409108218855,32.633688296621656,28.960838994283545,36.00409108218855,56.568386769894765,0.33280108600447667,0.26210462908691057,0.4050942849086126
amos_0066,CT,FOV-A,aorta,51,-8.504668041988339,51.06403197006492,-6.534245639119945,8.504668041988339,51.06403197006492,6.534245639119945,52.17816694381462,0.026566668551608892,0.9577509043453678,0.01568242710302306
amos_0066,CT,FOV-A,inferior_vena_cava,62,-6.74548914712929,48.335425149845314,-32.26352776605927,6.74548914712929,48.335425149845314,32.26352776605927,58.50427481955156,0.013293878181387334,0.6825836555113853,0.3041224663072274
amos_0066,CT,FOV-A,pancreas,6,-8.274329382431084,48.4949145244743,-16.229071020528636,8.274329382431084,48.4949145244743,16.229071020528636,51.8035134682426,0.025512156985040384,0.8763426824629109,0.09814516055204896
amos_0066,CT,FOV-A,adrenal_gland_right,7,-5.861611935553983,49.6147280669372,-9.783529372442445,5.861611935553983,49.6147280669372,9.783529372442445,50.90871421103266,0.013257140808513463,0.9498105170863571,0.03693234210512943
amos_0066,CT,FOV-A,adrenal_gland_left,8,-8.465745203485369,44.63958257667446,-20.777454793971856,8.465745203485369,44.63958257667446,20.777454793971856,49.960622515993705,0.02871274435676703,0.7983338930979591,0.17295336254527396
amos_0066,CT,FOV-A,duodenum,18,0.5784645292378059,55.2978979600003,-19.845491042228105,0.5784645292378059,55.2978979600003,19.845491042228105,58.754026710629354,9.693445985397939e-05,0.8858128433926984,0.11409022214744771
amos_0066,CT,FOV-A,urinary_bladder,20,-5.879099914014176,56.847858822386414,-15.239877803628588,5.879099914014176,56.847858822386414,15.239877803628588,59.148091634121805,0.009879619256084637,0.9237336173803052,0.06638676336361007
amos_0066,CT,FOV-A,prostate,21,-20.68155481776878,60.11314701395625,-58.671275440349746,20.68155481776878,60.11314701395625,58.671275440349746,86.5080095447773,0.05715493457280801,0.48286562592641097,0.4599794395007811
amos_0064,CT,FOV-A,spleen,0,-28.591878721349637,72.59876989230297,-38.741575052108374,28.591878721349637,72.59876989230297,38.741575052108374,87.11478953777062,0.10772130412425218,0.6945039829544352,0.19777471292131243
amos_0064,CT,FOV-A,kidney_right,1,-3.4337682943070007,39.32577598380321,11.969585241808545,3.4337682943070007,39.32577598380321,11.969585241808545,41.25019263334636,0.006929310311194352,0.9088718237945,0.08419886589430568
amos_0064,CT,FOV-A,kidney_left,2,-0.3941272447308819,48.9169722957686,-15.489902233071462,0.3941272447308819,48.9169722957686,15.489902233071462,51.31240187381745,5.899676883430205e-05,0.9088128297962579,0.09112817343490781
amos_0064,CT,FOV-A,gallbladder,3,-10.59527596943542,32.12867483359434,6.2675016380919715,10.59527596943542,32.12867483359434,6.2675016380919715,34.40629588047541,0.09483064544334839,0.8719865512519119,0.03318280330473976
amos_0064,CT,FOV-A,esophagus,14,-2.5379691785941514,56.565813625931206,-0.28092243237438197,2.5379691785941514,56.565813625931206,0.28092243237438197,56.6234180894097,0.002009002712220515,0.9979663833739444,2.461391383529139e-05
amos_0064,CT,FOV-A,liver,4,-4.873128165941004,36.56754175684865,-4.349854389137363,4.873128165941004,36.56754175684865,4.349854389137363,37.146382346969595,0.017210069264759445,0.9690774386700833,0.013712492065157358
amos_0064,CT,FOV-A,stomach,5,10.613699612701225,73.06802285495246,-19.923214660922213,10.613699612701225,73.06802285495246,19.923214660922213,76.47562399762224,0.019261385605140183,0.9128694081532055,0.06786920624165464
amos_0064,CT,FOV-A,aorta,51,-4.16059156941134,53.86170774317274,2.0737685680685445,4.16059156941134,53.86170774317274,2.0737685680685445,54.06195149356264,0.005922795427085731,0.9926057829351727,0.0014714216377415407
amos_0064,CT,FOV-A,inferior_vena_cava,62,-4.502280886963341,45.33313022464323,-4.289102110971726,4.502280886963341,45.33313022464323,4.289102110971726,45.757618229841455,0.009681404174930753,0.9815322973936246,0.008786298431444371
amos_0064,CT,FOV-A,pancreas,6,-5.607265189010166,50.1142135232365,-7.659487833984713,5.607265189010166,50.1142135232365,7.659487833984713,51.005328876808406,0.012085679907940312,0.9653631875763132,0.022551132515746315
amos_0064,CT,FOV-A,adrenal_gland_right,7,-12.350232243537903,45.896238577693794,-9.924484919575661,12.350232243537903,45.896238577693794,9.924484919575661,48.553973606377426,0.06469946554656092,0.8935207306232954,0.041779803830143646
amos_0064,CT,FOV-A,adrenal_gland_left,8,-7.006997240792721,53.30076032047607,-8.342423628594133,7.006997240792721,53.30076032047607,8.342423628594133,54.40280409199731,0.016589042607355043,0.9598961238522451,0.023514833540399842
amos_0064,CT,FOV-A,duodenum,18,22.176143420098278,43.68743996682415,-4.923926866861166,22.176143420098278,43.68743996682415,4.923926866861166,49.24041839417928,0.2028283110943975,0.7871721558846343,0.009999533020968336
amos_0064,CT,FOV-A,urinary_bladder,20,6.2352140434717125,61.808240824916645,7.6581340764951165,6.2352140434717125,61.808240824916645,7.6581340764951165,62.59220035733186,0.009923441077249951,0.9751071210119051,0.014969437910844966
amos_0064,CT,FOV-A,prostate,21,-3.8671349548249334,80.02212372352992,-45.74008883789497,3.8671349548249334,80.02212372352992,45.74008883789497,92.25318826404474,0.0017571785292474073,0.7524148830893255,0.24582793838142736
amos_0057,CT,FOV-A,kidney_right,1,-31.044520007365648,47.264604084198965,0.5820487502650167,31.044520007365648,47.264604084198965,0.5820487502650167,56.55124934492154,0.3013599193803782,0.6985341468774312,0.00010593374219053965
amos_0057,CT,FOV-A,kidney_left,2,-34.089882402717706,77.84187061000304,-15.803431040465398,34.089882402717706,77.84187061000304,15.803431040465398,86.43625012080477,0.15554611594906093,0.8110258422700871,0.033428041780851944
amos_0057,CT,FOV-A,gallbladder,3,-21.18994781327453,46.1176044663315,25.662535301991113,21.18994781327453,46.1176044663315,25.662535301991113,56.87190033899199,0.13882391693404478,0.6575639567486596,0.20361212631729556
amos_0057,CT,FOV-A,esophagus,14,-14.035522287852613,43.61104447588819,-12.744229234611055,14.035522287852613,43.61104447588819,12.744229234611055,47.553490565415075,0.08711488236072404,0.8410623150855876,0.07182280255368842
amos_0057,CT,FOV-A,liver,4,2.1519055678212453,32.45315221501612,2.88524492850604,2.1519055678212453,32.45315221501612,2.88524492850604,32.65214272542149,0.004343332184798686,0.9878486283404511,0.007808039474750055
amos_0057,CT,FOV-A,stomach,5,-21.413515340664222,54.827985916991096,4.565792260331307,21.413515340664222,54.827985916991096,4.565792260331307,59.03806516073454,0.1315563167391821,0.8624627623008291,0.005980920959988696
amos_0057,CT,FOV-A,aorta,51,-15.09782642109894,46.52175538844956,10.780164272476156,15.09782642109894,46.52175538844956,10.780164272476156,50.084229342238466,0.09087132589866938,0.8628001178302632,0.04632855627106746
amos_0057,CT,FOV-A,inferior_vena_cava,62,-10.030359088708796,37.11463661651241,1.7010864691982306,10.030359088708796,37.11463661651241,1.7010864691982306,38.48373747181914,0.06793263736035081,0.9301134808124041,0.0019538818272449997
amos_0057,CT,FOV-A,pancreas,6,-22.359405670920207,48.44910865672824,-3.4328803079772,22.359405670920207,48.44910865672824,3.4328803079772,53.470027293775864,0.17486371445930338,0.8210143944624915,0.004121891078205199
amos_0057,CT,FOV-A,adrenal_gland_right,7,-27.013820777143685,46.433983142625465,23.060847842434043,27.013820777143685,46.433983142625465,23.060847842434043,58.460790335755476,0.21352201724717962,0.6308738326162713,0.15560415013654896
amos_0057,CT,FOV-A,adrenal_gland_left,8,-7.038819999193798,74.06451843769653,-7.726916137442629,7.038819999193798,74.06451843769653,7.726916137442629,74.79841650318549,0.008855537182396829,0.9804729106992478,0.010671552118355378
amos_0057,CT,FOV-A,duodenum,18,-13.416171909201072,54.46842979167623,2.248029328954658,13.416171909201072,54.46842979167623,2.248029328954658,56.14140315784634,0.0571071784712954,0.9412894379914162,0.0016033835372882795
amos_0057,CT,FOV-A,urinary_bladder,20,8.791473955741235,30.4179412052697,70.09810129915908,8.791473955741235,30.4179412052697,70.09810129915908,76.91739053834893,0.013063943799630412,0.15639056473654275,0.8305454914638268
amos_0057,CT,FOV-A,prostate,21,-2.311963317423105,31.765610248842563,59.54922014930928,2.311963317423105,31.765610248842563,59.54922014930928,67.53153921874862,0.0011720565902001313,0.22125908338542363,0.7775688600243764
amos_0069,CT,FOV-A,spleen,0,-0.3713623791010008,55.29674498121395,7.5137492847388785,0.3713623791010008,55.29674498121395,7.5137492847388785,55.806131776427,4.4282483577532354e-05,0.9818277314492557,0.018127986067166882
amos_0069,CT,FOV-A,kidney_right,1,-7.4382123686260115,54.17840916258042,-44.77204569204946,7.4382123686260115,54.17840916258042,44.77204569204946,70.67646778157298,0.011076115464988557,0.5876284641269046,0.40129542040810695
amos_0069,CT,FOV-A,kidney_left,2,-9.13148698759776,42.479614460624035,-8.552598377320919,9.13148698759776,42.479614460624035,8.552598377320919,44.283728821449515,0.04252013589811036,0.9201799534449154,0.037299910656974154
amos_0069,CT,FOV-A,gallbladder,3,-14.404931201804473,48.873390950445184,-65.46967362967894,14.404931201804473,48.873390950445184,65.46967362967894,82.96016243414941,0.030149713487992724,0.34706095496644584,0.6227893315455615
amos_0069,CT,FOV-A,esophagus,14,-1.3144064761152752,44.1067631752768,-19.30671805555471,1.3144064761152752,44.1067631752768,19.30671805555471,48.165169824896175,0.0007447202938004569,0.8385793886375504,0.1606758910686492
amos_0069,CT,FOV-A,liver,4,-17.870756322776998,56.592130125443624,-47.2089590768137,17.870756322776998,56.592130125443624,47.2089590768137,75.83349484759019,0.055534609643724794,0.5569163134392195,0.3875490769170558
amos_0069,CT,FOV-A,stomach,5,17.76561244430121,53.069179838180546,-36.53336398599822,17.76561244430121,53.069179838180546,36.53336398599822,66.83293737635427,0.07066091698300896,0.6305269489673422,0.2988121340496487
amos_0069,CT,FOV-A,aorta,51,-5.351621561790032,44.2945030182624,8.178146293126474,5.351621561790032,44.2945030182624,8.178146293126474,45.359948498287025,0.013919565665576101,0.953574350986818,0.03250608334760551
amos_0069,CT,FOV-A,inferior_vena_cava,62,-3.315383859675343,43.254400517325294,-4.401847722616594,3.315383859675343,43.254400517325294,4.401847722616594,43.60402730967968,0.005781152580774726,0.9840278469152963,0.010191000503929045
amos_0069,CT,FOV-A,pancreas,6,-11.417702319919455,50.73507017750438,-34.43919988214839,11.417702319919455,50.73507017750438,34.43919988214839,62.373630331295914,0.03350853091906961,0.6616289302425375,0.3048625388383929
amos_0069,CT,FOV-A,adrenal_gland_right,7,-10.692447766631439,43.10761969565241,-38.42030325634664,10.692447766631439,43.10761969565241,38.42030325634664,58.72576110512985,0.0331510254300757,0.5388287714299064,0.4280202031400179
amos_0069,CT,FOV-A,adrenal_gland_left,8,-5.788371731666313,52.37496885683002,-24.71474518173045,5.788371731666313,52.37496885683002,24.71474518173045,58.2019006515744,0.009890961087229139,0.8097915131258165,0.18031752578695448
amos_0069,CT,FOV-A,duodenum,18,-22.37043932938637,49.18760769465751,-52.27216006880667,22.37043932938637,49.18760769465751,52.27216006880667,75.18135423608858,0.08853780231336367,0.428046659785589,0.48341553790104724
amos_0069,CT,FOV-A,urinary_bladder,20,-6.745567216907018,60.05635313477649,-24.596245346996284,6.745567216907018,60.05635313477649,24.596245346996284,65.24755561778866,0.010688295590126318,0.847206775911782,0.1421049284980915
amos_0069,CT,FOV-A,prostate,21,-0.12740283694195753,56.423409871174954,-15.280680338541742,0.12740283694195753,56.423409871174954,15.280680338541742,58.45610835988109,4.750052380153934e-06,0.9316630217480943,0.06833222819952559
amos_0075,CT,FOV-A,spleen,0,1.5448542958624074,54.41606557810488,-25.476331201668245,1.5448542958624074,54.41606557810488,25.476331201668245,60.10439434261982,0.0006606365526318241,0.8196752569111915,0.17966410653617684
amos_0075,CT,FOV-A,kidney_right,1,-0.5461461966834662,54.41705138807651,-27.443223145048478,0.5461461966834662,54.41705138807651,27.443223145048478,60.94788145645126,8.029723649263229e-05,0.7971733709251542,0.20274633183835317
amos_0075,CT,FOV-A,kidney_left,2,2.8017794719640037,50.47318107364755,-24.727904558097862,2.8017794719640037,50.47318107364755,24.727904558097862,56.27487218765698,0.0024787850225387494,0.8044375218361878,0.19308369314127355
amos_0075,CT,FOV-A,gallbladder,3,-37.361739214324366,61.09118694370224,-8.406130721170484,37.361739214324366,61.09118694370224,8.406130721170484,72.10198133901012,0.2685095712806608,0.7178979744572913,0.013592454262047936
amos_0075,CT,FOV-A,esophagus,14,2.0890158464380413,43.99881478153303,-6.4065204382570755,2.0890158464380413,43.99881478153303,6.4065204382570755,44.51183206195993,0.0022025842490737105,0.9770820077002027,0.0207154080507237
amos_0075,CT,FOV-A,liver,4,-19.898328234127305,52.18449402142092,-10.695727696407175,19.898328234127305,52.18449402142092,10.695727696407175,56.86443065520374,0.12244802668278973,0.8421734839556394,0.035378489361570876
amos_0075,CT,FOV-A,stomach,5,-17.205598318108226,32.360383248633845,-20.35991164683719,17.205598318108226,32.360383248633845,20.35991164683719,41.9255652287428,0.1684153633405593,0.5957574199745418,0.23582721668489898
amos_0075,CT,FOV-A,aorta,51,5.676803437422485,39.88191680348006,-11.559988122050981,5.676803437422485,39.88191680348006,11.559988122050981,41.909744816316845,0.01834753313259267,0.9055699724610884,0.076082494406319
amos_0075,CT,FOV-A,inferior_vena_cava,62,-1.2329220699306624,41.04638312541159,-19.649945665186806,1.2329220699306624,41.04638312541159,19.649945665186806,45.524125792302584,0.0007334795739617311,0.8129550994224587,0.18631142100357953
amos_0075,CT,FOV-A,pancreas,6,-24.31877986105416,33.639778094304475,-11.94921228954081,24.31877986105416,33.639778094304475,11.94921228954081,43.19515480357691,0.3169665941254007,0.6065074991319062,0.07652590674269326
amos_0075,CT,FOV-A,adrenal_gland_right,7,-3.995689838347843,45.46035401647878,-19.662417612181116,3.995689838347843,45.46035401647878,19.662417612181116,49.6912466229583,0.00646582213931236,0.8369621965168711,0.15657198134381647
amos_0075,CT,FOV-A,adrenal_gland_left,8,4.106135880709477,41.208806513574366,-16.783087421179516,4.106135880709477,41.208806513574366,16.783087421179516,44.68442804301083,0.008444116709666227,0.8504869745542437,0.1410689087360901
amos_0075,CT,FOV-A,duodenum,18,-7.002710292472731,45.2527234222665,-18.717503804421767,7.002710292472731,45.2527234222665,18.717503804421767,49.46910022671722,0.020038457914297165,0.8367995154678604,0.1431620266178426
amos_0075,CT,FOV-A,urinary_bladder,20,7.018307815112107,40.58182604585518,-8.973273659672486,7.018307815112107,40.58182604585518,8.973273659672486,42.150455394634655,0.02772428034274701,0.9269549493145788,0.045320770342674226
amos_0075,CT,FOV-A,prostate,21,1.510679258786412,33.77071965435964,-0.18005033214126343,1.510679258786412,33.77071965435964,0.18005033214126343,33.80497117168397,0.001997024501141597,0.9979746076297829,2.836786907542379e-05
amos_0067,CT,FOV-B,spleen,0,-6.608315059359114,51.90422064018972,-45.908296141115216,6.608315059359114,51.90422064018972,45.908296141115216,69.60811448940119,0.009012841647027793,0.5560138487337413,0.4349733096192309
amos_0067,CT,FOV-B,kidney_right,1,20.107518352893862,31.562778683206062,-36.79504555688891,20.107518352893862,31.562778683206062,36.79504555688891,52.48234627044165,0.14678796947011438,0.36167956817445884,0.49153246235542675
amos_0067,CT,FOV-B,kidney_left,2,6.678091851923618,28.467508744585654,-38.81762576824758,6.678091851923618,28.467508744585654,38.81762576824758,48.598395397271176,0.018882561854523302,0.34312713588789984,0.6379903022575766
amos_0067,CT,FOV-B,esophagus,14,9.031636871986077,36.67413213336859,20.541253326945252,9.031636871986077,36.67413213336859,20.541253326945252,42.994249854660055,0.04412779062866366,0.7276104684419471,0.22826174092938933
amos_0067,CT,FOV-B,liver,4,5.033269599192494,46.003568087348214,-49.493405560670226,5.033269599192494,46.003568087348214,49.493405560670226,67.75883170198864,0.005517833201824284,0.46094723705276225,0.5335349297454135
amos_0067,CT,FOV-B,stomach,5,22.52543987158665,34.09221182197124,-63.373066477408656,22.52543987158665,34.09221182197124,63.373066477408656,75.40437588809205,0.08923874657624377,0.20441711604091573,0.7063441373828406
amos_0067,CT,FOV-B,aorta,51,2.143471298781682,33.18056125881253,-23.122085701267906,2.143471298781682,33.18056125881253,23.122085701267906,40.499073592309365,0.0028012067709897266,0.6712391489124383,0.3259596443165717
amos_0067,CT,FOV-B,inferior_vena_cava,62,15.60778641690877,35.22688976084808,-49.54369807811804,15.60778641690877,35.22688976084808,49.54369807811804,62.76236753273814,0.06184206618627054,0.3150285868933028,0.6231293469204267
amos_0067,CT,FOV-B,pancreas,6,27.38513125186158,44.718860466027586,-68.35310983994486,27.38513125186158,44.718860466027586,68.35310983994486,86.15027289482778,0.10104535140042577,0.26944376696878025,0.6295108816307939
amos_0067,CT,FOV-B,adrenal_gland_right,7,15.85344579080125,25.302409635444516,-31.627093695245776,15.85344579080125,25.302409635444516,31.627093695245776,43.495019627648915,0.13285205651065274,0.3384111803178799,0.5287367631714673
amos_0067,CT,FOV-B,adrenal_gland_left,8,8.819315176943721,26.78247021459535,-29.292855865355477,8.819315176943721,26.78247021459535,29.292855865355477,40.658977308024454,0.047049696391557705,0.43389871090563487,0.5190515927028077
amos_0067,CT,FOV-B,duodenum,18,-11.827696281592164,35.62534046558157,-69.60192542428126,11.827696281592164,35.62534046558157,69.60192542428126,79.0789940843041,0.022370621782363626,0.20295313979379467,0.7746762384238419
amos_0067,CT,FOV-B,urinary_bladder,20,19.876969091828066,46.962529957800214,-5.555288519096848,19.876969091828066,46.962529957800214,5.555288519096848,51.29750823232236,0.15014393201585652,0.8381281559727732,0.011727912011370169
amos_0067,CT,FOV-B,prostate,21,24.388453978161213,53.66752894572446,-66.42162335521266,24.388453978161213,53.66752894572446,66.42162335521266,88.8078397424844,0.07541642288043192,0.36519143772345736,0.5593921393961107
amos_0078,CT,FOV-A,spleen,0,5.93484554059647,59.08654278930946,-10.371469858141353,5.93484554059647,59.08654278930946,10.371469858141353,60.28274477329288,0.009692432934079277,0.9607073713528187,0.029600195713102025
amos_0078,CT,FOV-A,kidney_right,1,13.117429883392063,60.56933700423829,-21.744283889979556,13.117429883392063,60.56933700423829,21.744283889979556,65.67743473801883,0.03989010135392946,0.8504979607664906,0.10961193787957955
amos_0078,CT,FOV-A,kidney_left,2,4.612249896819591,50.41626465712142,-5.60909041944268,4.612249896819591,50.41626465712142,5.60909041944268,50.93657317116167,0.00819910054078951,0.979674679708367,0.012126219750843284
amos_0078,CT,FOV-A,gallbladder,3,6.588666597384311,46.37906329640996,-25.397945604592167,6.588666597384311,46.37906329640996,25.397945604592167,53.286805878357086,0.015288176447809432,0.7575382548804463,0.22717356867174443
amos_0078,CT,FOV-A,esophagus,14,8.161453711513095,58.5497856619889,-7.9952670602470945,8.161453711513095,58.5497856619889,7.9952670602470945,59.6540947724017,0.018717787994393074,0.963318940676019,0.017963271329588113
amos_0078,CT,FOV-A,liver,4,-2.41824294651596,57.46052753519316,-20.413035117884007,2.41824294651596,57.46052753519316,20.413035117884007,61.0266509509987,0.001570221013525154,0.8865436905603136,0.11188608842616149
amos_0078,CT,FOV-A,stomach,5,3.558481468192916,50.26683495093068,-12.456024648852733,3.558481468192916,50.26683495093068,12.456024648852733,51.909248081593375,0.004699373253777826,0.937720920909249,0.05757970583697307
amos_0078,CT,FOV-A,aorta,51,8.400573430755744,58.99999731194174,11.74001278153166,8.400573430755744,58.99999731194174,11.74001278153166,60.74040843528448,0.019127686669937555,0.9435144762612502,0.0373578370688125
amos_0078,CT,FOV-A,inferior_vena_cava,62,11.543600194045357,60.386118857523,2.169861825501897,11.543600194045357,60.386118857523,2.169861825501897,61.5178539649802,0.03521114923788486,0.9635447320989616,0.0012441186631533597
amos_0078,CT,FOV-A,pancreas,6,6.129939609843163,56.130719858819475,-10.584338665865857,6.129939609843163,56.130719858819475,10.584338665865857,57.447907677158604,0.011385810739202862,0.9546689383326611,0.03394525092813598
amos_0078,CT,FOV-A,adrenal_gland_right,7,6.566658264452272,59.853095520831445,-28.768344294917483,6.566658264452272,59.853095520831445,28.768344294917483,66.7317891087807,0.009683297931304388,0.8044660034192392,0.18585069864945655
amos_0078,CT,FOV-A,adrenal_gland_left,8,14.464090642304377,57.7097750021479,-12.836438301282072,14.464090642304377,57.7097750021479,12.836438301282072,60.86380038388955,0.05647602689271344,0.899043341822567,0.04448063128471947
amos_0078,CT,FOV-A,duodenum,18,4.912105781000484,63.75082931567894,-22.843541978028185,4.912105781000484,63.75082931567894,22.843541978028185,67.89789710839727,0.00523386810073982,0.8815745211676822,0.11319161073157827
amos_0078,CT,FOV-A,urinary_bladder,20,-5.251465174988121,60.15969390562737,-18.54542046982607,5.251465174988121,60.15969390562737,18.54542046982607,63.1719817459096,0.006910539874096705,0.9069059127150375,0.08618354741086602
amos_0078,CT,FOV-A,prostate,21,-4.488282663576338,68.12401367926475,3.846206752898752,4.488282663576338,68.12401367926475,3.846206752898752,68.37996217772319,0.004308267768351196,0.992527943028835,0.0031637892028141676
amos_0071,CT,FOV-B,spleen,0,8.646128233395665,76.81240299071409,32.199732392469286,8.646128233395665,76.81240299071409,32.199732392469286,83.7360349717063,0.010661506099830844,0.8414686073677572,0.1478698865324119
amos_0071,CT,FOV-B,kidney_right,1,6.068587260085977,47.933242127571724,38.51731286735355,6.068587260085977,47.933242127571724,38.51731286735355,61.79002219384044,0.009645805481869336,0.6017788326503914,0.38857536186773906
amos_0071,CT,FOV-B,kidney_left,2,19.90039211723081,62.54905212090212,38.827859571596036,19.90039211723081,62.54905212090212,38.827859571596036,76.26278388935494,0.06809229285544385,0.6726918345897214,0.25921587255483464
amos_0071,CT,FOV-B,gallbladder,3,20.36441687990458,37.483158495662586,3.3698127256556063,20.36441687990458,37.483158495662586,3.3698127256556063,42.79079671466162,0.2264869652282065,0.7673113343023582,0.00620170046943525
amos_0071,CT,FOV-B,esophagus,14,10.353979314452246,54.59569917856567,19.765662903210455,10.353979314452246,54.59569917856567,19.765662903210455,58.97945986904162,0.030818606949757757,0.8568706794397456,0.11231071361049656
amos_0071,CT,FOV-B,liver,4,16.106122728442756,49.708134293764445,21.44958486466919,16.106122728442756,49.708134293764445,21.44958486466919,56.483541808010116,0.08130891492304619,0.774481562273355,0.14420952280359897
amos_0071,CT,FOV-B,stomach,5,22.536505394419123,65.12799762066562,7.154898957035925,22.536505394419123,65.12799762066562,7.154898957035925,69.28739227706224,0.10579489552140665,0.8835416338491648,0.010663470629428441
amos_0071,CT,FOV-B,aorta,51,8.543684817062115,60.906301559865824,7.1710263612278595,8.543684817062115,60.906301559865824,7.1710263612278595,61.91926791418029,0.01903876666065432,0.9675486938964977,0.013412539442848044
amos_0071,CT,FOV-B,inferior_vena_cava,62,11.056875006827653,53.364914844212805,22.192376353209283,11.056875006827653,53.364914844212805,22.192376353209283,58.84360788946559,0.03530743876012465,0.82245672448971,0.14223583675016546
amos_0071,CT,FOV-B,pancreas,6,17.57942648155567,63.25363738873067,23.492168021322072,17.57942648155567,63.25363738873067,23.492168021322072,69.72761889429091,0.06356231920589224,0.8229270526556738,0.1135106281384338
amos_0071,CT,FOV-B,adrenal_gland_right,7,10.697929977245039,52.26603754515128,29.65263315470679,10.697929977245039,52.26603754515128,29.65263315470679,61.03657132799005,0.03071986074893663,0.7332615172192911,0.23601862203177226
amos_0071,CT,FOV-B,adrenal_gland_left,8,11.796758238582095,63.51979587057846,33.07835297068209,11.796758238582095,63.51979587057846,33.07835297068209,72.58171538089015,0.02641623395346863,0.7658852956120245,0.20769847043450662
amos_0071,CT,FOV-B,duodenum,18,28.2845636764129,53.03267593064181,3.5289691849093288,28.2845636764129,53.03267593064181,3.5289691849093288,60.20743211795011,0.2206981830998377,0.7758662728386501,0.003435544061512172
amos_0071,CT,FOV-B,urinary_bladder,20,17.38613799770485,51.98161913478493,6.844959301462097,17.38613799770485,51.98161913478493,6.844959301462097,55.237849253820045,0.09906784677844113,0.8855765026983761,0.01535565052318286
amos_0071,CT,FOV-B,prostate,21,17.20460912190162,58.137420790409735,13.209322714954624,17.20460912190162,58.137420790409735,13.209322714954624,62.051949830657236,0.07687387176858818,0.8778102672718668,0.04531586095954492
amos_0060,CT,FOV-B,spleen,0,-6.855434896750452,53.032847347168286,-74.25822063725644,6.855434896750452,53.032847347168286,74.25822063725644,91.50826857493861,0.0056124094272095425,0.3358684530083734,0.658519137564417
amos_0060,CT,FOV-B,kidney_right,1,11.172430022278341,52.069831224019,-82.77553359471904,11.172430022278341,52.069831224019,82.77553359471904,98.42702615740754,0.012884470010563611,0.2798617932645976,0.707253736724839
amos_0060,CT,FOV-B,kidney_left,2,-3.439779990762048,45.47021631878749,-59.11562269675551,3.439779990762048,45.47021631878749,59.11562269675551,74.65942341919961,0.0021227168556649098,0.37092386578078407,0.6269534173635508
amos_0060,CT,FOV-B,gallbladder,3,-11.715189174417702,58.970936222403836,-95.1483154337676,11.715189174417702,58.970936222403836,95.1483154337676,112.55229409578,0.010834026883633248,0.27451579798625986,0.7146501751301069
amos_0060,CT,FOV-B,esophagus,14,10.03256905875514,31.129347242439422,-23.110819012388163,10.03256905875514,31.129347242439422,23.110819012388163,40.047455063741864,0.0627587767792464,0.6042131632054167,0.3330280600153369
amos_0060,CT,FOV-B,liver,4,0.105039278282959,53.93296454406341,-70.5645869574434,0.105039278282959,53.93296454406341,70.5645869574434,88.81518243090972,1.398714360488343e-06,0.36875181058118395,0.6312467907044554
amos_0060,CT,FOV-B,stomach,5,-4.389370521896417,41.13401510148475,-75.95479032328035,4.389370521896417,41.13401510148475,75.95479032328035,86.48932850358564,0.002575606039479765,0.2261919557833337,0.7712324381771865
amos_0060,CT,FOV-B,aorta,51,7.0914881218329455,29.313178008725046,9.928983472019013,7.0914881218329455,29.313178008725046,9.928983472019013,31.751162522668775,0.049883336913435695,0.8523275936113758,0.09778906947518863
amos_0060,CT,FOV-B,inferior_vena_cava,62,3.03990126494978,38.80172491738152,-45.05760094562248,3.03990126494978,38.80172491738152,45.05760094562248,59.539921558898186,0.002606768352984088,0.42470321496692837,0.5726900166800876
amos_0060,CT,FOV-B,pancreas,6,-9.37042871942514,41.24996700967378,-66.47071827008,9.37042871942514,41.24996700967378,66.47071827008,78.78909251936686,0.014144471533276342,0.2741037734914068,0.7117517549753167
amos_0060,CT,FOV-B,adrenal_gland_right,7,5.445717670878427,34.01643757220826,-62.925509968742006,5.445717670878427,34.01643757220826,62.925509968742006,71.73836958616434,0.0057624509214508285,0.22484055808848233,0.7693969909900669
amos_0060,CT,FOV-B,adrenal_gland_left,8,5.661896507710431,37.269200143418246,-60.230992068681246,5.661896507710431,37.269200143418246,60.230992068681246,71.0550684819298,0.006349415221549844,0.27511230759926303,0.7185382771791873
amos_0060,CT,FOV-B,duodenum,18,-8.95309649732776,52.27167968804629,-94.33260250791528,8.95309649732776,52.27167968804629,94.33260250791528,108.21795752192202,0.006844596721977349,0.2333104793140076,0.759844923964015
amos_0060,CT,FOV-B,urinary_bladder,20,4.513468525548238,38.468277121674376,-27.906906268575028,4.513468525548238,38.468277121674376,27.906906268575028,47.73861288646836,0.00893884167136673,0.6493306160035106,0.3417305423251227
amos_0060,CT,FOV-B,prostate,21,4.711212012032579,36.41668014739798,7.189901855547561,4.711212012032579,36.41668014739798,7.189901855547561,37.41743978778635,0.015853208092938418,0.9472237232874229,0.03692306861963846
amos_0076,CT,FOV-B,spleen,0,7.794268171933524,40.62861520889135,-22.93507559887496,7.794268171933524,40.62861520889135,22.93507559887496,47.301719660645354,0.027151687631899932,0.7377516344553062,0.2350966779127937
amos_0076,CT,FOV-B,kidney_right,1,-4.364819386294911,44.448507118741674,-38.76589162686173,4.364819386294911,44.448507118741674,38.76589162686173,59.13979867217501,0.005447194361743549,0.5648780178309686,0.4296747878072879
amos_0076,CT,FOV-B,kidney_left,2,-6.160477726782382,44.044260595701274,-36.55017349716044,6.160477726782382,44.044260595701274,36.55017349716044,57.56529822659443,0.01145268367400817,0.5854059459422554,0.40314137038373643
amos_0076,CT,FOV-B,gallbladder,3,-14.382665521515456,48.15473900469496,-41.81738791562,14.382665521515456,48.15473900469496,41.81738791562,65.37915484464082,0.04839496244751221,0.5424996500734391,0.4091053874790487
amos_0076,CT,FOV-B,esophagus,14,-7.555020784328093,49.78814306599884,-23.9820417216564,7.555020784328093,49.78814306599884,23.9820417216564,55.77701905042314,0.018346816897912326,0.7967851978448872,0.18486798525720038
amos_0076,CT,FOV-B,liver,4,-16.425215920280102,45.73281476109578,-30.83719671000739,16.425215920280102,45.73281476109578,30.83719671000739,57.55180939755251,0.0814524609617783,0.6314484477003093,0.2870990913379125
amos_0076,CT,FOV-B,stomach,5,-9.68082217534613,43.91462546665288,-38.53412806078819,9.68082217534613,43.91462546665288,38.53412806078819,59.22070307985456,0.02672251732251681,0.5498842087800385,0.4233932738974445
amos_0076,CT,FOV-B,aorta,51,-2.0666679145416484,48.07274837740367,-22.806945202633017,2.0666679145416484,48.07274837740367,22.806945202633017,53.2486338069069,0.001506345015751904,0.8150438311828138,0.18344982380143415
amos_0076,CT,FOV-B,inferior_vena_cava,62,-2.4293648764400224,46.555937227025254,-45.36377166086419,2.4293648764400224,46.555937227025254,45.36377166086419,65.04789684600587,0.0013948226069910794,0.5122519604735521,0.486353216919457
amos_0076,CT,FOV-B,pancreas,6,-10.873349869378664,48.39353831646501,-31.25543110749524,10.873349869378664,48.39353831646501,31.25543110749524,58.62649795002653,0.034398445759696916,0.6813760260481966,0.2842255281921065
amos_0076,CT,FOV-B,adrenal_gland_right,7,-8.87176630446097,48.484495154041525,-26.835506468546328,8.87176630446097,48.484495154041525,26.835506468546328,56.121287539815384,0.024989923949667217,0.7463636906440064,0.22864638540632612
amos_0076,CT,FOV-B,adrenal_gland_left,8,0.39426162424443945,35.009462397708276,-27.14018668849394,0.39426162424443945,35.009462397708276,27.14018668849394,44.29907034116185,7.920995909856368e-05,0.6245707755660699,0.3753500144748314
amos_0076,CT,FOV-B,duodenum,18,-2.0414302468257084,50.491777276979974,-45.967468615865215,2.0414302468257084,50.491777276979974,45.967468615865215,68.31248188282548,0.000893035991129094,0.5463125627379916,0.45279440127087933
amos_0076,CT,FOV-B,urinary_bladder,20,7.115894412302965,64.71358238757891,-35.60295760672238,7.115894412302965,64.71358238757891,35.60295760672238,74.20279165278811,0.009196413734530045,0.760589621092082,0.23021396517338769
amos_0076,CT,FOV-B,prostate,21,8.868546121379483,72.1728805144001,-83.36325245233068,8.868546121379483,72.1728805144001,83.36325245233068,110.62100908726121,0.006427315610732448,0.42566980671244503,0.5679028776768225
amos_0072,CT,FOV-B,spleen,0,-8.336301400765791,26.615557573772634,-17.028088412904822,8.336301400765791,26.615557573772634,17.028088412904822,32.6777848240195,0.06507910910556837,0.6633854164982099,0.27153547439622167
amos_0072,CT,FOV-B,kidney_right,1,5.266823467957451,28.248676437494424,-30.31531641487652,5.266823467957451,28.248676437494424,30.31531641487652,41.770151534881485,0.01589883940131636,0.4573662424535225,0.526734918145161
amos_0072,CT,FOV-B,kidney_left,2,-7.2399043228360895,33.83676531159574,-25.344682704011234,7.2399043228360895,33.83676531159574,25.344682704011234,42.891675680985415,0.028491782927683448,0.6223456400583393,0.34916257701397746
amos_0072,CT,FOV-B,gallbladder,3,26.403838690475453,29.012161243230025,-30.5148537056578,26.403838690475453,29.012161243230025,30.5148537056578,49.69934098429802,0.28224930530403325,0.3407680781929808,0.37698261650298576
amos_0072,CT,FOV-B,esophagus,14,13.014587734535139,13.40579767730172,-12.804437496330934,13.014587734535139,13.40579767730172,12.804437496330934,22.650574492981544,0.3301432236754549,0.35028930531093716,0.31956747101360833
amos_0072,CT,FOV-B,liver,4,14.398993583048203,18.198216323005738,-16.27021790226388,14.398993583048203,18.198216323005738,16.27021790226388,28.341243517720315,0.2581228626670452,0.41230617864871816,0.3295709586842368
amos_0072,CT,FOV-B,stomach,5,5.453118488606094,31.3327192159354,-23.533939350121386,5.453118488606094,31.3327192159354,23.533939350121386,39.56415165336693,0.018997049441647977,0.6271803713380287,0.35382257922032323
amos_0072,CT,FOV-B,aorta,51,6.073372405953947,27.017441648593888,-14.447183595683498,6.073372405953947,27.017441648593888,14.447183595683498,31.233781702892863,0.0378103487005047,0.7482372119163584,0.2139524393831367
amos_0072,CT,FOV-B,inferior_vena_cava,62,7.700851542668012,24.145978447933842,-19.716354399952138,7.700851542668012,24.145978447933842,19.716354399952138,32.11021676218972,0.05751631156713159,0.5654616325315234,0.377022055901345
amos_0072,CT,FOV-B,pancreas,6,-4.005068671007194,34.02464051242218,-28.93799316690604,4.005068671007194,34.02464051242218,28.93799316690604,44.84555926272907,0.007975924696466173,0.5756363382710222,0.4163877370325115
amos_0072,CT,FOV-B,adrenal_gland_right,7,1.2154638671683387,19.90905776302222,-20.903428272950805,1.2154638671683387,19.90905776302222,20.903428272950805,28.8929272830938,0.001769705564917933,0.47480832406798407,0.523421970367098
amos_0072,CT,FOV-B,adrenal_gland_left,8,-2.317396462655932,32.1725440346883,-22.794680076070335,2.317396462655932,32.1725440346883,22.794680076070335,39.497346186794445,0.0034424278482065632,0.66349090638332,0.3330666657684736
amos_0072,CT,FOV-B,duodenum,18,6.669296626622394,38.33495945818261,-36.58822442287055,6.669296626622394,38.33495945818261,36.58822442287055,53.41111120893032,0.015591821007369831,0.5151417982014636,0.4692663807911666
amos_0072,CT,FOV-B,urinary_bladder,20,9.646331684357708,30.081774413803572,3.262312298764897,9.646331684357708,30.081774413803572,3.262312298764897,31.758582279161697,0.0922576031816241,0.8971905408940943,0.010551855924281569
amos_0072,CT,FOV-B,prostate,21,8.53977818934192,28.321959239485068,-10.659478133598512,8.53977818934192,28.321959239485068,10.659478133598512,31.44337228680916,0.07376238416019221,0.8113128439031626,0.11492477193664515
amos_0084,CT,FOV-A,spleen,0,5.275894872546246,44.40239869498537,-18.475440825851365,5.275894872546246,44.40239869498537,18.475440825851365,48.38129793922579,0.011891516318144248,0.8422826094422489,0.145825874239607
amos_0084,CT,FOV-A,kidney_right,1,-18.619916049388713,59.28108173158639,-23.78570150345604,18.619916049388713,59.28108173158639,23.78570150345604,66.53350675385163,0.07832034803390814,0.7938736938511538,0.12780595811493803
amos_0084,CT,FOV-A,kidney_left,2,0.25642448146591335,57.094463894920445,-23.685369136549298,0.25642448146591335,57.094463894920445,23.685369136549298,61.81294582931371,1.7209176519426535e-05,0.8531573097293413,0.14682548109413912
amos_0084,CT,FOV-A,gallbladder,3,2.869412479646833,34.83477802883455,-8.636580315189121,2.869412479646833,34.83477802883455,8.636580315189121,36.00396933446699,0.006351630117813326,0.9361066463751145,0.05754172350707226
amos_0084,CT,FOV-A,esophagus,14,-5.98350356939871,46.28541733213092,-16.447392108088707,5.98350356939871,46.28541733213092,16.447392108088707,49.48392546809267,0.014621193364805976,0.874903350296068,0.1104754563391262
amos_0084,CT,FOV-A,liver,4,-5.42281275194339,41.08568875030365,-10.688723007926,5.42281275194339,41.08568875030365,10.688723007926,42.798241993914125,0.01605452117149597,0.9215720261053143,0.06237345272318982
amos_0084,CT,FOV-A,stomach,5,-5.583814090984973,46.773829443681365,-4.667373449971592,5.583814090984973,46.773829443681365,4.667373449971592,47.33660819651928,0.01391450073753331,0.9763636064093261,0.00972189285314052
amos_0084,CT,FOV-A,aorta,51,-10.803227850272284,52.4252179510198,-24.532083420526305,10.803227850272284,52.4252179510198,24.532083420526305,58.88069570027591,0.03366365026800323,0.792747030420718,0.1735893193112787
amos_0084,CT,FOV-A,inferior_vena_cava,62,-12.225261574058326,48.607988096683954,-14.898152244811627,12.225261574058326,48.607988096683954,14.898152244811627,52.289085550151874,0.05466309614175848,0.864158086052988,0.08117881780525361
amos_0084,CT,FOV-A,pancreas,6,3.102597211350089,50.25181099524896,-5.6773805373350115,3.102597211350089,50.25181099524896,5.6773805373350115,50.666589262785514,0.0037497943996474058,0.9836941662023732,0.0125560393979793
amos_0084,CT,FOV-A,adrenal_gland_right,7,-16.04417844877826,46.65173973032324,-15.315337640776079,16.04417844877826,46.65173973032324,15.315337640776079,51.6561714513671,0.09646961330853873,0.8156263697137933,0.08790401697766796
amos_0084,CT,FOV-A,adrenal_gland_left,8,0.8013951648711242,49.357949694093776,-23.63354785360889,0.8013951648711242,49.357949694093776,23.63354785360889,54.73019291363582,0.00021440725552975687,0.8133177754564938,0.18646781728797637
amos_0084,CT,FOV-A,duodenum,18,-5.23711687082784,47.26837942317913,-14.095632359019419,5.23711687082784,47.26837942317913,14.095632359019419,49.60255979294787,0.011147471039308111,0.9080991042905753,0.08075342467011666
amos_0084,CT,FOV-A,urinary_bladder,20,-4.8553398648550425,53.88601946122396,-31.70349669730126,4.8553398648550425,53.88601946122396,31.70349669730126,62.70876431101517,0.005994911611079598,0.7384068574401323,0.255598230948788
amos_0084,CT,FOV-A,prostate,21,-1.7054248493658433,55.31253454436248,-16.434386480663534,1.7054248493658433,55.31253454436248,16.434386480663534,57.727584486395614,0.0008727671716429151,0.9180796213139204,0.08104761151443661
amos_0083,CT,FOV-A,spleen,0,-5.548613219917769,41.06119600836189,-8.7733912803713,5.548613219917769,41.06119600836189,8.7733912803713,42.35305562600951,0.017163245210675023,0.9399260645823393,0.04291069020698585
amos_0083,CT,FOV-A,kidney_right,1,-6.947189795875332,40.94696558247288,1.220323218553517,6.947189795875332,40.94696558247288,1.220323218553517,41.55004964172574,0.02795601300098578,0.9711813925580653,0.0008625944409490015
amos_0083,CT,FOV-A,kidney_left,2,-10.500267849811628,44.731638870261605,-12.404556906932953,10.500267849811628,44.731638870261605,12.404556906932953,47.592522238211174,0.04867694481394562,0.8833893865374524,0.06793366864860192
amos_0083,CT,FOV-A,gallbladder,3,18.32051510359561,13.215250413720753,-0.8837500953497965,18.32051510359561,13.215250413720753,0.8837500953497965,22.606749686530616,0.6567485297784927,0.3417232614217652,0.0015282087997422198
amos_0083,CT,FOV-A,esophagus,14,-1.0317461627507765,50.16290560949905,-3.4585907106564378,1.0317461627507765,50.16290560949905,3.4585907106564378,50.292578468753234,0.0004208602610913859,0.994849908638087,0.004729231100821597
amos_0083,CT,FOV-A,liver,4,14.132970305970524,28.284228759258106,-4.536226580623975,14.132970305970524,28.284228759258106,4.536226580623975,31.942382468536177,0.19576375285645128,0.7840686170472502,0.020167630096298593
amos_0083,CT,FOV-A,stomach,5,-7.639624027186635,40.78853593422422,21.88575653289712,7.639624027186635,40.78853593422422,21.88575653289712,46.9154010741837,0.026516311061454207,0.7558669688068934,0.21761672013165229
amos_0083,CT,FOV-A,aorta,51,0.24285838436964013,52.626035065364626,1.6375052162841826,0.24285838436964013,52.626035065364626,1.6375052162841826,52.65206520383796,2.1275284784872173e-05,0.9990114840137775,0.0009672407014376221
amos_0083,CT,FOV-A,inferior_vena_cava,62,0.6175404545268357,38.52680217497986,4.639388948950227,0.6175404545268357,38.52680217497986,4.639388948950227,38.810047305596676,0.00025318762912374365,0.9854567796533903,0.014290032717485931
amos_0083,CT,FOV-A,pancreas,6,7.355621927454061,39.517101021588175,9.132384126185798,7.355621927454061,39.517101021588175,9.132384126185798,41.22022424633639,0.03184330212313825,0.9190718283666938,0.049084869510167904
amos_0083,CT,FOV-A,adrenal_gland_right,7,-8.177920663381009,36.61156347236498,14.231442521258089,8.177920663381009,36.61156347236498,14.231442521258089,40.12254880367692,0.04154404289927915,0.832644318658236,0.1258116384424848
amos_0083,CT,FOV-A,adrenal_gland_left,8,-0.053064228536545244,43.93214662967726,-11.993139423695652,0.053064228536545244,43.93214662967726,11.993139423695652,45.53978169183529,1.3577562815102745e-06,0.9306426680583078,0.06935597418541077
amos_0083,CT,FOV-A,duodenum,18,0.11022420399303812,30.606222302581823,6.923636939791379,0.11022420399303812,30.606222302581823,6.923636939791379,31.379766434507548,1.2338277361949393e-05,0.9513055779611199,0.048682083761518134
amos_0083,CT,FOV-A,urinary_bladder,20,-9.211766002633064,65.33309069279024,-12.857286012171926,9.211766002633064,65.33309069279024,12.857286012171926,67.22037768384236,0.01877949452313577,0.9446360400594296,0.03658446541743487
amos_0083,CT,FOV-A,prostate,21,-11.615861999530944,66.35903867153802,-58.86352876481624,11.615861999530944,66.35903867153802,58.86352876481624,89.4615296205535,0.016858939363267465,0.5502088007012976,0.432932259935435
amos_0088,CT,FOV-B,spleen,0,7.842157518703729,20.246423692718768,-13.427193749231265,7.842157518703729,20.246423692718768,13.427193749231265,25.528545569080908,0.09436674552609542,0.6289910949107147,0.2766421595631898
amos_0088,CT,FOV-B,kidney_right,1,-9.458658588594758,46.66215986770635,-36.53653276460045,9.458658588594758,46.66215986770635,36.53653276460045,60.0145116807069,0.024839711430359717,0.6045289745659641,0.3706313140036761
amos_0088,CT,FOV-B,kidney_left,2,10.127413655753564,41.62057405010263,-26.05838382771458,10.127413655753564,41.62057405010263,26.05838382771458,50.13856858075744,0.040799349265527744,0.6890841646042055,0.2701164861302667
amos_0088,CT,FOV-B,gallbladder,3,13.997557667970128,43.50783715329686,-29.792077618192707,13.997557667970128,43.50783715329686,29.792077618192707,54.556680647143175,0.06582769569466254,0.6359736332914734,0.2981986710138641
amos_0088,CT,FOV-B,esophagus,14,5.6197578097122,26.949059074565163,-7.430198277727413,5.6197578097122,26.949059074565163,7.430198277727413,28.513879239601327,0.03884387850769647,0.893253241508855,0.06790287998344872
amos_0088,CT,FOV-B,liver,4,2.6801030602986344,33.20214646815411,-8.98605556638745,2.6801030602986344,33.20214646815411,8.98605556638745,34.50093733724902,0.006034498735265341,0.926126974031226,0.06783852723350871
amos_0088,CT,FOV-B,stomach,5,4.007960282103255,42.77399558323103,11.623249810751531,4.007960282103255,42.77399558323103,11.623249810751531,44.50593645728983,0.008109814699916706,0.9236847073267193,0.0682054779733642
amos_0088,CT,FOV-B,aorta,51,-0.2357960205531735,36.153627574285444,-14.427935624755719,0.2357960205531735,36.153627574285444,14.427935624755719,38.9269278640832,3.6692109608035186e-05,0.862588173212898,0.13737513467749385
amos_0088,CT,FOV-B,inferior_vena_cava,62,-0.3516992216451946,31.294166006490233,-1.2859739948876268,0.3516992216451946,31.294166006490233,1.2859739948876268,31.32255173991739,0.00012607487427640482,0.9981883422828124,0.0016855828429111572
amos_0088,CT,FOV-B,pancreas,6,15.769986075532353,39.080496219923376,8.662682158256757,15.769986075532353,39.080496219923376,8.662682158256757,43.02347856453392,0.13435430199660944,0.8251047670456876,0.04054093095770301
amos_0088,CT,FOV-B,adrenal_gland_right,7,-8.732783283974307,40.61733612829292,-17.32469865651933,8.732783283974307,40.61733612829292,17.32469865651933,45.01305012530025,0.03763816840574063,0.8142279188238473,0.14813391277041196
amos_0088,CT,FOV-B,adrenal_gland_left,8,7.873528602525024,40.07863601488674,-23.58046299182456,7.873528602525024,40.07863601488674,23.58046299182456,47.16277931141637,0.027870197001553413,0.722149450815854,0.2499803521825924
amos_0088,CT,FOV-B,duodenum,18,29.130404276236018,34.45061753099946,-25.890959461155717,29.130404276236018,34.45061753099946,25.890959461155717,52.016990333768504,0.31361915657279343,0.4386353015486031,0.24774554187860343
amos_0088,CT,FOV-B,urinary_bladder,20,1.198105551166642,54.91400954345977,-28.969104457470394,1.198105551166642,54.91400954345977,28.969104457470394,62.098252101961435,0.0003722471732367578,0.782001448397019,0.21762630442974415
amos_0088,CT,FOV-B,prostate,21,0.8243440574776741,48.358659257125055,-34.668515858249975,0.8243440574776741,48.358659257125055,34.668515858249975,59.507524398898966,0.00019189924072826335,0.6603964597066357,0.33941164105263594
amos_0079,CT,FOV-B,spleen,0,4.078295008482172,62.85760612477381,-69.3309009395087,4.078295008482172,62.85760612477381,69.3309009395087,93.67222087149092,0.0018955517328197587,0.4502918022424312,0.5478126460247491
amos_0079,CT,FOV-B,kidney_right,1,3.090659475679473,86.12251861486519,-78.24791037748975,3.090659475679473,86.12251861486519,78.24791037748975,116.40178635659366,0.0007049901108631658,0.5474117985485268,0.45188321134061005
amos_0079,CT,FOV-B,kidney_left,2,-11.139734221916704,86.23288898014496,-76.06177683615715,11.139734221916704,86.23288898014496,76.06177683615715,115.52315229368666,0.00929847219123803,0.5571957691953625,0.4335057586133993
amos_0079,CT,FOV-B,esophagus,14,-6.543870656776322,37.825410721643394,-39.34472521853439,6.543870656776322,37.825410721643394,39.34472521853439,54.96900346518581,0.014172082961060883,0.47351264096984386,0.5123152760690953
amos_0079,CT,FOV-B,liver,4,5.810560631835543,60.509954116678784,-28.60572175518007,5.810560631835543,60.509954116678784,28.60572175518007,67.18262036563914,0.007480354791244008,0.8112220922968373,0.18129755291191876
amos_0079,CT,FOV-B,stomach,5,-7.315625630353285,51.564683632759824,-7.591807384107483,7.315625630353285,51.564683632759824,7.591807384107483,52.631459374289435,0.01932022237589934,0.9598732533759845,0.02080652424811636
amos_0079,CT,FOV-B,aorta,51,-8.086600737092436,60.45999677441567,-17.8475812043215,8.086600737092436,60.45999677441567,17.8475812043215,63.55580599983252,0.016189056571243053,0.9049524870261055,0.07885845640265148
amos_0079,CT,FOV-B,inferior_vena_cava,62,-9.273387556555981,57.17372940187532,-34.3705102132036,9.273387556555981,57.17372940187532,34.3705102132036,67.35104321990033,0.018957810012929618,0.7206168114510872,0.26042537853598324
amos_0079,CT,FOV-B,pancreas,6,-15.146080213860378,84.43340522408432,-40.09519036368721,15.146080213860378,84.43340522408432,40.09519036368721,94.689112118973,0.025585883406200393,0.7951123902808979,0.1793017263129015
amos_0079,CT,FOV-B,adrenal_gland_right,7,-2.416027129835385,56.5702025577889,-47.50165143332367,2.416027129835385,56.5702025577889,47.50165143332367,73.90826674611134,0.0010686059260781038,0.585854044475593,0.41307734959832915
amos_0079,CT,FOV-B,adrenal_gland_left,8,-7.882379565833489,69.10574802577561,-66.80997347233728,7.882379565833489,69.10574802577561,66.80997347233728,96.44329356257111,0.006679910157474271,0.5134335904018761,0.47988649944064954
amos_0079,CT,FOV-B,duodenum,18,-12.61909892936903,81.65200592155935,-36.83755181106636,12.61909892936903,81.65200592155935,36.83755181106636,90.46157721506167,0.01945935222913798,0.814714424996175,0.16582622277468714
amos_0079,CT,FOV-B,urinary_bladder,20,-2.0532462752236356,15.348063933649726,-7.949396126966462,2.0532462752236356,15.348063933649726,7.949396126966462,17.406084728092893,0.013914893952603024,0.7775082622785842,0.20857684376881283
amos_0079,CT,FOV-B,prostate,21,0.5571345090599475,10.01590863403365,-28.79646125839733,0.5571345090599475,10.01590863403365,28.79646125839733,30.493687963788073,0.0003338106706943002,0.10788493507940143,0.8917812542499043
amos_0086,CT,FOV-A,spleen,0,8.450589897777306,56.18450864516969,-20.52656939903386,8.450589897777306,56.18450864516969,20.52656939903386,60.41069054904866,0.019568000556315454,0.8649790204061237,0.11545297903756081
amos_0086,CT,FOV-A,kidney_right,1,-6.370888180368489,29.67845426797994,-3.399106411222647,6.370888180368489,29.67845426797994,3.399106411222647,30.544275868616538,0.04350511270678323,0.9441106331924326,0.012384254100784314
amos_0086,CT,FOV-A,kidney_left,2,-2.144867848436455,38.35597064850206,-16.31489185214741,2.144867848436455,38.35597064850206,16.31489185214741,41.73675404991713,0.00264097164375591,0.8445563177459308,0.15280271061031317
amos_0086,CT,FOV-A,gallbladder,3,6.5125896794581095,34.87751477167938,-28.641857017031498,6.5125896794581095,34.87751477167938,28.641857017031498,45.598364382571596,0.02039900121332422,0.585049393040397,0.39455160574627895
amos_0086,CT,FOV-A,esophagus,14,-2.0869652739207702,48.25387438149726,-20.546368740712296,2.0869652739207702,48.25387438149726,20.546368740712296,52.48757076974689,0.0015809476848655172,0.8451843215466478,0.15323473076848682
amos_0086,CT,FOV-A,liver,4,-13.54627451585884,36.06755382798394,-15.12166090784558,13.54627451585884,36.06755382798394,15.12166090784558,41.388822416268276,0.1071207499304996,0.7593941320176185,0.1334851180518818
amos_0086,CT,FOV-A,stomach,5,5.6227286046480955,41.411834404121315,-34.484328444091716,5.6227286046480955,41.411834404121315,34.484328444091716,54.18232196866324,0.01076909028630296,0.5841625509023415,0.4050683588113554
amos_0086,CT,FOV-A,aorta,51,-2.2177398807703095,42.12030959385502,-8.273682603247607,2.2177398807703095,42.12030959385502,8.273682603247607,42.98246938322921,0.0026621865662743434,0.9602855291284842,0.03705228430524143
amos_0086,CT,FOV-A,inferior_vena_cava,62,-4.288625351599322,38.866921965851624,-12.994540762866563,4.288625351599322,38.866921965851624,12.994540762866563,41.20543677894678,0.010832461969325228,0.8897156968995376,0.09945184113113745
amos_0086,CT,FOV-A,pancreas,6,4.1889103816124855,33.39036573403176,-28.95338735486075,4.1889103816124855,33.39036573403176,28.95338735486075,44.39326675700036,0.008903646913126291,0.5657286107646976,0.42536774232217633
amos_0086,CT,FOV-A,adrenal_gland_right,7,-10.927268187784499,37.700089569803744,-14.410107082790773,10.927268187784499,37.700089569803744,14.410107082790773,41.8133128292472,0.06829580821833055,0.8129346007858171,0.1187695909958525
amos_0086,CT,FOV-A,adrenal_gland_left,8,-2.5339853792685254,51.80992085393423,-29.46785656659631,2.5339853792685254,51.80992085393423,29.46785656659631,59.65771996500343,0.0018041594067540283,0.7542104669716283,0.24398537362161768
amos_0086,CT,FOV-A,duodenum,18,12.582183291736754,32.93990525378371,-35.515595381191815,12.582183291736754,32.93990525378371,35.515595381191815,50.04703997036828,0.06320555112121362,0.43319945224904277,0.5035949966297436
amos_0086,CT,FOV-A,urinary_bladder,20,-11.21269450033179,48.2144706687134,-15.474634893091661,11.21269450033179,48.2144706687134,15.474634893091661,51.863513426073304,0.046740796719074995,0.8642331841592075,0.08902601912171762
amos_0086,CT,FOV-A,prostate,21,4.992995316408908,41.419955757374154,-54.79328887847214,4.992995316408908,41.419955757374154,54.79328887847214,68.8683326594467,0.0052563367426475055,0.3617263316606319,0.6330173315967207
amos_0077,CT,FOV-A,spleen,0,3.1802042912243422,0.05119014809210398,-35.56802290710806,3.1802042912243422,0.05119014809210398,35.56802290710806,35.70995062004072,0.00793106554827077,2.054916941371505e-06,0.9920668795347881
amos_0077,CT,FOV-A,kidney_right,1,14.293639139740549,21.422023705203657,-44.245001153907026,14.293639139740549,21.422023705203657,44.245001153907026,51.19405577401213,0.07795546253777197,0.17509829475403904,0.746946242708189
amos_0077,CT,FOV-A,kidney_left,2,-0.11830971439164983,23.081904881784652,-35.81254809775578,0.11830971439164983,23.081904881784652,35.81254809775578,42.60665360497518,7.710560713451414e-06,0.2934867123668257,0.706505577072461
amos_0077,CT,FOV-A,gallbladder,3,38.6894703272261,33.68478471032573,-34.14407903048692,38.6894703272261,33.68478471032573,34.14407903048692,61.622706594423775,0.39418857184560885,0.2988037289441786,0.3070076992102125
amos_0077,CT,FOV-A,esophagus,14,6.002193026746565,22.978267194883074,-31.103518813935466,6.002193026746565,22.978267194883074,31.103518813935466,39.13382126778066,0.023524229168965387,0.34477045024502895,0.6317053205860058
amos_0077,CT,FOV-A,liver,4,25.395795164864843,20.184402245809608,-32.42226035877633,25.395795164864843,20.184402245809608,32.42226035877633,45.864577539193526,0.3065976600045299,0.1936765274665225,0.49972581252894754
amos_0077,CT,FOV-A,stomach,5,7.366163763184296,35.743245946157515,-26.16553419659067,7.366163763184296,35.743245946157515,26.16553419659067,44.905179869882616,0.02690852292514484,0.6335707198281763,0.33952075724667885
amos_0077,CT,FOV-A,aorta,51,6.444456362736973,23.819854749235077,-11.387335539117487,6.444456362736973,23.819854749235077,11.387335539117487,27.17697387065613,0.05623029746126077,0.7682030446753033,0.17556665786343584
amos_0077,CT,FOV-A,inferior_vena_cava,62,11.651376236044918,24.212079389448775,-36.30258815398241,11.651376236044918,24.212079389448775,36.30258815398241,45.164779012328914,0.06655101346588617,0.28738520038995063,0.6460637861441634
amos_0077,CT,FOV-A,pancreas,6,15.735923312644813,33.80188445223051,-39.77578792786909,15.735923312644813,33.80188445223051,39.77578792786909,54.51880391485306,0.08330898097167486,0.3844051408311213,0.532285878197204
amos_0077,CT,FOV-A,adrenal_gland_right,7,10.4302261659222,27.296994316292313,-26.62855664606502,10.4302261659222,27.296994316292313,26.62855664606502,39.5347384666786,0.06960328081327331,0.47672938082749705,0.45366733835922973
amos_0077,CT,FOV-A,adrenal_gland_left,8,0.06535512728075688,38.633049126177724,-37.05108421079569,0.06535512728075688,38.633049126177724,37.05108421079569,53.52849332153668,1.4906967026931053e-06,0.5208922955930052,0.4791062137102923
amos_0077,CT,FOV-A,duodenum,18,7.488243649485835,32.46299988850558,-48.573535484516526,7.488243649485835,32.46299988850558,48.573535484516526,58.90083619254284,0.016162815410186788,0.30376265486080384,0.6800745297290093
amos_0077,CT,FOV-A,urinary_bladder,20,18.57184191201493,13.91172208584446,-29.997095743815095,18.57184191201493,13.91172208584446,29.997095743815095,37.924597248517436,0.2398103934702547,0.13456119386412196,0.6256284126656235
amos_0077,CT,FOV-A,prostate,21,14.635429618651639,7.271939292119981,-13.762012254537069,14.635429618651639,7.271939292119981,13.762012254537069,21.36515580296134,0.4692441020566833,0.11584795207170734,0.41490794587160923
amos_0081,CT,FOV-B,spleen,0,-16.724096481856307,47.402901202314354,-37.04491673232144,16.724096481856307,47.402901202314354,37.04491673232144,62.44242388981583,0.07173412783134604,0.5763022815762848,0.3519635905923693
amos_0081,CT,FOV-B,kidney_right,1,-8.798050975208554,36.98401091529101,-39.44397360655921,8.798050975208554,36.98401091529101,39.44397360655921,54.78183839759006,0.025792874377636273,0.4557795259106366,0.5184275997117271
amos_0081,CT,FOV-B,kidney_left,2,-15.631343529913629,40.09639929058582,-44.55824691742259,15.631343529913629,40.09639929058582,44.55824691742259,61.947538328607244,0.06367141613341878,0.41895043162532913,0.5173781522412523
amos_0081,CT,FOV-B,gallbladder,3,-14.635502856439032,37.879259511923905,-31.17670391462167,14.635502856439032,37.879259511923905,31.17670391462167,51.19592866637443,0.08172302749988632,0.5474344329874933,0.37084253951262025
amos_0081,CT,FOV-B,esophagus,14,-6.816208508267426,36.1880355550537,-23.128436140040264,6.816208508267426,36.1880355550537,23.128436140040264,43.485160388872075,0.024569910903348133,0.6925447864280665,0.2828853026685853
amos_0081,CT,FOV-B,liver,4,-9.011236040764032,31.771458709555745,-30.67333556509567,9.011236040764032,31.771458709555745,30.67333556509567,45.07195889024941,0.039971998688435505,0.49689135705300985,0.46313664425855455
amos_0081,CT,FOV-B,stomach,5,-2.4907109874588684,44.728649816600594,-40.65535184954513,2.4907109874588684,44.728649816600594,40.65535184954513,60.49556504116186,0.001695116683342944,0.5466690697895668,0.4516358135270903
amos_0081,CT,FOV-B,aorta,51,-1.7086987618637386,26.81352916263637,0.21484679001650875,1.7086987618637386,26.81352916263637,0.21484679001650875,26.868776614455786,0.004044224205404798,0.9958918373667434,6.393842785192493e-05
amos_0081,CT,FOV-B,inferior_vena_cava,62,-7.734564425141354,30.119941758050302,-14.57775003491156,7.734564425141354,30.119941758050302,14.57775003491156,34.34450719453357,0.05071741900457426,0.7691192428832677,0.1801633381121583
amos_0081,CT,FOV-B,pancreas,6,-5.317940686611354,39.96258461291126,-34.716276004515464,5.317940686611354,39.96258461291126,34.716276004515464,53.20252326452294,0.009991311924707699,0.5642124654500597,0.42579622262523253
amos_0081,CT,FOV-B,adrenal_gland_right,7,-11.336302690366665,26.497700190966185,-17.98411254355733,11.336302690366665,26.497700190966185,17.98411254355733,33.971578975332896,0.11135543040595729,0.6083939655801798,0.28025060401386304
amos_0081,CT,FOV-B,adrenal_gland_left,8,-7.798419959573259,27.18226368379142,-22.17343749442182,7.798419959573259,27.18226368379142,22.17343749442182,35.93538845149816,0.04709432217075147,0.5721719384513227,0.380733739377926
amos_0081,CT,FOV-B,duodenum,18,-15.37473210018262,39.31322291871719,-31.520446621025144,15.37473210018262,39.31322291871719,31.520446621025144,52.68254396475204,0.08516901756379051,0.5568571770416647,0.35797380539454465
amos_0081,CT,FOV-B,urinary_bladder,20,11.649752760754954,33.30843560597698,5.3125680946577205,11.649752760754954,33.30843560597698,5.3125680946577205,35.684618558485504,0.10657891616195607,0.8712571471056938,0.02216393673235021
amos_0081,CT,FOV-B,prostate,21,8.333616100387994,33.69696754879692,7.494060545241581,8.333616100387994,33.69696754879692,7.494060545241581,35.51190959029189,0.055070488350601667,0.9003960615372044,0.04453345011219385
amos_0094,CT,FOV-A,spleen,0,-0.9128116262713064,49.958707024954236,-54.92829616996687,0.9128116262713064,49.958707024954236,54.92829616996687,74.25512341115504,0.0001511156618087986,0.452657302910351,0.5471915814278402
amos_0094,CT,FOV-A,kidney_right,1,-3.3886943334313813,36.0884295325925,-45.35531803886897,3.3886943334313813,36.0884295325925,45.35531803886897,58.05999371186047,0.0034065190655863786,0.38635096155714826,0.6102425193772654
amos_0094,CT,FOV-A,kidney_left,2,-6.255270272840541,42.89850652881233,-46.00225079873667,6.255270272840541,42.89850652881233,46.00225079873667,63.21089579446493,0.009792831191481027,0.4605751007964753,0.5296320680120439
amos_0094,CT,FOV-A,gallbladder,3,-40.724435178419,27.04555240513777,-75.55350357488715,40.724435178419,27.04555240513777,75.55350357488715,89.99040742179574,0.20479422377603831,0.09032319190104796,0.7048825843229136
amos_0094,CT,FOV-A,esophagus,14,-1.4169747406328232,42.66713934034249,-27.947335113382223,1.4169747406328232,42.66713934034249,27.947335113382223,51.02495602000535,0.0007711856483656247,0.6992327709219488,0.29999604342968567
amos_0094,CT,FOV-A,liver,4,-27.756633186202443,51.930050307472726,-41.358479875014154,27.756633186202443,51.930050307472726,41.358479875014154,71.95613016513599,0.14879830178613473,0.5208370724902024,0.330364625723663
amos_0094,CT,FOV-A,stomach,5,-0.10821334624668566,39.534498133003034,-81.0085152428378,0.10821334624668566,39.534498133003034,81.0085152428378,90.14082202091242,1.4411813227309025e-06,0.19235763624952876,0.8076409225691485
amos_0094,CT,FOV-A,aorta,51,-3.0021949482394596,37.34239046829288,-9.092350878471052,3.0021949482394596,37.34239046829288,9.092350878471052,38.55046231747317,0.006064829530296519,0.9383072029207636,0.055627967548939596
amos_0094,CT,FOV-A,inferior_vena_cava,62,-4.002763447264719,37.423320754765136,-52.48004398932949,4.002763447264719,37.423320754765136,52.48004398932949,64.58081811692038,0.0038416055098493326,0.33579757777295866,0.660360816717192
amos_0094,CT,FOV-A,pancreas,6,-5.23440475163852,40.01794977799227,-65.17676966819977,5.23440475163852,40.01794977799227,65.17676966819977,76.66059354009369,0.0046621930024559515,0.272499252219866,0.7228385547776779
amos_0094,CT,FOV-A,adrenal_gland_right,7,-9.330586316228722,34.672964458562895,-46.27420307897137,9.330586316228722,34.672964458562895,46.27420307897137,58.57112066490826,0.025377614878543665,0.3504409762929152,0.6241814088285413
amos_0094,CT,FOV-A,adrenal_gland_left,8,-8.120310741870554,41.185213844574506,-39.671460793925235,8.120310741870554,41.185213844574506,39.671460793925235,57.75799587495931,0.019766103579321372,0.5084619044975236,0.47177199192315494
amos_0094,CT,FOV-A,duodenum,18,1.3751281905450732,35.50544392865972,-68.31764521364585,1.3751281905450732,35.50544392865972,68.31764521364585,77.00537756318853,0.0003188924678854663,0.21259242454497684,0.7870886829871374
amos_0094,CT,FOV-A,urinary_bladder,20,-8.539385245048534,29.050199825849962,-28.335879743065107,8.539385245048534,29.050199825849962,28.335879743065107,41.46995648778297,0.042401971918240425,0.49071698331495667,0.46688104476680303
amos_0094,CT,FOV-A,prostate,21,7.804349071231667,25.524104270985397,-66.24207984735745,7.804349071231667,25.524104270985397,66.24207984735745,71.4170911320634,0.011941779783778342,0.12773111582262245,0.8603271043935993
amos_0089,CT,FOV-A,spleen,0,7.463289643681698,68.4682398108591,-26.316506931068943,7.463289643681698,68.4682398108591,26.316506931068943,73.73031325144223,0.010246332265341681,0.8623551635127457,0.12739850422191276
amos_0089,CT,FOV-A,kidney_right,1,8.112691428743986,46.77160236106121,-1.2901291295479496,8.112691428743986,46.77160236106121,1.2901291295479496,47.48750343837999,0.029185775616785516,0.9700761371618836,0.0007380872213307378
amos_0089,CT,FOV-A,kidney_left,2,8.983822932902385,54.702235936162225,-24.888715930763738,8.983822932902385,54.702235936162225,24.888715930763738,60.765877526680654,0.02185761737507703,0.8103835351515699,0.16775884747335318
amos_0089,CT,FOV-A,gallbladder,3,-1.511444093146423,57.13427256240039,-24.247651875952897,1.511444093146423,57.13427256240039,24.247651875952897,62.08508827390654,0.00059266539418632,0.8468739979354509,0.15253333667036276
amos_0089,CT,FOV-A,esophagus,14,4.406332507603157,48.345596414830766,-4.602062253153235,4.406332507603157,48.345596414830766,4.602062253153235,48.76362820643226,0.008165118842180396,0.9829282605011531,0.008906620656666475
amos_0089,CT,FOV-A,liver,4,-0.8688377567450658,62.29499922695424,-19.514892831648467,0.8688377567450658,62.29499922695424,19.514892831648467,65.28593148576881,0.00017710799291320448,0.9104731852589533,0.08934970674813361
amos_0089,CT,FOV-A,stomach,5,7.58011920295956,40.20363139803911,-25.94472774021324,7.58011920295956,40.20363139803911,25.94472774021324,48.44501091169516,0.024482398036653297,0.688703752006077,0.2868138499572694
amos_0089,CT,FOV-A,aorta,51,7.839868289769651,56.42779735556839,0.5714225732651812,7.839868289769651,56.42779735556839,0.5714225732651812,56.97268093533306,0.018935824529464237,0.9809635792944167,0.00010059617611916305
amos_0089,CT,FOV-A,inferior_vena_cava,62,5.171329627617439,50.17323183674475,-9.186354290905228,5.171329627617439,50.17323183674475,9.186354290905228,51.2687521617139,0.010174169015345376,0.957720223830539,0.0321056071541156
amos_0089,CT,FOV-A,pancreas,6,9.095946811254787,52.48916102318876,-24.149325009262157,9.095946811254787,52.48916102318876,24.149325009262157,58.48964157621748,0.02418454405953455,0.8053438420237111,0.17047161391675444
amos_0089,CT,FOV-A,adrenal_gland_right,7,1.2242741566870876,53.99374238769384,-10.214793636393097,1.2242741566870876,53.99374238769384,10.214793636393097,54.965125973415866,0.0004961156290304446,0.9649668741436399,0.034537010227329565
amos_0089,CT,FOV-A,adrenal_gland_left,8,16.202121358758863,50.55142616554286,-20.180739889695587,16.202121358758863,50.55142616554286,20.180739889695587,56.79100004745322,0.0813925638668412,0.7923330875165785,0.12627434861658046
amos_0089,CT,FOV-A,duodenum,18,7.83352450420184,50.18152005817474,-32.195024367573296,7.83352450420184,50.18152005817474,32.195024367573296,60.13375637306855,0.016969839901682476,0.6963874846496892,0.2866426754486284
amos_0089,CT,FOV-A,urinary_bladder,20,16.784637975570387,53.41582238327747,-2.1109253140400597,16.784637975570387,53.41582238327747,2.1109253140400597,56.03061804526398,0.08973732739526559,0.9088433049308456,0.001419367673888801
amos_0089,CT,FOV-A,prostate,21,25.922973413716235,65.4951719514859,4.548667737089545,25.922973413716235,65.4951719514859,4.548667737089545,70.58546931022973,0.13487734723971478,0.8609698833613497,0.004152769398935777
amos_0098,CT,FOV-A,spleen,0,4.628467363490373,41.444551886718145,-3.4281761923678005,4.628467363490373,41.444551886718145,3.4281761923678005,41.8428725499539,0.012235773480670733,0.9810517421728124,0.006712484346516693
amos_0098,CT,FOV-A,kidney_right,1,-8.742648880375611,21.226032814180872,-5.783827457459665,8.742648880375611,21.226032814180872,5.783827457459665,23.673424731793254,0.1363841475407236,0.8039249043181851,0.05969094814109115
amos_0098,CT,FOV-A,kidney_left,2,1.3184836460862073,36.56523364405125,0.4767736867104304,1.3184836460862073,36.56523364405125,0.4767736867104304,36.59210329726064,0.0012982990766153013,0.9985319352773097,0.0001697656460751952
amos_0098,CT,FOV-A,gallbladder,3,0.6058500798452826,51.86044326349788,-44.10103392058204,0.6058500798452826,51.86044326349788,44.10103392058204,68.07917319320248,7.919573495758591e-05,0.5802884193250832,0.419632384939959
amos_0098,CT,FOV-A,esophagus,14,-0.6973324452210745,58.903053203819,-8.361399909187412,0.6973324452210745,58.903053203819,8.361399909187412,59.49763825323194,0.00013736632862233782,0.9801130230740754,0.01974961059730239
amos_0098,CT,FOV-A,liver,4,-2.3723257692612236,44.48052318099946,-23.399342778669507,2.3723257692612236,44.48052318099946,23.399342778669507,50.31574420084239,0.002223007109525463,0.7815053806236886,0.21627161226678582
amos_0098,CT,FOV-A,stomach,5,13.814754524886077,58.86541429164812,-28.397417749880105,13.814754524886077,58.86541429164812,28.397417749880105,66.80118095641302,0.042767913599991096,0.7765190762361405,0.1807130101638684
amos_0098,CT,FOV-A,aorta,51,-6.414258536184641,56.13360819095124,9.39854453647581,6.414258536184641,56.13360819095124,9.39854453647581,57.27527669517071,0.012541761269627413,0.9605313103256371,0.02692692840473553
amos_0098,CT,FOV-A,inferior_vena_cava,62,-1.8899149374839936,54.48958642113522,-15.747105998908637,1.8899149374839936,54.48958642113522,15.747105998908637,56.75084276165556,0.001109021293152037,0.9218969807500292,0.0769939979568187
amos_0098,CT,FOV-A,pancreas,6,-5.429781110166032,53.44619667959897,-26.487100527495386,5.429781110166032,53.44619667959897,26.487100527495386,59.89611804426342,0.008218021867199363,0.7962258240477421,0.19555615408505866
amos_0098,CT,FOV-A,adrenal_gland_right,7,-13.182102194584878,50.89962192951377,-12.245256186922234,13.182102194584878,50.89962192951377,12.245256186922234,53.98597623382646,0.05962212216269957,0.8889292456862096,0.0514486321510909
amos_0098,CT,FOV-A,adrenal_gland_left,8,-5.893098899711767,54.87004079712152,-11.019010437072211,5.893098899711767,54.87004079712152,11.019010437072211,56.274937429835234,0.010966231700030226,0.9506935000380118,0.0383402682619579
amos_0098,CT,FOV-A,duodenum,18,17.19746386274227,48.070305712498254,-30.831280794761597,17.19746386274227,48.070305712498254,30.831280794761597,59.64121838165954,0.08314493484855223,0.6496220452857702,0.26723301986567743
amos_0098,CT,FOV-A,urinary_bladder,20,-0.34035972689275695,44.59522641420645,-4.106469149929353,0.34035972689275695,44.59522641420645,4.106469149929353,44.78518898650924,5.7757383473706764e-05,0.9915347149210428,0.008407527695483535
amos_0098,CT,FOV-A,prostate,21,-1.9370367226986556,49.089199039106106,1.67058493930449,1.9370367226986556,49.089199039106106,1.67058493930449,49.155797497400954,0.0015528382335748304,0.9972921467493906,0.001155015017034458
amos_0092,CT,FOV-A,spleen,0,2.785786940271919,43.507818483871084,-8.314714724206851,2.785786940271919,43.507818483871084,8.314714724206851,44.382714642606146,0.0039397446280944074,0.960963498886656,0.03509675648524964
amos_0092,CT,FOV-A,kidney_right,1,-3.0829113638652146,38.32054020167032,-12.915475575647406,3.0829113638652146,38.32054020167032,12.915475575647406,40.5558584321726,0.005778496843709535,0.8928038379639116,0.10141766519237878
amos_0092,CT,FOV-A,kidney_left,2,0.9631288932929323,38.716624643022406,-11.341364504456806,0.9631288932929323,38.716624643022406,11.341364504456806,40.355063992474825,0.0005696036225064029,0.920447230672299,0.07898316570519458
amos_0092,CT,FOV-A,gallbladder,3,-19.893819434369746,33.420141191534356,-6.330793106269539,19.893819434369746,33.420141191534356,6.330793106269539,39.40493408576886,0.2548796327928181,0.7193087609948956,0.02581160621228654
amos_0092,CT,FOV-A,esophagus,14,7.156027453211776,38.76820078105234,3.2770347010905425,7.156027453211776,38.76820078105234,3.2770347010905425,39.559083370867675,0.03272288274409429,0.9604148181987832,0.00686229905712267
amos_0092,CT,FOV-A,liver,4,0.2691197651736488,34.43276639185231,-14.081622718894778,0.2691197651736488,34.43276639185231,14.081622718894778,37.20188066806804,5.233128507590085e-05,0.8566709529325482,0.14327671578237586
amos_0092,CT,FOV-A,stomach,5,15.753176696437698,25.402498630512632,-14.872277253911534,15.753176696437698,25.402498630512632,14.872277253911534,33.386136994561056,0.22264038608026762,0.5789226361696702,0.19843697775006214
amos_0092,CT,FOV-A,aorta,51,6.523973508950153,41.49851338845186,7.920783213947743,6.523973508950153,41.49851338845186,7.920783213947743,42.74842278399705,0.02329078819256517,0.9423774522411801,0.034331759566254706
amos_0092,CT,FOV-A,inferior_vena_cava,62,-0.3026619959384753,34.120301431242545,0.5077687879145287,0.3026619959384753,34.120301431242545,0.5077687879145287,34.12542165577764,7.86610485052835e-05,0.999699939800655,0.00022139915083969146
amos_0092,CT,FOV-A,pancreas,6,-9.61932139987242,31.549841176550096,10.409710490770749,9.61932139987242,31.549841176550096,10.409710490770749,34.58736611772053,0.07734885497169672,0.8320690584567876,0.0905820865715159
amos_0092,CT,FOV-A,adrenal_gland_right,7,-5.3093945889429826,34.98753482065073,-14.754473277023408,5.3093945889429826,34.98753482065073,14.754473277023408,38.340732197100024,0.019176493649878695,0.8327332054649953,0.1480903008851259
amos_0092,CT,FOV-A,adrenal_gland_left,8,6.983200467191423,29.223572048308018,-1.9568127873105823,6.983200467191423,29.223572048308018,1.9568127873105823,30.109987849752024,0.05378830496662052,0.941988147415936,0.004223547617443462
amos_0092,CT,FOV-A,duodenum,18,-7.531433168637857,36.8452637543757,1.3139124365845873,7.531433168637857,36.8452637543757,1.3139124365845873,37.630071918535876,0.04005762131653258,0.9587232129431696,0.0012191657402974882
amos_0092,CT,FOV-A,urinary_bladder,20,-3.9705337278019193,46.56164387474423,-10.807550836867904,3.9705337278019193,46.56164387474423,10.807550836867904,47.96410088278111,0.006852754341997659,0.9423755160374282,0.05077172962057404
amos_0092,CT,FOV-A,prostate,21,-3.2387494240717603,37.9638219813951,-12.142705185608293,3.2387494240717603,37.9638219813951,12.142705185608293,39.989830788483985,0.006559270851641672,0.9012405491855691,0.09220017996278904
amos_0097,CT,FOV-A,spleen,0,7.58313545868387,38.99731132914753,-12.997620256360094,7.58313545868387,38.99731132914753,12.997620256360094,41.79990869147622,0.03291144582911385,0.870399564454102,0.09668898971678393
amos_0097,CT,FOV-A,kidney_right,1,8.104311210776473,39.445784049461,-10.613937105282446,8.104311210776473,39.445784049461,10.613937105282446,41.644992500332144,0.03787098868962718,0.8971717893286043,0.06495722198176848
amos_0097,CT,FOV-A,kidney_left,2,-2.2212277388539547,39.21815493750235,-27.41007786559905,2.2212277388539547,39.21815493750235,27.41007786559905,47.89895508221444,0.0021504735137236786,0.6703818337985457,0.3274676926877308
amos_0097,CT,FOV-A,gallbladder,3,30.391741577569427,30.882876629641054,-24.496758003492616,30.391741577569427,30.882876629641054,24.496758003492616,49.77450328954646,0.37281837216617947,0.38496533422395307,0.24221629360986752
amos_0097,CT,FOV-A,esophagus,14,10.794117942293735,28.5237650304478,-9.06918090139915,10.794117942293735,28.5237650304478,9.06918090139915,31.81773398415807,0.11508953227249864,0.8036652818786243,0.08124518584887712
amos_0097,CT,FOV-A,liver,4,29.695386867764597,32.78962010382445,-17.966421762571294,29.695386867764597,32.78962010382445,17.966421762571294,47.74691088154216,0.3868008477695513,0.4716091387179199,0.14159001351252912
amos_0097,CT,FOV-A,stomach,5,3.079908614856315,37.72051868635873,-8.283625057555497,3.079908614856315,37.72051868635873,8.283625057555497,38.74199028364399,0.006319923267827611,0.9479631518087891,0.045716924923383286
amos_0097,CT,FOV-A,aorta,51,8.13218561233802,34.83302281726405,16.417857444787877,8.13218561233802,34.83302281726405,16.417857444787877,39.357565530643946,0.04269314129930678,0.7832959374235031,0.17401092127718992
amos_0097,CT,FOV-A,inferior_vena_cava,62,8.383209277330373,37.91750405443284,-13.858920542177053,8.383209277330373,37.91750405443284,13.858920542177053,41.232086899644386,0.04133804968385222,0.8456854346049543,0.11297651571119341
amos_0097,CT,FOV-A,pancreas,6,-2.8826934751993916,37.69118353447553,-9.81867407296727,2.8826934751993916,37.69118353447553,9.81867407296727,39.05562185464003,0.0054479086392104185,0.931348963190052,0.06320312817073757
amos_0097,CT,FOV-A,adrenal_gland_right,7,7.857485911603703,34.61361395167766,-5.882236158262394,7.857485911603703,34.61361395167766,5.882236158262394,35.97836930529779,0.047696253980240966,0.9255735611643915,0.026730184855367642
amos_0097,CT,FOV-A,adrenal_gland_left,8,2.2351007807674996,32.634852599050795,-13.067959603219393,2.2351007807674996,32.634852599050795,13.067959603219393,35.22500316328352,0.004026170282548026,0.8583437108415504,0.13763011887590168
amos_0097,CT,FOV-A,duodenum,18,-2.047872372764111,35.65330204055384,-14.98474337392362,2.047872372764111,35.65330204055384,14.98474337392362,38.7284683615611,0.002796051270018279,0.8474983729929543,0.14970557573702736
amos_0097,CT,FOV-A,urinary_bladder,20,-21.634717042134834,53.918265295410826,15.42209496198609,21.634717042134834,53.918265295410826,15.42209496198609,60.10891220922285,0.12954620700026684,0.8046260433610125,0.06582774963872068
amos_0097,CT,FOV-A,prostate,21,20.235447535670282,27.783454127720425,-28.573865535302957,20.235447535670282,27.783454127720425,28.573865535302957,44.6974210874138,0.2049560276056966,0.38637368737141775,0.4086702850228856
amos_0104,CT,FOV-A,spleen,0,2.8224377072411926,55.22838550648034,-5.9867551153022305,2.8224377072411926,55.22838550648034,5.9867551153022305,55.62357375316928,0.002574725619534605,0.9858410966742419,0.0115841777062235
amos_0104,CT,FOV-A,kidney_right,1,-20.173073243908476,52.82954615605212,21.23185037678263,20.173073243908476,52.82954615605212,21.23185037678263,60.40451391726136,0.111533503110762,0.7649181603801751,0.123548336509063
amos_0104,CT,FOV-A,kidney_left,2,1.6871399580877835,54.778771059701256,2.4932083444871296,1.6871399580877835,54.778771059701256,2.4932083444871296,54.861428051941566,0.0009457318305089163,0.9969889692055734,0.002065298963917603
amos_0104,CT,FOV-A,gallbladder,3,-28.248595923600767,31.686297810698477,12.123029591854447,28.248595923600767,31.686297810698477,12.123029591854447,44.14716850589772,0.40943788429107325,0.5151542546648972,0.07540786104402976
amos_0104,CT,FOV-A,esophagus,14,-3.807793699963252,53.53685535809011,-6.722615171631787,3.807793699963252,53.53685535809011,6.722615171631787,54.09147556908015,0.004955519214417728,0.9795983806860454,0.015446100099536907
amos_0104,CT,FOV-A,liver,4,-12.72591428604585,43.36167845271938,-10.06582916062689,12.72591428604585,43.36167845271938,10.06582916062689,46.298001785646655,0.07555330952433872,0.8771778862787915,0.04726880419686978
amos_0104,CT,FOV-A,stomach,5,4.935764314551463,47.11928521354827,-3.219075229190821,4.935764314551463,47.11928521354827,3.219075229190821,47.48632701879245,0.010803678939152406,0.9846009022844892,0.004595418776358398
amos_0104,CT,FOV-A,aorta,51,-6.881324918438941,57.84521310147061,-8.274308155032486,6.881324918438941,57.84521310147061,8.274308155032486,58.837789615451335,0.013678278156005658,0.9665451649056288,0.01977655693836569
amos_0104,CT,FOV-A,inferior_vena_cava,62,-9.809782493059032,54.39878272679397,-10.100193534738537,9.809782493059032,54.39878272679397,10.100193534738537,56.19139884499441,0.03047748097645839,0.9372138026505928,0.03230871637294893
amos_0104,CT,FOV-A,pancreas,6,-9.856164629214948,51.50786377664983,-5.429111922414677,9.856164629214948,51.50786377664983,5.429111922414677,52.722663706400574,0.034947910108226954,0.9544482563480022,0.010603833543770935
amos_0104,CT,FOV-A,adrenal_gland_right,7,-12.923650186947736,48.48501733171516,-6.332717754648002,12.923650186947736,48.48501733171516,6.332717754648002,50.575893012099634,0.06529550254290814,0.9190264077578103,0.01567808969928131
amos_0104,CT,FOV-A,adrenal_gland_left,8,2.5813889268485184,56.53633594001453,-8.526573592394243,2.5813889268485184,56.53633594001453,8.526573592394243,57.2339349297281,0.0020342282195560755,0.9757714499770235,0.022194321803420305
amos_0104,CT,FOV-A,duodenum,18,-9.572219896979362,55.3273940140772,-11.520849460004456,9.572219896979362,55.3273940140772,11.520849460004456,57.31908839492441,0.027888604550224537,0.9317124104177037,0.040398985032071864
amos_0104,CT,FOV-A,urinary_bladder,20,-3.2635677443417364,49.425124778812915,-22.465622325044933,3.2635677443417364,49.425124778812915,22.465622325044933,54.38931899072364,0.0036004602629403407,0.8257875039664823,0.17061203577057757
amos_0103,CT,FOV-B,spleen,0,-8.036872061251827,37.877460857681626,-49.35911994871731,8.036872061251827,37.877460857681626,49.35911994871731,62.7344887256284,0.016411995298093163,0.3645431905556029,0.6190448141463039
amos_0103,CT,FOV-B,kidney_right,1,-25.917380033900272,26.289493347445273,-37.523097985181096,25.917380033900272,26.289493347445273,37.523097985181096,52.638682835843106,0.2424220764901521,0.24943328472684576,0.5081446387830021
amos_0103,CT,FOV-B,kidney_left,2,-6.121451045145982,33.04309314264424,-38.90373729778008,6.121451045145982,33.04309314264424,38.90373729778008,51.408354798284165,0.014178861172624511,0.4131368920667244,0.5726842467606512
amos_0103,CT,FOV-B,gallbladder,3,-10.965173823552313,24.629412106818563,-49.39741367367668,10.965173823552313,24.629412106818563,49.39741367367668,56.27563820479122,0.037965592633168566,0.19154341815854492,0.7704909892082866
amos_0103,CT,FOV-B,esophagus,14,-0.5743000052938134,14.721920003818923,-37.55470403996355,0.5743000052938134,14.721920003818923,37.55470403996355,40.341300730444715,0.0002026645768790142,0.13317696480776237,0.8666203706153586
amos_0103,CT,FOV-B,liver,4,4.5122886563894795,23.310953673672543,-47.90627049285138,4.5122886563894795,23.310953673672543,47.90627049285138,53.4674860324378,0.007122200886438423,0.19008180759832788,0.8027959915152336
amos_0103,CT,FOV-B,stomach,5,-5.279636799989454,42.3679629251144,-26.437014229645115,5.279636799989454,42.3679629251144,26.437014229645115,50.21787100766149,0.011053288382797115,0.7118009661758196,0.27714574544138365
amos_0103,CT,FOV-B,aorta,51,-6.728850419552593,19.223063729781757,-15.495871472197962,6.728850419552593,19.223063729781757,15.495871472197962,25.59151499639759,0.06913369276822061,0.5642261604935461,0.3666401467382332
amos_0103,CT,FOV-B,inferior_vena_cava,62,-10.746521807767177,25.997136132677753,-5.656061212681209,10.746521807767177,25.997136132677753,5.656061212681209,28.693724862892786,0.14026909318873904,0.820875242125589,0.03885566468567179
amos_0103,CT,FOV-B,pancreas,6,-16.90501567794974,29.885880837466175,-35.43710065608843,16.90501567794974,29.885880837466175,35.43710065608843,49.34301907476576,0.11737611175293979,0.36684337809772105,0.515780510149339
amos_0103,CT,FOV-B,adrenal_gland_right,7,-15.13224668756341,26.536175638522593,-46.29099704297778,15.13224668756341,26.536175638522593,46.29099704297778,55.46178787746363,0.07444218197380978,0.22892273987294792,0.6966350781532422
amos_0103,CT,FOV-B,adrenal_gland_left,8,-12.339778391520184,31.604014078776032,-50.215248881906746,12.339778391520184,31.604014078776032,50.215248881906746,60.60243441409874,0.04146050429242554,0.2719595743169061,0.6865799213906684
amos_0103,CT,FOV-B,duodenum,18,-14.424555431570024,37.03983477100735,-44.95931237129321,14.424555431570024,37.03983477100735,44.95931237129321,60.011306669339234,0.057774834194137065,0.3809534537205441,0.5612717120853189
amos_0103,CT,FOV-B,urinary_bladder,20,0.6273671015921902,25.145967725672506,-15.480558275332896,0.6273671015921902,25.145967725672506,15.480558275332896,29.53575742818696,0.0004511773166311769,0.7248372140479223,0.27471160863544647
amos_0103,CT,FOV-B,prostate,21,-9.154719183243,28.434011746110286,-17.641038656356983,9.154719183243,28.434011746110286,17.641038656356983,34.69161501252221,0.06963715465693633,0.6717802638190975,0.25858258152396596
amos_0099,CT,FOV-B,spleen,0,18.72197104484499,69.76865006775482,-26.54527944765539,18.72197104484499,69.76865006775482,26.54527944765539,76.95991549524307,0.0591798655487354,0.8218479491371797,0.11897218531408496
amos_0099,CT,FOV-B,kidney_right,1,26.443232608105006,66.59651376483605,-47.247620878682824,26.443232608105006,66.59651376483605,47.247620878682824,85.82935322540938,0.09491993034344624,0.6020482666448279,0.3030318030117258
amos_0099,CT,FOV-B,kidney_left,2,13.596743712698526,61.80831221414415,-29.507581785165257,13.596743712698526,61.80831221414415,29.507581785165257,69.82718869579489,0.0379158423147249,0.7835101997833492,0.17857395790192568
amos_0099,CT,FOV-B,gallbladder,3,7.370353108435552,45.17897425090776,-87.02948580683596,7.370353108435552,45.17897425090776,87.02948580683596,98.33408981177115,0.005617827318285931,0.21108847788244042,0.7832936947992736
amos_0099,CT,FOV-B,esophagus,14,26.668612818141533,30.207854153224673,-5.116987073120754,26.668612818141533,30.207854153224673,5.116987073120754,40.61912011470609,0.4310620890956855,0.5530682511139942,0.015869659790320248
amos_0099,CT,FOV-B,liver,4,8.329608515384223,68.72157506114924,-37.08445213740947,8.329608515384223,68.72157506114924,37.08445213740947,78.5321198442812,0.011250052249521136,0.7657580449164598,0.22299190283401885
amos_0099,CT,FOV-B,stomach,5,57.01091818540628,69.8945101346626,-40.221456945894374,57.01091818540628,69.8945101346626,40.221456945894374,98.75855880964433,0.33324725739727795,0.5008834055612107,0.1658693370415112
amos_0099,CT,FOV-B,aorta,51,30.187832315048222,38.34618680854145,-2.945097882859102,30.187832315048222,38.34618680854145,2.945097882859102,48.891807740936,0.3812340363770191,0.6151374623780237,0.0036285012449569754
amos_0099,CT,FOV-B,inferior_vena_cava,62,26.585585441626478,47.8875407787006,-44.68440357283049,26.585585441626478,47.8875407787006,44.68440357283049,70.68738103625937,0.14145186373231075,0.45894568067215047,0.3996024555955389
amos_0099,CT,FOV-B,pancreas,6,13.782043026810271,63.51609164776045,-36.59276045485126,13.782043026810271,63.51609164776045,36.59276045485126,74.58732282302188,0.034142645151826155,0.7251661023349066,0.24069125251326715
amos_0099,CT,FOV-B,adrenal_gland_right,7,24.114702837302527,45.59404482873187,-25.22808053181177,24.114702837302527,45.59404482873187,25.22808053181177,57.41769643668577,0.1763893254119543,0.6305575266926396,0.19305314789540598
amos_0099,CT,FOV-B,adrenal_gland_left,8,19.542146820611745,53.461731043528516,-25.934066456450523,19.542146820611745,53.461731043528516,25.934066456450523,62.55100312142498,0.0976058810570122,0.7304953837631216,0.1718987351798663
amos_0099,CT,FOV-B,duodenum,18,0.500721276237627,57.49138128490307,-71.1610466414632,0.500721276237627,57.49138128490307,71.1610466414632,91.48444787476765,2.995694680257318e-05,0.3949216505615367,0.6050483924916609
amos_0099,CT,FOV-B,urinary_bladder,20,19.391670370447876,27.156629754720115,-13.205868736434041,19.391670370447876,27.156629754720115,13.205868736434041,35.88752413409125,0.2919735062525165,0.5726176725987215,0.13540882114876202
amos_0099,CT,FOV-B,prostate,21,25.029931485270843,26.666130799120268,-8.801094543417591,25.029931485270843,26.666130799120268,8.801094543417591,37.61700768422866,0.4427421095066308,0.502517879412205,0.05474001108116413
amos_0102,CT,FOV-A,spleen,0,-20.11745939555646,47.83663799289556,-31.533274559321796,20.11745939555646,47.83663799289556,31.533274559321796,60.723994527935766,0.10975532546885476,0.6205840850806874,0.26966058945045795
amos_0102,CT,FOV-A,kidney_right,1,-7.307881047146466,28.82583009603306,18.756823798788957,7.307881047146466,28.82583009603306,18.756823798788957,35.15895398249816,0.04320271572502739,0.6721895449592187,0.28460773931575417
amos_0102,CT,FOV-A,kidney_left,2,-14.26205520131235,49.28475290152238,-14.0379148707799,14.26205520131235,49.28475290152238,14.0379148707799,53.19263239442717,0.07188880421729864,0.858464223327342,0.06964697245535931
amos_0102,CT,FOV-A,gallbladder,3,-9.371273554962158,41.9229476205433,9.90206126898471,9.371273554962158,41.9229476205433,9.90206126898471,44.08406880735349,0.04518912038470021,0.9043577773599297,0.0504531022553702
amos_0102,CT,FOV-A,esophagus,14,-13.561682875316654,40.34117466926648,-18.924805727028172,13.561682875316654,40.34117466926648,18.924805727028172,46.57765438397132,0.08477580870280774,0.7501391845307286,0.16508500676646354
amos_0102,CT,FOV-A,liver,4,-4.38191047750928,35.49621023977379,-5.741255663826337,4.38191047750928,35.49621023977379,5.741255663826337,36.22352961013801,0.014633407619414935,0.960245863138792,0.02512072924179308
amos_0102,CT,FOV-A,stomach,5,8.997002045804848,50.22571925765588,-7.227501331005897,8.997002045804848,50.22571925765588,7.227501331005897,51.53450976045832,0.030478903605971223,0.9498521968343074,0.019668899559721238
amos_0102,CT,FOV-A,aorta,51,-3.0107101040116966,38.50816478128988,-8.044345501669852,3.0107101040116966,38.50816478128988,8.044345501669852,39.45446267158645,0.005822984229481221,0.9526061409449244,0.04157087482559417
amos_0102,CT,FOV-A,inferior_vena_cava,62,-2.3170292328963598,39.00534706109238,-25.713282711339332,2.3170292328963598,39.00534706109238,25.713282711339332,46.7756200559183,0.0024537138812958307,0.6953591705857927,0.30218711553291144
amos_0102,CT,FOV-A,pancreas,6,2.2258434701324736,37.30248419711023,1.3078108339545906,2.2258434701324736,37.30248419711023,1.3078108339545906,37.3917113222516,0.003543549920333883,0.9952331326115171,0.0012233174681492045
amos_0102,CT,FOV-A,adrenal_gland_right,7,-10.78287625838177,35.61049794963617,1.6251031329829289,10.78287625838177,35.61049794963617,1.6251031329829289,37.24270324261447,0.08382756474813419,0.9142683803702083,0.001904054881657383
amos_0102,CT,FOV-A,adrenal_gland_left,8,-3.0862587680368794,39.941028183662894,-17.382633396706183,3.0862587680368794,39.941028183662894,17.382633396706183,43.668829493767326,0.004994839887003676,0.8365566939390334,0.15844846617396297
amos_0102,CT,FOV-A,duodenum,18,0.05682353485250502,45.77971734762458,-8.88492600808479,0.05682353485250502,45.77971734762458,8.88492600808479,46.63397537752549,1.484744123711988e-06,0.963698838915314,0.03629967634056226
amos_0102,CT,FOV-A,urinary_bladder,20,1.4667025762912083,37.48792275768612,27.8363268207291,1.4667025762912083,37.48792275768612,27.8363268207291,46.71570035870149,0.0009857309241539565,0.6439572313920843,0.35505703768376157
amos_0102,CT,FOV-A,prostate,21,-2.1270079883266746,37.73159056475694,38.38962520637222,2.1270079883266746,37.73159056475694,38.38962520637222,53.86984697411521,0.0015590023082726117,0.49059005772843306,0.5078509399632944
amos_0105,CT,FOV-B,spleen,0,-33.797849723081136,67.893893667127,-52.39543604158456,33.797849723081136,67.893893667127,52.39543604158456,92.18002582541894,0.13443256659101624,0.5424850582198459,0.32308237518913774
amos_0105,CT,FOV-B,kidney_right,1,1.7936026880906155,65.89014187598644,-17.634065219872014,1.7936026880906155,65.89014187598644,17.634065219872014,68.23260264139898,0.0006909849970707806,0.9325175435907112,0.06679147141221804
amos_0105,CT,FOV-B,kidney_left,2,-13.915369064818606,68.65996764737491,-13.399839567863864,13.915369064818606,68.65996764737491,13.399839567863864,71.32590240574017,0.03806228952568159,0.9266434044123921,0.035294306061926274
amos_0105,CT,FOV-B,gallbladder,3,-20.386981344923655,45.85423489761053,-36.0437921734067,20.386981344923655,45.85423489761053,36.0437921734067,61.78506956088374,0.10887765816380249,0.5507973256198182,0.34032501621637934
amos_0105,CT,FOV-B,esophagus,14,-9.827480574846518,38.63049350473035,-10.819379654634133,9.827480574846518,38.63049350473035,10.819379654634133,41.30318848441498,0.05661313822466909,0.8747689396483136,0.06861792212701753
amos_0105,CT,FOV-B,liver,4,2.7447639956897234,46.40761071137898,-23.594140093344265,2.7447639956897234,46.40761071137898,23.594140093344265,52.13332435280995,0.0027719103374558344,0.7924056809425398,0.20482240872000423
amos_0105,CT,FOV-B,stomach,5,-4.878256929818274,66.52730362715744,-21.455495085425866,4.878256929818274,66.52730362715744,21.455495085425866,70.07151909252467,0.004846701519452756,0.9013983897932557,0.09375490868729144
amos_0105,CT,FOV-B,aorta,51,-0.11545260924585588,43.81423460800012,5.69485245992513,0.11545260924585588,43.81423460800012,5.69485245992513,44.18293593832547,6.828076254687989e-06,0.9833798755915099,0.016613296332235565
amos_0105,CT,FOV-B,inferior_vena_cava,62,-1.2383255006514062,48.581795535786355,-25.079869411963045,1.2383255006514062,48.581795535786355,25.079869411963045,54.68751372340522,0.0005127353660642482,0.7891703592126117,0.210316905421324
amos_0105,CT,FOV-B,pancreas,6,-3.234254963084983,59.96046588611233,-23.74530028253622,3.234254963084983,59.96046588611233,23.74530028253622,64.572108219832,0.002508756869124204,0.8622636244947334,0.13522761863614222
amos_0105,CT,FOV-B,adrenal_gland_right,7,1.6725845940197317,44.77277116395253,-10.37206862830692,1.6725845940197317,44.77277116395253,10.37206862830692,45.98889414363124,0.0013227270995216,0.9478115957777361,0.05086567712274212
amos_0105,CT,FOV-B,adrenal_gland_left,8,-6.588204529356364,60.52393871595986,-6.599381458311427,6.588204529356364,60.52393871595986,6.599381458311427,61.23808808450996,0.011574197806761222,0.9768122996807977,0.011613502512440943
amos_0105,CT,FOV-B,duodenum,18,8.198389963543914,48.686005918809826,-44.33353357540676,8.198389963543914,48.686005918809826,44.33353357540676,66.35512768130614,0.015265399196495765,0.5383433053965005,0.44639129540700384
amos_0105,CT,FOV-B,urinary_bladder,20,3.703513647243451,74.94766770700782,36.21853110443257,3.703513647243451,74.94766770700782,36.21853110443257,83.3225713922592,0.001975616162489975,0.8090789775926259,0.18894540624488396
amos_0105,CT,FOV-B,prostate,21,1.647868226416108,55.580868772402326,24.635902667867725,1.647868226416108,55.580868772402326,24.635902667867725,60.818386557416105,0.000734133716924351,0.8351815128948583,0.16408435338821742
amos_0109,CT,FOV-A,spleen,0,16.951708219708124,39.882969240271336,-42.019058948031116,16.951708219708124,39.882969240271336,42.019058948031116,60.36234721964234,0.07886688695361864,0.4365587816457856,0.4845743314005958
amos_0109,CT,FOV-A,kidney_right,1,15.754499161863997,45.03400020817165,-38.86383117557224,15.754499161863997,45.03400020817165,38.86383117557224,61.53586590139248,0.06554696244677524,0.5355800835788269,0.398872953974398
amos_0109,CT,FOV-A,kidney_left,2,20.535878212177685,38.78428673507824,-33.51485790717466,20.535878212177685,38.78428673507824,33.51485790717466,55.21946117115113,0.13830638536280335,0.4933183711508968,0.3683752434862999
amos_0109,CT,FOV-A,gallbladder,3,7.20425520423121,44.25894896417839,-42.81467676582672,7.20425520423121,44.25894896417839,42.81467676582672,61.99880969037762,0.013502415703283959,0.5096071227586334,0.4768904615380826
amos_0109,CT,FOV-A,esophagus,14,6.989647851322546,36.14148006994077,-17.071798044705332,6.989647851322546,36.14148006994077,17.071798044705332,40.57718628996629,0.029671994114006374,0.7933192818940594,0.17700872399193426
amos_0109,CT,FOV-A,liver,4,6.9111315134815,43.60359989659406,-26.51952809239546,6.9111315134815,43.60359989659406,26.51952809239546,51.50070905319893,0.018008266037991612,0.7168334702445666,0.265158263717442
amos_0109,CT,FOV-A,stomach,5,8.793800502127858,24.282058153255093,-32.23650923739325,8.793800502127858,24.282058153255093,32.23650923739325,41.305469410743015,0.04532502932891526,0.3455857813446297,0.6090891893264548
amos_0109,CT,FOV-A,aorta,51,8.089783692681955,42.53090646160936,-2.8882281539204655,8.089783692681955,42.53090646160936,2.8882281539204655,43.38968156727642,0.034761690868747024,0.9608074283144686,0.004430880816784181
amos_0109,CT,FOV-A,inferior_vena_cava,62,15.261023316235288,42.812582542418454,-3.7338767705505873,15.261023316235288,42.812582542418454,3.7338767705505873,45.60436264599833,0.11198362728450573,0.8813127867890003,0.006703585926494112
amos_0109,CT,FOV-A,pancreas,6,14.51368888544837,44.53054998991729,-33.9261124902303,14.51368888544837,44.53054998991729,33.9261124902303,57.83250086385571,0.06298130753768641,0.5928873334895763,0.3441313589727372
amos_0109,CT,FOV-A,adrenal_gland_right,7,9.758177894232139,41.13569492810319,-31.232599254249223,9.758177894232139,41.13569492810319,31.232599254249223,52.5627500156716,0.034465239800789686,0.6124653436934666,0.3530694165057437
amos_0109,CT,FOV-A,adrenal_gland_left,8,13.438025295215734,43.16608310420594,-32.41733572839145,13.438025295215734,43.16608310420594,32.41733572839145,55.630701147130225,0.05835013177994877,0.6020827958974797,0.33956707232257155
amos_0109,CT,FOV-A,duodenum,18,19.657181572706545,44.150171025178906,-43.43143875548857,19.657181572706545,44.150171025178906,43.43143875548857,64.97639772491743,0.09152320867951691,0.4616932439719611,0.44678354734852205
amos_0109,CT,FOV-A,urinary_bladder,20,9.24941007269838,52.34417996090815,-1.357465328048164,9.24941007269838,52.34417996090815,1.357465328048164,53.17243152790481,0.030259031768502205,0.969089213113452,0.0006517551180457683
amos_0109,CT,FOV-A,prostate,21,25.418297557348353,32.1930534757889,-34.82348497607566,25.418297557348353,32.1930534757889,34.82348497607566,53.80666918410647,0.2231622347082614,0.35797452776525385,0.4188632375264847
amos_0111,CT,FOV-A,spleen,0,1.6648235700902703,69.97094101483944,-63.27202449590982,1.6648235700902703,69.97094101483944,63.27202449590982,94.3506932027141,0.00031134811528138375,0.5499779002889523,0.44971075159576623
amos_0111,CT,FOV-A,kidney_right,1,20.337571884401385,70.19831436757016,-61.703987152729724,20.337571884401385,70.19831436757016,61.703987152729724,95.64937114662928,0.04520994345243178,0.5386282523024256,0.4161618042451425
amos_0111,CT,FOV-A,kidney_left,2,2.863824155905121,76.92234404338866,-47.334594104296684,2.863824155905121,76.92234404338866,47.334594104296684,90.36488422470266,0.001004369007477387,0.7246121751347969,0.27438345585772567
amos_0111,CT,FOV-A,gallbladder,3,10.1261010305209,53.708573561178184,-56.48595972874955,10.1261010305209,53.708573561178184,56.48595972874955,78.59906133367447,0.01659777195149772,0.46693079480945665,0.5164714332390454
amos_0111,CT,FOV-A,esophagus,14,10.368135189782262,48.273385168429,-30.700288509665143,10.368135189782262,48.273385168429,30.700288509665143,58.140568087263986,0.03180114527568717,0.6893772824646139,0.27882157225969906
amos_0111,CT,FOV-A,liver,4,20.90748052608909,46.93780254269873,-56.603532387395944,20.90748052608909,46.93780254269873,56.603532387395944,76.44762866313874,0.07479548193055506,0.3769792709741594,0.5482252470952854
amos_0111,CT,FOV-A,stomach,5,11.97559893792865,55.13269011588885,-54.97451435427115,11.97559893792865,55.13269011588885,54.97451435427115,78.77325509222473,0.02311196666225271,0.4898473734296629,0.4870406599080847
amos_0111,CT,FOV-A,aorta,51,6.916250392463933,55.447330018179606,1.9322439920454144,6.916250392463933,55.447330018179606,1.9322439920454144,55.910414883820835,0.015302274412768147,0.9835033566460342,0.0011943689411977258
amos_0111,CT,FOV-A,inferior_vena_cava,62,14.570065182152803,57.395682448239384,-33.78376788714286,14.570065182152803,57.395682448239384,33.78376788714286,68.17546579058819,0.04567375960194974,0.7087649304124864,0.24556130998556394
amos_0111,CT,FOV-A,pancreas,6,4.033505623691214,63.898138759566265,-47.056645802704224,4.033505623691214,63.898138759566265,47.056645802704224,79.45797139843361,0.0025768574086463655,0.6466979287735408,0.3507252138178128
amos_0111,CT,FOV-A,adrenal_gland_right,7,12.450510555894255,61.1661849884458,-55.087908117208144,12.450510555894255,61.1661849884458,55.087908117208144,83.25259767642792,0.02236550634619715,0.5397929410298773,0.43784155262392577
amos_0111,CT,FOV-A,adrenal_gland_left,8,3.0597024528002046,75.92830801890578,-46.82505849517952,3.0597024528002046,75.92830801890578,46.82505849517952,89.25836566277968,0.0011750613133323688,0.7236183696739121,0.2752065690127555
amos_0111,CT,FOV-A,duodenum,18,19.39567202458783,54.5269063748334,-61.21468583321166,19.39567202458783,54.5269063748334,61.21468583321166,84.2413994052451,0.05301008713207911,0.4189580807383151,0.5280318321296059
amos_0111,CT,FOV-A,urinary_bladder,20,5.316807987286957,64.1466496517328,17.476888214303017,5.316807987286957,64.1466496517328,17.476888214303017,66.6970968661386,0.006354598139432939,0.9249837329421879,0.06866166891837899
amos_0111,CT,FOV-A,prostate,21,11.387246935880768,45.876043535986796,-14.382819150990144,11.387246935880768,45.876043535986796,14.382819150990144,49.407957355314444,0.05311824016173581,0.8621406318833099,0.08474112795495424
amos_0110,CT,FOV-B,spleen,0,-4.164825589573994,49.97026789472401,-30.969415293719294,4.164825589573994,49.97026789472401,30.969415293719294,58.93622086032417,0.0049937761361639665,0.7188839487456125,0.27612227511822374
amos_0110,CT,FOV-B,kidney_right,1,-12.713743945657207,30.065899474374614,-11.21815890208245,12.713743945657207,30.065899474374614,11.21815890208245,34.51730993967095,0.13566662983753594,0.7587077455010975,0.10562562466136614
amos_0110,CT,FOV-B,kidney_left,2,-3.430374959749855,32.759667317557565,-22.758086233622407,3.430374959749855,32.759667317557565,22.758086233622407,40.03615571128829,0.007341392566214936,0.6695364513654093,0.32312215606837574
amos_0110,CT,FOV-B,gallbladder,3,-13.714268244210011,29.596352225181192,-34.52020640947421,13.714268244210011,29.596352225181192,34.52020640947421,47.49389296597868,0.08338150722038311,0.38832990458862093,0.528288588190996
amos_0110,CT,FOV-B,esophagus,14,1.5317525548722983,43.658530143587186,-12.431146973537352,1.5317525548722983,43.658530143587186,12.431146973537352,45.4196756402504,0.001137337005256409,0.9239536033209456,0.07490905967379834
amos_0110,CT,FOV-B,liver,4,-12.568254374938064,52.79128446857534,-34.8116634126518,12.568254374938064,52.79128446857534,34.8116634126518,64.47272790437019,0.03800124558955739,0.6704592175891613,0.2915395368212811
amos_0110,CT,FOV-B,stomach,5,-31.00904877551506,41.852457837326185,-28.70391198495622,31.00904877551506,41.852457837326185,28.70391198495622,59.473556276950106,0.2718498336980747,0.49521537348488415,0.23293479281704105
amos_0110,CT,FOV-B,aorta,51,-3.8504429316419966,45.949099784794264,-13.001626038115319,3.8504429316419966,45.949099784794264,13.001626038115319,47.90811999481727,0.0064595627978739426,0.9198897025019045,0.07365073470022143
amos_0110,CT,FOV-B,inferior_vena_cava,62,-4.350575855091519,46.44560070827482,-20.729517963308126,4.350575855091519,46.44560070827482,20.729517963308126,51.047372610297174,0.0072635127379626855,0.8278323246420399,0.16490416261999724
amos_0110,CT,FOV-B,pancreas,6,-12.123974087151609,44.880115643497675,-19.1164881392599,12.123974087151609,44.880115643497675,19.1164881392599,50.265849705521866,0.058176011385907854,0.7971900654011683,0.1446339232129238
amos_0110,CT,FOV-B,adrenal_gland_right,7,-7.222115850087903,45.5301249084326,-22.68269357912959,7.222115850087903,45.5301249084326,22.68269357912959,51.377580903875305,0.019759756922133116,0.7853267304156489,0.19491351266221793
amos_0110,CT,FOV-B,adrenal_gland_left,8,-6.915308462999697,40.07966437424898,-30.326098932192053,6.915308462999697,40.07966437424898,30.326098932192053,50.73335455039394,0.018579582689050668,0.6241097877119096,0.35731062959904
amos_0110,CT,FOV-B,duodenum,18,-12.587308394895532,41.71759479904638,-21.828859365054313,12.587308394895532,41.71759479904638,21.828859365054313,48.73702031951634,0.06670337336666476,0.7326905250958677,0.2006061015374674
amos_0110,CT,FOV-B,urinary_bladder,20,-12.86525743354769,41.395034846739314,-17.546709664401078,12.86525743354769,41.395034846739314,17.546709664401078,46.76484554492832,0.07568293279978182,0.7835333682593787,0.1407836989408395
amos_0110,CT,FOV-B,prostate,21,-11.339985511137218,46.22553779519283,-27.360718314318092,11.339985511137218,46.22553779519283,27.360718314318092,54.899950114030744,0.042665918525282495,0.7089572455803935,0.24837683589432397
amos_0118,CT,FOV-A,spleen,0,-9.630613089772368,78.33371243283328,-17.550911767653645,9.630613089772368,78.33371243283328,17.550911767653645,80.85142989379148,0.014188368545384654,0.9386896053145029,0.04712202614011243
amos_0118,CT,FOV-A,kidney_right,1,1.1475961464810212,58.93742373404592,-30.043330636695828,1.1475961464810212,58.93742373404592,30.043330636695828,66.16297007441341,0.00030084872642586775,0.7935098297502509,0.20618932152332325
amos_0118,CT,FOV-A,kidney_left,2,-1.9704066148058157,60.93735941161132,-8.206508602626812,1.9704066148058157,60.93735941161132,8.206508602626812,61.519030045446534,0.001025871003879775,0.9811791328082526,0.017794996187867406
amos_0118,CT,FOV-A,gallbladder,3,-27.950940032281892,55.92438468404184,-46.327458830899914,27.950940032281892,55.92438468404184,46.327458830899914,77.81404303019885,0.12902589352176286,0.516519197047182,0.35445490943105545
amos_0118,CT,FOV-A,esophagus,14,3.7757535098580064,64.11963074017686,-18.618984305353862,3.7757535098580064,64.11963074017686,18.618984305353862,66.87488270933154,0.0031877276017214413,0.9192972449699208,0.07751502742835785
amos_0118,CT,FOV-A,liver,4,-17.945716025084025,51.79130655663119,-29.642642956515477,17.945716025084025,51.79130655663119,29.642642956515477,62.31431970216287,0.08293653099724115,0.6907772375545993,0.2262862314481596
amos_0118,CT,FOV-A,stomach,5,-12.292371974625219,65.20300185571672,-44.95698915287302,12.292371974625219,65.20300185571672,44.95698915287302,80.14776811272222,0.023522773219420753,0.6618389388938104,0.31463828788676873
amos_0118,CT,FOV-A,aorta,51,-1.6573557743862253,53.07647696652838,-6.192427954197413,1.6573557743862253,53.07647696652838,6.192427954197413,53.46218663045157,0.0009610324588831904,0.9856227994878367,0.01341616805328021
amos_0118,CT,FOV-A,inferior_vena_cava,62,3.358717156645241,48.01548419819089,-32.30354423958926,3.358717156645241,48.01548419819089,32.30354423958926,57.9679797316084,0.0033571483722141427,0.6860982250450954,0.31054462658269033
amos_0118,CT,FOV-A,pancreas,6,-17.74218362214701,51.03945409442085,-22.88675299022854,17.74218362214701,51.03945409442085,22.88675299022854,58.682317748826264,0.09141124458801039,0.7564801279346864,0.15210862747730303
amos_0118,CT,FOV-A,adrenal_gland_right,7,-2.1255348097423052,42.88693739271365,-13.93938713234688,2.1255348097423052,42.88693739271365,13.93938713234688,45.14547386814545,0.0022167055654750455,0.9024468551259017,0.0953364393086234
amos_0118,CT,FOV-A,adrenal_gland_left,8,-8.300146014865387,49.90162448197694,-7.0895716582598745,8.300146014865387,49.90162448197694,7.0895716582598745,51.08156787047484,0.026402376957697083,0.9543351716658213,0.019262451376481606
amos_0118,CT,FOV-A,duodenum,18,-7.087577847707735,59.354504077365696,-24.036608752931144,7.087577847707735,59.354504077365696,24.036608752931144,64.42786256239474,0.012101751673351008,0.8487111625983337,0.13918708572831504
amos_0118,CT,FOV-A,urinary_bladder,20,3.6020998772411374,69.28818119733862,-17.675333807232164,3.6020998772411374,69.28818119733862,17.675333807232164,71.59779746862283,0.0025311167398552174,0.9365241860341521,0.06094469722599283
amos_0118,CT,FOV-A,prostate,21,-20.953806380763012,79.80517119218824,-60.97679588605885,20.953806380763012,79.80517119218824,60.97679588605885,102.59676889350395,0.04171175720389168,0.6050547849450743,0.35323345785103405
amos_0113,CT,FOV-A,spleen,0,2.5464364705931075,37.298565831649825,-28.04863969057402,2.5464364705931075,37.298565831649825,28.04863969057402,46.73749608492443,0.002968484652225619,0.63687379926709,0.3601577160806844
amos_0113,CT,FOV-A,kidney_right,1,3.1192103569440945,62.95301929056967,-64.03237038076082,3.1192103569440945,62.95301929056967,64.03237038076082,89.84963309679478,0.0012051933104509757,0.49090845523562104,0.5078863514539281
amos_0113,CT,FOV-A,kidney_left,2,-6.2486993639971615,48.8918870775984,-36.39292756880661,6.2486993639971615,48.8918870775984,36.39292756880661,61.26914429611904,0.010401491804449308,0.6367808147583813,0.3528176934371694
amos_0113,CT,FOV-A,gallbladder,3,17.816647383642255,43.89260528844737,5.28329112173094,17.816647383642255,43.89260528844737,5.28329112173094,47.6645244188741,0.1397209215126186,0.8479928509032122,0.012286227584169135
amos_0113,CT,FOV-A,esophagus,14,4.025107299790656,37.609985036306114,-20.278158292183775,4.025107299790656,37.609985036306114,20.278158292183775,42.917550803009014,0.008795996835101221,0.767956218544773,0.22324778462012573
amos_0113,CT,FOV-A,liver,4,6.3355128234093385,37.252133765962554,-12.622231380000983,6.3355128234093385,37.252133765962554,12.622231380000983,39.83943922626212,0.02528931786152432,0.8743309943428401,0.10037968779563554
amos_0113,CT,FOV-A,stomach,5,13.29950493105364,43.99369078515758,-21.403287820895173,13.29950493105364,43.99369078515758,21.403287820895173,50.69933322890212,0.06881236022110751,0.7529676198506211,0.17822001992827158
amos_0113,CT,FOV-A,aorta,51,9.848797343870391,40.19182503481454,-9.508171606036285,9.848797343870391,40.19182503481454,9.508171606036285,42.45923852401981,0.05380492124805222,0.8960475402477924,0.050147538504155424
amos_0113,CT,FOV-A,inferior_vena_cava,62,1.413250487731677,39.692460387796004,-15.587966132388146,1.413250487731677,39.692460387796004,15.587966132388146,42.66700571545077,0.0010971195550631132,0.8654295260683053,0.13347335437663158
amos_0113,CT,FOV-A,pancreas,6,7.36300264500059,49.05790225578653,-15.866175272785881,7.36300264500059,49.05790225578653,15.866175272785881,52.08288681971606,0.01998572083895023,0.8872129067072207,0.09280137245382902
amos_0113,CT,FOV-A,adrenal_gland_right,7,3.735175531624339,43.80386218401327,-40.00725624441907,3.735175531624339,43.80386218401327,40.00725624441907,59.44165568601434,0.003948573590037535,0.5430539942279509,0.4529974321820117
amos_0113,CT,FOV-A,adrenal_gland_left,8,0.4423401813128436,41.27311731681982,-30.057269018149952,0.4423401813128436,41.27311731681982,30.057269018149952,51.059820786146645,7.505060731549219e-05,0.6533952479359473,0.34652970145673734
amos_0113,CT,FOV-A,duodenum,18,4.3768164326541275,55.57564930065419,-21.1832500148696,4.3768164326541275,55.57564930065419,21.1832500148696,59.636728602992044,0.005386281421037751,0.8684432953338546,0.1261704232451076
amos_0113,CT,FOV-A,urinary_bladder,20,-15.08881163627097,18.883527245969262,-17.136621678056386,15.08881163627097,18.883527245969262,17.136621678056386,29.629776245880795,0.2593303405021321,0.4061715448219706,0.33449811467589713
amos_0113,CT,FOV-A,prostate,21,-21.03719804896348,12.23830849469914,-6.319179200793002,21.03719804896348,12.23830849469914,6.319179200793002,25.145017843192573,0.6999578600885521,0.23688572830882929,0.06315641160261863
amos_0115,CT,FOV-A,kidney_right,1,-12.918397187593854,30.022615613230897,-13.643860539082937,12.918397187593854,30.022615613230897,13.643860539082937,35.417472588627675,0.1330399685223721,0.7185581488936972,0.14840188258393092
amos_0115,CT,FOV-A,kidney_left,2,4.530412028357212,33.44235727231782,-35.00561873318662,4.530412028357212,33.44235727231782,35.00561873318662,48.62416308759729,0.008681027352274223,0.4730308721527535,0.5182881004949722
amos_0115,CT,FOV-A,gallbladder,3,8.758134871776534,17.59898674389899,-29.600453451555552,8.758134871776534,17.59898674389899,29.600453451555552,35.53330980055007,0.0607507904463403,0.24530364620864614,0.6939455633450133
amos_0115,CT,FOV-A,esophagus,14,5.1333993570809096,39.04969386831931,-25.12938126151414,5.1333993570809096,39.04969386831931,25.12938126151414,46.71954818654897,0.012072934249295978,0.6986151489858752,0.28931191676482887
amos_0115,CT,FOV-A,liver,4,-3.8527540860673355,23.752633884838218,-20.940541727691993,3.8527540860673355,23.752633884838218,20.940541727691993,31.8988654714252,0.014587877420761218,0.5544636446701806,0.4309484779090581
amos_0115,CT,FOV-A,stomach,5,21.2421619446612,35.94944999583605,-27.719171290594772,21.2421619446612,35.94944999583605,27.719171290594772,50.119306221491755,0.17963349911252932,0.5144869927588466,0.3058795081286242
amos_0115,CT,FOV-A,aorta,51,7.153726163102213,33.83937165522849,-19.404221240385084,7.153726163102213,33.83937165522849,19.404221240385084,39.65857629798561,0.032537964782988094,0.7280653148437819,0.23939672037323
amos_0115,CT,FOV-A,inferior_vena_cava,62,2.8638691130193124,29.31811231379737,-23.38358499626662,2.8638691130193124,29.31811231379737,23.38358499626662,37.610444071009965,0.005798149495964804,0.6076522159864541,0.386549634517581
amos_0115,CT,FOV-A,pancreas,6,0.7821243857664548,18.98118806701649,-28.34324374848353,0.7821243857664548,18.98118806701649,28.34324374848353,34.12091272484091,0.0005254245658115204,0.30946070075168514,0.6900138746825032
amos_0115,CT,FOV-A,adrenal_gland_right,7,-6.300988087836259,37.32214027027507,-22.824853442964127,6.300988087836259,37.32214027027507,22.824853442964127,44.19975723835974,0.020322519504999352,0.7130062117469697,0.266671268748031
amos_0115,CT,FOV-A,adrenal_gland_left,8,12.279392036130412,26.033723831176758,-30.7974219008064,12.279392036130412,26.033723831176758,30.7974219008064,42.15470840880332,0.08485189598684462,0.38139975335591625,0.5337483506572389
amos_0115,CT,FOV-A,duodenum,18,9.084850400957784,18.977489730671323,-46.39615782400355,9.084850400957784,18.977489730671323,46.39615782400355,50.943920973118715,0.031801735738556526,0.1387691071860454,0.8294291570753978
amos_0115,CT,FOV-A,urinary_bladder,20,14.179359482088618,38.93890725065401,-34.67836009447891,14.179359482088618,38.93890725065401,34.67836009447891,54.0359268638901,0.06885698709215383,0.5192808523006028,0.41186216060724323
amos_0115,CT,FOV-A,prostate,21,-4.221711462683864,69.96395384854853,-60.31018866264775,4.221711462683864,69.96395384854853,60.31018866264775,92.46673208414012,0.002084520050263659,0.5725028733761569,0.4254126065735797
amos_0127,CT,FOV-A,spleen,0,-0.569033808169678,37.00681234380897,-22.051818094522332,0.569033808169678,37.00681234380897,22.051818094522332,43.0826025281509,0.00017445052453104508,0.7378354123373799,0.26199013713808905
amos_0127,CT,FOV-A,kidney_right,1,-3.8042066372931345,31.073617969784006,-2.123067325717102,3.8042066372931345,31.073617969784006,2.123067325717102,31.377525981836687,0.014699101953541818,0.980722746787854,0.004578151258604025
amos_0127,CT,FOV-A,kidney_left,2,9.342844286331108,22.31232769914964,8.775007951428734,9.342844286331108,22.31232769914964,8.775007951428734,25.731876559250544,0.13183031891399835,0.7518770708189344,0.11629261026706722
amos_0127,CT,FOV-A,gallbladder,3,-26.746265993706437,35.21908175501208,-0.5781051686267347,26.746265993706437,35.21908175501208,0.5781051686267347,44.22760076986219,0.36571229174199316,0.6341168535529107,0.00017085470509616195
amos_0127,CT,FOV-A,esophagus,14,2.662013084295584,32.28684413833142,-3.8395405954895523,2.662013084295584,32.28684413833142,3.8395405954895523,32.62313121173808,0.006658387799205895,0.9794897793674847,0.013851832833309222
amos_0127,CT,FOV-A,liver,4,-14.012453496128867,38.22459320782209,-15.940712661143607,14.012453496128867,38.22459320782209,15.940712661143607,43.72155874428309,0.10271576260181162,0.7643538736127116,0.13293036378547674
amos_0127,CT,FOV-A,stomach,5,-3.505814331944208,20.9558579924089,-10.726737987851948,3.505814331944208,20.9558579924089,10.726737987851948,23.801294632605586,0.02169584968849575,0.7751928042165842,0.20311134609491996
amos_0127,CT,FOV-A,aorta,51,3.735447180343712,34.105993858706306,1.7973212156618956,3.735447180343712,34.105993858706306,1.7973212156618956,34.35698977325456,0.011821020987216168,0.9854423168333285,0.002736662179455322
amos_0127,CT,FOV-A,inferior_vena_cava,62,-1.8469488600704551,36.33170249943217,-10.68701859884277,1.8469488600704551,36.33170249943217,10.68701859884277,37.915909498928976,0.0023728308765681647,0.9181815096506701,0.0794456594727617
amos_0127,CT,FOV-A,pancreas,6,-10.418653718732358,34.47237522634509,-5.458326073619901,10.418653718732358,34.47237522634509,5.458326073619901,36.42370550318495,0.08181914855316934,0.8957239051296646,0.022456946317165813
amos_0127,CT,FOV-A,adrenal_gland_right,7,-0.6366429683916692,36.89621857305368,-16.495759253408323,0.6366429683916692,36.89621857305368,16.495759253408323,40.42086506503987,0.00024807367811392403,0.833206231101968,0.16654569521991794
amos_0127,CT,FOV-A,adrenal_gland_left,8,1.6192204099761938,31.83011160566506,-11.023834259155592,1.6192204099761938,31.83011160566506,11.023834259155592,33.72392031390345,0.0023053444808170233,0.8908410351550126,0.10685362036417032
amos_0127,CT,FOV-A,duodenum,18,-10.870778814311604,31.207670265029268,-15.359280863070467,10.870778814311604,31.207670265029268,15.359280863070467,36.44173464629751,0.08898631768918791,0.7333724892673193,0.17764119304349296
amos_0127,CT,FOV-A,urinary_bladder,20,1.2671545077175246,28.575260139888343,-6.07326294727136,1.2671545077175246,28.575260139888343,6.07326294727136,29.240993407123153,0.001877910542215624,0.9549840976480786,0.04313799180970576
amos_0127,CT,FOV-A,prostate,21,-14.560710660604837,47.46792002580989,-42.79732028067383,14.560710660604837,47.46792002580989,42.79732028067383,65.55019717533358,0.04934204433728775,0.5243875826970915,0.42627037296562076
amos_0116,CT,FOV-A,spleen,0,2.653692249317899,18.530810519498328,-19.7632485756601,2.653692249317899,18.530810519498328,19.7632485756601,27.221664448137087,0.009503241358769465,0.4634036798070971,0.5270930788341336
amos_0116,CT,FOV-A,kidney_right,1,14.676446685414199,38.66748174711347,-27.696020617711838,14.676446685414199,38.66748174711347,27.696020617711838,49.775915762845365,0.08693673483252314,0.6034666313266065,0.3095966338408706
amos_0116,CT,FOV-A,kidney_left,2,-0.1688457672608905,36.267236969706936,-28.458832498350148,0.1688457672608905,36.267236969706936,28.458832498350148,46.100391901578774,1.3414395948222767e-05,0.6188988920843892,0.38108769351966276
amos_0116,CT,FOV-A,gallbladder,3,9.025564906073235,31.385275860682633,-47.752293164051935,9.025564906073235,31.385275860682633,47.752293164051935,57.85134281199054,0.024340074291150725,0.29432354955737916,0.6813363761514701
amos_0116,CT,FOV-A,esophagus,14,5.382908318765347,33.71657371736804,6.844790580327754,5.382908318765347,33.71657371736804,6.844790580327754,34.822897686658564,0.023894841403522972,0.9374693045514405,0.03863585404503638
amos_0116,CT,FOV-A,liver,4,7.28161267266902,36.141104343240364,-29.24205469799881,7.28161267266902,36.141104343240364,29.24205469799881,47.05633930964579,0.023945222148037668,0.5898839236772263,0.38617085417473607
amos_0116,CT,FOV-A,stomach,5,-6.889244871906335,21.73215102138117,-13.938621144306353,6.889244871906335,21.73215102138117,13.938621144306353,26.72140045592129,0.06646986735589237,0.6614347344359107,0.2720953982081969
amos_0116,CT,FOV-A,aorta,51,4.4039496235320215,37.07133243788207,-20.037083039718937,4.4039496235320215,37.07133243788207,20.037083039718937,42.36936579354437,0.010803905039443446,0.765548068870029,0.2236480260905275
amos_0116,CT,FOV-A,inferior_vena_cava,62,2.4303270022081467,41.1924039431464,-35.81805210795278,2.4303270022081467,41.1924039431464,35.81805210795278,54.64113367016671,0.0019782903005643453,0.5683225293902007,0.42969918030923504
amos_0116,CT,FOV-A,pancreas,6,9.447570962193588,41.473868139569106,-34.13822427988157,9.447570962193588,41.473868139569106,34.13822427988157,54.54133013163086,0.030004671410570165,0.5782260252675904,0.39176930332183946
amos_0116,CT,FOV-A,adrenal_gland_right,7,1.7602468878222552,35.92242508328866,-20.713014074887724,1.7602468878222552,35.92242508328866,20.713014074887724,41.50359074871801,0.0017987707890152072,0.7491347643872045,0.24906646482378014
amos_0116,CT,FOV-A,adrenal_gland_left,8,3.6689945931235997,39.35675638268391,-22.92125307718902,3.6689945931235997,39.35675638268391,22.92125307718902,45.69244616913006,0.006447707474571925,0.7419075305769574,0.25164476194847074
amos_0116,CT,FOV-A,duodenum,18,-1.8882373704977127,35.70124417521846,-46.63358336783426,1.8882373704977127,35.70124417521846,46.63358336783426,58.76083196952425,0.0010326123262202147,0.36913976419155237,0.6298276234822274
amos_0116,CT,FOV-A,urinary_bladder,20,-2.8806381071248808,41.57644663596875,11.886642375777456,2.8806381071248808,41.57644663596875,11.886642375777456,43.33810399345368,0.004418120822355574,0.9203540415509875,0.0752278376266569
amos_0116,CT,FOV-A,prostate,21,-4.285220971826722,21.241489717592078,-32.31186227350986,4.285220971826722,21.241489717592078,32.31186227350986,38.905275320735406,0.01213191775011327,0.29809380950401104,0.6897742727458757
amos_0121,CT,FOV-B,spleen,0,12.02559889652629,38.22281042253334,-6.239988907757379,12.02559889652629,38.22281042253334,6.239988907757379,40.55287569317363,0.0879366902445933,0.8883864379611421,0.02367687179426463
amos_0121,CT,FOV-B,kidney_right,1,-2.932932810038068,30.86674712972047,14.380907013295882,2.932932810038068,30.86674712972047,14.380907013295882,34.1784824087227,0.007363743921995221,0.8155980477708623,0.1770382083071427
amos_0121,CT,FOV-B,kidney_left,2,9.116436321339329,34.26881791851708,-3.29515806402992,9.116436321339329,34.26881791851708,3.29515806402992,35.61347159995012,0.06552719595821792,0.9259118161593027,0.008560987882479472
amos_0121,CT,FOV-B,gallbladder,3,3.8016550265033686,39.98476818900396,-28.649175736005418,3.8016550265033686,39.98476818900396,28.649175736005418,49.335682202858436,0.005937766764016641,0.6568510360749283,0.33721119716105497
amos_0121,CT,FOV-B,esophagus,14,19.59514904062076,38.16143000273855,-8.877104557865778,19.59514904062076,38.16143000273855,8.877104557865778,43.80716369624192,0.20008147065950038,0.7588553663251059,0.04106316301539359
amos_0121,CT,FOV-B,liver,4,1.37709287377956,39.77450475418035,-13.758333328747085,1.37709287377956,39.77450475418035,13.758333328747085,42.10937365015351,0.001069470719048712,0.8921790035320646,0.1067515257488867
amos_0121,CT,FOV-B,stomach,5,11.180323635460397,29.280018288595024,-29.43636696502176,11.180323635460397,29.280018288595024,29.43636696502176,42.99789306086425,0.06761053926692204,0.46371200218331654,0.46867745854976134
amos_0121,CT,FOV-B,aorta,51,13.459860479689734,37.64673273056632,0.59028859113414,13.459860479689734,37.64673273056632,0.59028859113414,39.984906777935976,0.11331540117494704,0.8864666589973575,0.00021793982769534298
amos_0121,CT,FOV-B,inferior_vena_cava,62,4.513908252348141,35.318934372158104,9.57268314280168,4.513908252348141,35.318934372158104,9.57268314280168,36.870567604091846,0.014988073297868712,0.9176045042013014,0.06740742250082989
amos_0121,CT,FOV-B,pancreas,6,-4.641402366045101,37.792720932538266,-12.955359936882132,4.641402366045101,37.792720932538266,12.955359936882132,40.2203147986489,0.013317033975308881,0.8829282046290908,0.10375476139560026
amos_0121,CT,FOV-B,adrenal_gland_right,7,2.271844678216702,37.21142344866439,9.164652817540855,2.271844678216702,37.21142344866439,9.164652817540855,38.390652177109615,0.003501920579385653,0.9395103892089558,0.05698769021165863
amos_0121,CT,FOV-B,adrenal_gland_left,8,1.8452589306385008,36.005476612206465,3.40710973521891,1.8452589306385008,36.005476612206465,3.40710973521891,36.21336387773264,0.0025964316516500913,0.9885517089752416,0.008851859373108447
amos_0121,CT,FOV-B,duodenum,18,-6.976898538619491,31.734483993531448,-11.171303319690423,6.976898538619491,31.734483993531448,11.171303319690423,34.359170615927574,0.04123248129303241,0.8530559923521404,0.10571152635482703
amos_0121,CT,FOV-B,urinary_bladder,20,33.23025056716165,29.260917864799147,-18.144440881934997,33.23025056716165,29.260917864799147,18.144440881934997,47.850513079432105,0.4822742055274324,0.37394066186424496,0.14378513260832262
amos_0121,CT,FOV-B,prostate,21,18.977845138380665,30.702477352423212,-18.753746346251774,18.977845138380665,30.702477352423212,18.753746346251774,40.67559125190402,0.2176837688178039,0.5697431212016769,0.21257310998051912
amos_0126,CT,FOV-B,spleen,0,9.186817906401131,25.257168674058377,0.009100382620772507,9.186817906401131,25.257168674058377,0.009100382620772507,26.876053941979134,0.1168420608209349,0.8831578245253064,1.1465375865368252e-07
amos_0126,CT,FOV-B,kidney_right,1,6.409321038442883,34.55470691033399,-1.2582219727944448,6.409321038442883,34.55470691033399,1.2582219727944448,35.166607575450506,0.03321720608650719,0.9655026653738608,0.0012801285396320339
amos_0126,CT,FOV-B,kidney_left,2,3.5578886603183832,36.268085368096735,-19.236875900662426,3.5578886603183832,36.268085368096735,19.236875900662426,41.207887380988865,0.007454594191351007,0.7746197374094181,0.21792566839923086
amos_0126,CT,FOV-B,gallbladder,3,9.782466682319104,31.65362666382066,30.59457211997392,9.782466682319104,31.65362666382066,30.59457211997392,45.0963033802939,0.04705598490891345,0.49268014960289275,0.46026386548819387
amos_0126,CT,FOV-B,esophagus,14,11.894248756572484,19.389113733663933,25.46447991383343,11.894248756572484,19.389113733663933,25.46447991383343,34.14455479490409,0.12134758158234228,0.322457889747645,0.5561945286700125
amos_0126,CT,FOV-B,liver,4,20.94810077551557,17.124493597572993,19.434396135156476,20.94810077551557,17.124493597572993,19.434396135156476,33.31316496841241,0.39541898599780473,0.26424311723708604,0.34033789676510895
amos_0126,CT,FOV-B,stomach,5,10.900998033269971,33.69170164728946,55.30002528159525,10.900998033269971,33.69170164728946,55.30002528159525,65.66624181538333,0.027558031950850284,0.2632458716759394,0.7091960963732103
amos_0126,CT,FOV-B,aorta,51,3.450485402355901,18.866444998794943,4.265033132749522,3.450485402355901,18.866444998794943,4.265033132749522,19.647877850492584,0.030841045343974804,0.9220380608562675,0.04712089379975768
amos_0126,CT,FOV-B,inferior_vena_cava,62,2.6164968631981402,29.029368671602555,0.0640398056457343,2.6164968631981402,29.029368671602555,0.0640398056457343,29.147116536694547,0.008058407814444953,0.9919367648352457,4.827350309221104e-06
amos_0126,CT,FOV-B,pancreas,6,-8.32085459920874,38.53722279167351,11.23291583238256,8.32085459920874,38.53722279167351,11.23291583238256,40.9942991140676,0.04119921441284244,0.8837183973540017,0.07508238823315601
amos_0126,CT,FOV-B,adrenal_gland_right,7,7.254002315971682,32.7113548627932,8.800018472425108,7.254002315971682,32.7113548627932,8.800018472425108,34.642367293167624,0.043847037504591485,0.8916243920891758,0.06452857040623292
amos_0126,CT,FOV-B,adrenal_gland_left,8,4.902641921400448,37.833155908849506,-11.136239424995665,4.902641921400448,37.833155908849506,11.136239424995665,39.741658399765036,0.015218378341361223,0.9062607436843749,0.07852087797426406
amos_0126,CT,FOV-B,duodenum,18,-0.2344266727510842,23.91752269981984,-2.0424986679147423,0.2344266727510842,23.91752269981984,2.0424986679147423,24.00572116745773,9.536401612402627e-05,0.9926653780756203,0.007239257908255643
amos_0126,CT,FOV-B,urinary_bladder,20,2.2789371883186886,49.66254096113839,-10.657055792249821,2.2789371883186886,49.66254096113839,10.657055792249821,50.84421665818223,0.002009007645182985,0.9540579420719182,0.04393305028289883
amos_0126,CT,FOV-B,prostate,21,5.205299881016929,22.93962538704117,-17.54077488223038,5.205299881016929,22.93962538704117,17.54077488223038,29.342807350664028,0.03146937984953715,0.6111802591516907,0.3573503609987719
amos_0124,CT,FOV-A,spleen,0,-3.9946126644478994,34.69425853124946,16.627298784231584,3.9946126644478994,34.69425853124946,16.627298784231584,38.67965318138533,0.010665573339692227,0.8045445144630895,0.1847899121972183
amos_0124,CT,FOV-A,kidney_right,1,-20.796063369206372,60.603681432721324,7.869292504162672,20.796063369206372,60.603681432721324,7.869292504162672,64.55391714970432,0.10378081173043394,0.8813589362120339,0.014860252057532072
amos_0124,CT,FOV-A,kidney_left,2,-14.180262078890948,48.76102056702176,26.590054851108164,14.180262078890948,48.76102056702176,26.590054851108164,57.32144429747468,0.06119758242976873,0.7236212709715575,0.21518114659867385
amos_0124,CT,FOV-A,gallbladder,3,18.540892377917054,54.200907785657385,3.575524521539762,18.540892377917054,54.200907785657385,3.575524521539762,57.395883742329204,0.10435175838214138,0.8917674705198988,0.0038807710979598844
amos_0124,CT,FOV-A,esophagus,14,9.972929319235586,49.70388229092967,3.610073381186055,9.972929319235586,49.70388229092967,3.610073381186055,50.82290688080139,0.03850582912773219,0.9564485680987584,0.0050456027735091965
amos_0124,CT,FOV-A,liver,4,10.682751951923194,38.62288012877746,-3.123492050117875,10.682751951923194,38.62288012877746,3.123492050117875,40.19457999899217,0.07063684591597769,0.92332442119573,0.006038732888292275
amos_0124,CT,FOV-A,stomach,5,-15.206790156822109,37.872865730163966,35.71109075716947,15.206790156822109,37.872865730163966,35.71109075716947,54.22990345331112,0.0786316598814899,0.4877291063007846,0.43363923381772546
amos_0124,CT,FOV-A,aorta,51,4.317492226117388,54.058182395123346,-5.399566828524371,4.317492226117388,54.058182395123346,5.399566828524371,54.49846919797572,0.006276167438090077,0.9839075006570132,0.009816331904896707
amos_0124,CT,FOV-A,inferior_vena_cava,62,-2.8640445502947887,58.570372624520324,9.059244098886836,2.8640445502947887,58.570372624520324,9.059244098886836,59.33600259711172,0.0023298232144451196,0.9743599041248562,0.023310272660698805
amos_0124,CT,FOV-A,pancreas,6,-3.973766025635115,51.86658621981959,25.734733805632004,3.973766025635115,51.86658621981959,25.734733805632004,58.036282673610394,0.0046881922228321805,0.7986861510953978,0.19662565668177
amos_0124,CT,FOV-A,adrenal_gland_right,7,-5.074635823956108,64.30036283438666,4.195735721062306,5.074635823956108,64.30036283438666,4.195735721062306,64.63662110306007,0.006163855813170656,0.9896224893287725,0.004213654858056903
amos_0124,CT,FOV-A,adrenal_gland_left,8,-10.016400368421216,62.14401535855399,8.695375549561106,10.016400368421216,62.14401535855399,8.695375549561106,63.54381541245858,0.024847161060366305,0.9564274817136785,0.018725357225955207
amos_0124,CT,FOV-A,duodenum,18,4.513180779203328,52.93406216488617,15.396032697665476,4.513180779203328,52.93406216488617,15.396032697665476,55.31203811874399,0.0066577293585246755,0.9158642839982174,0.077477986643258
amos_0124,CT,FOV-A,urinary_bladder,20,-28.215178633115393,41.628005036990885,-9.468756289679504,28.215178633115393,41.628005036990885,9.468756289679504,51.17269246709318,0.3040108419383659,0.6617510828907051,0.0342380751709291
amos_0124,CT,FOV-A,prostate,21,-26.9184591106546,48.25343214142777,-2.988924644507051,26.9184591106546,48.25343214142777,2.988924644507051,55.33471627152253,0.23664918717669087,0.7604331536593467,0.0029176591639621845
amos_0119,CT,FOV-B,spleen,0,-6.141047458530721,22.975006254661974,3.4760560568331584,6.141047458530721,22.975006254661974,3.4760560568331584,24.03427431814678,0.06528642379584428,0.9137959924998897,0.020917583704265802
amos_0119,CT,FOV-B,kidney_right,1,-1.5722479459425358,24.636748164808523,7.083895120904344,1.5722479459425358,24.636748164808523,7.083895120904344,25.683124689641815,0.0037475406427922675,0.920176309554279,0.07607614980292882
amos_0119,CT,FOV-B,kidney_left,2,0.20459959365715008,34.11762319902937,11.429360157066412,0.20459959365715008,34.11762319902937,11.429360157066412,35.981722406585945,3.233297275164221e-05,0.8990702754214416,0.10089739160580662
amos_0119,CT,FOV-B,gallbladder,3,17.48155004875231,35.11789573338729,10.866674617771196,17.48155004875231,35.11789573338729,10.866674617771196,40.70572208052089,0.18443738224329237,0.7442966150492316,0.07126600270747596
amos_0119,CT,FOV-B,esophagus,14,2.5074266954134536,30.89973498536868,49.5300410521354,2.5074266954134536,30.89973498536868,49.5300410521354,58.43206121150534,0.0018414251806156347,0.2796450243206024,0.7185135504987822
amos_0119,CT,FOV-B,liver,4,4.709848979786983,24.665700527495193,0.452935751862924,4.709848979786983,24.665700527495193,0.452935751862924,25.11542575230993,0.0351668018455423,0.9645079670187751,0.0003252311356828019
amos_0119,CT,FOV-B,stomach,5,5.898022526596783,39.78028058022838,-20.904198297586618,5.898022526596783,39.78028058022838,20.904198297586618,45.32375645542591,0.016934058643829037,0.7703425547359914,0.21272338662017923
amos_0119,CT,FOV-B,aorta,51,4.690368348941826,34.93233242016221,-2.6314683049081395,4.690368348941826,34.93233242016221,2.6314683049081395,35.34391077683972,0.01761102755862527,0.9768456890398048,0.005543283401570142
amos_0119,CT,FOV-B,inferior_vena_cava,62,0.3941594701061675,32.25785060216083,-0.9862160834400129,0.3941594701061675,32.25785060216083,0.9862160834400129,32.27532973220317,0.00014914289030139131,0.9989171669407717,0.0009336901689267673
amos_0119,CT,FOV-B,pancreas,6,1.3812768273400486,30.195418260784614,-3.2596072522701434,1.3812768273400486,30.195418260784614,3.2596072522701434,30.402240855840276,0.0020641928123089404,0.9864405323232763,0.011495274864414557
amos_0119,CT,FOV-B,adrenal_gland_right,7,-5.624423672894501,39.0204185700361,2.576810192116909,5.624423672894501,39.0204185700361,2.576810192116909,39.5078113516711,0.02026703008910707,0.9754789558950174,0.004254014015875432
amos_0119,CT,FOV-B,adrenal_gland_left,8,0.7962068322595659,41.10934672207186,0.3524563268863403,0.7962068322595659,41.10934672207186,0.3524563268863403,41.11856707981954,0.000374952157079482,0.9995515736746814,7.347416823937498e-05
amos_0119,CT,FOV-B,duodenum,18,6.363598212879573,33.2794804401351,-3.175524299200788,6.363598212879573,33.2794804401351,3.175524299200788,34.030914697596856,0.03496699066460987,0.9563257067691829,0.008707302566207095
amos_0119,CT,FOV-B,urinary_bladder,20,-2.6028538902702607,30.92831038455345,-31.467499636882167,2.6028538902702607,30.92831038455345,31.467499636882167,44.19885479302095,0.0034679876823660405,0.4896551839022,0.5068768284154339
amos_0119,CT,FOV-B,prostate,21,1.3381899254260112,36.5814884102642,-0.8805432744334212,1.3381899254260112,36.5814884102642,0.8805432744334212,36.61654548213083,0.00133561341810005,0.9980860952666248,0.0005782913152749677
amos_0129,CT,FOV-B,spleen,0,14.147506245974824,60.129652205564426,2.918407975894752,14.147506245974824,60.129652205564426,2.918407975894752,61.84047309372561,0.05233764558281971,0.9454352201487309,0.0022271342684493808
amos_0129,CT,FOV-B,kidney_right,1,-2.326026608486586,56.829366714932064,-10.919923877147085,2.326026608486586,56.829366714932064,10.919923877147085,57.91573239186657,0.0016130069980397287,0.9628364600026128,0.03555053299934762
amos_0129,CT,FOV-B,kidney_left,2,7.8943984222873524,52.661160120738685,-7.751393664824263,7.8943984222873524,52.661160120738685,7.751393664824263,53.81081132503922,0.021522811486232047,0.9577270735545501,0.020750114959217945
amos_0129,CT,FOV-B,esophagus,14,14.567326277089405,49.27628329747547,14.984270440856335,14.567326277089405,49.27628329747547,14.984270440856335,53.5246434002223,0.07407166895165393,0.8475558419102933,0.07837248913805266
amos_0129,CT,FOV-B,liver,4,15.318944832669537,48.42575819526184,-19.031608241440836,15.318944832669537,48.42575819526184,19.031608241440836,54.239526545020844,0.07976748961595008,0.7971151774774125,0.12311733290663751
amos_0129,CT,FOV-B,stomach,5,3.7105826344282775,48.96550698075788,-8.47913477738939,3.7105826344282775,48.96550698075788,8.47913477738939,49.83256991108028,0.00554443946392453,0.9655036980313898,0.028951862504685677
amos_0129,CT,FOV-B,aorta,51,10.641042427355774,52.42932759739077,-6.02167249937952,10.641042427355774,52.42932759739077,6.02167249937952,53.83610977722193,0.039067984750595273,0.9484211621801848,0.012510853069219873
amos_0129,CT,FOV-B,inferior_vena_cava,62,9.135929818408558,53.60044141836845,-10.772881397793526,9.135929818408558,53.60044141836845,10.772881397793526,55.43038433478303,0.027165001271136323,0.935063172983587,0.03777182574527669
amos_0129,CT,FOV-B,pancreas,6,14.365198375443372,54.93126593516159,-9.25736551934483,14.365198375443372,54.93126593516159,9.25736551934483,57.528268859440225,0.06235347250183332,0.9117517482649123,0.02589477923325428
amos_0129,CT,FOV-B,adrenal_gland_right,7,4.29856344031457,51.911862441363624,2.078056117195729,4.29856344031457,51.911862441363624,2.078056117195729,52.130964186438014,0.006799158514222507,0.9916118446669602,0.001588996818817502
amos_0129,CT,FOV-B,adrenal_gland_left,8,8.577733729758819,50.16937221426444,-0.1676354481526232,8.577733729758819,50.16937221426444,0.1676354481526232,50.89765737198058,0.028402039936536075,0.9715871124017814,1.0847661682286719e-05
amos_0129,CT,FOV-B,duodenum,18,-2.635774272500374,50.9927575750623,-24.27272139329898,2.635774272500374,50.9927575750623,24.27272139329898,56.5364805675182,0.0021734962207128994,0.8135035581159475,0.1843229456633394
amos_0129,CT,FOV-B,urinary_bladder,20,0.40824302235665133,46.16435754784597,-6.8594345317289935,0.40824302235665133,46.16435754784597,6.8594345317289935,46.672973038641345,7.650795768997652e-05,0.9783238925304277,0.02159959951188241
amos_0129,CT,FOV-B,prostate,21,-2.070490813051651,49.24868170557586,-5.354844373494643,2.070490813051651,49.24868170557586,5.354844373494643,49.58219378172371,0.0017437938390654662,0.986592347982893,0.011663858178041421
amos_0133,CT,FOV-B,spleen,0,-12.67666342064227,44.83576602418964,-22.81108898943438,12.67666342064227,44.83576602418964,22.81108898943438,51.87763960840954,0.0597103343944752,0.746945254846945,0.19334441075857975
amos_0133,CT,FOV-B,kidney_right,1,-5.501715681756238,22.342450272147033,6.732826246827955,5.501715681756238,22.342450272147033,6.732826246827955,23.97467223709682,0.05266122157253934,0.8684728434143038,0.078865935013157
amos_0133,CT,FOV-B,kidney_left,2,-16.231849338448818,39.96221172160469,-19.24822437149362,16.231849338448818,39.96221172160469,19.24822437149362,47.23288515519481,0.11809922744511492,0.7158303098718348,0.16607046268305
amos_0133,CT,FOV-B,gallbladder,3,9.51613234577362,41.934258479246765,5.500251894282201,9.51613234577362,41.934258479246765,5.500251894282201,43.35079676231007,0.0481866549020515,0.9357153796604998,0.016097965437448652
amos_0133,CT,FOV-B,esophagus,14,2.305459948147046,42.9057430940516,-10.21374003092447,2.305459948147046,42.9057430940516,10.21374003092447,44.16490033323495,0.002724963278894944,0.943792119249503,0.053482917471601936
amos_0133,CT,FOV-B,liver,4,-2.081740275127487,38.80592319988024,-15.0085805011079,2.081740275127487,38.80592319988024,15.0085805011079,41.65922234783467,0.0024970703137933425,0.8677082411760894,0.12979468851011722
amos_0133,CT,FOV-B,stomach,5,-5.306660418342808,43.011014035802944,-7.899604056973459,5.306660418342808,43.011014035802944,7.899604056973459,44.051239681087246,0.014511968437247195,0.9533296355602501,0.03215839600250282
amos_0133,CT,FOV-B,aorta,51,-6.203696542138346,46.52001265237257,4.0575435717545645,6.203696542138346,46.52001265237257,4.0575435717545645,47.10691125302667,0.017343303885827378,0.9752374952966749,0.00741920081749759
amos_0133,CT,FOV-B,inferior_vena_cava,62,-6.9518483855603534,43.965506742552975,8.121677151300531,6.9518483855603534,43.965506742552975,8.121677151300531,45.24660892105889,0.023606332072416795,0.9441741252664473,0.03221954266113606
amos_0133,CT,FOV-B,pancreas,6,3.605639084739922,47.39271217547541,-4.831381287521168,3.605639084739922,47.39271217547541,4.831381287521168,47.774596237982685,0.005696006220210782,0.9840769862640505,0.010227007515738722
amos_0133,CT,FOV-B,adrenal_gland_right,7,-8.730258656015948,43.13190147780091,-8.02079688637815,8.730258656015948,43.13190147780091,8.02079688637815,44.73154953703481,0.03809134751204685,0.9297567147728694,0.03215193771508383
amos_0133,CT,FOV-B,adrenal_gland_left,8,-10.460027553809326,38.2164630758307,-10.383075314219639,10.460027553809326,38.2164630758307,10.383075314219639,40.95996190712998,0.06521486039981629,0.8705262938508317,0.06425884574935205
amos_0133,CT,FOV-B,duodenum,18,6.729642697797601,42.4456495222654,-7.6087184283856,6.729642697797601,42.4456495222654,7.6087184283856,43.644173154379544,0.023775599296586052,0.9458316165935959,0.030392784109818036
amos_0133,CT,FOV-B,urinary_bladder,20,3.9468276260760646,27.52569015706213,15.145818154180859,3.9468276260760646,27.52569015706213,15.145818154180859,31.664441799786374,0.01553648056067043,0.7556710090145285,0.22879251042480128
amos_0133,CT,FOV-B,prostate,21,-4.924808177945199,51.49738639422591,-38.4797595045697,4.924808177945199,51.49738639422591,38.4797595045697,64.47423076357936,0.005834535679922297,0.6379667402018512,0.35619872411822634
amos_0125,CT,FOV-B,spleen,0,-9.880733593254504,31.37087432551354,-37.63820912276742,9.880733593254504,31.37087432551354,37.63820912276742,49.983951807127106,0.039076638888266076,0.39390552067036316,0.5670178404413708
amos_0125,CT,FOV-B,kidney_right,1,-0.6093152696038118,34.034480498941036,-43.12276938201575,0.6093152696038118,34.034480498941036,43.12276938201575,54.93896947618407,0.0001230050964673936,0.3837754894151536,0.6161015054883789
amos_0125,CT,FOV-B,kidney_left,2,-11.549737384546525,39.797241510103305,-21.6791559430942,11.549737384546525,39.797241510103305,21.6791559430942,46.767538612487165,0.060989516706227376,0.7241306235949053,0.21487985969886736
amos_0125,CT,FOV-B,gallbladder,3,3.899543335133771,23.706179163203913,-29.10019860452428,3.899543335133771,23.706179163203913,29.10019860452428,37.73606931787234,0.010678596581142188,0.3946479058834016,0.5946734975354562
amos_0125,CT,FOV-B,esophagus,14,-1.0665749533134599,34.266310263888414,-19.70724103604141,1.0665749533134599,34.266310263888414,19.70724103604141,39.543557635659624,0.0007274971283095994,0.7509019073962547,0.2483705954754357
amos_0125,CT,FOV-B,liver,4,-3.828867186542631,29.97588789778591,-42.34081214713075,3.828867186542631,29.97588789778591,42.34081214713075,52.01882786522035,0.005417756476930864,0.3320649119501277,0.6625173315729413
amos_0125,CT,FOV-B,stomach,5,-8.890369330438652,34.49910586709642,-21.460899636801173,8.890369330438652,34.49910586709642,21.460899636801173,41.5908305481098,0.04569244734923129,0.6880507816066093,0.26625677104415946
amos_0125,CT,FOV-B,aorta,51,1.8564597206619369,38.208634621194875,-24.87595505296116,1.8564597206619369,38.208634621194875,24.87595505296116,45.63068421695379,0.0016552252388868799,0.701146992015705,0.29719778274540815
amos_0125,CT,FOV-B,inferior_vena_cava,62,-1.4001741045006817,38.647746185191835,-56.25333356836012,1.4001741045006817,38.647746185191835,56.25333356836012,68.26453186151001,0.0004207012961637773,0.32052219779509267,0.6790571009087437
amos_0125,CT,FOV-B,pancreas,6,-19.799327594418227,24.196523623872096,-24.10248130301642,19.799327594418227,24.196523623872096,24.10248130301642,39.476761944642156,0.25154624422536437,0.37568417626249206,0.37276957951214373
amos_0125,CT,FOV-B,adrenal_gland_right,7,-5.493688061279968,44.55376690738194,-27.48536467344485,5.493688061279968,44.55376690738194,27.48536467344485,52.63709742552511,0.010892915286062068,0.7164485218889167,0.27265856282502116
amos_0125,CT,FOV-B,adrenal_gland_left,8,-6.523653535482861,48.780553215954,-35.60165032178037,6.523653535482861,48.780553215954,35.60165032178037,60.74189602852271,0.011534667710569473,0.6449362000681494,0.34352913222128084
amos_0125,CT,FOV-B,duodenum,18,-21.37200724920242,20.277921688974132,-49.481020650124265,21.37200724920242,20.277921688974132,49.481020650124265,57.58756989543969,0.1377314503944209,0.12399077607063144,0.7382777735349476
amos_0125,CT,FOV-B,urinary_bladder,20,0.8781492900747079,32.32183716118976,18.055081166942117,0.8781492900747079,32.32183716118976,18.055081166942117,37.03320482479196,0.000562281914351838,0.7617447706961044,0.2376929473895435
amos_0125,CT,FOV-B,prostate,21,-19.9134778993907,28.43235063098723,-29.29246017959092,19.9134778993907,28.43235063098723,29.29246017959092,45.42018700782551,0.1922190368566506,0.39185707873516723,0.41592388440818234
amos_0138,CT,FOV-A,spleen,0,3.1781585597175734,41.06107106123116,-25.614689382331562,3.1781585597175734,41.06107106123116,25.614689382331562,48.49973773825494,0.004294101847056725,0.716773213271959,0.2789326848809841
amos_0138,CT,FOV-A,kidney_right,1,11.196793016951816,40.927192632585985,-10.14346028404566,11.196793016951816,40.927192632585985,10.14346028404566,43.62674703875219,0.06586908589368584,0.8800720889844064,0.054058825121907704
amos_0138,CT,FOV-A,kidney_left,2,10.887359605728307,36.86955924213309,2.4004088053761734,10.887359605728307,36.86955924213309,2.4004088053761734,38.518319801446864,0.07989331953464394,0.9162230691909453,0.003883611274410926
amos_0138,CT,FOV-A,gallbladder,3,-16.31729203929006,46.32463901638233,-23.687083292335046,16.31729203929006,46.32463901638233,23.687083292335046,54.528012199158965,0.08954819596378802,0.7217466150236777,0.18870518901253425
amos_0138,CT,FOV-A,esophagus,14,3.3998322228997635,35.3090210733097,-14.343634417751446,3.3998322228997635,35.3090210733097,14.343634417751446,38.26258847241519,0.007895257117783076,0.8515745243230826,0.1405302185591346
amos_0138,CT,FOV-A,liver,4,-9.634002277565934,44.096068934260394,-21.314245010575178,9.634002277565934,44.096068934260394,21.314245010575178,49.91567224539823,0.037251146214626815,0.7804155258730961,0.18233332791227713
amos_0138,CT,FOV-A,stomach,5,6.23383866287714,32.171888422626765,-39.42604208953003,6.23383866287714,32.171888422626765,39.42604208953003,51.26698688237998,0.014785483453510974,0.39380164042347376,0.5914128761230153
amos_0138,CT,FOV-A,aorta,51,7.374396206084707,30.39733314367669,-2.648991891974447,7.374396206084707,30.39733314367669,2.648991891974447,31.391029605537444,0.05518763886016972,0.9376912110882144,0.007121150051615885
amos_0138,CT,FOV-A,inferior_vena_cava,62,7.636125477029578,37.77560025596271,-10.07905230587221,7.636125477029578,37.77560025596271,10.07905230587221,39.835834149465704,0.03674500248394067,0.8992385504709683,0.06401644704509094
amos_0138,CT,FOV-A,pancreas,6,-1.5344604353596374,27.928939974290387,-23.71515737383379,1.5344604353596374,27.928939974290387,23.71515737383379,36.67136411671787,0.0017508835378003977,0.5800357671757552,0.4182133492864442
amos_0138,CT,FOV-A,adrenal_gland_right,7,6.797471852750434,30.33555603140445,-2.9170779687251525,6.797471852750434,30.33555603140445,2.9170779687251525,31.22436432017528,0.04739228239810444,0.9438798356548025,0.008727881947093155
amos_0138,CT,FOV-A,adrenal_gland_left,8,8.911586610401205,30.941120024372196,2.7990314178603057,8.911586610401205,30.941120024372196,2.7990314178603057,32.32033200874424,0.07602535168387947,0.9164746024427469,0.0075000458733735596
amos_0138,CT,FOV-A,duodenum,18,11.009535129005943,33.78609277132603,-30.895627709042856,11.009535129005943,33.78609277132603,30.895627709042856,47.08768140443147,0.054666761965362874,0.514827014808606,0.43050622322603144
amos_0138,CT,FOV-A,urinary_bladder,20,-14.082729005007058,34.82936816884721,-17.3185302955319,14.082729005007058,34.82936816884721,17.3185302955319,41.368340973102015,0.11588772455673287,0.7088510441327471,0.17526123131051985
amos_0138,CT,FOV-A,prostate,21,20.592357791524364,59.07021820640274,-49.02324612506209,20.592357791524364,59.07021820640274,49.02324612506209,79.4771321765236,0.06713172013199604,0.5523988613530137,0.38046941851499033
amos_0134,CT,FOV-B,spleen,0,-3.258250112457276,58.9248997819045,59.15071038988276,3.258250112457276,58.9248997819045,59.15071038988276,83.55576908706306,0.0015206033950616292,0.49733018951686836,0.5011492070880699
amos_0134,CT,FOV-B,kidney_right,1,-7.017661783922982,37.05834209957092,42.3383598092646,7.017661783922982,37.05834209957092,42.3383598092646,56.70189597730499,0.015317564060850164,0.4271464589800106,0.5575359769591391
amos_0134,CT,FOV-B,kidney_left,2,-7.03235307979358,35.12712925600982,33.62737946705329,7.03235307979358,35.12712925600982,33.62737946705329,49.13420244013838,0.020484884214169666,0.5111136691813637,0.46840144660446664
amos_0134,CT,FOV-B,gallbladder,3,-9.96193694511679,40.802359298313775,31.570189277776308,9.96193694511679,40.802359298313775,31.570189277776308,52.54283550629712,0.03594682727727751,0.6030364168470167,0.3610167558757058
amos_0134,CT,FOV-B,esophagus,14,3.462144068388863,34.19055006984612,51.91546752248223,3.462144068388863,34.19055006984612,51.91546752248223,62.25910313927468,0.0030923208697917004,0.30158272107172923,0.695324958058479
amos_0134,CT,FOV-B,liver,4,-12.39010716308588,50.33591786438958,43.862660219990175,12.39010716308588,50.33591786438958,43.862660219990175,67.90546623312173,0.03329205891478815,0.5494731984645642,0.41723474262064747
amos_0134,CT,FOV-B,stomach,5,-4.199738368602972,41.36383296067855,34.733305460492375,4.199738368602972,41.36383296067855,34.733305460492375,54.17570477414671,0.006009458389086827,0.582951483361098,0.4110390582498152
amos_0134,CT,FOV-B,aorta,51,2.7696115181770757,36.01821740842591,31.690852127412427,2.7696115181770757,36.01821740842591,31.690852127412427,48.05510214122716,0.0033216869782645452,0.561778896896988,0.4348994161247476
amos_0134,CT,FOV-B,inferior_vena_cava,62,-6.330473674312506,35.705162670209354,48.58214584269376,6.330473674312506,35.705162670209354,48.58214584269376,60.62308498359385,0.010904263767816818,0.34688535598461717,0.642210380247566
amos_0134,CT,FOV-B,pancreas,6,-4.685356688333545,41.01872964657574,41.59712699777606,4.685356688333545,41.01872964657574,41.59712699777606,58.607249752781385,0.006391203316496992,0.48984843913357073,0.5037603575499322
amos_0134,CT,FOV-B,adrenal_gland_right,7,-11.633925077982479,50.711971025529124,43.26775047294109,11.633925077982479,50.711971025529124,43.26775047294109,67.6694203389013,0.029557494174401087,0.5616115989056623,0.4088309069199365
amos_0134,CT,FOV-B,adrenal_gland_left,8,-0.18821697902005496,38.9502944552393,37.31289207667783,0.18821697902005496,38.9502944552393,37.31289207667783,53.93897272758208,1.2176213512317876e-05,0.5214541742405752,0.47853364954591243
amos_0134,CT,FOV-B,duodenum,18,-23.483957865255835,34.90199242533969,33.2622638858802,23.483957865255835,34.90199242533969,33.2622638858802,53.628570287576295,0.19175652327610135,0.423553233699009,0.38469024302488974
amos_0141,CT,FOV-A,spleen,0,-8.414577679180638,71.3937023157233,-17.233693528121876,8.414577679180638,71.3937023157233,17.233693528121876,73.92473226523252,0.012956423267177502,0.9326963721680788,0.05434720456474359
amos_0141,CT,FOV-A,kidney_right,1,-6.11404787123351,64.23515825168123,-38.11613911431573,6.11404787123351,64.23515825168123,38.11613911431573,74.94249260581165,0.006655817452081408,0.7346649646516501,0.2586792178962688
amos_0141,CT,FOV-A,kidney_left,2,2.58095148821959,71.94219421545623,-17.358440233344027,2.58095148821959,71.94219421545623,17.358440233344027,74.05171211021081,0.001214757180942422,0.943837331483428,0.054947911335629596
amos_0141,CT,FOV-A,gallbladder,3,10.951911862733922,45.691959574565146,-30.869370308252655,10.951911862733922,45.691959574565146,30.869370308252655,56.219370028850534,0.03794966361088785,0.6605529222931972,0.3014974140959151
amos_0141,CT,FOV-A,esophagus,14,9.730561811802083,48.855781795106196,-15.842429671336276,9.730561811802083,48.855781795106196,15.842429671336276,52.27383500256669,0.034650308541667015,0.8735006030654205,0.09184908839291245
amos_0141,CT,FOV-A,liver,4,14.263536014193505,39.3460210173393,-16.14448029438745,14.263536014193505,39.3460210173393,16.14448029438745,44.857575430477354,0.10110737003377683,0.7693607865155412,0.12953184345068192
amos_0141,CT,FOV-A,stomach,5,13.139818946598062,62.0888180175774,-27.240140565260845,13.139818946598062,62.0888180175774,27.240140565260845,69.06302500458831,0.036198249459520125,0.8082311618930255,0.1555705886474546
amos_0141,CT,FOV-A,aorta,51,2.073951551037677,55.412458464906564,-8.45351124659419,2.073951551037677,55.412458464906564,8.45351124659419,56.091921704977636,0.0013670883273701195,0.9759199571546364,0.022712954517993503
amos_0141,CT,FOV-A,inferior_vena_cava,62,-0.14430211396005888,48.2838632916051,-2.7124490029095796,0.14430211396005888,48.2838632916051,2.7124490029095796,48.360207371928105,8.903670462264738e-06,0.9968451822691121,0.0031459140604255644
amos_0141,CT,FOV-A,pancreas,6,9.787829732603035,54.30102305272658,-17.582032454529553,9.787829732603035,54.30102305272658,17.582032454529553,57.9096760540007,0.02856738847898686,0.8792527855748569,0.0921798259461563
amos_0141,CT,FOV-A,adrenal_gland_right,7,-4.791160819498586,43.584008230017375,-16.28146912365719,4.791160819498586,43.584008230017375,16.28146912365719,46.771863681246685,0.01049330138437759,0.8683303590421154,0.12117633957350726
amos_0141,CT,FOV-A,adrenal_gland_left,8,9.381454258131953,54.63491735417365,-12.374832714438298,9.381454258131953,54.63491735417365,12.374832714438298,56.79896445363366,0.027280950346669143,0.9252513880214002,0.0474676616319306
amos_0141,CT,FOV-A,duodenum,18,-4.326342620162173,52.747993443717974,-28.02279032036904,4.326342620162173,52.747993443717974,28.02279032036904,59.88609880552343,0.005219029779207087,0.7758179829645905,0.21896298725620253
amos_0141,CT,FOV-A,urinary_bladder,20,0.522020874402763,82.89221175971164,-25.565673994788995,0.522020874402763,82.89221175971164,25.565673994788995,86.74672883180102,3.621341870014123e-05,0.9131060956432994,0.0868576909380006
amos_0141,CT,FOV-A,prostate,21,-0.07705655069865003,60.140019248738696,-13.33957337316292,0.07705655069865003,60.140019248738696,13.33957337316292,61.60172132926696,1.5647084712609566e-06,0.9531064969981629,0.04689193829336599
amos_0135,CT,FOV-A,spleen,0,27.270134204942195,53.22194864670527,18.927344959693755,27.270134204942195,53.22194864670527,18.927344959693755,62.72543682216439,0.18901103559160318,0.719936436865089,0.09105252754330773
amos_0135,CT,FOV-A,kidney_right,1,27.646095770611694,45.51867826722985,27.964874375572208,27.646095770611694,45.51867826722985,27.964874375572208,60.15223089291828,0.21123415347501642,0.5726322562537561,0.21613359027122744
amos_0135,CT,FOV-A,kidney_left,2,24.61657216963365,48.13129151671758,29.37171320010384,24.61657216963365,48.13129151671758,29.37171320010384,61.52474611698277,0.16008678950377936,0.6120055635288797,0.2279076469673408
amos_0135,CT,FOV-A,gallbladder,3,33.61630847150005,46.133930809720326,-10.208870969646114,33.61630847150005,46.133930809720326,10.208870969646114,57.98807475405604,0.33606451697172685,0.6329414530065283,0.030994030021744706
amos_0135,CT,FOV-A,esophagus,14,17.604726617379526,43.62515137128654,15.496096885738552,17.604726617379526,43.62515137128654,15.496096885738552,49.52988239570665,0.12633508505478194,0.7757812881493287,0.09788362679588927
amos_0135,CT,FOV-A,liver,4,19.862136903137994,66.3065126020448,8.015234216628414,19.862136903137994,66.3065126020448,8.015234216628414,69.6799976704329,0.08125230443678073,0.9055159792764917,0.01323171628672754
amos_0135,CT,FOV-A,stomach,5,32.433173708742515,88.09822626605373,-6.891756575070758,32.433173708742515,88.09822626605373,6.891756575070758,94.13131538832492,0.11871637886809867,0.8759232901905962,0.005360330941305212
amos_0135,CT,FOV-A,aorta,51,17.930445955198152,54.41261581020056,19.21370613167437,17.930445955198152,54.41261581020056,19.21370613167437,60.42681652027609,0.08804866038356263,0.810848615273403,0.10110272434303444
amos_0135,CT,FOV-A,inferior_vena_cava,62,20.419848440508854,60.50052095839393,0.7688220510312931,20.419848440508854,60.50052095839393,0.7688220510312931,63.85823622616402,0.10225185383112964,0.8976031963009367,0.00014494986793383072
amos_0135,CT,FOV-A,pancreas,6,42.84547392685917,66.68676895970994,8.114781159691347,42.84547392685917,66.68676895970994,8.114781159691347,79.67878929534875,0.28915083396872815,0.7004770307733094,0.010372135257962543
amos_0135,CT,FOV-A,adrenal_gland_right,7,18.003406382059197,63.490558353916384,20.45579582231062,18.003406382059197,63.490558353916384,20.45579582231062,69.09133971905374,0.06789880665576443,0.8444444094629876,0.08765678388124795
amos_0135,CT,FOV-A,adrenal_gland_left,8,19.96701409047224,67.77206555987293,23.023394921755198,19.96701409047224,67.77206555987293,23.023394921755198,74.30889069057575,0.07220124605385572,0.831801862509603,0.09599689143654097
amos_0135,CT,FOV-A,duodenum,18,24.183189215552645,55.98313059458849,3.979260733814499,24.183189215552645,55.98313059458849,3.979260733814499,61.112781541946276,0.15658964724471483,0.8391705984408987,0.00423975431438639
amos_0135,CT,FOV-A,urinary_bladder,20,34.09734250594444,37.36628987783682,10.34331481447407,34.09734250594444,37.36628987783682,10.34331481447407,51.63189466360434,0.43611893218578585,0.5237497554167487,0.04013131239746547
amos_0135,CT,FOV-A,prostate,21,30.864267897912228,30.751686788600217,19.278347996477578,30.864267897912228,30.751686788600217,19.278347996477578,47.64371915259718,0.4196629682293823,0.4166070101412403,0.16373002162937758
amos_0147,CT,FOV-A,spleen,0,9.62555265157431,18.92379972990942,-27.940523779368277,9.62555265157431,18.92379972990942,27.940523779368277,35.0917986021149,0.07523849356512734,0.2908073843209463,0.6339541221139263
amos_0147,CT,FOV-A,kidney_right,1,0.8849697646879591,68.02501720379803,-56.71236917093847,0.8849697646879591,68.02501720379803,56.71236917093847,88.56906318823883,9.9837285433508e-05,0.5898929671030002,0.41000719561156623
amos_0147,CT,FOV-A,kidney_left,2,4.235737949589719,65.26707769159405,-46.948593593313035,4.235737949589719,65.26707769159405,46.948593593313035,80.51026857965537,0.002767933277891255,0.6571821890131125,0.34004987770899614
amos_0147,CT,FOV-A,gallbladder,3,-18.828714074253796,56.73164699166258,-36.09592248343483,18.828714074253796,56.73164699166258,36.09592248343483,69.8277585492099,0.07270848873890899,0.6600769701841922,0.26721454107689885
amos_0147,CT,FOV-A,esophagus,14,2.9043517155051966,49.99251742282374,-27.393373771208644,2.9043517155051966,49.99251742282374,27.393373771208644,57.07962844770308,0.0025890243865679986,0.7670925030642521,0.2303184725491798
amos_0147,CT,FOV-A,liver,4,-7.554902582932002,49.80491917233844,-39.63295875605172,7.554902582932002,49.80491917233844,39.63295875605172,64.09662975975924,0.01389272208643521,0.6037735588178675,0.38233371909569747
amos_0147,CT,FOV-A,stomach,5,-26.92639483271587,28.882013152735567,-34.60438534672835,26.92639483271587,28.882013152735567,34.60438534672835,52.50395135289311,0.2630101093066547,0.30260140847542094,0.43438848221792425
amos_0147,CT,FOV-A,aorta,51,7.302156710394366,56.57309352906776,-21.839219414406443,7.302156710394366,56.57309352906776,21.839219414406443,61.08017606967414,0.014292287293732338,0.857865681397531,0.1278420313087366
amos_0147,CT,FOV-A,inferior_vena_cava,62,-4.2186583910839275,59.68759998120001,-30.62139262413666,4.2186583910839275,59.68759998120001,30.62139262413666,67.21663749681281,0.003939083188698125,0.7885235464174017,0.2075373703939
amos_0147,CT,FOV-A,pancreas,6,-8.414787246171379,56.316110414858024,-47.61269595307613,8.414787246171379,56.316110414858024,47.61269595307613,74.22453605497903,0.01285260902933651,0.5756656556501323,0.41148173532053106
amos_0147,CT,FOV-A,adrenal_gland_right,7,-4.296025976176107,62.622096043397335,-36.5584357788382,4.296025976176107,62.622096043397335,36.5584357788382,72.63953454319416,0.0034977413564232546,0.7432058073197951,0.2532964513237815
amos_0147,CT,FOV-A,adrenal_gland_left,8,11.454264597692728,58.149927714559404,-44.96813026018776,11.454264597692728,58.149927714559404,44.96813026018776,74.39588032801046,0.023704819252285972,0.6109428465716091,0.3653523341761051
amos_0147,CT,FOV-A,duodenum,18,-14.519756491440173,67.92030571877996,-49.202891091690844,14.519756491440173,67.92030571877996,49.202891091690844,85.11707084530131,0.02909948657326388,0.6367455590340599,0.33415495439267606
amos_0147,CT,FOV-A,urinary_bladder,20,-9.185976958490594,45.90160284692999,-53.543111408198456,9.185976958490594,45.90160284692999,53.543111408198456,71.12105240974688,0.016682239601762683,0.416542532484529,0.5667752279137084
amos_0147,CT,FOV-A,prostate,21,-1.1719564008517498,51.44584717888466,-38.77397887143616,1.1719564008517498,51.44584717888466,38.77397887143616,64.43190289973772,0.00033084227241937246,0.6375272183126318,0.36214193941494865
amos_0152,CT,FOV-A,spleen,0,-10.509566397475353,76.75683761980201,11.099544537043357,10.509566397475353,76.75683761980201,11.099544537043357,78.26405941545204,0.018032039755962802,0.9618545562960704,0.020113403947966558
amos_0152,CT,FOV-A,kidney_right,1,-16.975966665781506,54.58998578621921,3.2983773178229967,16.975966665781506,54.58998578621921,3.2983773178229967,57.26368207955257,0.08788413605066213,0.9087981256157279,0.0033177383336098413
amos_0152,CT,FOV-A,kidney_left,2,-7.645198778065833,54.622433390777786,9.09323993326393,7.645198778065833,54.622433390777786,9.09323993326393,55.899430286631734,0.018705219120344917,0.9548327886483681,0.02646199223128703
amos_0152,CT,FOV-A,gallbladder,3,21.840724152816527,49.84870448879472,45.83200189663353,21.840724152816527,49.84870448879472,45.83200189663353,71.15112766909338,0.09422594297692667,0.4908447800480014,0.4149292769750719
amos_0152,CT,FOV-A,esophagus,14,2.0726384075429207,47.147776264594775,1.1726189302619332,2.0726384075429207,47.147776264594775,1.1726189302619332,47.20787722213653,0.0019276054216592195,0.9974553950135518,0.0006169995647888354
amos_0152,CT,FOV-A,liver,4,24.411354982004717,37.97492083986093,8.190304460795232,24.411354982004717,37.97492083986093,8.190304460795232,45.881259267937196,0.2830825597205369,0.6850513021619835,0.031866138117479514
amos_0152,CT,FOV-A,stomach,5,13.59803753447104,65.70069818390024,17.654636013050776,13.59803753447104,65.70069818390024,17.654636013050776,69.37704619969162,0.03841677115082517,0.8968263474599238,0.06475688138925098
amos_0152,CT,FOV-A,aorta,51,-11.881539274508196,49.800755428736124,-0.7741771609883017,11.881539274508196,49.800755428736124,0.7741771609883017,51.204351056146265,0.053843301669662766,0.9459281031986042,0.00022859513173306058
amos_0152,CT,FOV-A,inferior_vena_cava,62,-5.845003182000106,38.30987633598426,6.121118993361051,5.845003182000106,38.30987633598426,6.121118993361051,39.23364353213812,0.022194850299244243,0.9534638165382995,0.024341333162456427
amos_0152,CT,FOV-A,pancreas,6,15.10735469857705,53.49065487539312,15.86828210126805,15.10735469857705,53.49065487539312,15.86828210126805,57.80384677365737,0.06830671024933875,0.8563323434932747,0.0753609462573866
amos_0152,CT,FOV-A,adrenal_gland_right,7,-13.50633746403636,43.90896414247426,11.664840621177518,13.50633746403636,43.90896414247426,11.664840621177518,47.39711795536724,0.08120285971228039,0.8582276736456732,0.060569466642046384
amos_0152,CT,FOV-A,adrenal_gland_left,8,-9.818955694079438,54.832806952526596,3.0120276257982823,9.818955694079438,54.832806952526596,3.0120276257982823,55.78638650812505,0.030979481007324134,0.9661053654196458,0.002915153573029941
amos_0152,CT,FOV-A,duodenum,18,4.2949309278102135,46.010685774774814,18.92207665642468,4.2949309278102135,46.010685774774814,18.92207665642468,49.934703585095384,0.00739788226073595,0.8490093248494904,0.1435927928897736
amos_0152,CT,FOV-A,urinary_bladder,20,0.7643494377568074,82.19255772669375,-2.439394047456517,0.7643494377568074,82.19255772669375,2.439394047456517,82.23230155503158,8.639706903846465e-05,0.9990336103147043,0.0008799926162572012
amos_0152,CT,FOV-A,prostate,21,-1.801408821414053,61.70823130342423,0.7103252020697255,1.801408821414053,61.70823130342423,0.7103252020697255,61.738605800839636,0.0008513554773364226,0.9990162710959956,0.00013237342666799792
amos_0143,CT,FOV-B,spleen,0,0.009917067676013858,17.10892856966356,-24.368198551563523,0.009917067676013858,17.10892856966356,24.368198551563523,29.774563570244048,1.1093682828346375e-07,0.330183082321449,0.6698168067417226
amos_0143,CT,FOV-B,kidney_right,1,0.9612647879492471,35.725824175339255,-2.569183766935339,0.9612647879492471,35.725824175339255,2.569183766935339,35.83098168105488,0.0007197284233660385,0.9941389718294893,0.005141299747144382
amos_0143,CT,FOV-B,kidney_left,2,2.963012032876321,31.961187562935805,0.373006041191843,2.963012032876321,31.961187562935805,0.373006041191843,32.10040629410939,0.0085201211809138,0.9913448549113519,0.00013502390773445952
amos_0143,CT,FOV-B,gallbladder,3,16.860521067333345,30.090419056175534,-7.913990938942163,16.860521067333345,30.090419056175534,7.913990938942163,35.388440799502625,0.2269964827316876,0.7229922060820874,0.050011311186224976
amos_0143,CT,FOV-B,esophagus,14,1.7079483341039237,26.902084216199597,12.650757025844484,1.7079483341039237,26.902084216199597,12.650757025844484,29.777187174318822,0.0032898955992831593,0.816214891685256,0.18049521271546104
amos_0143,CT,FOV-B,liver,4,6.3410741386734415,39.02249907119548,-14.122671774842445,6.3410741386734415,39.02249907119548,14.122671774842445,41.98112091230458,0.022814849136987152,0.8640166217895844,0.11316852907342843
amos_0143,CT,FOV-B,stomach,5,-24.235573367670288,25.41283426637058,13.770329375369101,24.235573367670288,25.41283426637058,13.770329375369101,37.719983205403224,0.41282274389652207,0.45390318160192766,0.13327407450155013
amos_0143,CT,FOV-B,aorta,51,1.7114841787857404,32.032213875766985,3.650908566373829,1.7114841787857404,32.032213875766985,3.650908566373829,32.28499709210355,0.0028102455861374826,0.9844018197144409,0.01278793469942154
amos_0143,CT,FOV-B,inferior_vena_cava,62,3.9540973164422333,42.39776576419342,-20.92789751928558,3.9540973164422333,42.39776576419342,20.92789751928558,47.446626033481316,0.006945188506222796,0.798500647530641,0.1945541639631363
amos_0143,CT,FOV-B,pancreas,6,-16.30260517102891,40.39811037215533,-1.447895100542496,16.30260517102891,40.39811037215533,1.447895100542496,43.587597516099436,0.13989047897963539,0.8590060820116667,0.0011034390086977874
amos_0143,CT,FOV-B,adrenal_gland_right,7,2.867023204897073,38.09184945614746,-10.212140008640517,2.867023204897073,38.09184945614746,10.212140008640517,39.54107510682146,0.005257332794391687,0.928041017722135,0.06670164948347347
amos_0143,CT,FOV-B,adrenal_gland_left,8,1.6283697204892533,34.209121580340025,-10.571798867116115,1.6283697204892533,34.209121580340025,10.571798867116115,35.84241228672882,0.0020640089394789018,0.9109391823846184,0.08699680867590283
amos_0143,CT,FOV-B,duodenum,18,-4.430079259950176,46.424783936445266,-1.4461578308101934,4.430079259950176,46.424783936445266,1.4461578308101934,46.65809188411674,0.009015068784341565,0.9900242541141029,0.0009606771015555833
amos_0137,CT,FOV-A,spleen,0,-12.320512935991374,30.003508371124596,39.98123440246741,12.320512935991374,30.003508371124596,39.98123440246741,51.483052142691754,0.05727024042457078,0.33963740146005705,0.6030923581153722
amos_0137,CT,FOV-A,kidney_right,1,-21.627063876110924,46.0365288281487,30.525788716305442,21.627063876110924,46.0365288281487,30.525788716305442,59.32044887893945,0.13291875615442925,0.6022770063879782,0.2648042374575924
amos_0137,CT,FOV-A,kidney_left,2,-11.940383925561036,47.21126295600434,31.39018132063802,11.940383925561036,47.21126295600434,31.39018132063802,57.938066946812405,0.042472573809052026,0.6639925925369587,0.2935348336539892
amos_0137,CT,FOV-A,gallbladder,3,14.788694176571568,33.028984434534905,43.69417265080642,14.788694176571568,33.028984434534905,43.69417265080642,56.73446934504095,0.0679462764515001,0.33891941368087963,0.5931343098676201
amos_0137,CT,FOV-A,esophagus,14,-9.056231282649382,31.784516841826193,15.594751613494964,9.056231282649382,31.784516841826193,15.594751613494964,36.54404347906474,0.061413212049438594,0.7564810098497117,0.18210577810084963
amos_0137,CT,FOV-A,liver,4,-7.875493588518928,23.42096017038378,36.42623039675982,7.875493588518928,23.42096017038378,36.42623039675982,44.01630420064065,0.032013150442140974,0.28312762247837525,0.6848592270794835
amos_0137,CT,FOV-A,stomach,5,-17.715814965013692,24.860895673855687,33.80153000708788,17.715814965013692,24.860895673855687,33.80153000708788,45.54621460012898,0.1512926030067849,0.2979401046898693,0.5507672923033455
amos_0137,CT,FOV-A,aorta,51,-12.204780311475002,39.992373839542985,9.479031612604558,12.204780311475002,39.992373839542985,9.479031612604558,42.87421915424101,0.08103403894121855,0.8700854772064459,0.04888048385233537
amos_0137,CT,FOV-A,inferior_vena_cava,62,-16.992547414897132,37.98987764686139,11.608398173840897,16.992547414897132,37.98987764686139,11.608398173840897,43.20569846019687,0.1546802695602034,0.7731321423060709,0.07218758813372592
amos_0137,CT,FOV-A,pancreas,6,-9.960357478310188,41.03828953648747,32.39532766642651,9.960357478310188,41.03828953648747,32.39532766642651,53.22412219841155,0.035021346197995795,0.594513180324018,0.3704654734779864
amos_0137,CT,FOV-A,adrenal_gland_right,7,-16.916533890888278,39.41952120914734,31.606706971458834,16.916533890888278,39.41952120914734,31.606706971458834,53.28275233900416,0.1007974314811324,0.5473301715847995,0.351872396934068
amos_0137,CT,FOV-A,adrenal_gland_left,8,-15.089023137534102,47.24913243084778,27.381090083076288,15.089023137534102,47.24913243084778,27.381090083076288,56.65583137551129,0.07093049902833486,0.6955020965879067,0.23356740438375848
amos_0137,CT,FOV-A,duodenum,18,-12.672702619375396,40.13879648639391,34.101906545445445,12.672702619375396,40.13879648639391,34.101906545445445,54.172505988643046,0.05472435290999967,0.5489980989221054,0.396277548167895
amos_0137,CT,FOV-A,urinary_bladder,20,-17.51892767411823,36.79214539793763,25.190503042977753,17.51892767411823,36.79214539793763,25.190503042977753,47.907580124571524,0.13372314130449875,0.5897959098411573,0.2764809488543438
amos_0137,CT,FOV-A,prostate,21,-14.92879957846003,36.58644922244686,22.21114126882526,14.92879957846003,36.58644922244686,22.21114126882526,45.329594306856784,0.10846412343340586,0.6514436582344237,0.24009221833217045
amos_0131,CT,FOV-A,spleen,0,-23.244281750081527,80.15052234450584,-68.79985472017995,23.244281750081527,80.15052234450584,68.79985472017995,108.1564740350395,0.04618779407233957,0.5491710979353506,0.40464110799230973
amos_0131,CT,FOV-A,kidney_right,1,-12.634265908716486,53.87558390323588,-48.318146420794164,12.634265908716486,53.87558390323588,48.318146420794164,73.46323222883723,0.029577397719664555,0.5378286276175299,0.43259397466280547
amos_0131,CT,FOV-A,kidney_left,2,-7.712141108596612,67.1968408418872,-54.71324354121498,7.712141108596612,67.1968408418872,54.71324354121498,86.99673303296582,0.007858579418984372,0.5966117793736186,0.39552964120739703
amos_0131,CT,FOV-A,gallbladder,3,-12.921104952709072,56.38241700839333,-58.6044604411415,12.921104952709072,56.38241700839333,58.6044604411415,82.34327346240616,0.024623118344143154,0.4688469799602865,0.5065299016955704
amos_0131,CT,FOV-A,esophagus,14,-1.5993144239769141,52.082888291635015,-29.607342220662815,1.5993144239769141,52.082888291635015,29.607342220662815,59.93145895768862,0.0007121279111020508,0.7552320644331878,0.24405580765571008
amos_0131,CT,FOV-A,liver,4,-0.7548082398848095,59.404947203322266,-52.061328233716665,0.7548082398848095,59.404947203322266,52.061328233716665,78.99303377619628,9.130523488124e-05,0.565545617709491,0.434363077055628
amos_0131,CT,FOV-A,stomach,5,12.408911313608304,81.17079972905383,-76.44980817274995,12.408911313608304,81.17079972905383,76.44980817274995,112.19292748784758,0.012233096471051688,0.5234421473864314,0.464324756142517
amos_0131,CT,FOV-A,aorta,51,-1.4270812174717802,59.32456591284878,-9.459340869517234,1.4270812174717802,59.32456591284878,9.459340869517234,60.09092952546931,0.0005640005615533852,0.9746558507884223,0.024780148650024324
amos_0131,CT,FOV-A,inferior_vena_cava,62,-3.9223834608396295,60.97382052521212,-87.93967238884522,3.9223834608396295,60.97382052521212,87.93967238884522,107.08210803543267,0.0013417335320049723,0.3242298473361053,0.6744284191318898
amos_0131,CT,FOV-A,pancreas,6,-2.112352746091656,66.34179743815207,-44.04333658984956,2.112352746091656,66.34179743815207,44.04333658984956,79.65871966969782,0.0007031795687314441,0.693597987254211,0.30569883317705776
amos_0131,CT,FOV-A,adrenal_gland_right,7,-7.781143933988197,56.144231600535164,-41.07662785825215,7.781143933988197,56.144231600535164,41.07662785825215,70.00007356525641,0.012356341563619078,0.6432996156287522,0.34434404280762876
amos_0131,CT,FOV-A,adrenal_gland_left,8,-11.145725590449885,58.95051416180641,-50.320714174203545,11.145725590449885,58.95051416180641,50.320714174203545,78.30430763298298,0.020260277297182088,0.5667661274268353,0.41297359527598254
amos_0131,CT,FOV-A,duodenum,18,-12.979683945718879,60.59350788396604,-53.569534474092904,12.979683945718879,60.59350788396604,53.569534474092904,81.91300517491734,0.025108601058437156,0.547200483121363,0.4276909158201997
amos_0131,CT,FOV-A,urinary_bladder,20,2.0990743885316707,22.444552297951873,2.516296161250949,2.0990743885316707,22.444552297951873,2.516296161250949,22.682499587021105,0.008563944342225207,0.9791293535918436,0.012306702065930996
amos_0131,CT,FOV-A,prostate,21,-1.3202274181334932,26.735380598382903,14.202607875424164,1.3202274181334932,26.735380598382903,14.202607875424164,30.30243631523777,0.0018982018892072315,0.7784265634900168,0.21967523462077596
amos_0149,CT,FOV-A,spleen,0,9.297950488237504,53.95523392324265,-24.500054447792536,9.297950488237504,53.95523392324265,24.500054447792536,59.982262536006004,0.024028616813599,0.809135904283231,0.16683547890317
amos_0149,CT,FOV-A,kidney_right,1,8.951781185330198,65.30204827423339,-53.69321384562818,8.951781185330198,65.30204827423339,53.69321384562818,85.0144288240102,0.011087500007202843,0.5900221620157222,0.3988903379770751
amos_0149,CT,FOV-A,kidney_left,2,-1.508267159074677,45.37321739188282,-32.42801899160145,1.508267159074677,45.37321739188282,32.42801899160145,55.79050225651195,0.000730863052302557,0.6614219594505973,0.33784717749710014
amos_0149,CT,FOV-A,gallbladder,3,-21.69022547801353,62.80468175535889,-67.3456234921075,21.69022547801353,62.80468175535889,67.3456234921075,94.6061675326703,0.05256410013759123,0.44070211948018595,0.5067337803822228
amos_0149,CT,FOV-A,esophagus,14,1.0045435428700085,57.352794586175705,-23.105942784755143,1.0045435428700085,57.352794586175705,23.105942784755143,61.84041353796047,0.00026387166810037336,0.8601305998680617,0.1396055284638381
amos_0149,CT,FOV-A,liver,4,-9.403338507586717,64.08037681746238,-45.69657311464948,9.403338507586717,64.08037681746238,45.69657311464948,79.26471007061552,0.014073573641834796,0.6535673722101749,0.33235905414799055
amos_0149,CT,FOV-A,stomach,5,-22.25236611722217,50.50909426000521,-29.907769772955135,22.25236611722217,50.50909426000521,29.907769772955135,62.77587987095902,0.12565123931528918,0.6473714528277434,0.22697730785696743
amos_0149,CT,FOV-A,aorta,51,0.9219444838826503,50.886515910998845,-15.418228544127032,0.9219444838826503,50.886515910998845,15.418228544127032,53.179030215213906,0.0003005582920104915,0.9156396844601363,0.08405975724785329
amos_0149,CT,FOV-A,inferior_vena_cava,62,6.946403273988581,48.12153489637156,-8.913190412005406,6.946403273988581,48.12153489637156,8.913190412005406,49.43055333038716,0.019748269321130357,0.9477373545918263,0.03251437608704368
amos_0149,CT,FOV-A,pancreas,6,-3.1474275154677747,52.04497461724387,-32.430561200813145,3.1474275154677747,52.04497461724387,32.430561200813145,61.402988385536815,0.002627437888184677,0.7184202843298851,0.2789522777819301
amos_0149,CT,FOV-A,adrenal_gland_right,7,3.4216817711916434,61.05405696371283,-46.69149205809731,3.4216817711916434,61.05405696371283,46.69149205809731,76.93764493720198,0.0019778869062848526,0.6297254976375574,0.3682966154561576
amos_0149,CT,FOV-A,adrenal_gland_left,8,-2.8950822779200855,46.621267388643986,-28.853759976202582,2.8950822779200855,46.621267388643986,28.853759976202582,54.90413043736943,0.0027804288515211975,0.7210379375111444,0.2761816336373343
amos_0149,CT,FOV-A,duodenum,18,-18.287295206329496,65.65220020563817,-38.42658716403071,18.287295206329496,65.65220020563817,38.42658716403071,78.23834839053984,0.05463357292262035,0.7041403349824668,0.24122609209491272
amos_0149,CT,FOV-A,urinary_bladder,20,13.802032157629322,74.61861873493864,9.807113672810601,13.802032157629322,74.61861873493864,9.807113672810601,76.51544832373263,0.032537772283649166,0.9510342477763679,0.01642797993998284
amos_0149,CT,FOV-A,prostate,21,-8.11124817896013,82.79847469573801,-50.94677296331838,8.11124817896013,82.79847469573801,50.94677296331838,97.55487396505292,0.0069131731572105734,0.7203552543617235,0.2727315724810659
amos_0156,CT,FOV-B,spleen,0,2.950569468291107,22.522726141753935,-11.085330640565417,2.950569468291107,22.522726141753935,11.085330640565417,25.27575139247726,0.013627102987247713,0.7940242426450873,0.19234865436766488
amos_0156,CT,FOV-B,kidney_right,1,-8.247283985193384,48.722472082338484,-33.371865471364345,8.247283985193384,48.722472082338484,33.371865471364345,59.62867082189171,0.019129853370349514,0.6676492624958877,0.3132208841337627
amos_0156,CT,FOV-B,kidney_left,2,4.21676258253941,42.14830428251681,-23.98582016871069,4.21676258253941,42.14830428251681,23.98582016871069,48.678334089560394,0.007503897358888744,0.7497022242983719,0.24279387834273966
amos_0156,CT,FOV-B,esophagus,14,4.818175452354739,27.99372890453585,-4.234953142425411,4.818175452354739,27.99372890453585,4.234953142425411,28.719305367450282,0.028146043751862474,0.9501094597421598,0.021744496505977557
amos_0156,CT,FOV-B,liver,4,-0.05944924039528843,37.130444134673176,-8.902315824549987,0.05944924039528843,37.130444134673176,8.902315824549987,38.1827794023733,2.4241391355936595e-06,0.9456386435069124,0.05435893235395167
amos_0156,CT,FOV-B,stomach,5,3.6858291483665084,47.14396777632102,11.58346024175853,3.6858291483665084,47.14396777632102,11.58346024175853,48.68588692196275,0.005731446308142497,0.9376615128403775,0.056607040851480134
amos_0156,CT,FOV-B,aorta,51,-2.4806611004740384,34.43668292755788,-7.768476349667708,2.4806611004740384,34.43668292755788,7.768476349667708,35.38909486471656,0.004913556598866146,0.9468991219861904,0.048187321414943494
amos_0156,CT,FOV-B,inferior_vena_cava,62,-1.4572673805007241,33.95801587252794,-9.653669188387767,1.4572673805007241,33.95801587252794,9.653669188387767,35.333607217717784,0.0017009930283483513,0.9236526064334201,0.07464640053823146
amos_0156,CT,FOV-B,pancreas,6,8.91436702787565,40.619870586184085,4.5602107129057,8.91436702787565,40.619870586184085,4.5602107129057,41.83581417508352,0.04540300229478355,0.9427154403057955,0.011881557399421245
amos_0156,CT,FOV-B,adrenal_gland_right,7,61.982096305347625,25.890491402149202,-11.61283816383002,61.982096305347625,25.890491402149202,11.61283816383002,68.16858380272731,0.8267305335242285,0.1442487450592848,0.029020721416486598
amos_0156,CT,FOV-B,adrenal_gland_left,8,-60.68770965428379,38.68260856539185,-24.03202186272165,60.68770965428379,38.68260856539185,24.03202186272165,75.87410878103485,0.6397558847594158,0.25992275430279876,0.1003213609377853
amos_0156,CT,FOV-B,duodenum,18,-5.184522405636173,42.90516173786277,-30.98014397455654,5.184522405636173,42.90516173786277,30.98014397455654,53.17425596104715,0.009506368998551696,0.6510528484947532,0.33944078250669524
amos_0156,CT,FOV-B,urinary_bladder,20,-0.14816532330925503,56.24777228387815,-22.418569188606625,0.14816532330925503,56.24777228387815,22.418569188606625,60.551020506068966,5.987564600083678e-06,0.8629144060544408,0.13707960638095923
amos_0156,CT,FOV-B,prostate,21,-4.051213012212608,52.13825744110893,-35.51744451620789,4.051213012212608,52.13825744110893,35.51744451620789,63.21628809751152,0.004106881526725471,0.6802288402379555,0.315664278235319
amos_0154,CT,FOV-A,spleen,0,0.21921997776482272,5.722865434035754,13.040659018221504,0.21921997776482272,5.722865434035754,13.040659018221504,14.242823940646542,0.00023690162893712084,0.16144881305358677,0.8383142853174761
amos_0154,CT,FOV-A,kidney_right,1,1.480942651809265,45.72505353926157,-28.186016326195613,1.480942651809265,45.72505353926157,28.186016326195613,53.73476741037269,0.0007595663832914781,0.7240985845885092,0.27514184902819927
amos_0154,CT,FOV-A,kidney_left,2,7.281475786236513,30.50425220766862,-2.9429419997317154,7.281475786236513,30.50425220766862,2.9429419997317154,31.49905077916459,0.0534372236554736,0.9378336963617911,0.008729079982735427
amos_0154,CT,FOV-A,gallbladder,3,15.400629229362387,31.109509814403655,48.35687957139646,15.400629229362387,31.109509814403655,48.35687957139646,59.52620249466036,0.06693612636908337,0.27313036266978397,0.6599335109611324
amos_0154,CT,FOV-A,esophagus,14,1.979848169781495,30.67295654679232,4.307539702029089,1.979848169781495,30.67295654679232,4.307539702029089,31.037154514893178,0.004069115115773266,0.9766691774834765,0.019261707400750148
amos_0154,CT,FOV-A,liver,4,4.690369798987568,27.253386109674857,21.889702465307778,4.690369798987568,27.253386109674857,21.889702465307778,35.26904729807674,0.017685881573466067,0.597108813028888,0.3852053053976461
amos_0154,CT,FOV-A,stomach,5,-4.282498447868647,32.18530342928203,51.87852414019221,4.282498447868647,32.18530342928203,51.87852414019221,61.20142822480091,0.0048963371444274,0.27656174153333524,0.7185419213222374
amos_0154,CT,FOV-A,aorta,51,0.6527750895627963,34.41752752065858,1.8668715088952013,0.6527750895627963,34.41752752065858,1.8668715088952013,34.474302388642606,0.0003585388099685773,0.9967089621255781,0.0029324990644533466
amos_0154,CT,FOV-A,inferior_vena_cava,62,1.2323707588003714,33.07387797794786,3.650304067368779,1.2323707588003714,33.07387797794786,3.650304067368779,33.297520357702005,0.0013698057464369673,0.9866121361750652,0.012018058078497939
amos_0154,CT,FOV-A,pancreas,6,2.064229204906705,30.943537843254408,38.28516563411722,2.064229204906705,30.943537843254408,38.28516563411722,49.26984355667366,0.0017553085562929036,0.39443692600725677,0.6038077654364505
amos_0154,CT,FOV-A,adrenal_gland_right,7,-1.2027783214910386,35.87981313298717,-22.407119010571137,1.2027783214910386,35.87981313298717,22.407119010571137,42.318868705373326,0.0008077985794680958,0.7188400178952983,0.28035218352523344
amos_0154,CT,FOV-A,adrenal_gland_left,8,4.960630202208247,26.03957724463372,2.048031979515372,4.960630202208247,26.03957724463372,2.048031979515372,26.586874018421657,0.03481281569279461,0.9592533022197561,0.005933882087449176
amos_0154,CT,FOV-A,duodenum,18,6.904896569173207,32.36096967167077,12.006870697721865,6.904896569173207,32.36096967167077,12.006870697721865,35.20049571630472,0.03847838147800278,0.8451727649489499,0.11634885357304758
amos_0154,CT,FOV-A,urinary_bladder,20,4.400786807629656,56.963101947132515,14.600183144513096,4.400786807629656,56.963101947132515,14.600183144513096,58.968866835127024,0.005569485728959992,0.9331290225875597,0.061301491683480286
amos_0154,CT,FOV-A,prostate,21,-0.5830431339279025,47.790037063380254,13.357066066371544,0.5830431339279025,47.790037063380254,13.357066066371544,49.624981568930515,0.00013803863425352182,0.9274147903832508,0.07244717098249555
amos_0153,CT,FOV-B,spleen,0,8.912822592331025,35.21015384615062,-18.89730997503966,8.912822592331025,35.21015384615062,18.89730997503966,40.942663136692694,0.04738908767677732,0.7395774638648973,0.21303344845832548
amos_0153,CT,FOV-B,kidney_right,1,9.406102528380288,69.15433208506892,-17.77720650999413,9.406102528380288,69.15433208506892,17.77720650999413,72.01961873132468,0.017057594298851113,0.9220132164729414,0.06092918922820709
amos_0153,CT,FOV-B,kidney_left,2,3.015056583163698,61.473873466084626,-14.186896834739173,3.015056583163698,61.473873466084626,14.186896834739173,63.161663427457285,0.0022786824927717463,0.9472705586513877,0.05045075885584041
amos_0153,CT,FOV-B,gallbladder,3,16.754498011772448,49.2127107557521,-45.26861404098781,16.754498011772448,49.2127107557521,45.26861404098781,68.93367479503559,0.05907448968066988,0.5096731009701717,0.43125240934915854
amos_0153,CT,FOV-B,esophagus,14,13.114871586858653,56.079028383195144,15.089668902671292,13.114871586858653,56.079028383195144,15.089668902671292,59.536168744178056,0.048525086471046745,0.8872360788599057,0.06423883466904759
amos_0153,CT,FOV-B,liver,4,30.439799982403677,41.11996793751209,-34.68296377787351,30.439799982403677,41.11996793751209,34.68296377787351,61.808908440192106,0.24253892088158185,0.4425918239316155,0.31486925518680264
amos_0153,CT,FOV-B,stomach,5,-28.417752355445494,31.800802579057343,-10.241372314472756,28.417752355445494,31.800802579057343,10.241372314472756,43.86052211831566,0.4197897750550583,0.5256886095290635,0.05452161541587828
amos_0153,CT,FOV-B,aorta,51,6.07005346125428,59.449304825142676,-15.692326971357488,6.07005346125428,59.449304825142676,15.692326971357488,61.78441971072652,0.009652217243084833,0.9258393110156163,0.06450847174129867
amos_0153,CT,FOV-B,inferior_vena_cava,62,7.080052802815214,67.34554394187231,-14.673365755892974,7.080052802815214,67.34554394187231,14.673365755892974,69.28821760677293,0.010441291347706052,0.9447109537283823,0.04484775492391157
amos_0153,CT,FOV-B,pancreas,6,2.8879334247734207,52.10402344385426,-1.0574454065638292,2.8879334247734207,52.10402344385426,1.0574454065638292,52.19470863307411,0.003061409315770645,0.9965281381372775,0.00041045254695180563
amos_0153,CT,FOV-B,adrenal_gland_right,7,10.26047170948798,67.44510846630111,-17.56596670229942,10.26047170948798,67.44510846630111,17.56596670229942,70.44631375677947,0.021213782366282147,0.9166095324402858,0.06217668519343195
amos_0153,CT,FOV-B,adrenal_gland_left,8,11.588049672088882,63.426891820264416,-17.96498840982599,11.588049672088882,63.426891820264416,17.96498840982599,66.93275961550896,0.029973898607555918,0.8979856508358511,0.07204045055659276
amos_0153,CT,FOV-B,duodenum,18,7.625996563426771,65.64871472126421,-5.068829261203064,7.625996563426771,65.64871472126421,5.068829261203064,66.28425603579298,0.01323647787557685,0.9809156946286806,0.005847827495742551
amos_0142,CT,FOV-A,spleen,0,1.237076300387173,42.14847045543033,-51.56900948535343,1.237076300387173,42.14847045543033,51.56900948535343,66.61371224309403,0.00034487816605810294,0.4003468028207403,0.5993083190132016
amos_0142,CT,FOV-A,kidney_right,1,5.949080084728294,39.263211452234145,-76.86879310387872,5.949080084728294,39.263211452234145,76.86879310387872,86.52053328918097,0.0047278235032859285,0.20593646924850165,0.7893357072482126
amos_0142,CT,FOV-A,gallbladder,3,-5.391443416723746,33.06070853667245,-74.3631272664528,5.391443416723746,33.06070853667245,74.3631272664528,81.55950470612973,0.00436979379666859,0.16431422177968746,0.8313159844236439
amos_0142,CT,FOV-A,esophagus,14,23.520400828154774,36.125419518557464,-41.92274024401456,23.520400828154774,36.125419518557464,41.92274024401456,60.13128420444681,0.15299896013486375,0.3609315447929731,0.4860694950721633
amos_0142,CT,FOV-A,liver,4,14.115983922322847,21.027763773803528,-50.466083542475985,14.115983922322847,21.027763773803528,50.466083542475985,56.46462113162831,0.06249848259369588,0.13868622984718296,0.7988152875591211
amos_0142,CT,FOV-A,stomach,5,32.34192178769764,39.65935193652666,-57.08259274735872,32.34192178769764,39.65935193652666,57.08259274735872,76.66346258621276,0.1779732714553691,0.26761741105763526,0.5544093174869955
amos_0142,CT,FOV-A,aorta,51,18.651236195751714,29.9668853377172,-19.33475665684324,18.651236195751714,29.9668853377172,19.33475665684324,40.2456909923653,0.21477140943587064,0.5544270813668747,0.23080150919725465
amos_0142,CT,FOV-A,inferior_vena_cava,62,9.160615347170449,31.08023540777505,-53.813607749877235,9.160615347170449,31.08023540777505,53.813607749877235,62.815621350100294,0.02126737922097175,0.24481232537378092,0.7339202954052473
amos_0142,CT,FOV-A,pancreas,6,16.098709273611377,42.87066161143569,-56.08955976125992,16.098709273611377,42.87066161143569,56.08955976125992,72.4092589486347,0.04943037547384092,0.35053562836146285,0.6000339961646964
amos_0142,CT,FOV-A,adrenal_gland_right,7,3.662984271320859,30.485356943695393,-55.96655587410595,3.662984271320859,30.485356943695393,55.96655587410595,63.83596022749156,0.0032926025994045407,0.22806139573300296,0.7686460016675923
amos_0142,CT,FOV-A,adrenal_gland_left,8,8.404872545612424,58.128816745350406,-34.522047922898025,8.404872545612424,58.128816745350406,34.522047922898025,68.12762296978654,0.015220039917661275,0.7280085715655013,0.2567713885168375
amos_0142,CT,FOV-A,duodenum,18,10.003829829973217,35.4124539304061,-76.16068561717287,10.003829829973217,35.4124539304061,76.16068561717287,84.58468264596162,0.013987791259679352,0.17527847929009369,0.8107337294502268
amos_0142,CT,FOV-A,urinary_bladder,20,20.450082831229988,34.69155143901385,-17.991717946674967,20.450082831229988,34.69155143901385,17.991717946674967,44.10681969630794,0.21497039490364844,0.6186370925623246,0.1663925125340268
amos_0142,CT,FOV-A,prostate,21,17.12512381318848,32.56378015620979,-9.70876832014035,17.12512381318848,32.56378015620979,9.70876832014035,38.051673103467586,0.20254425342742527,0.7323557806741524,0.06509996589842211
amos_0158,CT,FOV-A,spleen,0,11.902899982461633,61.36986249503248,-19.4657915257053,11.902899982461633,61.36986249503248,19.4657915257053,65.4740871671679,0.033049634745291365,0.8785599383931502,0.08839042686155836
amos_0158,CT,FOV-A,kidney_right,1,-7.1011022881380015,38.54637961448752,14.645057587389601,7.1011022881380015,38.54637961448752,14.645057587389601,41.84168671108677,0.028802697964111036,0.8486894851384421,0.12250781689744697
amos_0158,CT,FOV-A,kidney_left,2,5.67215353346991,54.22980401560633,-15.99045987939553,5.67215353346991,54.22980401560633,15.99045987939553,56.82200081335473,0.009964669789152317,0.9108419529616444,0.07919337724920339
amos_0158,CT,FOV-A,gallbladder,3,-8.036283666065891,29.955755716568238,-49.32277084395014,8.036283666065891,29.955755716568238,49.32277084395014,58.26375270643838,0.01902451566064104,0.26434046729806593,0.7166350170412932
amos_0158,CT,FOV-A,esophagus,14,3.606016485008804,60.38686045779373,-12.818289634245502,3.606016485008804,60.38686045779373,12.818289634245502,61.837568030984315,0.0034005613407050196,0.9536304275926956,0.042969011066599255
amos_0158,CT,FOV-A,liver,4,-17.05158075736805,53.05616991537948,-22.789379672111636,17.05158075736805,53.05616991537948,22.789379672111636,60.208549212336266,0.080207128300788,0.7765250418226984,0.14326782987651357
amos_0158,CT,FOV-A,stomach,5,10.155083926827615,60.04225118504825,-49.48279378956431,10.155083926827615,60.04225118504825,49.48279378956431,78.46492552822494,0.016750041994092885,0.5855484022489196,0.3977015557569874
amos_0158,CT,FOV-A,aorta,51,0.7905443114241724,56.306929233139506,-1.6880825644386732,0.7905443114241724,56.306929233139506,1.6880825644386732,56.33777474056343,0.00019690332861984364,0.9989052793281006,0.0008978173432796059
amos_0158,CT,FOV-A,inferior_vena_cava,62,-5.428886397915676,52.43219490433388,-12.994205303658873,5.428886397915676,52.43219490433388,12.994205303658873,54.29048942016609,0.009999401214947929,0.9327141455339829,0.057286453251069264
amos_0158,CT,FOV-A,pancreas,6,4.4337132526262515,45.17622345921385,-20.3599313696634,4.4337132526262515,45.17622345921385,20.3599313696634,49.75013351359714,0.007942307596664496,0.8245772427326107,0.16748044967072478
amos_0158,CT,FOV-A,adrenal_gland_right,7,-9.038724993214462,46.06393379198409,-0.11922314971297965,9.038724993214462,46.06393379198409,0.11922314971297965,46.9425048336226,0.03707505694046247,0.9629184926295931,6.450429944483561e-06
amos_0158,CT,FOV-A,adrenal_gland_left,8,1.8964000455024106,55.67095882069675,-16.720557030324244,1.8964000455024106,55.67095882069675,16.720557030324244,58.15865384061619,0.0010632397945329053,0.9162810633567948,0.0826556968486721
amos_0158,CT,FOV-A,duodenum,18,18.0117495252154,40.18887438548418,-27.66483079374575,18.0117495252154,40.18887438548418,27.66483079374575,52.008764724591444,0.11993852959122618,0.5971158611945279,0.2829456092142457
amos_0158,CT,FOV-A,urinary_bladder,20,-2.9961764418170205,65.11313763534429,-15.320158348803034,2.9961764418170205,65.11313763534429,15.320158348803034,66.95823338337256,0.002002289160763779,0.9456474879841955,0.05235022285504072
amos_0160,CT,FOV-A,spleen,0,-0.3391854409379391,23.057991317218743,-27.412064017680905,0.3391854409379391,23.057991317218743,27.412064017680905,35.821882475069835,8.965563597299717e-05,0.4143297645492613,0.5855805798147657
amos_0160,CT,FOV-A,kidney_right,1,7.877815573298889,23.04413093580412,-22.283351286672087,7.877815573298889,23.04413093580412,22.283351286672087,33.00969090068287,0.05695458653458318,0.4873463896580993,0.45569902380731764
amos_0160,CT,FOV-A,kidney_left,2,3.985333945161557,26.1007531957436,-20.98192900887193,3.985333945161557,26.1007531957436,20.98192900887193,33.72496922123011,0.013964529655889827,0.5989670834180273,0.3870683869260827
amos_0160,CT,FOV-A,gallbladder,3,4.864234643521542,32.09669634170352,-14.31305197169263,4.864234643521542,32.09669634170352,14.31305197169263,35.47847448049498,0.018797459502664624,0.8184474348481324,0.1627551056492029
amos_0160,CT,FOV-A,esophagus,14,4.349213702398136,32.838396843818714,-11.272533085404575,4.349213702398136,32.838396843818714,11.272533085404575,34.9906554563185,0.015449603546714234,0.8807643708105068,0.10378602564277865
amos_0160,CT,FOV-A,liver,4,-0.003870178989174633,24.255148470609985,-7.351840308581586,0.003870178989174633,24.255148470609985,7.351840308581586,25.3448574316863,2.33175220716151e-08,0.9158580553048284,0.0841419213776496
amos_0160,CT,FOV-A,stomach,5,9.30616836423878,33.71128063727353,-41.51250376017106,9.30616836423878,33.71128063727353,41.51250376017106,54.28022826284713,0.0293939858070833,0.3857155710225544,0.5848904431703621
amos_0160,CT,FOV-A,aorta,51,6.480077512857038,31.291378844606914,-2.1982838232177073,6.480077512857038,31.291378844606914,2.1982838232177073,32.03083274497823,0.04092832224840471,0.9543615675469043,0.004710110204690692
amos_0160,CT,FOV-A,inferior_vena_cava,62,5.360342031751742,27.365933741621994,-2.4495572260725567,5.360342031751742,27.365933741621994,2.4495572260725567,27.993355048154086,0.03666697639630012,0.9556759067524554,0.007657116851244412
amos_0160,CT,FOV-A,pancreas,6,3.917239754696112,25.67902761039928,-16.884858970749974,3.917239754696112,25.67902761039928,16.884858970749974,30.981537869730357,0.015986535762869274,0.686991249547334,0.29702221468979667
amos_0160,CT,FOV-A,adrenal_gland_right,7,2.8094702412161894,32.01114553976477,-22.86348188969123,2.8094702412161894,32.01114553976477,22.86348188969123,39.43786715739734,0.005074836244866789,0.6588333763150394,0.3360917874400939
amos_0160,CT,FOV-A,adrenal_gland_left,8,8.481950027917897,26.79058160343227,-31.6425766157231,8.481950027917897,26.79058160343227,31.6425766157231,42.31939737056952,0.04017098394993156,0.4007608918642045,0.5590681241858639
amos_0160,CT,FOV-A,duodenum,18,5.29445042058844,24.089108508533876,-15.133493181817585,5.29445042058844,24.089108508533876,15.133493181817585,28.93680994643514,0.03347653252089365,0.6930110380767038,0.2735124294024025
amos_0160,CT,FOV-A,urinary_bladder,20,-6.196260928095492,31.680838341186266,4.209682714386872,6.196260928095492,31.680838341186266,4.209682714386872,32.5544251376864,0.03622758083749244,0.9470507869627711,0.016721632199736308
amos_0160,CT,FOV-A,prostate,21,14.904783100950208,24.77293937953001,-27.779388811848094,14.904783100950208,24.77293937953001,27.779388811848094,40.09420815464586,0.13819363463081005,0.38176120986005296,0.48004515550913684
amos_0162,CT,FOV-A,spleen,0,9.917522974902795,63.90943555174566,-11.904433666000614,9.917522974902795,63.90943555174566,11.904433666000614,65.76084515430641,0.02274425198463258,0.9444852752673546,0.03277047274801312
amos_0162,CT,FOV-A,kidney_right,1,-6.97628313624346,54.432490369399346,-32.837246389837446,6.97628313624346,54.432490369399346,32.837246389837446,63.95192948362606,0.011899833712541935,0.7244511476044606,0.2636490186829972
amos_0162,CT,FOV-A,kidney_left,2,-3.0244711745180552,48.47452397314788,-5.73821381930793,3.0244711745180552,48.47452397314788,5.73821381930793,48.90658440481073,0.0038244081338515545,0.9824092424729016,0.013766349393246738
amos_0162,CT,FOV-A,gallbladder,3,-9.391188384578015,48.05576947780308,-6.448921064881688,9.391188384578015,48.05576947780308,6.448921064881688,49.38765009877933,0.03615799827618437,0.9467914908047133,0.017050510919102247
amos_0162,CT,FOV-A,esophagus,14,-0.21190619056488025,40.20106719134303,-19.129976148729156,0.21190619056488025,40.20106719134303,19.129976148729156,44.521081467181624,2.2654572844825734e-05,0.815349395875436,0.18462794955171918
amos_0162,CT,FOV-A,liver,4,-11.58543391276524,44.984654140231086,-19.550110433815235,11.58543391276524,44.984654140231086,19.550110433815235,50.39889091078922,0.05284241404586348,0.7966853164844676,0.15047226946966885
amos_0162,CT,FOV-A,stomach,5,11.184992520549038,58.93239058490279,-32.59136583453483,11.184992520549038,58.93239058490279,32.59136583453483,68.26659391456967,0.026844475722260744,0.7452322617181717,0.22792326255956769
amos_0162,CT,FOV-A,aorta,51,-6.659343281848361,54.76452119828477,-11.762968397643363,6.659343281848361,54.76452119828477,11.762968397643363,56.40804074373473,0.013937368250035383,0.9425763946159164,0.04348623713404813
amos_0162,CT,FOV-A,inferior_vena_cava,62,-4.583560062862432,53.168011701204016,-6.191171730188898,4.583560062862432,53.168011701204016,6.191171730188898,53.723152350750276,0.007279187012041719,0.979440059214191,0.013280753773767301
amos_0162,CT,FOV-A,pancreas,6,8.72973477016058,48.66150761873341,-6.679133160686888,8.72973477016058,48.66150761873341,6.679133160686888,49.887487536090525,0.030620962206171852,0.9514541296241685,0.017924908169659644
amos_0162,CT,FOV-A,adrenal_gland_right,7,-4.7134192912826265,46.188500658132384,-32.17238853347135,4.7134192912826265,46.188500658132384,32.17238853347135,56.485896455755835,0.006962931116685141,0.6686328014655212,0.3244042674177937
amos_0162,CT,FOV-A,adrenal_gland_left,8,-3.8773881011709364,52.93442136630624,-16.637327621476288,3.8773881011709364,52.93442136630624,16.637327621476288,55.622727137898394,0.004859303111184096,0.9056737573677781,0.08946693952103772
amos_0162,CT,FOV-A,duodenum,18,-2.255815728884098,61.31646438762024,-15.84010880564756,2.255815728884098,61.31646438762024,15.84010880564756,63.36960278063715,0.00126720031232066,0.9362508818882105,0.06248191779946889
amos_0162,CT,FOV-A,urinary_bladder,20,-5.795646310626219,56.41794150882197,-37.905396791756175,5.795646310626219,56.41794150882197,37.905396791756175,68.2157807709566,0.007218285236157688,0.6840136428841344,0.3087680718797079
amos_0162,CT,FOV-A,prostate,21,-6.1989496428008515,42.155479398800466,-42.710056740769915,6.1989496428008515,42.155479398800466,42.710056740769915,60.32959776773302,0.010557846832173564,0.48825556899339845,0.501186584174428
amos_0166,CT,FOV-A,spleen,0,2.554461776775085,20.36303177354552,-12.610615729602841,2.554461776775085,20.36303177354552,12.610615729602841,24.08746493633433,0.01124648028368149,0.7146652853505762,0.2740882343657423
amos_0166,CT,FOV-A,kidney_right,1,8.12764649302894,36.00895613198464,-28.616958634321918,8.12764649302894,36.00895613198464,28.616958634321918,46.70796378252141,0.030279433272354335,0.5943457943060574,0.3753747724215883
amos_0166,CT,FOV-A,kidney_left,2,16.22836083135377,26.52088134837091,-8.425750457448657,16.22836083135377,26.52088134837091,8.425750457448657,32.2135082463581,0.25378927297399523,0.6777973331070255,0.06841339391897922
amos_0166,CT,FOV-A,gallbladder,3,19.52773688336362,38.02136603208638,-0.3733510091997232,19.52773688336362,38.02136603208638,0.3733510091997232,42.74454554335374,0.20870959792555294,0.7912141110843635,7.629099008377696e-05
amos_0166,CT,FOV-A,esophagus,14,6.575533671032531,36.099100011678004,-18.843511660040804,6.575533671032531,36.099100011678004,18.843511660040804,41.24876478628308,0.02541207427930789,0.7658978552984868,0.20869007042220533
amos_0166,CT,FOV-A,liver,4,11.23106762748624,31.744962198661838,-8.208972387854828,11.23106762748624,31.744962198661838,8.208972387854828,34.65929504061214,0.10500322419516231,0.838899969134418,0.056096806670419615
amos_0166,CT,FOV-A,stomach,5,-4.0111932839855555,25.664404745194155,-1.337586694724905,4.0111932839855555,25.664404745194155,1.337586694724905,26.010391781988602,0.02378227470730493,0.9735731855835864,0.0026445397091086524
amos_0166,CT,FOV-A,aorta,51,6.637702649624909,42.098881128877316,-23.638979227680466,6.637702649624909,42.098881128877316,23.638979227680466,48.73577974850601,0.018549822093662897,0.7461828607232976,0.23526731718303945
amos_0166,CT,FOV-A,inferior_vena_cava,62,7.61551828151385,39.613175852618895,-26.745249861072352,7.61551828151385,39.613175852618895,26.745249861072352,48.399464975945456,0.024758128253098925,0.6698818362556763,0.3053600354912249
amos_0166,CT,FOV-A,pancreas,6,7.775391128601729,34.486530694629245,-16.398957245540714,7.775391128601729,34.486530694629245,16.398957245540714,38.97054407235567,0.039808109320588154,0.7831159616263956,0.17707592905301625
amos_0166,CT,FOV-A,adrenal_gland_right,7,9.42725701308601,43.34804058216298,-29.73756632935465,9.42725701308601,43.34804058216298,29.73756632935465,53.406447628506385,0.03115898568095104,0.6587969192080003,0.3100440951110486
amos_0166,CT,FOV-A,adrenal_gland_left,8,10.873326573528075,45.3996775574652,-30.551505983679817,10.873326573528075,45.3996775574652,30.551505983679817,55.79206458778188,0.037982189689974,0.6621565374159933,0.2998612728940328
amos_0166,CT,FOV-A,duodenum,18,20.410709298358874,33.537242861193334,-23.603578240682737,20.410709298358874,33.537242861193334,23.603578240682737,45.809088820416505,0.1985239408787814,0.5359834809301396,0.2654925781910789
amos_0166,CT,FOV-A,urinary_bladder,20,7.76979877863273,40.199151862088115,-31.221045141436207,7.76979877863273,40.199151862088115,31.221045141436207,51.488787548506735,0.022771634936520003,0.6095487570908102,0.36767960797266985
amos_0166,CT,FOV-A,prostate,21,3.1568299812331126,41.83907564833464,-33.95625509122942,3.1568299812331126,41.83907564833464,33.95625509122942,53.976856952384004,0.0034204811443977077,0.6008263594763648,0.3957531593792375
amos_0161,CT,FOV-B,spleen,0,6.896937180961345,6.32520936955945,13.988276236925003,6.896937180961345,6.32520936955945,13.988276236925003,16.829969938398893,0.1679367948428626,0.14124826784504094,0.6908149373120964
amos_0161,CT,FOV-B,kidney_right,1,21.628877950784855,35.79176065108398,8.289544665149833,21.628877950784855,35.79176065108398,8.289544665149833,42.633027603841896,0.2573804934748419,0.7048127865040843,0.0378067200210739
amos_0161,CT,FOV-B,kidney_left,2,5.382160503533825,30.940185125629334,2.01052298538184,5.382160503533825,30.940185125629334,2.01052298538184,31.469110409555,0.029251245140966938,0.9666669789998422,0.004081775859190892
amos_0161,CT,FOV-B,gallbladder,3,15.122977494422003,48.72538067862583,46.1376245478973,15.122977494422003,48.72538067862583,46.1376245478973,68.78624549644016,0.04833607713704756,0.5017729796447189,0.4498909432182335
amos_0161,CT,FOV-B,esophagus,14,2.3419922842144683,24.991443158494228,18.880708311797207,2.3419922842144683,24.991443158494228,18.880708311797207,31.409207334135896,0.005559771809697356,0.6330947594752886,0.36134546871501405
amos_0161,CT,FOV-B,liver,4,4.213566794222878,30.166636890466172,15.941280306231874,4.213566794222878,30.166636890466172,15.941280306231874,34.378838610582356,0.01502164046691916,0.7699657182447056,0.21501264128837536
amos_0161,CT,FOV-B,stomach,5,-7.2703238252904185,19.0687929482094,21.02495296193456,7.2703238252904185,19.0687929482094,21.02495296193456,29.30059931260497,0.061567923044341284,0.4235389926257694,0.5148930843298892
amos_0161,CT,FOV-B,aorta,51,0.058206029568946605,33.28217331777988,-6.105289304432063,0.058206029568946605,33.28217331777988,6.105289304432063,33.8375679709318,2.9589502881469565e-06,0.9674423023340631,0.032554738715648894
amos_0161,CT,FOV-B,inferior_vena_cava,62,12.262005100554534,35.66796814459225,-1.0864400678433412,12.262005100554534,35.66796814459225,1.0864400678433412,37.73249359200487,0.10560682133302683,0.8935641290288944,0.0008290496380787206
amos_0161,CT,FOV-B,pancreas,6,-3.6364272617439584,36.66040554193165,19.006110372277135,3.6364272617439584,36.66040554193165,19.006110372277135,41.454085072668384,0.007695115472599041,0.7820956332855798,0.21020925124182144
amos_0161,CT,FOV-B,adrenal_gland_right,7,9.807585616722218,37.3682013587265,4.513844817639665,9.807585616722218,37.3682013587265,4.513844817639665,38.896606580181235,0.06357711075595524,0.9229559214928985,0.013466967751146214
amos_0161,CT,FOV-B,adrenal_gland_left,8,11.104568465814296,36.66592980586753,0.6216225397017752,11.104568465814296,36.66592980586753,0.6216225397017752,38.31563993883734,0.08399456888407913,0.9157422217494535,0.00026320936646738994
amos_0161,CT,FOV-B,duodenum,18,-1.2220132113587852,41.33075767405531,4.123368069586604,1.2220132113587852,41.33075767405531,4.123368069586604,41.553904875925966,0.0008648247694677846,0.9892887060813768,0.009846469149155483
amos_0161,CT,FOV-B,urinary_bladder,20,23.71810058878695,44.034502307278885,-3.112467488469292,23.71810058878695,44.034502307278885,3.112467488469292,50.11260463053526,0.22400920311677788,0.7721332101868742,0.0038575866963478727
amos_0161,CT,FOV-B,prostate,21,13.302173294557846,59.47828578876404,-46.82186629556736,13.302173294557846,59.47828578876404,46.82186629556736,76.85636901472984,0.029956114151008042,0.598903927117627,0.37113995873136507
amos_0159,CT,FOV-B,spleen,0,9.99948817850607,28.882063597568184,-2.8500167415525084,9.99948817850607,28.882063597568184,2.8500167415525084,30.696676642809162,0.10611403374792613,0.8852658702318187,0.008620096020255054
amos_0159,CT,FOV-B,kidney_right,1,7.129828305536478,55.0773901491379,-13.548875612369102,7.129828305536478,55.0773901491379,13.548875612369102,57.165771119317824,0.01555557292044916,0.9282705526538109,0.05617387442573987
amos_0159,CT,FOV-B,kidney_left,2,-0.400022805197807,44.00470349747596,-2.402731484863125,0.400022805197807,44.00470349747596,2.402731484863125,44.07206673998627,8.238396083734139e-05,0.9969453776131739,0.002972238425988652
amos_0159,CT,FOV-B,gallbladder,3,1.9340504497170343,52.63540453784834,-28.557180727646482,1.9340504497170343,52.63540453784834,28.557180727646482,59.91443009089263,0.0010420120269869523,0.7717791913234554,0.22717879664955745
amos_0159,CT,FOV-B,esophagus,14,7.211889621771522,45.76131747668951,-7.271074135636582,7.211889621771522,45.76131747668951,7.271074135636582,46.89326229006581,0.02365251074655984,0.9523051759938413,0.02404231325959866
amos_0159,CT,FOV-B,liver,4,10.073841189112983,47.207216308968505,-26.21784884785575,10.073841189112983,47.207216308968505,26.21784884785575,54.930675821022106,0.033632590200940685,0.7385618988194064,0.2278055109796527
amos_0159,CT,FOV-B,stomach,5,-1.0114858370170872,34.56609850632311,1.2557656748206227,1.0114858370170872,34.56609850632311,1.2557656748206227,34.60368791006786,0.0008544267552142586,0.997828613674121,0.001316959570664524
amos_0159,CT,FOV-B,aorta,51,6.00018915564332,52.61021677526065,-16.43390930330679,6.00018915564332,52.61021677526065,16.43390930330679,55.442858458350884,0.011712204786267298,0.9004279273867402,0.08785986782699268
amos_0159,CT,FOV-B,inferior_vena_cava,62,11.812828115347621,56.44226857029243,-18.210857616921203,11.812828115347621,56.44226857029243,18.210857616921203,60.47237323429224,0.03815871522072462,0.8711539221268013,0.09068736265247408
amos_0159,CT,FOV-B,pancreas,6,-7.695199380864695,47.8785222447009,-13.929067279312903,7.695199380864695,47.8785222447009,13.929067279312903,50.45381948989794,0.023262246605283265,0.9005200297064787,0.07621772368823802
amos_0159,CT,FOV-B,adrenal_gland_right,7,3.791167889968605,60.86967765092473,-19.48542839073184,3.791167889968605,60.86967765092473,19.48542839073184,64.02478059991891,0.003506306178063307,0.9038696540404337,0.09262403978150284
amos_0159,CT,FOV-B,adrenal_gland_left,8,5.62071947871236,53.57773587381641,-17.965497307171972,5.62071947871236,53.57773587381641,17.965497307171972,56.788426306042446,0.009796346863569031,0.8901209978088265,0.10008265532760438
amos_0159,CT,FOV-B,duodenum,18,2.0947264328755466,51.65007256191708,-18.31779331521716,2.0947264328755466,51.65007256191708,18.31779331521716,54.842131855161334,0.0014589014933156783,0.886978749062575,0.11156234944410916
amos_0159,CT,FOV-B,urinary_bladder,20,5.413511052957546,48.09361813953503,-19.36652597383204,5.413511052957546,48.09361813953503,19.36652597383204,52.12834676034736,0.010784751744787335,0.8511909517978222,0.13802429645739053
amos_0159,CT,FOV-B,prostate,21,9.470870217387105,51.689905564270106,3.6727844875608753,9.470870217387105,51.689905564270106,3.6727844875608753,52.678582610106545,0.03232299599587448,0.9628160363788149,0.004860967625310545
amos_0170,CT,FOV-A,spleen,0,-6.2928724412531665,79.64158578994594,-9.861932671298973,6.2928724412531665,79.64158578994594,9.861932671298973,80.49621200225782,0.006111488086568433,0.9788787715866358,0.015009740326795707
amos_0170,CT,FOV-A,kidney_right,1,13.81541969066005,41.15887050415591,-0.8415172491081648,13.81541969066005,41.15887050415591,0.8415172491081648,43.423802156046854,0.10122143051441775,0.8984030172511592,0.0003755522344228952
amos_0170,CT,FOV-A,kidney_left,2,1.3163460280406412,46.62332473857847,-2.6895836188932662,1.3163460280406412,46.62332473857847,2.6895836188932662,46.71938608958277,0.0007938635830069664,0.9958919582855124,0.0033141781314809065
amos_0170,CT,FOV-A,gallbladder,3,-12.651829385888817,52.61478600699602,-32.67927206930926,12.651829385888817,52.61478600699602,32.67927206930926,63.21644814723112,0.04005405327714768,0.692716344070653,0.26722960265219936
amos_0170,CT,FOV-A,esophagus,14,3.0999510106516013,51.79893307906942,6.261287342213791,3.0999510106516013,51.79893307906942,6.261287342213791,52.26799100386506,0.003517531909688647,0.98213234407513,0.01435012401518127
amos_0170,CT,FOV-A,liver,4,-0.7892322577518627,61.01422337519817,-5.450374341636007,0.7892322577518627,61.01422337519817,5.450374341636007,61.26226344250773,0.00016596770096044596,0.9919187467709255,0.00791528552811397
amos_0170,CT,FOV-A,stomach,5,12.099037391329087,53.39968783789674,-26.312750578884106,12.099037391329087,53.39968783789674,26.312750578884106,60.747627196526466,0.03966824616983019,0.7727140312368578,0.18761772259331225
amos_0170,CT,FOV-A,aorta,51,-0.12566154481261727,51.9972794230169,-0.7857720256261018,0.12566154481261727,51.9972794230169,0.7857720256261018,52.003368120684236,5.839045285169004e-06,0.9997658481961224,0.00022831275859258335
amos_0170,CT,FOV-A,inferior_vena_cava,62,8.191879430265118,41.78665800482235,1.1713734227987516,8.191879430265118,41.78665800482235,1.1713734227987516,42.59816652753524,0.036981565294893645,0.9622622830305311,0.0007561516745753466
amos_0170,CT,FOV-A,pancreas,6,14.41614930419893,52.7953243105473,-14.681433169239881,14.41614930419893,52.7953243105473,14.681433169239881,56.66318125308249,0.06472866290850612,0.8681385005101632,0.06713283658133068
amos_0170,CT,FOV-A,adrenal_gland_right,7,2.072013747330857,43.119960923628376,0.5890501773719734,2.072013747330857,43.119960923628376,0.5890501773719734,43.17373334720809,0.0023032763871824384,0.997510572613305,0.00018615099951274346
amos_0170,CT,FOV-A,adrenal_gland_left,8,1.2546686464067012,50.023281522988725,-11.353380978188852,1.2546686464067012,50.023281522988725,11.353380978188852,51.31083849808305,0.0005979155759367402,0.9504431226713349,0.04895896175272839
amos_0170,CT,FOV-A,duodenum,18,4.127726729315569,47.701594421282245,-20.17935585355667,4.127726729315569,47.701594421282245,20.17935585355667,51.95850884069792,0.006311150225167488,0.8428541578932046,0.15083469188162793
amos_0170,CT,FOV-A,urinary_bladder,20,8.368161813442333,59.12739985393259,-9.93741444724401,8.368161813442333,59.12739985393259,9.93741444724401,60.53782083556589,0.019107618934321963,0.9539464472887466,0.026945933776931552
amos_0170,CT,FOV-A,prostate,21,9.346697469946852,52.36261328581438,-16.250325447385876,9.346697469946852,52.36261328581438,16.250325447385876,55.61723744362366,0.028242136331856904,0.8863878600973333,0.08537000357080957
amos_0175,CT,FOV-B,spleen,0,21.06553706114667,59.29747303675843,-16.51844360965947,21.06553706114667,59.29747303675843,16.51844360965947,65.06001951663661,0.10483750898320708,0.8306995861984305,0.06446290481836243
amos_0175,CT,FOV-B,kidney_right,1,2.1768354290058483,47.23244718000676,17.389288196623966,2.1768354290058483,47.23244718000676,17.389288196623966,50.378864845114855,0.0018670435108644595,0.8789904163161839,0.1191425401729514
amos_0175,CT,FOV-B,kidney_left,2,18.023088277966544,58.407805771461796,-22.891614084920775,18.023088277966544,58.407805771461796,22.891614084920775,65.27119947974852,0.07624567829413302,0.8007530379588292,0.12300128374703806
amos_0175,CT,FOV-B,gallbladder,3,26.21079200773501,44.15284561416021,24.302000653341338,26.21079200773501,44.15284561416021,24.302000653341338,56.80727619993424,0.21288857547735737,0.6041008754373163,0.18301054908532613
amos_0175,CT,FOV-B,esophagus,14,16.49738978163376,46.44362458830117,-27.66735883511842,16.49738978163376,46.44362458830117,27.66735883511842,56.521295804478974,0.08519345891593423,0.6751930946939164,0.23961344639014914
amos_0175,CT,FOV-B,liver,4,11.346047093134608,41.69556922307788,3.4554921647727497,11.346047093134608,41.69556922307788,3.4554921647727497,43.34966786005302,0.0685042656297722,0.9251417187740293,0.006354015596198572
amos_0175,CT,FOV-B,stomach,5,46.54772480435314,39.32439316099598,4.5642421359107175,46.54772480435314,39.32439316099598,4.5642421359107175,61.105898964155685,0.5802706984477866,0.41415011251554457,0.0055791890366688485
amos_0175,CT,FOV-B,aorta,51,16.340238404677486,46.799265170407836,-11.118159063406665,16.340238404677486,46.799265170407836,11.118159063406665,50.801457386290174,0.10345808474529271,0.8486443516101014,0.047897563644605824
amos_0175,CT,FOV-B,inferior_vena_cava,62,21.811818956697003,42.00102422696991,7.909709363849515,21.811818956697003,42.00102422696991,7.909709363849515,47.98338237905712,0.20663412796417788,0.7661927627692915,0.027173109266530444
amos_0175,CT,FOV-B,pancreas,6,28.527329110974982,49.78766673930771,0.7588838874971771,28.527329110974982,49.78766673930771,0.7588838874971771,57.38637617331269,0.24711813816136008,0.7527069846904471,0.000174877148192936
amos_0175,CT,FOV-B,adrenal_gland_right,7,18.2397476823986,49.979994002343055,4.068343784726267,18.2397476823986,49.979994002343055,4.068343784726267,53.359531642833346,0.1168459421239188,0.8773409113284327,0.005813146547648743
amos_0175,CT,FOV-B,adrenal_gland_left,8,17.84375529439893,52.00671058156327,-1.6283168032623507,17.84375529439893,52.00671058156327,1.6283168032623507,55.00680834344655,0.10523001305815864,0.8938937028735936,0.0008762840682477294
amos_0175,CT,FOV-B,duodenum,18,11.337426331634791,47.675642870732005,-13.993856635974453,11.337426331634791,47.675642870732005,13.993856635974453,50.96402831910986,0.04948817740400827,0.8751159895690107,0.07539583302698113
amos_0175,CT,FOV-B,urinary_bladder,20,6.276471589589425,80.31886823426505,1.9222798482719554,6.276471589589425,80.31886823426505,1.9222798482719554,80.58666049578694,0.006066033670863419,0.9933649733491592,0.0005689929799774293
amos_0175,CT,FOV-B,prostate,21,12.344671475997867,52.13977483157097,-0.021384688149055364,12.344671475997867,52.13977483157097,0.021384688149055364,53.58122330296429,0.0530803556481039,0.9469194850648008,1.5928709554003964e-07
amos_0171,CT,FOV-A,spleen,0,-12.708448802460964,58.78630921107218,-55.264421838433634,12.708448802460964,58.78630921107218,55.264421838433634,81.6791965114796,0.02420818187550424,0.5179996610517337,0.4577921570727622
amos_0171,CT,FOV-A,kidney_right,1,-3.998843099006976,75.61876138146897,-24.552961593109444,3.998843099006976,75.61876138146897,24.552961593109444,79.60550070184048,0.0025233795076327527,0.9023457189893046,0.09513090150306268
amos_0171,CT,FOV-A,kidney_left,2,-21.875832904863323,95.895108816645,-62.17758930822214,21.875832904863323,95.895108816645,62.17758930822214,116.36355345390423,0.03534233545784169,0.6791394561168627,0.2855182084252956
amos_0171,CT,FOV-A,gallbladder,3,4.5360355765376,73.41956424511875,-38.91730615649362,4.5360355765376,73.41956424511875,38.91730615649362,83.21997807722008,0.0029709661942197395,0.7783383171791348,0.2186907166266454
amos_0171,CT,FOV-A,esophagus,14,-12.368877790968671,92.87228288089035,-18.639764870314195,12.368877790968671,92.87228288089035,18.639764870314195,95.52848213876652,0.016764663573289918,0.9451625112304696,0.038072825196240896
amos_0171,CT,FOV-A,liver,4,-0.1680101074784517,72.06838152485417,-29.404965673982986,0.1680101074784517,72.06838152485417,29.404965673982986,77.83657141277662,4.6591149336286186e-06,0.8572789158837599,0.14271642500130635
amos_0171,CT,FOV-A,stomach,5,-33.315565925792654,76.35414807135274,-27.695733798730146,33.315565925792654,76.35414807135274,27.695733798730146,87.78915953184664,0.14401661781525793,0.7564556817120435,0.09952770047269861
amos_0171,CT,FOV-A,aorta,51,-12.031371909575794,86.26052966067367,-9.194952435574805,12.031371909575794,86.26052966067367,9.194952435574805,87.57956404127034,0.01887229625847349,0.9701048659623123,0.011022837779214345
amos_0171,CT,FOV-A,inferior_vena_cava,62,-6.399705508787331,74.00766076917772,-55.21008201514036,6.399705508787331,74.00766076917772,55.21008201514036,92.55400174624226,0.004781119267262394,0.6393857493368862,0.3558331313958512
amos_0171,CT,FOV-A,pancreas,6,-24.03319780021354,76.41023875815847,-6.4755282586776275,24.03319780021354,76.41023875815847,6.4755282586776275,80.36200376926838,0.08943790291937533,0.9040690449183436,0.006493052162280835
amos_0171,CT,FOV-A,adrenal_gland_right,7,-6.267208572609718,73.93016677212367,-35.67099285434364,6.267208572609718,73.93016677212367,35.67099285434364,82.3247665861328,0.005795451562737779,0.8064591164880746,0.18774543194918755
amos_0171,CT,FOV-A,adrenal_gland_left,8,-11.464359643391003,81.50989255886626,-34.20161098945249,11.464359643391003,81.50989255886626,34.20161098945249,89.13497810211639,0.016542581352408332,0.8362272526505284,0.14723016599706334
amos_0171,CT,FOV-A,duodenum,18,-12.489548692853027,76.59678767276677,-14.928513149497178,12.489548692853027,76.59678767276677,14.928513149497178,79.03111547481012,0.024974526755119894,0.9393444840085868,0.03568098923629327
amos_0171,CT,FOV-A,urinary_bladder,20,9.518242198889196,86.18305934270224,4.079497644207592,9.518242198889196,86.18305934270224,4.079497644207592,86.80298931058508,0.012023866339824291,0.9857673966412018,0.0022087370189737875
amos_0171,CT,FOV-A,prostate,21,7.042632702287954,72.55759338498386,-31.54053027664314,7.042632702287954,72.55759338498386,31.54053027664314,79.42926465309768,0.007861564722095319,0.8344583313705914,0.15768010390731327
amos_0177,CT,FOV-B,spleen,0,6.36864800430908,52.25797080422787,33.41535382409961,6.36864800430908,52.25797080422787,33.41535382409961,62.35415833100541,0.010431905621543154,0.7023834032645437,0.2871846911139129
amos_0177,CT,FOV-B,kidney_right,1,-5.398540695720527,48.792135964164565,5.878112228118198,5.398540695720527,48.792135964164565,5.878112228118198,49.44056003885094,0.011923012408565898,0.9739415589012077,0.014135428690226586
amos_0177,CT,FOV-B,kidney_left,2,0.4720598512433156,39.760703914160715,16.43206857875316,0.4720598512433156,39.760703914160715,16.43206857875316,43.02498453258941,0.00012037954144194656,0.854017329044403,0.14586229141415513
amos_0177,CT,FOV-B,gallbladder,3,-2.6220493699931495,36.174086735821334,21.90152935291644,2.6220493699931495,36.174086735821334,21.90152935291644,42.368817331453414,0.003829914215252355,0.7289579358510829,0.2672121499336646
amos_0177,CT,FOV-B,esophagus,14,3.2256569517638303,33.412761359887405,0.8485853796548781,3.2256569517638303,33.412761359887405,0.8485853796548781,33.57882638821392,0.009227952079084637,0.9901334021158361,0.0006386458050789885
amos_0177,CT,FOV-B,liver,4,-7.911993798462873,41.59221864246213,17.636981704439904,7.911993798462873,41.59221864246213,17.636981704439904,45.86475140139797,0.029758688582614358,0.8223677811788992,0.14787353023848654
amos_0177,CT,FOV-B,stomach,5,-7.015116980368759,41.202428516106195,19.154962412282885,7.015116980368759,41.202428516106195,19.154962412282885,45.975695393208234,0.02328162134001784,0.8031358563850569,0.17358252227492557
amos_0177,CT,FOV-B,aorta,51,2.71234007935805,35.985596464749705,10.088094591791332,2.71234007935805,35.985596464749705,10.088094591791332,37.47118351644138,0.00523954364229016,0.9222795741412815,0.07248088221642845
amos_0177,CT,FOV-B,inferior_vena_cava,62,-6.733255359231613,39.24853255641155,11.422288362771951,6.733255359231613,39.24853255641155,11.422288362771951,41.42768044443997,0.02641611433300772,0.8975643863766636,0.07601949929032872
amos_0177,CT,FOV-B,pancreas,6,-6.115851756406705,42.055459751280225,21.63385858166157,6.115851756406705,42.055459751280225,21.63385858166157,47.687411071783146,0.016447746694364617,0.7777450922091234,0.20580716109651206
amos_0177,CT,FOV-B,adrenal_gland_right,7,-8.943697188378593,49.049933479885155,14.166751103151228,8.943697188378593,49.049933479885155,14.166751103151228,51.83225376729442,0.029773780811278506,0.8955228238777936,0.07470339531092804
amos_0177,CT,FOV-B,adrenal_gland_left,8,4.455593555686555,44.57823811332513,12.449291137253795,4.455593555686555,44.57823811332513,12.449291137253795,46.49791906141494,0.009182144011629752,0.9191338590780975,0.07168399691027252
amos_0177,CT,FOV-B,duodenum,18,-14.18027604222264,37.10720670118819,10.28916064937357,14.18027604222264,37.10720670118819,10.28916064937357,41.035251244106654,0.11941398093379534,0.8177156944643559,0.06287032460184883
amos_0177,CT,FOV-B,urinary_bladder,20,-6.958035642028345,44.91713453452782,-19.531568642779575,6.958035642028345,44.91713453452782,19.531568642779575,49.47166268113716,0.019781548478611747,0.8243489181979232,0.1558695333234649
amos_0177,CT,FOV-B,prostate,21,-4.588765130218485,49.98538108593064,-8.319395802399185,4.588765130218485,49.98538108593064,8.319395802399185,50.88032462792468,0.008133770454219338,0.9651310055961416,0.02673522394963911
amos_0172,CT,FOV-B,spleen,0,-2.1518453776273248,16.61387330278592,-47.88537044238808,2.1518453776273248,16.61387330278592,47.88537044238808,50.73125197602532,0.0017991648704398463,0.10724835213052876,0.8909524829990314
amos_0172,CT,FOV-B,kidney_right,1,9.078125068349024,40.891624597680675,-35.15228471216352,9.078125068349024,40.891624597680675,35.15228471216352,54.6829080927417,0.027560628548864055,0.5591978909913576,0.4132414804597783
amos_0172,CT,FOV-B,kidney_left,2,-7.701906313997355,18.868380496019455,-36.361717717341776,7.701906313997355,18.868380496019455,36.361717717341776,41.683445860051044,0.03414044956254227,0.20490003076877503,0.7609595196686828
amos_0172,CT,FOV-B,esophagus,14,-2.929247529205098,17.07248191239094,-8.69310511017079,2.929247529205098,17.07248191239094,8.69310511017079,19.380923770366252,0.022843529037815224,0.7759690076399929,0.20118746332219178
amos_0172,CT,FOV-B,liver,4,2.7789367646932774,34.212955564441216,-23.33346715048151,2.7789367646932774,34.212955564441216,23.33346715048151,41.50541539677916,0.004482783857325406,0.6794721444581657,0.3160450716845089
amos_0172,CT,FOV-B,stomach,5,16.00118425430908,28.36921002305165,-25.06419914307071,16.00118425430908,28.36921002305165,25.06419914307071,41.09822445746129,0.1515856648546454,0.47648404785934495,0.37193028728600963
amos_0172,CT,FOV-B,aorta,51,-0.17638621331066817,23.430249175595065,-7.263922858721401,0.17638621331066817,23.430249175595065,7.263922858721401,24.53104693697712,5.1700781369290305e-05,0.9122663330174237,0.08768196620120733
amos_0172,CT,FOV-B,inferior_vena_cava,62,3.385486685658474,29.35650524985084,-23.053200311034402,3.385486685658474,29.35650524985084,23.053200311034402,37.47954062103707,0.008159315038063896,0.6135079417168328,0.37833274324510313
amos_0172,CT,FOV-B,pancreas,6,20.945520550900255,33.244602152662054,-31.120879311298893,20.945520550900255,33.244602152662054,31.120879311298893,50.1241212645708,0.17461790458239115,0.43989470660237306,0.3854873888152357
amos_0172,CT,FOV-B,adrenal_gland_right,7,6.0409030528731265,30.58872704154453,-16.648935245562257,6.0409030528731265,30.58872704154453,16.648935245562257,35.34614231464665,0.029209201762254274,0.748925752900798,0.221865045336948
amos_0172,CT,FOV-B,adrenal_gland_left,8,-1.1741573259824136,26.27032828033822,-32.16726325979431,1.1741573259824136,26.27032828033822,32.16726325979431,41.548063962208985,0.0007986398954687323,0.3997876892537232,0.5994136708508081
amos_0172,CT,FOV-B,duodenum,18,-11.503652244148345,41.884116820157644,-34.47389928428976,11.503652244148345,41.884116820157644,34.47389928428976,55.453250478418894,0.04303457049300621,0.5704856285206015,0.3864798009863923
amos_0172,CT,FOV-B,urinary_bladder,20,6.8398658272518,18.740707852507143,0.47837126586986756,6.8398658272518,18.740707852507143,0.47837126586986756,19.95561911883066,0.1174802204162265,0.8819451344175075,0.0005746451662659573
amos_0172,CT,FOV-B,prostate,21,2.9965772859463895,23.650041017380147,-49.57102040703252,2.9965772859463895,23.650041017380147,49.57102040703252,55.005363190773025,0.00296784279785168,0.18486458636744704,0.812167570834701
amos_0184,CT,FOV-A,spleen,0,23.76086985986366,21.29056188275276,-42.625532672399686,23.76086985986366,21.29056188275276,42.625532672399686,53.242868042457246,0.19915984885647384,0.15990106744674099,0.6409390836967852
amos_0184,CT,FOV-A,kidney_right,1,-3.556275214062296,37.282310228517396,-48.3819444509038,3.556275214062296,37.282310228517396,48.3819444509038,61.18357866473575,0.0033784770626434043,0.37130934603881705,0.6253121768985397
amos_0184,CT,FOV-A,kidney_left,2,11.031511444699376,42.79837598376153,-57.531011041658985,11.031511444699376,42.79837598376153,57.531011041658985,72.5480010963599,0.023121666778273632,0.34801957923933163,0.6288587539823948
amos_0184,CT,FOV-A,gallbladder,3,-9.5743434251319,26.938016311658558,-28.716341776359286,9.5743434251319,26.938016311658558,28.716341776359286,40.521019975393344,0.055828667861523046,0.4419473007804147,0.5022240313580624
amos_0184,CT,FOV-A,esophagus,14,12.760022828937048,34.88531731683589,-14.419445153438573,12.760022828937048,34.88531731683589,14.419445153438573,39.84625384429944,0.10254816844213968,0.766496825725626,0.13095500583223407
amos_0184,CT,FOV-A,liver,4,-10.795361240690731,33.560823449848456,-25.424957382855382,10.795361240690731,33.560823449848456,25.424957382855382,43.46604597693374,0.061684221637681905,0.5961629005376712,0.34215287782464704
amos_0184,CT,FOV-A,stomach,5,-24.218637793006103,29.24193991143603,-36.68073381601971,24.218637793006103,29.24193991143603,36.68073381601971,52.79308382368424,0.2104482707049316,0.3068020788353943,0.4827496504596742
amos_0184,CT,FOV-A,aorta,51,4.524821022730646,34.85166063129111,-7.143178145214961,4.524821022730646,34.85166063129111,7.143178145214961,35.86275572318319,0.015918989453588075,0.9444079553641487,0.03967305518226321
amos_0184,CT,FOV-A,inferior_vena_cava,62,3.1208173532457053,31.455742447052096,-20.676248366513164,3.1208173532457053,31.455742447052096,20.676248366513164,37.771821247609076,0.0068265433571728425,0.6935280468709256,0.2996454097719018
amos_0184,CT,FOV-A,pancreas,6,-6.012672471665935,32.47144827466094,-26.981916053171744,6.012672471665935,32.47144827466094,26.981916053171744,42.64470632101853,0.019879471686650482,0.5797931267296319,0.40032740158371755
amos_0184,CT,FOV-A,adrenal_gland_right,7,-0.838533323375465,28.48311470560608,-32.10151432960993,0.838533323375465,28.48311470560608,32.10151432960993,42.92433090592416,0.0003816221587752021,0.44031946978322833,0.5592989080579965
amos_0184,CT,FOV-A,adrenal_gland_left,8,9.101573547513553,27.03082403878073,-31.698131153614895,9.101573547513553,27.03082403878073,31.698131153614895,42.64124303873066,0.04555890244659581,0.4018452675962501,0.5525958299571542
amos_0184,CT,FOV-A,duodenum,18,-10.291836763955171,38.36390740664096,-22.469716144519225,10.291836763955171,38.36390740664096,22.469716144519225,45.635506342063174,0.05086043047329939,0.70670785935861,0.2424317101680906
amos_0184,CT,FOV-A,urinary_bladder,20,1.4235277212007365,48.39472877636986,2.328803906438907,1.4235277212007365,48.39472877636986,2.328803906438907,48.47163636753017,0.0008624948187054904,0.9968292146026234,0.002308290578671175
amos_0184,CT,FOV-A,prostate,21,-2.637793715011283,50.432733731989345,0.9705775987401921,2.637793715011283,50.432733731989345,0.9705775987401921,50.51099492427233,0.002727154938616531,0.9969036221173065,0.00036922294407694867
amos_0180,CT,FOV-A,spleen,0,-28.251895883152883,60.05621488324164,-32.618112868586536,28.251895883152883,60.05621488324164,32.618112868586536,73.95174003498806,0.14594808465957862,0.6595065593664,0.19454535597402117
amos_0180,CT,FOV-A,kidney_right,1,-31.619589622066265,58.94575448710893,-47.21108349467863,31.619589622066265,58.94575448710893,47.21108349467863,81.87360273411645,0.1491504800584163,0.5183430252857675,0.3325064946558163
amos_0180,CT,FOV-A,kidney_left,2,-22.357275569318546,45.191083811466086,-14.206859911297215,22.357275569318546,45.191083811466086,14.206859911297215,52.38240826342966,0.18216579668998417,0.7442769889558225,0.07355721435419336
amos_0180,CT,FOV-A,gallbladder,3,-38.46738049452531,19.969140636445246,-54.90384009763886,38.46738049452531,19.969140636445246,54.90384009763886,69.94953607663035,0.30242350994141015,0.08149839842127886,0.6160780916373112
amos_0180,CT,FOV-A,esophagus,14,-20.993778654230873,54.27273514373003,-13.118002172865886,20.993778654230873,54.27273514373003,13.118002172865886,59.65191114433487,0.12386040717180655,0.8277795504844351,0.04836004234375853
amos_0180,CT,FOV-A,liver,4,-22.2331273367978,41.50417977401831,-33.15141962238545,22.2331273367978,41.50417977401831,33.15141962238545,57.584073430661185,0.14907209141340444,0.5194920489104238,0.3314358596761717
amos_0180,CT,FOV-A,stomach,5,-27.343108527215637,45.787383065163354,-30.161582891738817,27.343108527215637,45.787383065163354,30.161582891738817,61.26867971828944,0.1991676177722209,0.5584889714728681,0.24234341075491103
amos_0180,CT,FOV-A,aorta,51,-25.32562341380131,48.42836661223974,-20.535420401147917,25.32562341380131,48.42836661223974,20.535420401147917,58.381481525215335,0.1881785275700192,0.6880966119140174,0.12372486051596371
amos_0180,CT,FOV-A,inferior_vena_cava,62,-27.386085172033734,46.07540371093002,-33.488747545988645,27.386085172033734,46.07540371093002,33.488747545988645,63.20155615468681,0.1877605573220519,0.5314748953028585,0.28076454737508943
amos_0180,CT,FOV-A,pancreas,6,-17.62745057929046,42.442140374576226,-31.103230092304102,17.62745057929046,42.442140374576226,31.103230092304102,55.49300150176932,0.10090265190281278,0.5849491628652387,0.31414818523194865
amos_0180,CT,FOV-A,adrenal_gland_right,7,-31.554807657265027,51.189507136179344,-29.035385591603358,31.554807657265027,51.189507136179344,29.035385591603358,66.77668113634456,0.22329624180192137,0.58764119787368,0.18906256032439847
amos_0180,CT,FOV-A,adrenal_gland_left,8,-23.87489924230485,51.096535942738114,-22.001819003182618,23.87489924230485,51.096535942738114,22.001819003182618,60.53880440367603,0.15553044530485546,0.7123857726476487,0.13208378204749593
amos_0180,CT,FOV-A,duodenum,18,-12.197806463068034,38.2910340579576,-48.87676933051853,12.197806463068034,38.2910340579576,48.87676933051853,63.27660193094166,0.03716012611436024,0.3661911903398755,0.5966486835457643
amos_0180,CT,FOV-A,urinary_bladder,20,-17.334248004137837,47.91176787685414,-19.539003590133916,17.334248004137837,47.91176787685414,19.539003590133916,54.56909671462205,0.10090588173814177,0.7708872488797495,0.1282068693821089
amos_0180,CT,FOV-A,prostate,21,-9.943233059485403,60.54529771837119,-58.391007135650966,9.943233059485403,60.54529771837119,58.391007135650966,84.7001220412172,0.013781204133963408,0.5109668978477045,0.47525189801833223
amos_0179,CT,FOV-B,spleen,0,-1.2964697953595419,53.31496403447949,-19.281670366160597,1.2964697953595419,53.31496403447949,19.281670366160597,56.70933817315625,0.000522655648906268,0.8838714041004435,0.11560594025065032
amos_0179,CT,FOV-B,kidney_right,1,10.920315792910387,52.7221996886761,-30.573579563093745,10.920315792910387,52.7221996886761,30.573579563093745,61.916293528685564,0.031107169382758242,0.7250653354764868,0.243827495140755
amos_0179,CT,FOV-B,kidney_left,2,0.5235071402304641,47.43907910442884,-18.166612505673584,0.5235071402304641,47.43907910442884,18.166612505673584,50.80124108654655,0.0001061931673328014,0.8720147981726709,0.12787900865999652
amos_0179,CT,FOV-B,gallbladder,3,15.705565761012934,36.369035861045674,-19.97538835402429,15.705565761012934,36.369035861045674,19.97538835402429,44.36651558585165,0.12531311550979624,0.6719747161333387,0.20271216835686492
amos_0179,CT,FOV-B,esophagus,14,4.276833895258514,48.97346839049509,8.895875545603758,4.276833895258514,48.97346839049509,8.895875545603758,49.958267745042214,0.007328751975444931,0.9609637003253262,0.03170754769922883
amos_0179,CT,FOV-B,liver,4,4.322301117871277,48.16777221592622,-19.35193622488623,4.322301117871277,48.16777221592622,19.35193622488623,52.089480731247164,0.00688541279554124,0.8550924359685284,0.13802215123593028
amos_0179,CT,FOV-B,stomach,5,-8.744105945820287,42.69700928749897,-17.470477689633753,8.744105945820287,42.69700928749897,17.470477689633753,46.95435636437256,0.03467999598228718,0.8268812198917966,0.1384387841259163
amos_0179,CT,FOV-B,aorta,51,7.491199697486332,52.1859935050556,0.7341502187352944,7.491199697486332,52.1859935050556,0.7341502187352944,52.726036903611416,0.020186103254972134,0.9796200227290686,0.0001938740159595693
amos_0179,CT,FOV-B,inferior_vena_cava,62,9.219945290997266,54.98331782356516,-13.989501814206733,9.219945290997266,54.98331782356516,13.989501814206733,57.479377093579004,0.025729573191018512,0.9150351541534256,0.05923527265555564
amos_0179,CT,FOV-B,pancreas,6,7.392992099283499,58.06159056238785,-18.749394178836383,7.392992099283499,58.06159056238785,18.749394178836383,61.460104237528085,0.014469512494965458,0.8924651633916244,0.09306532411341012
amos_0179,CT,FOV-B,adrenal_gland_right,7,4.438239157250962,53.88091215399295,-29.190512096618022,4.438239157250962,53.88091215399295,29.190512096618022,61.44051316375917,0.005218092011191395,0.7690599757555119,0.22572193223329692
amos_0179,CT,FOV-B,adrenal_gland_left,8,8.612482476287372,54.15729173903909,-20.657636548652135,8.612482476287372,54.15729173903909,20.657636548652135,58.599701796920066,0.021600603772495498,0.8541282075797748,0.12427118864772989
amos_0179,CT,FOV-B,duodenum,18,1.9087169191088655,57.015075124424385,-32.50317329878908,1.9087169191088655,57.015075124424385,32.50317329878908,65.65682193201377,0.0008451296371845551,0.7540839327240074,0.2450709376388079
amos_0179,CT,FOV-B,urinary_bladder,20,-4.184544829630815,46.37077677023782,-21.523362900782104,4.184544829630815,46.37077677023782,21.523362900782104,51.2934157983769,0.006655385366672654,0.8172698914389958,0.17607472319433165
amos_0179,CT,FOV-B,prostate,21,-2.2494654138247276,51.01362797417485,-8.558579920725151,2.2494654138247276,51.01362797417485,8.558579920725151,51.77547318948373,0.001887602252300382,0.9707877062366531,0.02732469151104628
amos_0181,CT,FOV-A,spleen,0,5.769627537791493,28.913541677540323,3.0756316832917037,5.769627537791493,28.913541677540323,3.0756316832917037,29.64356598850703,0.03788215384715759,0.9513530016734512,0.01076484447939131
amos_0181,CT,FOV-A,kidney_right,1,4.394397044146508,60.31183915546647,-35.98725516551053,4.394397044146508,60.31183915546647,35.98725516551053,70.36981740806229,0.003899650981954721,0.7345684916186263,0.26153185739941914
amos_0181,CT,FOV-A,kidney_left,2,-0.21070327667763422,42.17098351131452,-17.199608826654185,0.21070327667763422,42.17098351131452,17.199608826654185,45.54407524554961,2.1403204558900117e-05,0.857360918254395,0.14261767854104604
amos_0181,CT,FOV-A,gallbladder,3,-13.256250862247057,49.620330225445116,-18.30978730356992,13.256250862247057,49.620330225445116,18.30978730356992,54.52663266429551,0.0591049795754898,0.8281365328569953,0.11275848756751493
amos_0181,CT,FOV-A,esophagus,14,-5.560635715691389,47.056791529433916,-37.00631811991548,5.560635715691389,47.056791529433916,37.00631811991548,60.122623690251665,0.008554074742580341,0.6125884099014323,0.37885751535598744
amos_0181,CT,FOV-A,liver,4,-3.3671571435089973,40.74681786031343,-9.600574229020822,3.3671571435089973,40.74681786031343,9.600574229020822,41.997761112916244,0.006427979639791527,0.9413153009701298,0.052256719390078685
amos_0181,CT,FOV-A,aorta,51,-3.1576376492057268,45.20859721917047,-11.527755299098544,3.1576376492057268,45.20859721917047,11.527755299098544,46.7619191253392,0.004559738433067136,0.9346680774003578,0.06077218416657518
amos_0181,CT,FOV-A,inferior_vena_cava,62,-4.6825794564603385,45.25579293344613,3.0564969663382726,4.6825794564603385,45.25579293344613,3.0564969663382726,45.59995085640172,0.01054487805242354,0.9849623001939674,0.004492821753609184
amos_0181,CT,FOV-A,pancreas,6,2.830964122455887,46.70523554457421,-22.228788004385933,2.830964122455887,46.70523554457421,22.228788004385933,51.802629289262164,0.0029865179154035322,0.8128820370768854,0.18413144500771106
amos_0181,CT,FOV-A,adrenal_gland_right,7,-1.4034179000514122,58.52701287022953,-28.93450641055142,1.4034179000514122,58.52701287022953,28.93450641055142,65.30380140953847,0.00046184590512997537,0.8032223646423928,0.19631578945247735
amos_0181,CT,FOV-A,adrenal_gland_left,8,4.606493943467811,42.97594350764971,-10.229105330453876,4.606493943467811,42.97594350764971,10.229105330453876,44.4160568115341,0.010756253008027844,0.9362047501544095,0.05303899683756272
amos_0181,CT,FOV-A,duodenum,18,4.844498480325765,55.22549090689458,-32.55222753584144,4.844498480325765,55.22549090689458,32.55222753584144,64.28819120941705,0.005678520977297627,0.7379327015739796,0.25638877744872274
amos_0181,CT,FOV-A,urinary_bladder,20,7.17904477776739,47.62984052733766,8.880443736796224,7.17904477776739,47.62984052733766,8.880443736796224,48.97961487744887,0.021483379109815293,0.9456436767154589,0.03287294417472554
amos_0181,CT,FOV-A,prostate,21,5.160981432586852,36.570258518122486,-3.3898920858030124,5.160981432586852,36.570258518122486,3.3898920858030124,37.087880847835,0.019364244394950863,0.9722815009749509,0.008354254630098184
amos_0185,CT,FOV-A,spleen,0,3.6687560042784355,-0.07813220197234068,15.249762228152235,3.6687560042784355,0.07813220197234068,15.249762228152235,15.68506051231849,0.05470981694477834,2.4813483101695405e-05,0.9452653695721198
amos_0185,CT,FOV-A,kidney_right,1,22.85309861690361,24.372429551718604,11.281824240955643,22.85309861690361,24.372429551718604,11.281824240955643,35.26413187434539,0.41997534312109885,0.4776736156125879,0.10235104126631309
amos_0185,CT,FOV-A,kidney_left,2,3.0339853639591823,20.688016262618255,15.693981765212015,3.0339853639591823,20.688016262618255,15.693981765212015,26.14383574990256,0.013467542354530626,0.6261798454782679,0.3603526121672014
amos_0185,CT,FOV-A,gallbladder,3,35.382193041848765,30.36235577469094,31.677880181630258,35.382193041848765,30.36235577469094,31.677880181630258,56.36719192439235,0.3940185745644804,0.2901470303856425,0.3158343950498771
amos_0185,CT,FOV-A,esophagus,14,11.855185095421342,26.38405348956648,7.688149511600159,11.855185095421342,26.38405348956648,7.688149511600159,29.92943927138835,0.15689876215011267,0.7771160465441871,0.06598519130570024
amos_0185,CT,FOV-A,liver,4,16.933801493910295,28.607828765492776,6.010234572039508,16.933801493910295,28.607828765492776,6.010234572039508,33.78290128632906,0.2512551894868997,0.7170936997125139,0.031651110800586434
amos_0185,CT,FOV-A,stomach,5,-20.92850133343632,20.17531963907947,57.52790668407249,20.92850133343632,20.17531963907947,57.52790668407249,64.45545545610568,0.10542822556524055,0.09797640157543396,0.7965953728593255
amos_0185,CT,FOV-A,aorta,51,7.853019934053479,32.86755366566378,-14.570562871947573,7.853019934053479,32.86755366566378,14.570562871947573,36.80009929953052,0.0455381537032433,0.797694835515296,0.1567670107814606
amos_0185,CT,FOV-A,inferior_vena_cava,62,17.222925320871276,32.39786079219096,-26.238176229593932,17.222925320871276,32.39786079219096,26.238176229593932,45.10756513461707,0.145785747215983,0.5158624307093287,0.3383518220746882
amos_0185,CT,FOV-A,pancreas,6,-2.7196959971801657,34.84000962194503,21.458965496576752,2.7196959971801657,34.84000962194503,21.458965496576752,41.00866026777236,0.004398347731073117,0.7217808741467889,0.27382077812213784
amos_0185,CT,FOV-A,adrenal_gland_right,7,16.366810034326953,35.103813711477784,3.344304956894007,16.366810034326953,35.103813711477784,3.344304956894007,38.87588691508641,0.1772423351095369,0.815357334237479,0.0074003306529840315
amos_0185,CT,FOV-A,adrenal_gland_left,8,15.169878439659893,39.35383882733623,-3.7775252219022377,15.169878439659893,39.35383882733623,3.7775252219022377,42.345242225356586,0.12833790879690396,0.8637040624767581,0.007958028726337904
amos_0185,CT,FOV-A,duodenum,18,2.7127470629111166,39.30622097952234,11.051781675326993,2.7127470629111166,39.30622097952234,11.051781675326993,40.92040911962475,0.004394795484953292,0.9226620300557266,0.0729431744593201
amos_0185,CT,FOV-A,urinary_bladder,20,37.102911578391605,38.51547603741841,-1.2477864477918956,37.102911578391605,38.51547603741841,1.2477864477918956,53.494157746451066,0.48106446143205356,0.5183914522300694,0.0005440863378770581
amos_0185,CT,FOV-A,prostate,21,7.467886932635359,38.291445594561246,-42.245131156624666,7.467886932635359,38.291445594561246,42.245131156624666,57.50352378246301,0.016865784627070547,0.4434193152957224,0.5397149000772072
amos_0173,CT,FOV-A,spleen,0,-23.069880587007148,81.40449450473022,-39.657820221107215,23.069880587007148,81.40449450473022,39.657820221107215,93.44331875826694,0.060952873445994184,0.7589274451041338,0.18011968144987206
amos_0173,CT,FOV-A,kidney_right,1,-6.970304492349655,62.12104619187272,-15.690191287185002,6.970304492349655,62.12104619187272,15.690191287185002,64.44991565019546,0.01169657726606957,0.9290365830086429,0.059266839725287485
amos_0173,CT,FOV-A,kidney_left,2,-5.891890831023126,74.26074652589796,-17.335307166586688,5.891890831023126,74.26074652589796,17.335307166586688,76.4845456723662,0.005934197552988467,0.9426950768296055,0.05137072561740626
amos_0173,CT,FOV-A,gallbladder,3,-2.027518313333701,34.35371937166759,4.363834546375585,2.027518313333701,34.35371937166759,4.363834546375585,34.689074895798726,0.0034162066611850327,0.9807585237875697,0.015825269551245313
amos_0173,CT,FOV-A,esophagus,14,-5.359390575269878,53.41775792861202,-26.133365971405624,5.359390575269878,53.41775792861202,26.133365971405624,59.7087325812021,0.008056661387115109,0.8003788540436065,0.19156448456927833
amos_0173,CT,FOV-A,liver,4,53.29033300426838,34.77312930345933,-16.587270885747614,53.29033300426838,34.77312930345933,16.587270885747614,65.75840378763834,0.656741322096059,0.279630813187028,0.06362786471691284
amos_0173,CT,FOV-A,stomach,5,23.982465615738445,102.23385460005487,-20.002333872261772,23.982465615738445,102.23385460005487,20.002333872261772,106.89720783880497,0.050333245863015096,0.9146538107889532,0.03501294334803165
amos_0173,CT,FOV-A,aorta,51,2.648620509216954,54.48934976229219,3.3359719537092474,2.648620509216954,54.48934976229219,3.3359719537092474,54.655586512223906,0.00234839072818439,0.9939261856555226,0.0037254236162929276
amos_0173,CT,FOV-A,inferior_vena_cava,62,7.8367725481336095,53.136564594217106,-19.67076212021962,7.8367725481336095,53.136564594217106,19.67076212021962,57.20007327999549,0.01877073653101933,0.8629661787940526,0.11826308467492823
amos_0173,CT,FOV-A,pancreas,6,6.596767102725301,76.03968044609853,-19.39329304081636,6.596767102725301,76.03968044609853,19.39329304081636,78.75055652831512,0.007017057578280717,0.9323378228717967,0.060645119549922466
amos_0173,CT,FOV-A,adrenal_gland_right,7,-2.317659782509466,93.5943100273208,-39.44206991535225,2.317659782509466,93.5943100273208,39.44206991535225,101.59204346584056,0.0005204511558328106,0.848749442626455,0.1507301062177124
amos_0173,CT,FOV-A,adrenal_gland_left,8,-8.072504362516234,78.09077156417108,-24.466463566586896,8.072504362516234,78.09077156417108,24.466463566586896,82.2310268063431,0.00963707303360179,0.9018368999982195,0.08852602696817892
amos_0173,CT,FOV-A,duodenum,18,0.09342410301727,63.23987523334705,-24.047293071492163,0.09342410301727,63.23987523334705,24.047293071492163,67.65768878448746,1.9067052288357092e-06,0.8736705424110707,0.1263275508837007
amos_0173,CT,FOV-A,urinary_bladder,20,0.7720242581723049,55.385271319864216,4.913754960246551,0.7720242581723049,55.385271319864216,4.913754960246551,55.6081764531038,0.00019274565039814883,0.9919990767437206,0.0078081776058811555
amos_0173,CT,FOV-A,prostate,21,-3.47957637198005,58.30073007307155,2.3469006693955023,3.47957637198005,58.30073007307155,2.3469006693955023,58.45160837422355,0.00354372338509187,0.9948441598811952,0.0016121167337128579
amos_0186,CT,FOV-B,spleen,0,7.883454167056627,44.29811646044536,-43.565106053789066,7.883454167056627,44.29811646044536,43.565106053789066,62.628990388039554,0.015844636224235212,0.5002875551143399,0.483867808661425
amos_0186,CT,FOV-B,kidney_right,1,10.597826878711103,55.43809703027969,-36.718216823981265,10.597826878711103,55.43809703027969,36.718216823981265,67.33441901154816,0.02477190507755037,0.6778637254264203,0.29736436949602923
amos_0186,CT,FOV-B,kidney_left,2,-2.8614115275180154,50.692208120440654,-50.791193038698225,2.8614115275180154,50.692208120440654,50.791193038698225,71.81666192709174,0.0015874871361303067,0.498232425383478,0.5001800874803918
amos_0186,CT,FOV-B,gallbladder,3,-11.867657868797004,68.58978595073712,-32.6139250019894,11.867657868797004,68.58978595073712,32.6139250019894,76.87046340496553,0.02383477391973964,0.7961591611479275,0.1800060649323327
amos_0186,CT,FOV-B,esophagus,14,4.664312878189364,41.371936615908936,-20.56377321093703,4.664312878189364,41.371936615908936,20.56377321093703,46.435565277568024,0.010089598306708865,0.793798415736555,0.1961119859567362
amos_0186,CT,FOV-B,liver,4,-6.353632519918797,54.70112859478333,-27.645004157393828,6.353632519918797,54.70112859478333,27.645004157393828,61.61840934820952,0.01063220200068011,0.7880823617706489,0.2012854362286709
amos_0186,CT,FOV-B,stomach,5,-10.143540640958754,44.78018906075879,-41.052209637006,10.143540640958754,44.78018906075879,41.052209637006,61.590913819594945,0.027123507606301445,0.5286138651774894,0.44426262721620896
amos_0186,CT,FOV-B,aorta,51,2.501711433979146,37.72294062391319,-18.189865549839624,2.501711433979146,37.72294062391319,18.189865549839624,41.954141847205314,0.003555696977199627,0.8084653209404985,0.18797898208230196
amos_0186,CT,FOV-B,inferior_vena_cava,62,7.7580503530137275,38.9362098288606,-33.442620844672774,7.7580503530137275,38.9362098288606,33.442620844672774,51.909774321196,0.022336077431579886,0.5626120968429561,0.4150518257254639
amos_0186,CT,FOV-B,pancreas,6,-3.235490161064835,48.823195908529726,-38.69846533297596,3.235490161064835,48.823195908529726,38.69846533297596,62.38384465895448,0.002689898508774295,0.6125028812615922,0.3848072202296333
amos_0186,CT,FOV-B,adrenal_gland_right,7,8.655873363379003,42.96360007692337,-23.512180677048207,8.655873363379003,42.96360007692337,23.512180677048207,49.73547743254128,0.030289297822821158,0.746223201768817,0.22348750040836188
amos_0186,CT,FOV-B,adrenal_gland_left,8,2.8785284450778903,45.131386491494624,-41.685576598377565,2.8785284450778903,45.131386491494624,41.685576598377565,61.504595511172894,0.0021904125419606618,0.5384460783322588,0.45936350912578067
amos_0186,CT,FOV-B,duodenum,18,-6.760324724924871,54.87036078325123,-47.03641624915974,6.760324724924871,54.87036078325123,47.03641624915974,72.58707141381862,0.008673943023178048,0.5714221645853051,0.41990389239151676
amos_0186,CT,FOV-B,urinary_bladder,20,7.479824518629632,76.02019797837815,-23.19754375409778,7.479824518629632,76.02019797837815,23.19754375409778,79.8319754968182,0.008778676912519727,0.9067848173530507,0.08443650573442975
amos_0186,CT,FOV-B,prostate,21,3.3010577548052282,45.563364803053105,-28.858472344015723,3.3010577548052282,45.563364803053105,28.858472344015723,54.03451323466307,0.0037321901165826817,0.7110319081009728,0.28523590178244435
amos_0188,CT,FOV-B,spleen,0,16.331840072611882,44.79181924067332,-22.165248165983257,16.331840072611882,44.79181924067332,22.165248165983257,52.576936933470634,0.09648941534216735,0.7257830837769167,0.17772750088091574
amos_0188,CT,FOV-B,kidney_right,1,19.495397497960496,42.256951478008176,24.549116754008196,19.495397497960496,42.256951478008176,24.549116754008196,52.61539323449125,0.1372898871552192,0.6450162921470947,0.2176938206976861
amos_0188,CT,FOV-B,kidney_left,2,22.43490034877437,54.48357258649659,-20.968653522118757,22.43490034877437,54.48357258649659,20.968653522118757,62.54173699201312,0.12867921768145527,0.7589117499074658,0.11240903241107898
amos_0188,CT,FOV-B,gallbladder,3,42.3257237939961,30.41651128812631,-8.28404316526462,42.3257237939961,30.41651128812631,8.28404316526462,52.77552865476886,0.6431963961165647,0.33216480561941814,0.02463879826401747
amos_0188,CT,FOV-B,esophagus,14,2.8186105662591814,36.95816615911197,-0.5859170972587435,2.8186105662591814,36.95816615911197,0.5859170972587435,37.07012152952317,0.005781255079927495,0.9939689265776182,0.0002498183424541202
amos_0188,CT,FOV-B,liver,4,27.394152812466523,35.23474547416537,2.0705361594086753,27.394152812466523,35.23474547416537,2.0705361594086753,44.67901092156588,0.3759314391886203,0.6219209353809094,0.002147625430470285
amos_0188,CT,FOV-B,stomach,5,3.605626939955883,49.752264926116595,-21.106199122054704,3.605626939955883,49.752264926116595,21.106199122054704,54.164195298079065,0.004431359551710672,0.8437253971563448,0.15184324329194443
amos_0188,CT,FOV-B,aorta,51,4.38611706199241,40.889028506398084,-14.228009047100386,4.38611706199241,40.889028506398084,14.228009047100386,43.51536414328744,0.010159566858872628,0.8829342015454352,0.10690623159569217
amos_0188,CT,FOV-B,inferior_vena_cava,62,18.665937201381197,46.42037424919148,-1.122148264101952,18.665937201381197,46.42037424919148,1.122148264101952,50.045255257292204,0.13911494337504393,0.8603822804767451,0.0005027761482109772
amos_0188,CT,FOV-B,pancreas,6,27.72231148314427,57.01203420249239,-17.744074774654564,27.72231148314427,57.01203420249239,17.744074774654564,65.83122957596316,0.1773351979971132,0.750013603295777,0.07265119870710962
amos_0188,CT,FOV-B,adrenal_gland_right,7,17.251834307019024,46.10008995309811,11.989944179308168,17.251834307019024,46.10008995309811,11.989944179308168,50.661650605398776,0.1159609823846189,0.8280277177497009,0.05601129986568018
amos_0188,CT,FOV-B,adrenal_gland_left,8,18.168469331985204,59.154682053164805,-11.622552660489418,18.168469331985204,59.154682053164805,11.622552660489418,62.96390566843956,0.08326325047730423,0.882663015734887,0.034073733787808716
amos_0188,CT,FOV-B,duodenum,18,28.682496248254644,49.63069161321537,-9.64736019245072,28.682496248254644,49.63069161321537,9.64736019245072,58.12884567682478,0.2434728241005108,0.7289827585874566,0.027544417312032523
amos_0188,CT,FOV-B,urinary_bladder,20,11.148257632673147,40.32972712806774,-18.89351765602089,11.148257632673147,40.32972712806774,18.89351765602089,45.91008111392563,0.05896548472081119,0.7716750290873892,0.16935948619179983
amos_0188,CT,FOV-B,prostate,21,21.934064743623587,41.18089721039405,-19.87583447463271,21.934064743623587,41.18089721039405,19.87583447463271,50.71506962721741,0.18705278984766777,0.6593523473107071,0.15359486284162513
amos_0196,CT,FOV-A,spleen,0,-30.710632494993725,78.6516455796789,-39.946162749202585,30.710632494993725,78.6516455796789,39.946162749202585,93.40728140257465,0.10809760141835717,0.7090129419070401,0.1828894566746026
amos_0196,CT,FOV-A,kidney_right,1,-10.826395345679018,58.25287979932411,-29.146033779833942,10.826395345679018,58.25287979932411,29.146033779833942,66.03105425624116,0.026882601956057635,0.7782844216192921,0.19483297642465047
amos_0196,CT,FOV-A,kidney_left,2,-28.409483852114136,74.84092324699846,-43.30420641299588,28.409483852114136,74.84092324699846,43.30420641299588,91.01382784097152,0.0974343128110063,0.6761818546761081,0.22638383251288544
amos_0196,CT,FOV-A,gallbladder,3,-24.576611183262116,42.34024348127553,-31.62703649130708,24.576611183262116,42.34024348127553,31.62703649130708,58.283578069035954,0.1778081184682488,0.5277330473978497,0.2944588341339018
amos_0196,CT,FOV-A,esophagus,14,-16.795024653943024,54.81332080614804,-10.387330796983406,16.795024653943024,54.81332080614804,10.387330796983406,58.26207713436087,0.08309776893172838,0.8851162224180591,0.03178600865021237
amos_0196,CT,FOV-A,liver,4,-20.171334524751842,51.37447021842784,-23.51952426945286,20.171334524751842,51.37447021842784,23.51952426945286,59.994891020777395,0.11304223255804018,0.7332738124347566,0.1536839550072033
amos_0196,CT,FOV-A,stomach,5,-14.62772980560674,60.75961736965063,-40.45449473911367,14.62772980560674,60.75961736965063,40.45449473911367,74.44640842088462,0.03860702690928446,0.6661047940855119,0.29528817900520377
amos_0196,CT,FOV-A,aorta,51,-24.530823448036905,59.08282015918398,-12.281172684986132,24.530823448036905,59.08282015918398,12.281172684986132,65.14114014599133,0.1418121829766276,0.8226435989495849,0.03554421807378747
amos_0196,CT,FOV-A,inferior_vena_cava,62,-11.06305392086735,48.800812970598244,-19.703877249069365,11.06305392086735,48.800812970598244,19.703877249069365,53.7787438240586,0.042318352417116775,0.8234416056210397,0.13424004196184372
amos_0196,CT,FOV-A,pancreas,6,-11.851755087756988,62.77866380299943,-38.77346331195099,11.851755087756988,62.77866380299943,38.77346331195099,74.7328989451996,0.0251502136279864,0.7056680867514632,0.26918169962055033
amos_0196,CT,FOV-A,adrenal_gland_right,7,-17.72210855622076,58.497559396542854,-29.42525755774227,17.72210855622076,58.497559396542854,29.42525755774227,67.83718279358305,0.0682488247679058,0.7436008652736732,0.18815030995842105
amos_0196,CT,FOV-A,adrenal_gland_left,8,-31.35670419715595,72.9526003740529,-34.2268600568309,31.35670419715595,72.9526003740529,34.2268600568309,86.46850726590628,0.13150579614615646,0.7118125327292669,0.15668167112457673
amos_0196,CT,FOV-A,duodenum,18,-3.2338475581037613,51.26038235810807,-35.02894069836998,3.2338475581037613,51.26038235810807,35.02894069836998,62.17001894786917,0.002705684089397936,0.6798321252551581,0.3174621906554439
amos_0196,CT,FOV-A,urinary_bladder,20,-14.732224012688711,51.70922870207297,3.5417370130255676,14.732224012688711,51.70922870207297,3.5417370130255676,53.883454402931186,0.07475250794872386,0.9209271139100975,0.004320378141178581
amos_0196,CT,FOV-A,prostate,21,17.079026907900335,61.041333309309024,-53.495817221638845,17.079026907900335,61.041333309309024,53.495817221638845,82.94299242558068,0.04240009658180099,0.541612429934977,0.41598747348322196
amos_0198,CT,FOV-A,spleen,0,1.5856094894667478,60.0862166017948,-12.833352585315879,1.5856094894667478,60.0862166017948,12.833352585315879,61.46187860413902,0.0006655501897703736,0.9557362465668697,0.043598203243360216
amos_0198,CT,FOV-A,kidney_right,1,4.031429375852305,53.251339145084856,-25.707081442889603,4.031429375852305,53.251339145084856,25.707081442889603,59.268976538056485,0.004626613879783563,0.8072465762171185,0.18812680990309816
amos_0198,CT,FOV-A,kidney_left,2,6.999225117667933,37.6890961873141,8.523993479069304,6.999225117667933,37.6890961873141,8.523993479069304,39.269779582977336,0.031767496945922166,0.9211164078837436,0.04711609517033439
amos_0198,CT,FOV-A,gallbladder,3,-15.398849073158239,50.57145370518211,-42.07737118159207,15.398849073158239,50.57145370518211,42.07737118159207,67.56553594982252,0.0519428856249217,0.5602223404754186,0.38783477389965954
amos_0198,CT,FOV-A,esophagus,14,4.342179895690917,45.97413805389029,-15.465961461917004,4.342179895690917,45.97413805389029,15.465961461917004,48.69981375720248,0.00794988824746271,0.8911946907404192,0.10085542101211799
amos_0198,CT,FOV-A,liver,4,-9.706696862119536,48.305552168945596,-35.05097578172763,9.706696862119536,48.305552168945596,35.05097578172763,60.46666219968705,0.025769793710527563,0.6382078029632865,0.3360224033261859
amos_0198,CT,FOV-A,stomach,5,14.963682497671087,46.254797076536065,-27.608876843256894,14.963682497671087,46.254797076536065,27.608876843256894,55.90767502793122,0.07163645812390096,0.6844956552138269,0.24386788666227205
amos_0198,CT,FOV-A,aorta,51,-0.4131416202028557,47.86116910739217,-3.4726545536818776,0.4131416202028557,47.86116910739217,3.4726545536818776,47.988764559779426,7.41171579521752e-05,0.994689347630723,0.005236535211324871
amos_0198,CT,FOV-A,inferior_vena_cava,62,2.8348336946455976,49.192767143492475,-1.3665570734526682,2.8348336946455976,49.192767143492475,1.3665570734526682,49.2933271299998,0.003307340485707746,0.99592409684885,0.0007685626654422266
amos_0198,CT,FOV-A,pancreas,6,6.078094872992526,54.21396762866486,-19.32966675752664,6.078094872992526,54.21396762866486,19.32966675752664,57.876882606823685,0.011028709251293263,0.877429279283118,0.11154201146558866
amos_0198,CT,FOV-A,adrenal_gland_right,7,2.386364268881234,46.04269509947779,-31.6372946823069,2.386364268881234,46.04269509947779,31.6372946823069,55.91549804179869,0.001821415719280682,0.6780427537414134,0.32013583053930605
amos_0198,CT,FOV-A,adrenal_gland_left,8,3.6090891728749668,59.05534674767986,-23.96083952053459,3.6090891728749668,59.05534674767986,23.96083952053459,63.8332306457638,0.003196697750795118,0.8559034911049389,0.14089981114426597
amos_0198,CT,FOV-A,duodenum,18,-10.594395282117901,52.08441429323271,-53.89988747638449,10.594395282117901,52.08441429323271,53.89988747638449,75.69825158898834,0.019587573898453742,0.47341702520577617,0.50699540089577
amos_0198,CT,FOV-A,urinary_bladder,20,-1.3220602459806416,36.73187006587294,8.936800771811477,1.3220602459806416,36.73187006587294,8.936800771811477,37.826505652323014,0.0012215466163658106,0.942960783211898,0.0558176701717363
amos_0198,CT,FOV-A,prostate,21,-11.084654520427407,55.26296834103741,-43.778333854766515,11.084654520427407,55.26296834103741,43.778333854766515,71.36811438450039,0.024123253399053725,0.5995977191072804,0.37627902749366565
amos_0193,CT,FOV-A,spleen,0,-15.572184666707614,36.35335813485182,-29.254989722074868,15.572184666707614,36.35335813485182,29.254989722074868,49.192621465150104,0.10020725308061293,0.5461213266541693,0.35367142026521753
amos_0193,CT,FOV-A,kidney_right,1,7.241187964154811,48.50999209125625,-19.50545781882576,7.241187964154811,48.50999209125625,19.50545781882576,52.78368138495036,0.018820029002912436,0.8446232930413412,0.1365566779557465
amos_0193,CT,FOV-A,kidney_left,2,-15.579933158102335,35.51777228009197,-35.43390224475277,15.579933158102335,35.51777228009197,35.43390224475277,52.533873769617465,0.08795333827594172,0.4571014347880932,0.45494522693596506
amos_0193,CT,FOV-A,gallbladder,3,-4.911446047698057,73.39897831301822,-19.750119278672315,4.911446047698057,73.39897831301822,19.750119278672315,76.16823177149482,0.004157870971572458,0.9286077035179577,0.06723442551046974
amos_0193,CT,FOV-A,esophagus,14,-3.3870393124057223,31.858043575239382,3.7332991670171083,3.3870393124057223,31.858043575239382,3.7332991670171083,32.254371772150265,0.01102715044992107,0.975575823188455,0.013397026361623869
amos_0193,CT,FOV-A,liver,4,14.561316258799238,33.953171456241165,-19.66145888597842,14.561316258799238,33.953171456241165,19.66145888597842,41.85000297073706,0.12106267967121064,0.6582179275820431,0.2207193927467462
amos_0193,CT,FOV-A,stomach,5,-9.454169508427405,47.41510966079981,-9.40729667562698,9.454169508427405,47.41510966079981,9.40729667562698,49.25516395245287,0.03684200281463809,0.9266804067422849,0.036477590443076975
amos_0193,CT,FOV-A,aorta,51,-4.721203870234962,33.89908331869906,-23.017651183625823,4.721203870234962,33.89908331869906,23.017651183625823,41.246210514949055,0.013101994141018331,0.6754726992855813,0.31142530657340034
amos_0193,CT,FOV-A,inferior_vena_cava,62,-0.6375796433198939,42.93153595389714,-27.0018903731725,0.6375796433198939,42.93153595389714,27.0018903731725,50.721054512767815,0.00015801282463281463,0.7164341921751196,0.28340779500024776
amos_0193,CT,FOV-A,pancreas,6,-0.29948059854535813,41.24874785876803,-14.783198967027914,0.29948059854535813,41.24874785876803,14.783198967027914,43.818852794703105,4.6710592738878195e-05,0.8861342705239774,0.11381901888328368
amos_0193,CT,FOV-A,adrenal_gland_right,7,2.708569578377597,45.20134053986713,-16.32628328254424,2.708569578377597,45.20134053986713,16.32628328254424,48.135694256796924,0.003166252259201978,0.8817960515642363,0.11503769617656166
amos_0193,CT,FOV-A,adrenal_gland_left,8,-10.44544841287442,31.583388469058182,-19.712875877330504,10.44544841287442,31.583388469058182,19.712875877330504,38.66801384980223,0.0729710249115416,0.6671349808044854,0.25989399428397303
amos_0193,CT,FOV-A,duodenum,18,8.612660735930111,45.73243302364721,-17.633762264928066,8.612660735930111,45.73243302364721,17.633762264928066,49.765278325662074,0.02995172265326114,0.8444923881224128,0.12555588922432587
amos_0193,CT,FOV-A,urinary_bladder,20,15.421037709295172,46.61889765784549,-9.533810240067112,15.421037709295172,46.61889765784549,9.533810240067112,50.02023151243688,0.09504642873086629,0.8686255609632094,0.03632801030592428
amos_0193,CT,FOV-A,prostate,21,10.65026695001815,75.17540651586741,-58.44015812810869,10.65026695001815,75.17540651586741,58.44015812810869,95.8124314114349,0.01235598192971438,0.6156130929578222,0.37203092511246333
amos_0192,CT,FOV-B,spleen,0,-1.1602578435309567,10.914114659297773,-3.1921691411413917,1.1602578435309567,10.914114659297773,3.1921691411413917,11.430399856760438,0.010303533318618073,0.9117046666834699,0.07799179999791178
amos_0192,CT,FOV-B,kidney_right,1,-17.359770048062813,38.629492301144786,-38.59745551013157,17.359770048062813,38.629492301144786,38.59745551013157,57.300635802950815,0.09178443829004478,0.4544845445101893,0.45373101719976594
amos_0192,CT,FOV-B,kidney_left,2,-15.289736215048784,31.072851864940798,-42.71409016312401,15.289736215048784,31.072851864940798,42.71409016312401,54.98901394833169,0.07731221598500486,0.3193084157835009,0.6033793682314942
amos_0192,CT,FOV-B,gallbladder,3,8.976722908616892,25.819022044825758,-20.926754183257913,8.976722908616892,25.819022044825758,20.926754183257913,34.42575335669196,0.06799370920474891,0.5624872346570896,0.36951905613816166
amos_0192,CT,FOV-B,esophagus,14,-3.9325590437453783,31.650443386492377,19.018507488297814,3.9325590437453783,31.650443386492377,19.018507488297814,37.13380150585909,0.011215320283035847,0.7264751670656302,0.2623095126513338
amos_0192,CT,FOV-B,liver,4,-17.394633826736907,34.388524836918116,-18.8258108341426,17.394633826736907,34.388524836918116,18.8258108341426,42.89003473988468,0.16448177565205002,0.6428568806250244,0.19266134372292548
amos_0192,CT,FOV-B,stomach,5,-19.233020461599033,13.251744256416956,-12.721630732218443,19.233020461599033,13.251744256416956,12.721630732218443,26.59619691611362,0.5229448708852624,0.24826014931427975,0.22879497980045788
amos_0192,CT,FOV-B,aorta,51,-5.347734563755678,36.812936776468725,-28.868726035012173,5.347734563755678,36.812936776468725,28.868726035012173,47.08708869697999,0.012898404907741037,0.6112195693338215,0.3758820257584373
amos_0192,CT,FOV-B,inferior_vena_cava,62,-12.078141306994105,34.520310733181745,-33.9440393806355,12.078141306994105,34.520310733181745,33.9440393806355,49.89720593401272,0.05859327295018903,0.47862671771567517,0.4627800093341357
amos_0192,CT,FOV-B,pancreas,6,13.273746439823736,43.57324722532247,-18.48709054353003,13.273746439823736,43.57324722532247,18.48709054353003,49.15885205202094,0.07290940752722597,0.7856631554849579,0.14142743698781596
amos_0192,CT,FOV-B,adrenal_gland_right,7,-21.176724954139708,37.54745007355334,-17.681002793608457,21.176724954139708,37.54745007355334,17.681002793608457,46.592730619666995,0.2065766664743304,0.6494183709920401,0.1440049625336294
amos_0192,CT,FOV-B,adrenal_gland_left,8,-10.26418848076675,27.912820805934487,-25.261355006454778,10.26418848076675,27.912820805934487,25.261355006454778,39.02070203462583,0.06919250907857476,0.5117022159345271,0.4191052749868979
amos_0192,CT,FOV-B,duodenum,18,-2.618805893709151,32.96978577293139,-38.321355335162764,2.618805893709151,32.96978577293139,38.321355335162764,50.62006709740439,0.0026764626446603066,0.42421577817841594,0.5731077591769238
amos_0192,CT,FOV-B,urinary_bladder,20,-7.949486732455249,36.674033133744366,-14.890030623870302,7.949486732455249,36.674033133744366,14.890030623870302,40.37192164839639,0.038772100897985516,0.8251986381775781,0.1360292609244364
amos_0192,CT,FOV-B,prostate,21,-3.7617342538307206,51.01408439718776,-14.00765006856625,3.7617342538307206,51.01408439718776,14.00765006856625,53.03585307999903,0.0050308006200578985,0.9252116122696715,0.06975758711027066
amos_0190,CT,FOV-B,spleen,0,-4.452582968307695,20.7098567222569,8.496195065954907,4.452582968307695,20.7098567222569,8.496195065954907,22.82343074879037,0.038059421946417565,0.8233648732263132,0.13857570482726922
amos_0190,CT,FOV-B,kidney_right,1,-9.725417240436201,37.12923739648363,14.093501831595631,9.725417240436201,37.12923739648363,14.093501831595631,40.88753849306903,0.05657630145650544,0.8246129039157766,0.11881079462771804
amos_0190,CT,FOV-B,kidney_left,2,-2.1743777120838104,35.47767714544902,4.64675873450301,2.1743777120838104,35.47767714544902,4.64675873450301,35.84669944092765,0.003679354441949394,0.9795170624251597,0.016803583132890904
amos_0190,CT,FOV-B,esophagus,14,0.103800213293896,26.60868425802751,-7.752795643027184,0.103800213293896,26.60868425802751,7.752795643027184,27.71531512918845,1.4026743323972797e-05,0.9217372912765116,0.07824868198016426
amos_0190,CT,FOV-B,liver,4,0.59481588352984,18.254408171488066,20.663325284440816,0.59481588352984,18.254408171488066,20.663325284440816,27.578075267088543,0.0004651973253232899,0.4381346585209292,0.5614001441537475
amos_0190,CT,FOV-B,stomach,5,-25.35782088206066,57.050293716957896,-48.57778422037768,25.35782088206066,57.050293716957896,48.57778422037768,79.10471675468797,0.10275881798189986,0.5201289293275569,0.37711225269054316
amos_0190,CT,FOV-B,aorta,51,-1.7005175333554643,31.3647322539947,-3.8680371148498125,1.7005175333554643,31.3647322539947,3.8680371148498125,31.64806313770055,0.002887140743711366,0.9821750471455243,0.01493781211076432
amos_0190,CT,FOV-B,inferior_vena_cava,62,-8.113891409401704,32.02559943111627,12.15612061843467,8.113891409401704,32.02559943111627,12.15612061843467,35.20291921440337,0.05312525458149128,0.8276318141671165,0.11924293125139217
amos_0190,CT,FOV-B,pancreas,6,-0.20663571619448007,40.08951875486728,4.846975952915045,0.20663571619448007,40.08951875486728,4.846975952915045,40.38199336590752,2.6183956658306554e-05,0.9855670592753345,0.014406756768007236
amos_0190,CT,FOV-B,adrenal_gland_right,7,-8.871348587333735,37.438123879703234,19.994674060361604,8.871348587333735,37.438123879703234,19.994674060361604,43.360130721321525,0.04185989392585903,0.7454988679954591,0.21264123807868202
amos_0190,CT,FOV-B,adrenal_gland_left,8,-8.819775810827771,39.594721594819156,2.8608965424473354,8.819775810827771,39.594721594819156,2.8608965424473354,40.66589667708175,0.04703859986604286,0.9480121021765905,0.004949297957366493
amos_0190,CT,FOV-B,duodenum,18,2.1612071227249157,35.40818487174447,22.182416261465505,2.1612071227249157,35.40818487174447,22.182416261465505,41.83861808587707,0.002668321265230801,0.7162302593998102,0.28110141933495886
amos_0190,CT,FOV-B,urinary_bladder,20,-7.689593211620676,28.871358092458244,-7.87113761924752,7.689593211620676,28.871358092458244,7.87113761924752,30.897248571422836,0.061939417647192595,0.8731619719713648,0.06489861038144262
amos_0190,CT,FOV-B,prostate,21,-12.865122552873821,27.52461839372702,-3.1092451952213196,12.865122552873821,27.52461839372702,3.1092451952213196,30.54150293788381,0.17743816838718632,0.812197790329126,0.010364041283687729
amos_0195,CT,FOV-A,spleen,0,12.245770961013335,49.66508586256356,-20.181457155084672,12.245770961013335,49.66508586256356,20.181457155084672,54.98973425165761,0.04959170306020831,0.8157162978435165,0.1346919990962753
amos_0195,CT,FOV-A,kidney_right,1,13.139118304914376,45.125489553767,-10.302398545889446,13.139118304914376,45.125489553767,10.302398545889446,48.115336984126124,0.07457021281250027,0.8795829237436344,0.04584686344386541
amos_0195,CT,FOV-A,kidney_left,2,11.256299019785608,52.97358752622866,-15.933560711529253,11.256299019785608,52.97358752622866,15.933560711529253,56.45160405134494,0.039759294488658156,0.8805746883552373,0.07966601715610454
amos_0195,CT,FOV-A,gallbladder,3,12.936457500431445,37.849728120344444,-6.771059577791675,12.936457500431445,37.849728120344444,6.771059577791675,40.568474204121436,0.10168417844457917,0.8704587203377315,0.02785710121768919
amos_0195,CT,FOV-A,esophagus,14,0.2761133937336382,29.697085392091058,-6.7179703534018245,0.2761133937336382,29.697085392091058,6.7179703534018245,30.448714998510745,8.223127224348381e-05,0.9512391521241758,0.04867861660358064
amos_0195,CT,FOV-A,liver,4,4.851008720147519,42.09422450174649,-10.69945434404076,4.851008720147519,42.09422450174649,10.69945434404076,43.70279562301014,0.012320991902819866,0.9277406528631769,0.05993835523400332
amos_0195,CT,FOV-A,stomach,5,20.945051429446824,70.6229755626666,-33.03631667275363,20.945051429446824,70.6229755626666,33.03631667275363,80.73226168025788,0.06730830030266716,0.7652402150512918,0.16745148464604118
amos_0195,CT,FOV-A,aorta,51,3.0258455487366955,33.391655495293065,1.043942505144969,3.0258455487366955,33.391655495293065,1.043942505144969,33.54471961360228,0.008136641472753536,0.9908948469219556,0.0009685116052908029
amos_0195,CT,FOV-A,inferior_vena_cava,62,5.978799230772523,39.858589333607284,0.5331076532393126,5.978799230772523,39.858589333607284,0.5331076532393126,40.30803130490226,0.022001118773413063,0.9778239583300637,0.00017492289652340463
amos_0195,CT,FOV-A,pancreas,6,0.11279663664932471,36.61502054497963,-17.773230360305206,0.11279663664932471,36.61502054497963,17.773230360305206,40.700862030563854,7.680422039340552e-06,0.8093033707819961,0.1906889487959646
amos_0195,CT,FOV-A,adrenal_gland_right,7,2.2162441576953,50.06184304012157,-7.589070523948976,2.2162441576953,50.06184304012157,7.589070523948976,50.68228347418611,0.0019121539730862281,0.9756663374323563,0.02242150859455748
amos_0195,CT,FOV-A,adrenal_gland_left,8,7.823501198798761,48.08276964878213,-17.97357490060608,7.823501198798761,48.08276964878213,17.97357490060608,51.92503541465472,0.022701194207639535,0.8574826645266818,0.11981614126567863
amos_0195,CT,FOV-A,duodenum,18,20.987708149081318,33.63118678423982,-4.201840213291007,20.987708149081318,33.63118678423982,4.201840213291007,39.86472223715438,0.2771740373381647,0.7117162818547734,0.011109680807061846
amos_0195,CT,FOV-A,urinary_bladder,20,16.918918569822328,42.57502052241777,-15.597826247419107,16.918918569822328,42.57502052241777,15.597826247419107,48.39601596930525,0.12221541241889436,0.773910090608148,0.10387449697295809
amos_0195,CT,FOV-A,prostate,21,21.758862105122635,34.91949351465515,-10.978850656285204,21.758862105122635,34.91949351465515,10.978850656285204,42.58349761542374,0.2610896768276429,0.6724394940669867,0.06647082910537028
amos_0197,CT,FOV-B,spleen,0,13.55277015015291,43.827255240309384,-39.41510486746827,13.55277015015291,43.827255240309384,39.41510486746827,60.48186812885018,0.050211795567435616,0.5250953255983585,0.42469287883420576
amos_0197,CT,FOV-B,kidney_right,1,17.273619695974716,42.512351151447376,-24.093455477570615,17.273619695974716,42.512351151447376,24.093455477570615,51.828298589427106,0.11107921533316076,0.6728160522431822,0.2161047324236573
amos_0197,CT,FOV-B,kidney_left,2,6.372158002474755,53.30669270819342,-49.30452304785288,6.372158002474755,53.30669270819342,49.30452304785288,72.89131551886356,0.007642254480646332,0.5348252471035464,0.4575324984158072
amos_0197,CT,FOV-B,gallbladder,3,30.76440702047244,43.933516570517476,30.84432715708121,30.76440702047244,43.933516570517476,30.84432715708121,61.87063225267934,0.24724526828350898,0.5042232015640636,0.24853153015242735
amos_0197,CT,FOV-B,esophagus,14,0.5364180974995216,51.63404580254033,-18.84485122579668,0.5364180974995216,51.63404580254033,18.84485122579668,54.968089361342805,9.523258212481068e-05,0.8823705978362658,0.11753416958160937
amos_0197,CT,FOV-B,liver,4,18.03721545895401,36.88788482186018,-15.301167069392434,18.03721545895401,36.88788482186018,15.301167069392434,43.819891622743796,0.16943237084490007,0.7086387683874875,0.12192886076761236
amos_0197,CT,FOV-B,stomach,5,13.52588349071781,49.02507425680416,-11.910400051477879,13.52588349071781,49.02507425680416,11.910400051477879,52.23279678014455,0.06705709314021661,0.8809473615979546,0.05199554526182887
amos_0197,CT,FOV-B,aorta,51,6.153955223540886,54.81416129295084,-30.488781109009523,6.153955223540886,54.81416129295084,30.488781109009523,63.02403681656763,0.009534462821808927,0.756437607671754,0.2340279295064371
amos_0197,CT,FOV-B,inferior_vena_cava,62,11.436686728408787,47.58743445569884,-31.336085377956252,11.436686728408787,47.58743445569884,31.336085377956252,58.11464504076196,0.03872837468222988,0.6705225751688993,0.29074905014887076
amos_0197,CT,FOV-B,pancreas,6,19.47349509876598,51.22805417575903,-15.373820667364726,19.47349509876598,51.22805417575903,15.373820667364726,56.91998689308049,0.11704644521044748,0.8100020862557917,0.072951468533761
amos_0197,CT,FOV-B,adrenal_gland_right,7,10.095062724170088,56.99089431473118,-31.879188470673128,10.095062724170088,56.99089431473118,31.879188470673128,66.07688691022365,0.023340969751257386,0.7438952686937983,0.23276376155494427
amos_0197,CT,FOV-B,adrenal_gland_left,8,9.836994490860977,49.34107138005253,-38.52783920755786,9.836994490860977,49.34107138005253,38.52783920755786,63.36956824492417,0.024097021214884676,0.6062554482577205,0.36964753052739485
amos_0197,CT,FOV-B,duodenum,18,24.3035467231006,39.44215411843413,-9.831880452192792,24.3035467231006,39.44215411843413,9.831880452192792,47.360445289824455,0.2633344992219864,0.693569038168161,0.04309646260985273
amos_0197,CT,FOV-B,urinary_bladder,20,5.071516888596905,21.73608722523349,-11.064959235756817,5.071516888596905,21.73608722523349,11.064959235756817,24.912067242668606,0.04144348012373144,0.7612778633830013,0.19727865649326737
amos_0197,CT,FOV-B,prostate,21,5.350064457549068,30.820218026254757,-13.515222480481043,5.350064457549068,30.820218026254757,13.515222480481043,34.07594852066056,0.024650295050627453,0.8180418201400593,0.15730788480931324
amos_0199,CT,FOV-B,spleen,0,3.571164269032522,30.92058025575878,-43.1457394145703,3.571164269032522,30.92058025575878,43.1457394145703,53.20141283104462,0.0045058146622993095,0.3377916728157199,0.6577025125219809
amos_0199,CT,FOV-B,kidney_right,1,-7.74494693403787,19.11441052052595,-46.866163490461076,7.74494693403787,19.11441052052595,46.866163490461076,51.203341422927494,0.02287917113469935,0.1393558524150159,0.8377649764502846
amos_0199,CT,FOV-B,kidney_left,2,9.767879633013578,13.163004529949205,-51.153584164088215,9.767879633013578,13.163004529949205,51.153584164088215,53.71559674445553,0.0330673802078194,0.06004948012545324,0.9068831396667273
amos_0199,CT,FOV-B,gallbladder,3,-8.101414995854952,29.67808180958113,-43.56241047988459,8.101414995854952,29.67808180958113,43.56241047988459,53.33015161847201,0.02307682848615888,0.30968917030391113,0.66723400120993
amos_0199,CT,FOV-B,esophagus,14,9.254449832010332,30.98670551009687,-9.902250198721902,9.254449832010332,30.98670551009687,9.902250198721902,33.82122586573041,0.07487253222975379,0.8394060981732503,0.08572136959699556
amos_0199,CT,FOV-B,liver,4,-8.86643308664199,31.15765909423996,-34.140309198808666,8.86643308664199,31.15765909423996,34.140309198808666,47.06351100484359,0.035491898894882655,0.43828942930437753,0.5262186718007397
amos_0199,CT,FOV-B,stomach,5,25.24463544666715,38.44032583605711,-47.965139534399725,25.24463544666715,38.44032583605711,47.965139534399725,66.45001790648216,0.14432713890561222,0.33464467284006766,0.5210281882543201
amos_0199,CT,FOV-B,aorta,51,8.011109753310425,34.18222777320281,-1.0972809766304863,8.011109753310425,34.18222777320281,1.0972809766304863,35.125583277155386,0.052016158326950675,0.9470079792152476,0.0009758624578019779
amos_0199,CT,FOV-B,inferior_vena_cava,62,3.1867634474333073,33.82347751942498,-48.07700178135201,3.1867634474333073,33.82347751942498,48.07700178135201,58.86918712757183,0.002930377533855131,0.33011133422517047,0.6669582882409745
amos_0199,CT,FOV-B,pancreas,6,11.382394589422631,29.99870573120026,-50.28779294656499,11.382394589422631,29.99870573120026,50.28779294656499,59.65185136752301,0.036409894453789816,0.25290486374543264,0.7106852418007776
amos_0199,CT,FOV-B,adrenal_gland_right,7,0.4036243071106611,24.434270970429765,-22.72879139317638,0.4036243071106611,24.434270970429765,22.72879139317638,33.37355942407411,0.00014626808255801982,0.536035700185846,0.4638180317315962
amos_0199,CT,FOV-B,adrenal_gland_left,8,0.8435692753628601,28.050392756743662,-27.550752568349367,0.8435692753628601,28.050392756743662,27.550752568349367,39.32658274007955,0.0004601178546971944,0.5087512303525668,0.490788651792736
amos_0199,CT,FOV-B,duodenum,18,-3.879520395987157,33.857467635874784,-58.68489475275243,3.879520395987157,33.857467635874784,58.68489475275243,67.86232876463066,0.0032681242631373347,0.2489152050186539,0.7478166707182088
amos_0199,CT,FOV-B,urinary_bladder,20,14.94224440070947,24.21986736270702,-13.870658480462552,14.94224440070947,24.21986736270702,13.870658480462552,31.65861351163822,0.22276547806771477,0.5852746835916878,0.1919598383405975
amos_0199,CT,FOV-B,prostate,21,12.423825241698289,21.485764482597915,-6.774687443475898,12.423825241698289,21.485764482597915,6.774687443475898,25.72714323423251,0.23319945910721368,0.6974586950754056,0.06934184581738072
amos_0212,CT,FOV-B,spleen,0,1.8784208192278697,45.62446367032956,-36.61874558895056,1.8784208192278697,45.62446367032956,36.61874558895056,58.532492501922526,0.0010298921543921773,0.6075772559703055,0.3913928518753022
amos_0212,CT,FOV-B,kidney_right,1,0.4419459150189482,40.297598693392956,-41.56043934011018,0.4419459150189482,40.297598693392956,41.56043934011018,57.89094829754066,5.8279648075505745e-05,0.48454822589555496,0.5153934944563694
amos_0212,CT,FOV-B,kidney_left,2,4.586932376608708,39.32500515183784,-22.168099776879785,4.586932376608708,39.32500515183784,22.168099776879785,45.37533059424859,0.010218921679834613,0.7511003631028114,0.2386807152173539
amos_0212,CT,FOV-B,gallbladder,3,-13.650782636683651,45.9160833065456,-38.61846607851237,13.650782636683651,45.9160833065456,38.61846607851237,61.5306142913008,0.0492189790606797,0.556861468765876,0.3939195521734441
amos_0212,CT,FOV-B,esophagus,14,4.860320560450401,41.8567370064424,-19.01819907400511,4.860320560450401,41.8567370064424,19.01819907400511,46.23095331912712,0.011052591775904574,0.8197190737789924,0.16922833444510296
amos_0212,CT,FOV-B,liver,4,-9.792504116903011,31.52560810006517,-28.19364802357677,9.792504116903011,31.52560810006517,28.19364802357677,43.41242785004994,0.05088143797465344,0.5273498124146162,0.4217687496107304
amos_0212,CT,FOV-B,stomach,5,-7.719934896024071,34.149901776690285,-10.091695269780189,7.719934896024071,34.149901776690285,10.091695269780189,36.43700728071048,0.0448892011654743,0.8784024106639952,0.07670838817053033
amos_0212,CT,FOV-B,aorta,51,-2.6124191673962747,46.59882066256914,-1.0541025658120589,2.6124191673962747,46.59882066256914,1.0541025658120589,46.68389393857063,0.003131493940275529,0.9963586687738665,0.0005098372858582321
amos_0212,CT,FOV-B,inferior_vena_cava,62,5.847818983562107,40.8228311554324,-23.092724860457565,5.847818983562107,40.8228311554324,23.092724860457565,47.2649391398132,0.015307689185711265,0.7459814624179003,0.23871084839638865
amos_0212,CT,FOV-B,pancreas,6,-11.590839636615241,44.70459177279321,-12.638057591500228,11.590839636615241,44.70459177279321,12.638057591500228,47.88077472994665,0.05860132784754527,0.8717298733777727,0.06966879877468196
amos_0212,CT,FOV-B,adrenal_gland_right,7,0.5417913878236789,45.78700753719329,-38.50506679955822,0.5417913878236789,45.78700753719329,38.50506679955822,59.82795138024831,8.200794524433847e-05,0.5857013933279631,0.4142165987267928
amos_0212,CT,FOV-B,adrenal_gland_left,8,0.8174191525107926,48.3574321479128,-28.62403494419857,0.8174191525107926,48.3574321479128,28.62403494419857,56.200042655656254,0.00021155160668171488,0.7403774313275497,0.25941101706576875
amos_0212,CT,FOV-B,duodenum,18,-7.88473732461604,42.09763565814551,-38.33265377524776,7.88473732461604,42.09763565814551,38.33265377524776,57.478451232937495,0.018817604839724018,0.5364204118706479,0.44476198328962796
amos_0212,CT,FOV-B,urinary_bladder,20,7.665172546627495,34.23202337040493,2.241271121438899,7.665172546627495,34.23202337040493,2.241271121438899,35.15123881801774,0.0475513225407927,0.9483832377939149,0.004065439665292524
amos_0212,CT,FOV-B,prostate,21,16.982282203628483,26.802343252558927,-29.83167378296139,16.982282203628483,26.802343252558927,29.83167378296139,43.55103068085408,0.15205308362018294,0.378746523047529,0.4692003933322881
amos_0215,CT,FOV-B,spleen,0,-3.715300111397468,63.845889454315994,-32.102767258178346,3.715300111397468,63.845889454315994,32.102767258178346,71.55898770080007,0.0026956246845819963,0.7960447944598266,0.20125958085559145
amos_0215,CT,FOV-B,kidney_right,1,-2.7997581139576937,69.11938841877328,-31.514329137624372,2.7997581139576937,69.11938841877328,31.514329137624372,76.01632352249379,0.0013565234353554493,0.8267725532114643,0.17187092335318024
amos_0215,CT,FOV-B,kidney_left,2,-6.448667972481019,53.37094926538097,-32.39064874866165,6.448667972481019,53.37094926538097,32.39064874866165,62.76302789434516,0.010556799150010492,0.7231061916094833,0.26633700924050624
amos_0215,CT,FOV-B,gallbladder,3,-13.954206618850627,58.73008629895938,-32.44137236340384,13.954206618850627,58.73008629895938,32.44137236340384,68.53017991998718,0.04146164744768916,0.7344420496816637,0.22409630287064705
amos_0215,CT,FOV-B,esophagus,14,2.3638805346358343,69.08700457909123,-2.0673892985292355,2.3638805346358343,69.08700457909123,2.0673892985292355,69.15834173406037,0.001168320255778105,0.9979380545896319,0.0008936251545897924
amos_0215,CT,FOV-B,liver,4,-21.129570907024736,64.50572012185668,-23.18546668729465,21.129570907024736,64.50572012185668,23.18546668729465,71.72874291845594,0.08677505865166363,0.8087420350056378,0.10448290634269868
amos_0215,CT,FOV-B,stomach,5,-33.77781806420801,48.38486539973226,-10.482635656074535,33.77781806420801,48.38486539973226,10.482635656074535,59.93264422021567,0.3176408181960123,0.651766742688084,0.03059243911590373
amos_0215,CT,FOV-B,aorta,51,3.85511210953511,70.4004633287561,-5.275251087551624,3.85511210953511,70.4004633287561,5.275251087551624,70.70300842479995,0.0029730227833303217,0.9914601148458945,0.005566862370775077
amos_0215,CT,FOV-B,inferior_vena_cava,62,-4.105710018264757,68.35165277254072,-25.220529251614153,4.105710018264757,68.35165277254072,25.220529251614153,72.9717780187901,0.003165677635600158,0.8773809169399863,0.11945340542441332
amos_0215,CT,FOV-B,pancreas,6,-8.284578202249968,59.34520333063341,-21.579784571474534,8.284578202249968,59.34520333063341,21.579784571474534,63.68810325715995,0.01692092784679475,0.8682696371662009,0.11480943498700451
amos_0215,CT,FOV-B,adrenal_gland_right,7,-9.0803713494352,65.29384669956929,-23.962482289764466,9.0803713494352,65.29384669956929,23.962482289764466,70.14228480850744,0.01675897304915115,0.8665321760914446,0.1167088508594043
amos_0215,CT,FOV-B,adrenal_gland_left,8,-0.7782064754903857,56.14577905557576,-25.47340960432905,0.7782064754903857,56.14577905557576,25.47340960432905,61.65913320787074,0.00015929232460761518,0.8291620072016678,0.17067870047372466
amos_0215,CT,FOV-B,duodenum,18,2.225237511843517,62.73233445039392,-31.671712811275484,2.225237511843517,62.73233445039392,31.671712811275484,70.30928004168516,0.0010016764034373438,0.7960816194261926,0.2029167041703701
amos_0215,CT,FOV-B,urinary_bladder,20,4.510759892218351,73.56649588188512,-4.957074155564783,4.510759892218351,73.56649588188512,4.957074155564783,73.8711638958561,0.003728632124777556,0.9917683782311516,0.004502989644070867
amos_0215,CT,FOV-B,prostate,21,15.851042160496126,73.42804085520528,-48.1495762060722,15.851042160496126,73.42804085520528,48.1495762060722,89.22619800390396,0.03155955469500266,0.6772345502275752,0.2912058950774224
amos_0224,CT,FOV-B,spleen,0,6.428457738453034,34.556890499706,-41.74940732186499,6.428457738453034,34.556890499706,41.74940732186499,54.575789152615485,0.013874378491813878,0.40093065662482835,0.5851949648833576
amos_0224,CT,FOV-B,kidney_right,1,-9.044502258300781,47.44931446702644,-34.7403357147831,9.044502258300781,47.44931446702644,34.7403357147831,59.49900326952551,0.023107340402656516,0.6359756730238618,0.34091698657348146
amos_0224,CT,FOV-B,kidney_left,2,1.5954942226579618,46.86260447617819,-48.28432732414211,1.5954942226579618,46.86260447617819,48.28432732414211,67.30546460169596,0.0005619398340844387,0.4847883674513981,0.5146496927145173
amos_0224,CT,FOV-B,gallbladder,3,3.2893292617458343,22.223039104077316,-46.06760830764324,3.2893292617458343,22.223039104077316,46.06760830764324,51.25336758887134,0.0041187922349386254,0.18800183540966264,0.8078793723553986
amos_0224,CT,FOV-B,esophagus,14,2.706512476312094,44.788001592069136,-12.934145421647713,2.706512476312094,44.788001592069136,12.934145421647713,46.696706673853896,0.003359290498164623,0.9199217023686255,0.07671900713320985
amos_0224,CT,FOV-B,liver,4,-4.9997472875231495,39.32704881032498,-32.69116694264832,4.9997472875231495,39.32704881032498,32.69116694264832,51.38410879971435,0.009467568363497629,0.5857672101526278,0.4047652214838746
amos_0224,CT,FOV-B,stomach,5,5.114038576801228,33.960518300010165,-23.513623476810324,5.114038576801228,33.960518300010165,23.513623476810324,41.62163719484785,0.015096966137010497,0.6657486600047103,0.3191543738582791
amos_0224,CT,FOV-B,aorta,51,1.663975976441744,47.69089764029074,-11.882999702272116,1.663975976441744,47.69089764029074,11.882999702272116,49.177192027514785,0.0011448976111472953,0.9404669520076788,0.05838815038117379
amos_0224,CT,FOV-B,inferior_vena_cava,62,-0.45093572158222095,40.512111521876136,-25.945083634724,0.45093572158222095,40.512111521876136,25.945083634724,48.11010172301396,8.785302696387411e-05,0.7090832208670733,0.29082892610596295
amos_0224,CT,FOV-B,pancreas,6,-0.09260676025106918,32.03574499010995,-41.93965222015322,0.09260676025106918,32.03574499010995,41.93965222015322,52.77529688624027,3.079101548078395e-06,0.3684752190421295,0.6315217018563224
amos_0224,CT,FOV-B,adrenal_gland_right,7,-8.545115091004678,38.01766395825004,-29.7254409523635,8.545115091004678,38.01766395825004,29.7254409523635,49.00983171337552,0.030399707880455065,0.6017338356378346,0.3678664564817105
amos_0224,CT,FOV-B,adrenal_gland_left,8,0.5777341190670242,39.34252846266308,-36.45663164898764,0.5777341190670242,39.34252846266308,36.45663164898764,53.64004393862626,0.00011600528696420687,0.5379554175816695,0.4619285771313662
amos_0224,CT,FOV-B,duodenum,18,2.2216757612555753,35.737958812969595,-50.42761649686679,2.2216757612555753,35.737958812969595,50.42761649686679,61.847247706431794,0.0012903888400565518,0.33390177878613464,0.6648078323738089
amos_0224,CT,FOV-B,urinary_bladder,20,-6.472566948232799,47.43415059312096,-20.937332022021735,6.472566948232799,47.43415059312096,20.937332022021735,52.251934295206816,0.015344345131439775,0.8240954417065024,0.16056021316205776
amos_0224,CT,FOV-B,prostate,21,11.682764539533856,47.98437119943553,-54.27051384813427,11.682764539533856,47.98437119943553,54.27051384813427,73.37762288349181,0.025349183241350246,0.42763411015766084,0.547016706600989
amos_0225,CT,FOV-B,spleen,0,-8.783628204159633,57.373534556021994,-29.306087064627775,8.783628204159633,57.373534556021994,29.306087064627775,65.0209299450531,0.018249103569020833,0.7786044088045703,0.20314648762640886
amos_0225,CT,FOV-B,kidney_right,1,-6.600497619328351,44.740614679446054,-40.98257461249008,6.600497619328351,44.740614679446054,40.98257461249008,61.031635997945685,0.011696160900485138,0.5373953070563372,0.45090853204317766
amos_0225,CT,FOV-B,kidney_left,2,-4.7773848984242235,44.53385613429006,-23.97264278577623,4.7773848984242235,44.53385613429006,23.97264278577623,50.801332175364905,0.008843623859275373,0.7684761641811216,0.22268021195960297
amos_0225,CT,FOV-B,gallbladder,3,-5.905602262078133,27.04582156310977,-50.87003452292464,5.905602262078133,27.04582156310977,50.87003452292464,57.9147046479992,0.010398021154163618,0.21808342797902186,0.7715185508668146
amos_0225,CT,FOV-B,esophagus,14,9.72669727736461,53.089654510061536,-26.0855359534562,9.72669727736461,53.089654510061536,26.0855359534562,59.9464364403944,0.026327162660273497,0.784319577654294,0.18935325968543232
amos_0225,CT,FOV-B,liver,4,14.686000685269953,38.13847976135435,-51.32598115138387,14.686000685269953,38.13847976135435,51.32598115138387,65.60928742020596,0.05010446698286095,0.33790616343508456,0.6119893695820547
amos_0225,CT,FOV-B,stomach,5,-10.77084198594084,37.39168798500697,-38.60812090149676,10.77084198594084,37.39168798500697,38.60812090149676,54.81547561591354,0.03860938961576189,0.4653114814743636,0.49607912890987427
amos_0225,CT,FOV-B,aorta,51,8.865060291130991,41.62254917664592,0.511425307399179,8.865060291130991,41.62254917664592,0.511425307399179,42.559222852076886,0.04338863716813576,0.956466959553919,0.00014440327794528764
amos_0225,CT,FOV-B,inferior_vena_cava,62,5.91513677443956,42.1245717315569,-28.697952923342314,5.91513677443956,42.1245717315569,28.697952923342314,51.313164866511414,0.01328837816821549,0.6739278342534962,0.3127837875782883
amos_0225,CT,FOV-B,pancreas,6,-6.5061389598071795,38.1826628082313,-18.370836454689595,6.5061389598071795,38.1826628082313,18.370836454689595,42.86879069132185,0.0230337264468353,0.7933228430331469,0.18364343052001778
amos_0225,CT,FOV-B,adrenal_gland_right,7,-0.7279946191748579,41.21121724743789,-36.54396035534404,0.7279946191748579,41.21121724743789,36.54396035534404,55.084983812596576,0.00017465856447659593,0.5597117607622586,0.4401135806732647
amos_0225,CT,FOV-B,adrenal_gland_left,8,8.69311450289241,37.151229500410594,-19.364981364428502,8.69311450289241,37.151229500410594,19.364981364428502,42.7876921134716,0.04127747051956311,0.7538911723017132,0.20483135717872386
amos_0225,CT,FOV-B,duodenum,18,3.6027918470277456,32.72925770711555,-19.04153226674032,3.6027918470277456,32.72925770711555,19.04153226674032,38.036355900862866,0.008971819710394005,0.7404138034571829,0.25061437683242294
amos_0225,CT,FOV-B,urinary_bladder,20,5.807526508297091,47.17680374754835,-7.518499291396132,5.807526508297091,47.17680374754835,7.518499291396132,48.12386110417564,0.014563356213192893,0.9610281265974852,0.024408517189322153
amos_0231,CT,FOV-B,spleen,0,-3.3419716593242725,58.135266473194164,-35.4014508824456,3.3419716593242725,58.135266473194164,35.4014508824456,68.14793252229468,0.002404917352038914,0.727736177926118,0.26985890472184293
amos_0231,CT,FOV-B,kidney_right,1,2.361784105189841,50.906251423021516,-30.937577033083898,2.361784105189841,50.906251423021516,30.937577033083898,59.616760485465896,0.001569436123625993,0.7291308767328626,0.2692996871435113
amos_0231,CT,FOV-B,kidney_left,2,2.1245922689911865,53.95851486789586,-22.096215117389733,2.1245922689911865,53.95851486789586,22.096215117389733,58.34619046323726,0.0013259470545381657,0.8552537062835044,0.14342034666195747
amos_0231,CT,FOV-B,gallbladder,3,7.922276305731884,44.04573184832388,-54.68250028178912,7.922276305731884,44.04573184832388,54.68250028178912,70.66091418165124,0.012570179135354511,0.3885520075726334,0.5988778132920121
amos_0231,CT,FOV-B,esophagus,14,5.148822019295845,63.82761470829775,-20.536061088445823,5.148822019295845,63.82761470829775,20.536061088445823,67.24733877682947,0.005862266458977351,0.9008801645254949,0.09325756901552783
amos_0231,CT,FOV-B,liver,4,15.13701598390233,46.260471964112085,-39.460434769959996,15.13701598390233,46.260471964112085,39.460434769959996,62.660086430466905,0.05835775277630972,0.5450522532405311,0.39658999398315925
amos_0231,CT,FOV-B,stomach,5,7.13405027003499,58.12508668414208,-43.75730111412224,7.13405027003499,58.12508668414208,43.75730111412224,73.10350043661644,0.009523486811832649,0.6321947447300127,0.35828176845815485
amos_0231,CT,FOV-B,aorta,51,4.24639037746844,58.75529860597832,12.285659335596606,4.24639037746844,58.75529860597832,12.285659335596606,60.17602820746702,0.004979580926770625,0.9533382896046897,0.04168212946853966
amos_0231,CT,FOV-B,inferior_vena_cava,62,10.373550194565313,60.495672276508465,-37.63271839882975,10.373550194565313,60.495672276508465,37.63271839882975,71.99693328129678,0.020759975155191335,0.7060258765170171,0.2732141483277917
amos_0231,CT,FOV-B,pancreas,6,4.98834429582401,58.948358224494626,-38.76324563662132,4.98834429582401,58.948358224494626,38.76324563662132,70.72751747701926,0.004974346254325169,0.6946508935118134,0.30037476023386134
amos_0231,CT,FOV-B,adrenal_gland_right,7,2.500637556232448,54.83956919359849,-25.28217384456032,2.500637556232448,54.83956919359849,25.28217384456032,60.4385626221677,0.0017118797097264839,0.8233032208883219,0.17498489940195172
amos_0231,CT,FOV-B,adrenal_gland_left,8,5.991705510179958,60.96555242516256,-29.57157641557214,5.991705510179958,60.96555242516256,29.57157641557214,68.02335811416536,0.0077586253968305405,0.8032539888558824,0.18898738574728727
amos_0231,CT,FOV-B,duodenum,18,3.4467708758602775,58.812734760461296,-53.82600805717601,3.4467708758602775,58.812734760461296,53.82600805717601,79.80010741124494,0.0018655971835969908,0.5431700269665586,0.4549643758498442
amos_0231,CT,FOV-B,urinary_bladder,20,-1.066177872828458,58.07202723797512,0.5914454159457705,1.066177872828458,58.07202723797512,0.5914454159457705,58.084824958543834,0.00033692556106256925,0.9995593922946671,0.00010368214427036042
amos_0231,CT,FOV-B,prostate,21,5.45789320267534,62.44142367018651,-49.658977311458045,5.45789320267534,62.44142367018651,49.658977311458045,79.96708082574631,0.004658301367695416,0.6097097049434006,0.3856319936889039
amos_0230,CT,FOV-B,spleen,0,4.311377928022864,42.25804632396661,-17.10453551779861,4.311377928022864,42.25804632396661,17.10453551779861,45.7918725762158,0.008864523198535649,0.8516124904822143,0.13952298631925
amos_0230,CT,FOV-B,kidney_right,1,3.4013155899442467,32.76064629405059,-7.608811775879957,3.4013155899442467,32.76064629405059,7.608811775879957,33.80418479991875,0.010124018378636345,0.9392127664755106,0.05066321514585299
amos_0230,CT,FOV-B,kidney_left,2,-0.6466651559018715,42.09477162248213,-26.94262436821164,0.6466651559018715,42.09477162248213,26.94262436821164,49.98292690128636,0.00016738462099290683,0.7092722154630466,0.2905603999159605
amos_0230,CT,FOV-B,gallbladder,3,-21.1551496460783,28.251486319082773,-25.20588327016091,21.1551496460783,28.251486319082773,25.20588327016091,43.37076650480443,0.2379238661198995,0.424315021632639,0.3377611122474614
amos_0230,CT,FOV-B,esophagus,14,0.3036098610108766,37.57581492869839,-5.214332051505039,0.3036098610108766,37.57581492869839,5.214332051505039,37.9370966897422,6.404770362388881e-05,0.981044333015177,0.018891619281199302
amos_0230,CT,FOV-B,liver,4,-13.308778600831971,38.81529724325182,-11.471081296779118,13.308778600831971,38.81529724325182,11.471081296779118,42.606766998274715,0.09757065903203284,0.8299437718735371,0.07248556909442998
amos_0230,CT,FOV-B,stomach,5,8.60850215874406,34.776913607284456,-17.405697615942103,8.60850215874406,34.776913607284456,17.405697615942103,39.83087168219195,0.04671061267264156,0.7623290175260307,0.19096036980132775
amos_0230,CT,FOV-B,aorta,51,-1.7892641434909233,39.049769769864966,-0.5412572258708792,1.7892641434909233,39.049769769864966,0.5412572258708792,39.09448739450614,0.002094680894690073,0.9977136392960684,0.00019167980924167873
amos_0230,CT,FOV-B,inferior_vena_cava,62,-1.3550229035925554,38.49989213910021,-9.332731491957247,1.3550229035925554,38.49989213910021,9.332731491957247,39.63808344121322,0.0011686056372228045,0.9433953482810363,0.05543604608174065
amos_0230,CT,FOV-B,pancreas,6,-1.1681049667823125,34.08014791577821,-27.828168443831828,1.1681049667823125,34.08014791577821,27.828168443831828,44.01395131220351,0.0007043410877463054,0.599545606326496,0.39975005258575763
amos_0230,CT,FOV-B,adrenal_gland_right,7,-5.7846950295268975,37.57736535392239,-6.85636858039706,5.7846950295268975,37.57736535392239,6.85636858039706,38.6332871192325,0.02242010344689891,0.9460832012815985,0.031496695271502666
amos_0230,CT,FOV-B,adrenal_gland_left,8,0.4288929199357092,37.47283903639847,-19.1345665817355,0.4288929199357092,37.47283903639847,19.1345665817355,42.07765740693591,0.00010389500002573229,0.7931039056164395,0.20679219938353474
amos_0230,CT,FOV-B,duodenum,18,2.786887282787422,34.47210490483144,-30.585672890870057,2.786887282787422,34.47210490483144,30.585672890870057,46.168995478394045,0.0036436609363941636,0.5574870126982356,0.43886932636537024
amos_0230,CT,FOV-B,urinary_bladder,20,6.468396418003926,37.959550853827835,-3.954344860369318,6.468396418003926,37.959550853827835,3.954344860369318,38.709230120470195,0.027923135787186984,0.961641201939341,0.010435662273471804
amos_0230,CT,FOV-B,prostate,21,4.898781703283135,30.231148400466253,-64.71076199193041,4.898781703283135,30.231148400466253,64.71076199193041,71.59192072687881,0.00468218043452043,0.17831228361884385,0.8170055359466358
amos_0217,CT,FOV-B,spleen,0,-4.392926048962906,60.21862790307634,-12.037555010493065,4.392926048962906,60.21862790307634,12.037555010493065,61.56690406729469,0.005091117893910748,0.9566808502768994,0.03822803182918985
amos_0217,CT,FOV-B,kidney_right,1,-13.650810782742262,50.44636107660311,6.8440878477472324,13.650810782742262,50.44636107660311,6.8440878477472324,52.706939954477825,0.06707818270206621,0.9160603429928718,0.016861474305062095
amos_0217,CT,FOV-B,kidney_left,2,-0.8157341148659611,41.99112588900596,-3.845785792265815,0.8157341148659611,41.99112588900596,3.845785792265815,42.17475718877936,0.00037410375626744416,0.9913108436701328,0.008315052573599591
amos_0217,CT,FOV-B,gallbladder,3,-17.543717754485954,71.22479417588977,-6.949307340828113,17.543717754485954,71.22479417588977,6.949307340828113,73.68206166065262,0.05669173197497602,0.9344129905408656,0.00889527748415843
amos_0217,CT,FOV-B,esophagus,14,2.6911036145061615,59.62559892682806,10.848241490606597,2.6911036145061615,59.62559892682806,10.848241490606597,60.66414451292861,0.0019678712642938884,0.9660538904999852,0.031978238235720845
amos_0217,CT,FOV-B,liver,4,-18.65631545993432,59.942188856917454,5.154087180276861,18.65631545993432,59.942188856917454,5.154087180276861,62.98959220506859,0.0877231382204137,0.9055816252085465,0.00669523657103978
amos_0217,CT,FOV-B,stomach,5,-28.875526640103537,41.41819718811777,-1.600012181408374,28.875526640103537,41.41819718811777,1.600012181408374,50.51557320310036,0.32674523048566834,0.6722515499163504,0.0010032195979812885
amos_0217,CT,FOV-B,aorta,51,-6.827626065943761,62.088797528724115,-5.270613785958403,6.827626065943761,62.088797528724115,5.270613785958403,62.68504307998828,0.011863466224362408,0.981066938854972,0.007069594920665683
amos_0217,CT,FOV-B,inferior_vena_cava,62,-15.412802795939541,53.51420795816196,-0.24157339127384603,15.412802795939541,53.51420795816196,0.24157339127384603,55.69006465357441,0.07659630137970616,0.9233848819511803,1.8816669113580787e-05
amos_0217,CT,FOV-B,pancreas,6,-8.832419190338777,45.252719167555455,-0.08101629546467848,8.832419190338777,45.252719167555455,0.08101629546467848,46.10668915083403,0.03669707679122504,0.9632998356382454,3.087570529653099e-06
amos_0217,CT,FOV-B,adrenal_gland_right,7,-15.372543443952289,53.51684497651598,-3.275342087518652,15.372543443952289,53.51684497651598,3.275342087518652,55.77719654094239,0.07595879979931774,0.9205929404930155,0.0034482597076666817
amos_0217,CT,FOV-B,adrenal_gland_left,8,-5.0070828048962,50.11043853926711,-5.140348162049349,5.0070828048962,50.11043853926711,5.140348162049349,50.62163675781175,0.009783566040885958,0.979905151013199,0.010311282945915119
amos_0217,CT,FOV-B,duodenum,18,-1.3011300680237436,46.392466204073116,1.3316910587226403,1.3011300680237436,46.392466204073116,1.3316910587226403,46.429810047273115,0.0007853217262325843,0.9983920319641236,0.0008226463096439686
amos_0217,CT,FOV-B,urinary_bladder,20,-9.032748497001746,59.20260372979956,-7.818247985527819,9.032748497001746,59.20260372979956,7.818247985527819,60.39589253716658,0.022367890543842587,0.960874808256783,0.0167573011993746
amos_0217,CT,FOV-B,prostate,21,-3.9557058889065155,59.731092551282046,-10.241673944170884,3.9557058889065155,59.731092551282046,10.241673944170884,60.731729035390224,0.004242449645936724,0.9673187940638005,0.028438756290262823
amos_0214,CT,FOV-B,spleen,0,13.60668916668601,50.23810381440279,16.982017315071516,13.60668916668601,50.23810381440279,16.982017315071516,54.74849748655128,0.061767570238356106,0.8420193428446141,0.09621308691702964
amos_0214,CT,FOV-B,kidney_right,1,-1.1142650074960017,66.12539234349791,16.125852465897026,1.1142650074960017,66.12539234349791,16.125852465897026,68.07240422403443,0.00026793830463947305,0.9436139324190684,0.05611812927629172
amos_0214,CT,FOV-B,kidney_left,2,0.255818626454257,56.07545900360813,3.761778677326163,0.255818626454257,56.07545900360813,3.761778677326163,56.202077581279525,2.071856085610908e-05,0.9954992429965386,0.004480038442605463
amos_0214,CT,FOV-B,gallbladder,3,-24.32908824428864,79.32793388411005,-3.0545671465227997,24.32908824428864,79.32793388411005,3.0545671465227997,83.03105448910507,0.08585598207764768,0.9127906426230901,0.0013533752992622933
amos_0214,CT,FOV-B,esophagus,14,-1.3044328334578505,56.55223430943829,10.91555140199398,1.3044328334578505,56.55223430943829,10.91555140199398,57.61081506814658,0.0005126670486381889,0.9635882529408154,0.035899080010546376
amos_0214,CT,FOV-B,liver,4,-22.07215232081147,70.95179682442367,5.739067471837188,22.07215232081147,70.95179682442367,5.739067471837188,74.52700367070784,0.08771261263896862,0.9063573785410082,0.005930008820022998
amos_0214,CT,FOV-B,stomach,5,-19.203208125116163,36.188399958760954,-9.502036537038691,19.203208125116163,36.188399958760954,9.502036537038691,42.055346773305715,0.20849955910948997,0.7404510040661135,0.05104943682439654
amos_0214,CT,FOV-B,aorta,51,1.9956102920764618,63.40354806034571,15.068267651263227,1.9956102920764618,63.40354806034571,15.068267651263227,65.20003878134212,0.0009368191549042379,0.9456521520366618,0.05341102880843403
amos_0214,CT,FOV-B,inferior_vena_cava,62,0.2573258889686194,55.526525325560755,16.414329520096203,0.2573258889686194,55.526525325560755,16.414329520096203,57.90243038886688,1.9750285470938455e-05,0.9196178847253113,0.08036236498921787
amos_0214,CT,FOV-B,pancreas,6,-20.274986320756355,52.24957782161934,10.008396158841379,20.274986320756355,52.24957782161934,10.008396158841379,56.932077482879755,0.12682564399383417,0.8422703406019283,0.030904015404237498
amos_0214,CT,FOV-B,adrenal_gland_right,7,-1.2445839489689092,56.57402699557278,3.8065453917552645,1.2445839489689092,56.57402699557278,3.8065453917552645,56.7156002130042,0.00048155215021035506,0.9950138402944875,0.00450460755530206
amos_0214,CT,FOV-B,adrenal_gland_left,8,-0.8073559287049221,51.57302795697623,0.696638260694499,0.8073559287049221,51.57302795697623,0.696638260694499,51.58405122819388,0.0002449622618600948,0.9995726549914409,0.00018238274669919567
amos_0214,CT,FOV-B,duodenum,18,-7.0012256385803475,61.58056400609274,-3.1779244729634684,7.0012256385803475,61.58056400609274,3.1779244729634684,62.05869985511024,0.012727491142996098,0.9846502123441166,0.0026222965128873343
amos_0214,CT,FOV-B,urinary_bladder,20,3.9785483475369583,56.50384766336657,7.979944456925555,3.9785483475369583,56.50384766336657,7.979944456925555,57.203086990600795,0.004837381588934626,0.9757018132576164,0.01946080515344893
amos_0214,CT,FOV-B,prostate,21,6.998539160671121,55.175269295308,17.768680607319137,6.998539160671121,55.175269295308,17.768680607319137,58.38677849237894,0.014367650894322374,0.8930173483152208,0.0926150007904569
amos_0226,CT,FOV-B,spleen,0,-1.262386449541367,56.46859056402221,-19.267255220197057,1.262386449541367,56.46859056402221,19.267255220197057,59.67849247053225,0.00044745458277828463,0.8953198394553943,0.10423270596182749
amos_0226,CT,FOV-B,kidney_right,1,10.555230918895504,72.616276586082,-40.187650551916704,10.555230918895504,72.616276586082,40.187650551916704,83.66351523729169,0.01591707496093336,0.7533481689142274,0.23073475612483918
amos_0226,CT,FOV-B,kidney_left,2,12.272812351578978,59.92354821106622,-12.746961514172426,12.272812351578978,59.92354821106622,12.746961514172426,62.481505912268474,0.03858204218366207,0.919797162696279,0.041620795120058854
amos_0226,CT,FOV-B,gallbladder,3,-18.524525972996003,60.059518818303076,-17.368020213848467,18.524525972996003,60.059518818303076,17.368020213848467,65.20699340836805,0.08070600594338784,0.8483505481043621,0.07094344595225002
amos_0226,CT,FOV-B,esophagus,14,3.9292958182801687,47.37517698790785,-5.0409418939830175,3.9292958182801687,47.37517698790785,5.0409418939830175,47.80437067300082,0.006756071570124907,0.9821243538409486,0.011119574588926207
amos_0226,CT,FOV-B,liver,4,-0.1070125299910103,64.97761469306539,-31.025238485091222,0.1070125299910103,64.97761469306539,31.025238485091222,72.00463378102015,2.208759201604821e-06,0.8143416304940272,0.1856561607467713
amos_0226,CT,FOV-B,stomach,5,-32.20606397991969,49.7388989416371,-19.038880180904243,32.20606397991969,49.7388989416371,19.038880180904243,62.238794843312135,0.26776447248183327,0.6386603947209345,0.0935751327972323
amos_0226,CT,FOV-B,aorta,51,-2.9353291922076394,51.687971380261274,-20.573865419581352,2.9353291922076394,51.687971380261274,20.573865419581352,55.70948286581361,0.0027762295550864285,0.8608365950407927,0.13638717540412096
amos_0226,CT,FOV-B,inferior_vena_cava,62,4.580498595365368,54.635370960918465,-24.32716341667515,4.580498595365368,54.635370960918465,24.32716341667515,59.981793965510356,0.005831584959343513,0.8296766943706518,0.16449172067000448
amos_0226,CT,FOV-B,pancreas,6,-3.8277332253767202,61.35992578044582,-18.736769427488298,3.8277332253767202,61.35992578044582,18.736769427488298,64.27097760268886,0.0035469373057572455,0.9114646705359679,0.0849883921582747
amos_0226,CT,FOV-B,adrenal_gland_right,7,3.6988921006973356,54.81256496215704,-30.150138393690668,3.6988921006973356,54.81256496215704,30.150138393690668,62.66681678258428,0.0034839190532497703,0.7650414767533413,0.23147460419340904
amos_0226,CT,FOV-B,adrenal_gland_left,8,9.719794497252757,52.64857076026286,-17.75275825300423,9.719794497252757,52.64857076026286,17.75275825300423,56.404847608666046,0.029694861587729528,0.8712450256865478,0.09906011272572275
amos_0226,CT,FOV-B,duodenum,18,-0.6011478359801394,70.31885460288694,-20.51729932720309,0.6011478359801394,70.31885460288694,20.51729932720309,73.25341127254558,6.73452343613343e-05,0.9214841480124524,0.07844850675318603
amos_0226,CT,FOV-B,urinary_bladder,20,-16.790693462225178,33.011973779297335,-21.903046832552945,16.790693462225178,33.011973779297335,21.903046832552945,43.02860978809836,0.1522729062650074,0.5886109724113432,0.2591161213236495
amos_0226,CT,FOV-B,prostate,21,-1.3358669690695137,52.69248150419911,-16.524004499125226,1.3358669690695137,52.69248150419911,16.524004499125226,55.238798613986226,0.0005848412193802782,0.9099318241267715,0.0894833346538483
amos_0235,CT,FOV-B,spleen,0,16.695632326960236,48.81809275040523,7.88536468015468,16.695632326960236,48.81809275040523,7.88536468015468,52.19319203424177,0.10232412218354675,0.874850611681151,0.022825266135302173
amos_0235,CT,FOV-B,kidney_right,1,-5.379314792169161,53.25651318698898,-20.363692487653452,5.379314792169161,53.25651318698898,20.363692487653452,57.270177197219276,0.008822605601572633,0.8647456859372464,0.12643170846118107
amos_0235,CT,FOV-B,kidney_left,2,5.209073496595643,56.692329872922045,-23.351007343668698,5.209073496595643,56.692329872922045,23.351007343668698,61.533927690967474,0.007166245737576318,0.8488272967332906,0.1440064575291332
amos_0235,CT,FOV-B,gallbladder,3,1.147060607567731,45.27633177258562,27.89976431945695,1.147060607567731,45.27633177258562,27.89976431945695,53.19453746297568,0.00046498469357522226,0.7244499609855956,0.27508505432082897
amos_0235,CT,FOV-B,esophagus,14,6.414870328492707,38.252566374815956,-6.434557161531643,6.414870328492707,38.252566374815956,6.434557161531643,39.316827459194805,0.02662066072821667,0.9465950335577273,0.02678430571405605
amos_0235,CT,FOV-B,liver,4,-1.5490777970444967,38.93315145980276,-4.454669874646811,1.5490777970444967,38.93315145980276,4.454669874646811,39.2177766874325,0.001560200885245877,0.9855375592520926,0.012902239862661395
amos_0235,CT,FOV-B,stomach,5,0.06486423707772815,42.19092596231411,44.14961049149997,0.06486423707772815,42.19092596231411,44.14961049149997,61.06772099462929,1.1282028779951862e-06,0.4773255574239766,0.5226733143731455
amos_0235,CT,FOV-B,aorta,51,6.091115516012683,44.72543283682202,-15.662987095597487,6.091115516012683,44.72543283682202,15.662987095597487,47.7786060431585,0.016252745013538097,0.8762784968393135,0.10746875814714842
amos_0235,CT,FOV-B,inferior_vena_cava,62,5.124710087667999,35.145640436142514,-27.88164833960934,5.124710087667999,35.145640436142514,27.88164833960934,45.153792856003825,0.012881016331671269,0.6058351269175289,0.3812838567507999
amos_0235,CT,FOV-B,pancreas,6,-12.493279789100558,32.60476866395675,24.03132647019754,12.493279789100558,32.60476866395675,24.03132647019754,42.38699837728665,0.08687355740892563,0.5916936655206835,0.32143277707039103
amos_0235,CT,FOV-B,adrenal_gland_right,7,-0.43157519037738723,35.32940886763433,-13.260065869448908,0.43157519037738723,35.32940886763433,13.260065869448908,37.738345683714755,0.00013078177426203695,0.8764093962885672,0.12345982193717078
amos_0235,CT,FOV-B,adrenal_gland_left,8,16.813274279022583,45.145498420947206,-20.36912025712968,16.813274279022583,45.145498420947206,20.36912025712968,52.303950899590745,0.10333218301801335,0.745006244936835,0.15166157204515174
amos_0235,CT,FOV-B,duodenum,18,8.355445806139723,46.64258361634225,22.1035230258982,8.355445806139723,46.64258361634225,22.1035230258982,52.286803413320534,0.02553612936818967,0.7957580010534128,0.17870586957839774
amos_0235,CT,FOV-B,urinary_bladder,20,3.3044684341551442,52.639621140076684,-11.1198452469215,3.3044684341551442,52.639621140076684,11.1198452469215,53.90269180401493,0.0037582209402418146,0.9536842328553635,0.042557546204394794
amos_0235,CT,FOV-B,prostate,21,0.7351915881237032,45.38063720776603,-8.257274815869152,0.7351915881237032,45.38063720776603,8.257274815869152,46.13160876707979,0.0002539825377193947,0.967707214810164,0.03203880265211688
amos_0259,CT,FOV-B,spleen,0,14.153185031189935,31.4370876617979,-3.4795245772889665,14.153185031189935,31.4370876617979,3.4795245772889665,34.65126575562028,0.16682846822350678,0.8230882568132639,0.010083274963229203
amos_0259,CT,FOV-B,kidney_right,1,0.1470541630181188,25.61038938748097,-12.819252644037249,0.1470541630181188,25.61038938748097,12.819252644037249,28.639953000256735,2.6363923659839933e-05,0.799627573473051,0.2003460626032894
amos_0259,CT,FOV-B,kidney_left,2,6.655739926220576,28.205635087622078,-11.508834220654109,6.655739926220576,28.205635087622078,11.508834220654109,31.181885603344828,0.045560443100565264,0.8182142105482599,0.13622534635117478
amos_0259,CT,FOV-B,gallbladder,3,9.914960592634177,22.59198305720374,5.026370095238178,9.914960592634177,22.59198305720374,5.026370095238178,25.178731865301998,0.15506517690949861,0.8050836399383099,0.03985118315219136
amos_0259,CT,FOV-B,esophagus,14,3.081614306481681,31.963180045318605,-13.823039469401042,3.081614306481681,31.963180045318605,13.823039469401042,34.96022948317109,0.007769767331336055,0.8358943943884433,0.1563358382802206
amos_0259,CT,FOV-B,liver,4,3.0967135825932175,20.141578241749954,-0.335722864637404,3.0967135825932175,20.141578241749954,0.335722864637404,20.38100878079868,0.023086108147152607,0.9766425539349232,0.00027133791792399877
amos_0259,CT,FOV-B,stomach,5,11.339151089149922,26.770560844652813,-0.09076897521247673,11.339151089149922,26.770560844652813,0.09076897521247673,29.073140772312325,0.15211680038941858,0.8478734521617916,9.74744878995164e-06
amos_0259,CT,FOV-B,aorta,51,0.7032580041357104,35.25448933540629,-6.3272882444453735,0.7032580041357104,35.25448933540629,6.3272882444453735,35.82468655339434,0.0003853581683777936,0.9684206868852164,0.031193954946405717
amos_0259,CT,FOV-B,inferior_vena_cava,62,5.778059259237778,30.706335331612202,-12.428386995551978,5.778059259237778,30.706335331612202,12.428386995551978,33.626326020127216,0.029526035977534913,0.833867673915835,0.13660629010663022
amos_0259,CT,FOV-B,pancreas,6,4.214117968841482,33.36588810723981,-2.9409120739971684,4.214117968841482,33.36588810723981,2.9409120739971684,33.759298619301056,0.015582120106954369,0.9768290074971667,0.0075888723958787265
amos_0259,CT,FOV-B,adrenal_gland_right,7,3.4560569892752184,29.02539104942218,-14.13688249006655,3.4560569892752184,29.02539104942218,14.13688249006655,32.46951034467483,0.011329488733188847,0.7991065316770907,0.1895639795897201
amos_0259,CT,FOV-B,adrenal_gland_left,8,3.151274757593221,36.3322486363096,-14.797077072000949,3.151274757593221,36.3322486363096,14.797077072000949,39.35627413060338,0.006411277685989951,0.8522295746477245,0.14135914766628563
amos_0259,CT,FOV-B,duodenum,18,7.384118424978428,31.737507613971644,-23.70593038238519,7.384118424978428,31.737507613971644,23.70593038238519,40.295976595133006,0.03357947757791135,0.620329257533089,0.34609126488899983
amos_0259,CT,FOV-B,urinary_bladder,20,-1.4315995851100771,20.150229446718168,-1.99979218093614,1.4315995851100771,20.150229446718168,1.99979218093614,20.299763370404314,0.004973489172081289,0.9853216842069681,0.009704826620950317
amos_0259,CT,FOV-B,prostate,21,-2.8030280395117657,29.90818597429145,-48.12638329144056,2.8030280395117657,29.90818597429145,48.12638329144056,56.73187219877149,0.0024411847740962314,0.2779239113979881,0.7196349038279158
amos_0254,CT,FOV-B,spleen,0,-3.5394813459611925,51.90773624253363,-3.2813996335468048,3.5394813459611925,51.90773624253363,3.2813996335468048,52.13164675682025,0.004609739332617014,0.9914282525328517,0.0039620081345312615
amos_0254,CT,FOV-B,kidney_right,1,-10.104264519598793,34.60378866214097,13.580231661419319,10.104264519598793,34.60378866214097,13.580231661419319,38.52195534022066,0.06880068581398942,0.8069203255976883,0.12427898858832226
amos_0254,CT,FOV-B,kidney_left,2,3.8116948672233804,38.634911940472435,-3.0648977747319606,3.8116948672233804,38.634911940472435,3.0648977747319606,38.94327973833783,0.009580125669994803,0.9842259351143404,0.006193939215664692
amos_0254,CT,FOV-B,gallbladder,3,-1.052336560222173,37.78210192349687,11.038392265696459,1.052336560222173,37.78210192349687,11.038392265696459,39.37563639872851,0.0007142564085945604,0.9206977005104773,0.07858804308092801
amos_0254,CT,FOV-B,esophagus,14,4.6188231884394675,29.92336843793008,19.856884767299718,4.6188231884394675,29.92336843793008,19.856884767299718,36.20825015075978,0.016272249737581006,0.6829766969487546,0.3007510533136644
amos_0254,CT,FOV-B,liver,4,4.337739678141077,35.44238542140883,16.080937829478607,4.337739678141077,35.44238542140883,16.080937829478607,39.16088905209595,0.01226935929236992,0.8191073112555637,0.16862332945206657
amos_0254,CT,FOV-B,stomach,5,-3.973584741181803,35.46377060791261,13.881147859524333,3.973584741181803,35.46377060791261,13.881147859524333,38.29039915336449,0.010769242868606492,0.8578078791824607,0.1314228779489327
amos_0254,CT,FOV-B,aorta,51,1.7438684946248877,37.300516195192145,5.584049244146904,1.7438684946248877,37.300516195192145,5.584049244146904,37.756472183129006,0.0021332642027999584,0.97599336769771,0.021873368099490104
amos_0254,CT,FOV-B,inferior_vena_cava,62,-1.0894739773101367,35.71555814278878,16.24333011202721,1.0894739773101367,35.71555814278878,16.24333011202721,39.250908526127795,0.0007704319687974562,0.8279716288106849,0.1712579392205177
amos_0254,CT,FOV-B,pancreas,6,1.908044312562808,39.5476825825792,9.924801646100974,1.908044312562808,39.5476825825792,9.924801646100974,40.818641800843764,0.0021850421212800722,0.9386960269570881,0.05911893092163196
amos_0254,CT,FOV-B,adrenal_gland_right,7,-3.8430191615842375,40.27094066068061,12.748713983767914,3.8430191615842375,40.27094066068061,12.748713983767914,42.415176130864786,0.008209232394611351,0.9014486624664166,0.09034210513897198
amos_0254,CT,FOV-B,adrenal_gland_left,8,0.8431056589930961,35.9396921772544,8.672993608162116,0.8431056589930961,35.9396921772544,8.672993608162116,36.980983208606666,0.000519765083862689,0.9444778975410528,0.055002337375084503
amos_0254,CT,FOV-B,duodenum,18,-5.163049812776496,35.92725163523795,3.5839249557462836,5.163049812776496,35.92725163523795,3.5839249557462836,36.47285307621739,0.020038866679127968,0.9703055539025776,0.009655579418294416
amos_0254,CT,FOV-B,urinary_bladder,20,-6.108378249890871,41.82031693608229,-15.903445528323118,6.108378249890871,41.82031693608229,15.903445528323118,45.15717853398784,0.018297773455282315,0.8576716240064182,0.12403060253829948
amos_0254,CT,FOV-B,prostate,21,2.669347630802572,38.60418779184516,-23.331195212300088,2.669347630802572,38.60418779184516,23.331195212300088,45.185765478484186,0.003489851794796738,0.729903676760538,0.26660647144466515
amos_0242,CT,FOV-B,spleen,0,-6.640294453213514,80.94159438276812,-37.29901033874421,6.640294453213514,80.94159438276812,37.29901033874421,89.36918587466087,0.005520762601676072,0.8202909239592842,0.17418831343903987
amos_0242,CT,FOV-B,kidney_right,1,2.0018004868384836,99.43539950743056,-30.153570741173837,2.0018004868384836,99.43539950743056,30.153570741173837,103.92614545355949,0.0003710154040012532,0.9154453143487095,0.08418367024728929
amos_0242,CT,FOV-B,kidney_left,2,-4.207580558783334,87.01734319545996,-34.36235994589552,4.207580558783334,87.01734319545996,34.36235994589552,93.65091314027,0.002018556207133015,0.8633514167889974,0.13463002700386956
amos_0242,CT,FOV-B,gallbladder,3,-10.264876772253437,114.53411489248217,1.839079963535994,10.264876772253437,114.53411489248217,1.839079963535994,115.00788401003705,0.007966219231103262,0.9917780717773226,0.0002557089915740175
amos_0242,CT,FOV-B,esophagus,14,-2.0738538923190255,60.36575471656826,-14.509845453647927,2.0738538923190255,60.36575471656826,14.509845453647927,62.119729776909985,0.0011145439441542038,0.9443264490076254,0.05455900704822059
amos_0242,CT,FOV-B,liver,4,12.414305176729481,44.68848561576735,-16.126380037149147,12.414305176729481,44.68848561576735,16.126380037149147,49.10433639460145,0.063915345670121,0.828231192875449,0.10785346145442996
amos_0242,CT,FOV-B,stomach,5,2.2786985888397453,41.45242531676675,-11.547739926924692,2.2786985888397453,41.45242531676675,11.547739926924692,43.09113980066895,0.0027963904049505095,0.925388136599679,0.07181547299537064
amos_0242,CT,FOV-B,aorta,51,-1.9904229478274722,69.52474503255414,0.8972413391846317,1.9904229478274722,69.52474503255414,0.8972413391846317,69.55901808804981,0.0008188113510957517,0.9990148046092862,0.00016638403961817075
amos_0242,CT,FOV-B,inferior_vena_cava,62,-8.983413165659828,73.71401873612294,-28.164266816530017,8.983413165659828,73.71401873612294,28.164266816530017,79.42093046324204,0.012794190324341507,0.8614503183243173,0.12575549135134118
amos_0242,CT,FOV-B,pancreas,6,-6.684906789997161,74.78050626606336,-9.147101980296469,6.684906789997161,74.78050626606336,9.147101980296469,75.63386523798472,0.007811926013146235,0.9775617748541933,0.014626299132660626
amos_0242,CT,FOV-B,adrenal_gland_right,7,-5.487031297462723,75.06035619793516,-29.62346050786033,5.487031297462723,75.06035619793516,29.62346050786033,80.88086298674736,0.004602388987187284,0.8612509007166006,0.1341467102962123
amos_0242,CT,FOV-B,adrenal_gland_left,8,-1.4823646086458595,74.1588019046842,-30.682900704367853,1.4823646086458595,74.1588019046842,30.682900704367853,80.26933225339087,0.0003410442839965425,0.8535443841824972,0.14611457153350618
amos_0242,CT,FOV-B,duodenum,18,-12.09095708882419,75.92176621317299,-20.040981361030987,12.09095708882419,75.92176621317299,20.040981361030987,79.44776121556022,0.023161038714726394,0.91320709792408,0.06363186336119368
amos_0242,CT,FOV-B,urinary_bladder,20,-1.5526570734434522,72.5719306197337,-22.744482833479122,1.5526570734434522,72.5719306197337,22.744482833479122,76.06843864064507,0.0004166218931516547,0.9101822233961535,0.08940115471069471
amos_0242,CT,FOV-B,prostate,21,-1.044594168082165,63.62014008104778,-10.826604266238261,1.044594168082165,63.62014008104778,10.826604266238261,64.54323171987798,0.00026193514871449236,0.9716007201194464,0.02813734473183871
amos_0245,CT,FOV-B,spleen,0,-21.990118963513922,61.60776992503352,31.073283334251983,21.990118963513922,61.60776992503352,31.073283334251983,72.41982866823189,0.09220196390414544,0.7236956979917885,0.18410233810406623
amos_0245,CT,FOV-B,kidney_right,1,-19.410872383886776,79.43624835722329,-11.933520162462685,19.410872383886776,79.43624835722329,11.933520162462685,82.63962985905674,0.05517132092339714,0.9239760693184538,0.020852609758149024
amos_0245,CT,FOV-B,kidney_left,2,-32.26511354965093,75.26947862420195,4.348024740071878,32.26511354965093,75.26947862420195,4.348024740071878,82.0087634577631,0.15479105795372447,0.8423979249566337,0.0028110170896418975
amos_0245,CT,FOV-B,esophagus,14,2.886913364667752,61.53534213981082,8.147090108029332,2.886913364667752,61.53534213981082,8.147090108029332,62.13942129008786,0.002158405770668279,0.9806518018691075,0.01718979236022416
amos_0245,CT,FOV-B,liver,4,-7.9459668407355935,60.576266186838616,11.278653729293325,7.9459668407355935,60.576266186838616,11.278653729293325,62.12753370381042,0.016357814144474823,0.9506852900055657,0.03295689584995926
amos_0245,CT,FOV-B,stomach,5,-24.41645477738689,59.66416818230478,23.04801455832373,24.41645477738689,59.66416818230478,23.04801455832373,68.46303531003596,0.12718998366543047,0.7594774456527601,0.11333257068180946
amos_0245,CT,FOV-B,aorta,51,2.031220134127846,61.20065347423291,7.905721420448458,2.031220134127846,61.20065347423291,7.905721420448458,61.74258070476291,0.0010822919528296782,0.9825226311752726,0.016395076871897573
amos_0245,CT,FOV-B,inferior_vena_cava,62,-10.963509553577449,62.897859116550855,-5.364462125886689,10.963509553577449,62.897859116550855,5.364462125886689,64.07118445195887,0.029280176712777828,0.9637096805400582,0.007010142747163969
amos_0245,CT,FOV-B,pancreas,6,-16.805831306503322,62.4653199175791,-4.094402128896434,16.805831306503322,62.4653199175791,4.094402128896434,64.81601875386411,0.06722879030266633,0.9287808110395807,0.0039903986577526415
amos_0245,CT,FOV-B,adrenal_gland_right,7,-21.203932609347348,69.37956141547383,-1.5603159874622747,21.203932609347348,69.37956141547383,1.5603159874622747,72.56421215920406,0.08538623448981371,0.9141514056241519,0.00046235988603448544
amos_0245,CT,FOV-B,adrenal_gland_left,8,-17.278357966029226,68.54059970912648,14.747012057707678,17.278357966029226,68.54059970912648,14.747012057707678,72.20685443307394,0.057259570009250374,0.9010293707806836,0.04171105921006628
amos_0245,CT,FOV-B,duodenum,18,-20.308675422322736,70.5191196830242,-8.535250280499554,20.308675422322736,70.5191196830242,8.535250280499554,73.87989601798797,0.07556325304132595,0.9110898603757971,0.013346886582876876
amos_0245,CT,FOV-B,urinary_bladder,20,-15.76310067920957,74.00877113456477,18.065724252179734,15.76310067920957,74.00877113456477,18.065724252179734,77.79552648209973,0.04105575568930569,0.9050178347676358,0.05392640954305836
amos_0245,CT,FOV-B,prostate,21,-23.002360978982775,65.08494945996928,-52.38668171667274,23.002360978982775,65.08494945996928,52.38668171667274,86.65750791534545,0.07045834506795644,0.5640904573696698,0.36545119756237376
amos_0237,CT,FOV-B,spleen,0,6.941632222424204,64.44209898468985,-43.02331550325573,6.941632222424204,64.44209898468985,43.02331550325573,77.79444746482005,0.007962070150754466,0.6861864757694669,0.30585145407977865
amos_0237,CT,FOV-B,kidney_right,1,9.362546344453357,42.78199774991492,-17.62087461354406,9.362546344453357,42.78199774991492,17.62087461354406,47.20648078041832,0.0393355032240521,0.8213322400537523,0.13933225672219554
amos_0237,CT,FOV-B,kidney_left,2,-7.202094097248619,53.46508863093733,-44.23586470872942,7.202094097248619,53.46508863093733,44.23586470872942,69.76530361310428,0.01065708930968244,0.5873021693689486,0.4020407413213688
amos_0237,CT,FOV-B,gallbladder,3,6.09116540921341,58.39838570949951,-36.36527122275061,6.09116540921341,58.39838570949951,36.36527122275061,69.06451115169126,0.007778411271138515,0.7149765535310573,0.2772450351978044
amos_0237,CT,FOV-B,esophagus,14,7.562139072534219,49.06999626726426,-19.476332346122035,7.562139072534219,49.06999626726426,19.476332346122035,53.33271043813802,0.02010490423512705,0.8465346488413547,0.13336044692351837
amos_0237,CT,FOV-B,liver,4,10.427887175895378,56.56554535474456,-37.858126686234414,10.427887175895378,56.56554535474456,37.858126686234414,68.85956366710322,0.022933171271248668,0.6748005443254914,0.3022662844032599
amos_0237,CT,FOV-B,stomach,5,0.6802712614178432,47.37385194904269,-29.996997405131765,0.6802712614178432,47.37385194904269,29.996997405131765,56.076416351282724,0.00014716473247976925,0.7137019671017065,0.28615086816581375
amos_0237,CT,FOV-B,aorta,51,2.090531914550052,51.74446401424481,-34.93926147705929,2.090531914550052,51.74446401424481,34.93926147705929,62.47088819898071,0.0011198458439318944,0.6860763108619833,0.31280384329408495
amos_0237,CT,FOV-B,inferior_vena_cava,62,9.516272043085127,52.82571184702766,-46.47909197299532,9.516272043085127,52.82571184702766,46.47909197299532,71.00296653223272,0.017963076083643392,0.5535256210964649,0.4285113028198918
amos_0237,CT,FOV-B,pancreas,6,8.053189697768385,52.20730193639312,-27.3178892683419,8.053189697768385,52.20730193639312,27.3178892683419,59.47035659774834,0.018337273954687608,0.7706575079802885,0.21100521806502376
amos_0237,CT,FOV-B,adrenal_gland_right,7,6.287187043056694,49.27039259223527,-21.98807709191442,6.287187043056694,49.27039259223527,21.98807709191442,54.31920324624933,0.013396951320819311,0.8227450222453464,0.16385802643383432
amos_0237,CT,FOV-B,adrenal_gland_left,8,3.457584986126278,55.30829405748648,-40.128968201970906,3.457584986126278,55.30829405748648,40.128968201970906,68.41999981321595,0.002553757117698996,0.6534530495123844,0.343993193369917
amos_0237,CT,FOV-B,duodenum,18,22.725727222463025,46.636693584149725,-20.677799658681806,22.725727222463025,46.636693584149725,20.677799658681806,55.84810887555863,0.16558410147124927,0.6973303408310817,0.137085557697669
amos_0237,CT,FOV-B,urinary_bladder,20,9.911308931325404,61.29095959754764,-13.010655869043376,9.911308931325404,61.29095959754764,13.010655869043376,63.43573865939499,0.02441147513609875,0.9335226062338826,0.04206591863001874
amos_0237,CT,FOV-B,prostate,21,24.811483233948234,61.51911478165586,-74.03605166751368,24.811483233948234,61.51911478165586,74.03605166751368,99.4059763309118,0.0622989122909522,0.38299681726115936,0.5547042704478884
amos_0239,CT,FOV-B,spleen,0,1.3737206144568717,51.80789226321998,-8.684460104075583,1.3737206144568717,51.80789226321998,8.684460104075583,52.54868843637559,0.0006833970016315862,0.9720040757937712,0.02731252720459688
amos_0239,CT,FOV-B,kidney_right,1,-5.198806132556648,36.38747588024468,-25.204586933497012,5.198806132556648,36.38747588024468,25.204586933497012,44.56845508459436,0.013606677301254522,0.6665745084827082,0.3198188142160375
amos_0239,CT,FOV-B,kidney_left,2,-9.94810388411721,48.67269829891083,-23.894393051693328,9.94810388411721,48.67269829891083,23.894393051693328,55.12656664345056,0.03256557372827716,0.7795589403051923,0.18787548596653025
amos_0239,CT,FOV-B,gallbladder,3,-7.012383643316269,43.81738286004719,-20.568329173706957,7.012383643316269,43.81738286004719,20.568329173706957,48.91004733245482,0.020555837221257308,0.8025954667345789,0.17684869604416376
amos_0239,CT,FOV-B,esophagus,14,2.0147098275768016,41.716170283726285,0.9601837269988209,2.0147098275768016,41.716170283726285,0.9601837269988209,41.77582879632403,0.002325813357584136,0.9971459134978191,0.0005282731445967677
amos_0239,CT,FOV-B,liver,4,-2.9870672732254704,40.70760953857442,-12.80660202054446,2.9870672732254704,40.70760953857442,12.80660202054446,42.77897965768262,0.004875612297494983,0.905503965919024,0.08962042178348073
amos_0239,CT,FOV-B,stomach,5,-3.601818719698656,52.25337206986782,-3.347770613997227,3.601818719698656,52.25337206986782,3.347770613997227,52.484241052391695,0.004709619910593572,0.9912217000075143,0.004068680081892104
amos_0239,CT,FOV-B,aorta,51,1.739211481090095,45.710391806535824,-20.289660552514647,1.739211481090095,45.710391806535824,20.289660552514647,50.04133392525865,0.0012079446411355417,0.8343958432021363,0.16439621215672806
amos_0239,CT,FOV-B,inferior_vena_cava,62,-0.7855273262311044,40.5323391801324,-23.933683710158448,0.7855273262311044,40.5323391801324,23.933683710158448,47.07768886140711,0.0002784148054859506,0.7412642714384017,0.2584573137561125
amos_0239,CT,FOV-B,pancreas,6,3.3939552121564294,50.9786192896305,-13.655979733085815,3.3939552121564294,50.9786192896305,13.655979733085815,52.88501053351187,0.004118575421761508,0.9292037359363833,0.0666776886418554
amos_0239,CT,FOV-B,adrenal_gland_right,7,-2.6189712129709406,40.02323085826687,-17.224030188998768,2.6189712129709406,40.02323085826687,17.224030188998768,43.65071860233274,0.0035998023340252485,0.840700861605262,0.15569933606071257
amos_0239,CT,FOV-B,adrenal_gland_left,8,-2.4520696162190205,50.19272305506358,-14.723612116121785,2.4520696162190205,50.19272305506358,14.723612116121785,52.36513006601916,0.002192710108919703,0.9187495558729715,0.07905773401810873
amos_0239,CT,FOV-B,duodenum,18,-5.864404593504087,45.8797583219374,-29.251761396211407,5.864404593504087,45.8797583219374,29.251761396211407,54.72667548551237,0.011482850677566396,0.7028199971567477,0.28569715216568586
amos_0239,CT,FOV-B,urinary_bladder,20,-6.706971316357192,27.901202088215115,-35.848182844184066,6.706971316357192,27.901202088215115,35.848182844184066,45.91898033967991,0.02133381017974032,0.3691997157578737,0.609466474062386
amos_0239,CT,FOV-B,prostate,21,-0.9230499464815949,21.939938729196598,-37.31913980226682,0.9230499464815949,21.939938729196598,37.31913980226682,43.30047491917076,0.00045442800051325106,0.25673524973496864,0.742810322264518
amos_0263,CT,FOV-B,spleen,0,3.467821544494015,53.561412574522436,-9.043937696624539,3.467821544494015,53.561412574522436,9.043937696624539,54.43017097440622,0.004059140498854106,0.9683328098924902,0.027608049608655913
amos_0263,CT,FOV-B,kidney_right,1,5.430081187250302,57.04865815948148,-9.371113537131237,5.430081187250302,57.04865815948148,9.371113537131237,58.06765836869355,0.008744681974911551,0.965210953021903,0.026044365003185656
amos_0263,CT,FOV-B,kidney_left,2,-57.923463650777336,22.80756531429924,135.99921702893516,57.923463650777336,22.80756531429924,135.99921702893516,149.56971521451914,0.14997598173058493,0.023252546469522,0.826771471799893
amos_0263,CT,FOV-B,gallbladder,3,1.4000615473552926,49.82179045486177,-24.6469949701559,1.4000615473552926,49.82179045486177,24.6469949701559,55.602565925714515,0.0006340223804432555,0.802876958104301,0.19648901951525571
amos_0263,CT,FOV-B,esophagus,14,-2.815036497794331,52.96540630708279,-12.6018310013676,2.815036497794331,52.96540630708279,12.6018310013676,54.51664736890291,0.0026663047105639445,0.9439007612459855,0.05343293404345065
amos_0263,CT,FOV-B,liver,4,-0.11578433042351577,54.9109702090617,-25.600566655907983,0.11578433042351577,54.9109702090617,25.600566655907983,60.58561766966828,3.652249995505493e-06,0.8214462563381126,0.17855009141189168
amos_0263,CT,FOV-B,stomach,5,9.160194766158448,64.69533244162923,-38.77750632404923,9.160194766158448,64.69533244162923,38.77750632404923,75.98085419761058,0.014534532664519728,0.7249992450142166,0.2604662223212637
amos_0263,CT,FOV-B,aorta,51,-2.9393776985841953,60.03708893546002,-14.612964540664962,2.9393776985841953,60.03708893546002,14.612964540664962,61.85976658350726,0.0022578455783020426,0.941938825542296,0.055803328879401974
amos_0263,CT,FOV-B,inferior_vena_cava,62,1.0233675065322263,64.03006563860342,-40.63007919086613,1.0233675065322263,64.03006563860342,40.63007919086613,75.83996256455656,0.00018208200491437516,0.7128065374463343,0.2870113805487515
amos_0263,CT,FOV-B,pancreas,6,-4.154580380195249,68.25644310037325,-27.56058989875396,4.154580380195249,68.25644310037325,27.56058989875396,73.72780125852996,0.003175351205987086,0.8570866713808691,0.1397379774131439
amos_0263,CT,FOV-B,adrenal_gland_right,7,3.6910576047959083,59.94384733767198,-19.876191731062363,3.6910576047959083,59.94384733767198,19.876191731062363,63.260981162277254,0.003404315477838424,0.8978781027940291,0.09871758172813255
amos_0263,CT,FOV-B,adrenal_gland_left,8,-4.0580137477482765,76.03082177872048,-9.668857967046847,4.0580137477482765,76.03082177872048,9.668857967046847,76.75050586355373,0.002795532430553154,0.9813340677484729,0.01587039982097418
amos_0263,CT,FOV-B,duodenum,18,1.5753479066379619,60.28101390672862,-26.66340442103933,1.5753479066379619,60.28101390672862,26.66340442103933,65.93344746007187,0.0005708754826828859,0.8358907671129975,0.16353835740431935
amos_0263,CT,FOV-B,urinary_bladder,20,10.613505747478328,46.141923899174174,-5.9149741900780555,10.613505747478328,46.141923899174174,5.9149741900780555,47.71488829535521,0.04947774476983823,0.9351549440723196,0.015367311157842378
amos_0263,CT,FOV-B,prostate,21,0.40005447376173287,43.20812632555234,-10.00557901808429,0.40005447376173287,43.20812632555234,10.00557901808429,44.353284383842364,8.13554576923754e-05,0.9490285940182045,0.05089005052410307
amos_0248,CT,FOV-B,spleen,0,8.35205663649694,49.61860968188529,11.540664915516473,8.35205663649694,49.61860968188529,11.540664915516473,51.623155884881406,0.026175667163963474,0.923847059145508,0.049977273690528616
amos_0248,CT,FOV-B,kidney_right,1,4.059434128652974,62.277509399702524,-17.066673452925897,4.059434128652974,62.277509399702524,17.066673452925897,64.70114778907492,0.003936470735143283,0.9264852333809068,0.06957829588394988
amos_0248,CT,FOV-B,kidney_left,2,0.9291589868559242,34.868930002480425,14.85175921355065,0.9291589868559242,34.868930002480425,14.85175921355065,37.91148068432597,0.0006006736349219595,0.8459325729760834,0.1534667533889948
amos_0248,CT,FOV-B,gallbladder,3,-3.552179050449837,58.037735009998954,-15.842252457206584,3.552179050449837,58.037735009998954,15.842252457206584,60.26585786343028,0.003474137566149342,0.9274237739003963,0.06910208853345434
amos_0248,CT,FOV-B,esophagus,14,0.09242980919995247,49.887651889146724,-2.5408446771813047,0.09242980919995247,49.887651889146724,2.5408446771813047,49.95239980177002,3.4238237359863533e-06,0.9974092956490832,0.0025872805271808207
amos_0248,CT,FOV-B,liver,4,0.6063017254277625,39.1575945392037,-12.152884916542988,0.6063017254277625,39.1575945392037,12.152884916542988,41.004602469401775,0.00021863132993275392,0.9119411195295489,0.08784024914051836
amos_0248,CT,FOV-B,stomach,5,22.365020385898774,71.55227584306459,-18.699191332222753,22.365020385898774,71.55227584306459,18.699191332222753,77.26307055549078,0.0837904782708424,0.8576359478538794,0.058573573875278256
amos_0248,CT,FOV-B,aorta,51,-0.6202635591277392,56.03464877801258,-14.944504793931735,0.6202635591277392,56.03464877801258,14.944504793931735,57.99659312488844,0.00011437933528034102,0.9334871476336316,0.06639847303108795
amos_0248,CT,FOV-B,inferior_vena_cava,62,-0.8036314662663155,55.806883926059015,-14.003044966509677,0.8036314662663155,55.806883926059015,14.003044966509677,57.5425006877898,0.0001950457103739513,0.9405850769270335,0.05921987736259252
amos_0248,CT,FOV-B,pancreas,6,6.743355575134345,49.721482449935934,-10.753242357180511,6.743355575134345,49.721482449935934,10.753242357180511,51.315990515863994,0.017268184834934048,0.9388208042263162,0.0439110109387499
amos_0248,CT,FOV-B,adrenal_gland_right,7,-1.8189444914569464,51.70975913018418,-6.211095467468937,1.8189444914569464,51.70975913018418,6.211095467468937,52.11319847476915,0.001218269674646227,0.9845767397097867,0.01420499061556692
amos_0248,CT,FOV-B,adrenal_gland_left,8,12.033411597652716,59.14113989125127,2.536310402690475,12.033411597652716,59.14113989125127,2.536310402690475,60.406210713583675,0.03968390096223628,0.9585531424445213,0.0017629565932424458
amos_0248,CT,FOV-B,duodenum,18,4.264029746958018,57.81085665737757,-8.618280055366142,4.264029746958018,57.81085665737757,8.618280055366142,58.6050496822204,0.005293834679531141,0.9730804178010516,0.021625747519417267
amos_0248,CT,FOV-B,urinary_bladder,20,-7.030462286244518,42.5062149113017,-30.260438072454974,7.030462286244518,42.5062149113017,30.260438072454974,52.64883491950184,0.01783159680972043,0.6518194828343729,0.3303489203559067
amos_0248,CT,FOV-B,prostate,21,0.1817057981607686,58.171265544965166,-16.803145115488917,0.1817057981607686,58.171265544965166,16.803145115488917,60.54977157572203,9.005597928497046e-06,0.9229793959109854,0.07701159849108606
amos_0249,CT,FOV-B,spleen,0,5.688017126553845,45.03335534230892,37.01656416660251,5.688017126553845,45.03335534230892,37.01656416660251,58.57117597350111,0.009430916577853252,0.5911541266842454,0.3994149567379013
amos_0249,CT,FOV-B,kidney_right,1,-7.3687985404191,33.54465386875101,5.924464824292727,7.3687985404191,33.54465386875101,5.924464824292727,34.851718444832485,0.04470385469683397,0.9263993383387693,0.028896806964396636
amos_0249,CT,FOV-B,kidney_left,2,2.5259486919899388,35.93308081886441,19.568004502307303,2.5259486919899388,35.93308081886441,19.568004502307303,40.993578937827884,0.003796796998530253,0.7683467107793266,0.22785649222214324
amos_0249,CT,FOV-B,gallbladder,3,34.035810846421306,12.683432213713473,17.927408677516723,34.035810846421306,12.683432213713473,17.927408677516723,40.505528691574156,0.7060632259235426,0.09804940761665064,0.19588736645980642
amos_0249,CT,FOV-B,esophagus,14,3.183326590920995,43.31431529359264,12.318321297834927,3.183326590920995,43.31431529359264,12.318321297834927,45.14426339119857,0.004972299177587561,0.9205720073629642,0.07445569345944836
amos_0249,CT,FOV-B,liver,4,11.627879485875617,20.342002617299784,25.536377064153953,11.627879485875617,20.342002617299784,25.536377064153953,34.657051308253656,0.11256874528528059,0.34451187252916227,0.5429193821855569
amos_0249,CT,FOV-B,stomach,5,6.626965553759817,31.20704078188939,31.007321225119426,6.626965553759817,31.20704078188939,31.007321225119426,44.48876303484924,0.02218854194452464,0.49204465149241744,0.485766806563058
amos_0249,CT,FOV-B,aorta,51,3.299225102372139,47.985419260824756,-2.1375310339067255,3.299225102372139,47.985419260824756,2.1375310339067255,48.146177281630244,0.004695699263117051,0.9933332344207235,0.0019710663161593973
amos_0249,CT,FOV-B,inferior_vena_cava,62,7.767565120085463,35.73888641913251,20.39676464613001,7.767565120085463,35.73888641913251,20.39676464613001,41.87637852541743,0.034405793007317415,0.7283561623702975,0.2372380446223849
amos_0249,CT,FOV-B,pancreas,6,10.552008106398238,36.906827939649986,23.662538897911872,10.552008106398238,36.906827939649986,23.662538897911872,45.09295477942885,0.054758664084696304,0.6698785202528998,0.2753628156624039
amos_0249,CT,FOV-B,adrenal_gland_right,7,0.9443862161211811,27.094487891264492,7.770182033573974,0.9443862161211811,27.094487891264492,7.770182033573974,28.20246209553261,0.001121308801127725,0.9229705532724543,0.07590813792641807
amos_0249,CT,FOV-B,adrenal_gland_left,8,4.1960450491784655,45.35159013880616,13.986114085309737,4.1960450491784655,45.35159013880616,13.986114085309737,47.64435863121986,0.0077563485034540455,0.9060706613594879,0.08617299013705836
amos_0249,CT,FOV-B,duodenum,18,10.888947515264652,40.64917203830339,6.171531977752011,10.888947515264652,40.64917203830339,6.171531977752011,42.53248373116941,0.06554360429574813,0.9134019177218831,0.021054477982368716
amos_0249,CT,FOV-B,urinary_bladder,20,-7.386818828711867,45.2436591536534,-9.565602857485601,7.386818828711867,45.2436591536534,9.565602857485601,46.83006026098315,0.02488086425224587,0.9333961616085563,0.04172297413919799
amos_0249,CT,FOV-B,prostate,21,-4.193832112113245,37.98861155536419,-21.97623251958953,4.193832112113245,37.98861155536419,21.97623251958953,44.08715948486596,0.009048942839109342,0.7424763163180558,0.24847474084283477
amos_0268,CT,FOV-B,spleen,0,-7.908134380460467,63.744485090375406,-42.24867753960086,7.908134380460467,63.744485090375406,42.24867753960086,76.88204421489903,0.010580306198609559,0.6874409361651432,0.301978757636247
amos_0268,CT,FOV-B,kidney_right,1,-7.371953007229479,48.53990789833266,-1.8857276159053526,7.371953007229479,48.53990789833266,1.8857276159053526,49.13272146503596,0.022512487021340205,0.976014467071853,0.001473045906806807
amos_0268,CT,FOV-B,kidney_left,2,3.642419619097211,60.34982467598222,-14.534792528877915,3.642419619097211,60.34982467598222,14.534792528877915,62.18222216165085,0.003431211406428608,0.941931995833017,0.05463679276055428
amos_0268,CT,FOV-B,gallbladder,3,-7.5045171347197055,52.10815663369169,-34.974260003180575,7.5045171347197055,52.10815663369169,34.974260003180575,63.20424533175541,0.014097853940360977,0.6797025818062239,0.3061995642534152
amos_0268,CT,FOV-B,esophagus,14,-11.415137364671292,60.58402022216315,-22.62177809115019,11.415137364671292,60.58402022216315,22.62177809115019,65.6694275240696,0.0302159200905261,0.8511178854560022,0.11866619445347183
amos_0268,CT,FOV-B,liver,4,-10.582575972561706,64.11706948584342,-25.50887364242692,10.582575972561706,64.11706948584342,25.50887364242692,69.81183386914296,0.022978659876378645,0.8435080580528086,0.1335132820708128
amos_0268,CT,FOV-B,stomach,5,-20.122666113564414,54.2240898297631,-25.98434273678214,20.122666113564414,54.2240898297631,25.98434273678214,63.406306286100396,0.100717777528696,0.7313405153273002,0.16794170714400378
amos_0268,CT,FOV-B,aorta,51,-9.469192492933395,62.33444949470811,-9.423415355784584,9.469192492933395,62.33444949470811,9.423415355784584,63.749901625368636,0.02206311620466107,0.9560865724306007,0.021850311364738306
amos_0268,CT,FOV-B,inferior_vena_cava,62,-10.136452838699926,67.34431888554792,-22.690955134161868,10.136452838699926,67.34431888554792,22.690955134161868,71.78359427620005,0.019939837192431403,0.8801395350170232,0.09992062779054563
amos_0268,CT,FOV-B,pancreas,6,-4.010752713113995,60.819744837933854,-32.513719066425324,4.010752713113995,60.819744837933854,32.513719066425324,69.08161424726237,0.0033707521278483294,0.7751115939132662,0.22151765395888542
amos_0268,CT,FOV-B,adrenal_gland_right,7,-7.8129428657325555,67.99655249312114,-27.019722947129253,7.8129428657325555,67.99655249312114,27.019722947129253,73.58422830547728,0.011273527211886882,0.8538946816725017,0.13483179111561122
amos_0268,CT,FOV-B,adrenal_gland_left,8,-10.5373649746684,74.91200720696828,-38.11761184684224,10.5373649746684,74.91200720696828,38.11761184684224,84.71007742466514,0.015473689855920889,0.7820467404308916,0.20247956971318762
amos_0268,CT,FOV-B,duodenum,18,4.946787683587324,62.637251371782185,-49.25531997522336,4.946787683587324,62.637251371782185,49.25531997522336,79.83722511247468,0.003839155243060134,0.6155374996720829,0.3806233450848568
amos_0268,CT,FOV-B,urinary_bladder,20,-0.6211048505752554,30.27975117275534,-68.68113217575842,0.6211048505752554,30.27975117275534,68.68113217575842,75.06228759679114,6.846778057673572e-05,0.16272752245278743,0.8372040097666359
amos_0268,CT,FOV-B,prostate,21,32.02654442831887,37.344996783556525,-126.80648779621993,32.02654442831887,37.344996783556525,126.80648779621993,136.01556410939082,0.05544251849792392,0.07538546857772248,0.8691720129243534
amos_0264,CT,FOV-B,spleen,0,-0.2209479512831649,74.50174618137022,-28.3537890352909,0.2209479512831649,74.50174618137022,28.3537890352909,79.71509489882247,7.68243373684575e-06,0.8734775935378848,0.12651472402837818
amos_0264,CT,FOV-B,kidney_right,1,15.900456662579089,68.00822954268654,-17.77364165582884,15.900456662579089,68.00822954268654,17.77364165582884,72.06834357274428,0.048677707233667405,0.8904998639012578,0.060822428865074704
amos_0264,CT,FOV-B,kidney_left,2,-6.8683557088181715,76.94804254884072,-26.40501525541478,6.8683557088181715,76.94804254884072,26.40501525541478,81.64190341289051,0.0070774908275951015,0.8883189160584052,0.10460359311399983
amos_0264,CT,FOV-B,gallbladder,3,2.8922743591921716,64.07369251915264,-36.85539542613276,2.8922743591921716,64.07369251915264,36.85539542613276,73.97380276844206,0.0015287028837923798,0.7502458736579357,0.24822542345827192
amos_0264,CT,FOV-B,esophagus,14,4.764063575563384,64.52752130617606,-13.216197477448304,4.764063575563384,64.52752130617606,13.216197477448304,66.0391185846232,0.005204183010132857,0.9547450809098871,0.04005073607998028
amos_0264,CT,FOV-B,liver,4,-6.515547136550822,67.16106134337844,-21.236528461391174,6.515547136550822,67.16106134337844,21.236528461391174,70.73931478569138,0.00848359806964626,0.9013913868050049,0.0901250151253488
amos_0264,CT,FOV-B,stomach,5,-2.035912273452176,54.746722606074485,-50.63001376532981,2.035912273452176,54.746722606074485,50.63001376532981,74.59723097253105,0.0007448566633741632,0.538605565857376,0.46064957747924984
amos_0264,CT,FOV-B,aorta,51,4.21317953790793,70.56627263806749,3.488760700907733,4.21317953790793,70.56627263806749,3.488760700907733,70.77797091664125,0.0035434288481116095,0.9940269075528624,0.0024296635990262378
amos_0264,CT,FOV-B,inferior_vena_cava,62,6.989491041819928,70.68450636634296,-11.698963009503586,6.989491041819928,70.68450636634296,11.698963009503586,71.98623591197828,0.009427405213179503,0.9641609282794101,0.02641166650741038
amos_0264,CT,FOV-B,pancreas,6,15.160458067887541,86.35320764942463,-31.20321759035147,15.160458067887541,86.35320764942463,31.20321759035147,93.06103775567756,0.026539263394306702,0.8610357157545291,0.11242502085116435
amos_0264,CT,FOV-B,adrenal_gland_right,7,4.627994334141732,65.81653365298757,-5.92316080138005,4.627994334141732,65.81653365298757,5.92316080138005,66.24438291304931,0.004880760749584383,0.9871244148689227,0.00799482438149291
amos_0264,CT,FOV-B,adrenal_gland_left,8,0.4409344150900196,75.61915091450868,-20.66780691055567,0.4409344150900196,75.61915091450868,20.66780691055567,78.39393248639631,3.163611115869094e-05,0.930462108809512,0.06950625507932934
amos_0264,CT,FOV-B,duodenum,18,18.17456382609645,74.78172411659224,-27.434135537191224,18.17456382609645,74.78172411659224,27.434135537191224,81.70222043978943,0.049483484586840175,0.8377669593397634,0.1127495560733966
amos_0264,CT,FOV-B,urinary_bladder,20,-9.58714867892912,46.411182840597434,-3.3795361529988632,9.58714867892912,46.411182840597434,3.3795361529988632,47.51139418144541,0.04071771289962584,0.9542226584371143,0.005059628663259696
amos_0264,CT,FOV-B,prostate,21,-10.161910138668262,49.41914828441065,8.998244606999748,10.161910138668262,49.41914828441065,8.998244606999748,51.24924429521217,0.03931658321332863,0.929855749867311,0.03082766691936029
amos_0272,CT,FOV-B,spleen,0,-2.955270160329661,73.6328441938804,9.79256743482722,2.955270160329661,73.6328441938804,9.79256743482722,74.33992024993329,0.001580338773690015,0.9810676843549823,0.017351976871327522
amos_0272,CT,FOV-B,kidney_right,1,-6.242112446097536,49.84759643282733,4.879139091379898,6.242112446097536,49.84759643282733,4.879139091379898,50.47328834336809,0.015294665231735083,0.9753606813680203,0.009344653400244539
amos_0272,CT,FOV-B,kidney_left,2,1.1416406270031914,49.11097238399434,17.44406720884558,1.1416406270031914,49.11097238399434,17.44406720884558,52.12951594451459,0.00047961355228284835,0.8875435695130584,0.11197681693465873
amos_0272,CT,FOV-B,gallbladder,3,4.207901514327361,49.93867472376161,-13.861067977218681,4.207901514327361,49.93867472376161,13.861067977218681,51.997181402351245,0.0065489477893971495,0.9223896485755912,0.07106140363501165
amos_0272,CT,FOV-B,esophagus,14,2.9207880327439057,56.1141905864242,-8.501534724230055,2.9207880327439057,56.1141905864242,8.501534724230055,56.82965318008766,0.002641496683591874,0.9749792983065955,0.022379205009812688
amos_0272,CT,FOV-B,liver,4,-0.3879833242904027,51.80982305864234,-12.765422828919782,0.3879833242904027,51.80982305864234,12.765422828919782,53.36070011186942,5.2866807053417915e-05,0.9427166554978814,0.05723047769506513
amos_0272,CT,FOV-B,stomach,5,6.826038218024799,56.64634832039573,6.628570802069817,6.826038218024799,56.64634832039573,6.628570802069817,57.4398949047401,0.014122453640316831,0.9725603585138918,0.013317187845791414
amos_0272,CT,FOV-B,aorta,51,-4.946749565595314,66.55644826014637,-16.221679371485607,4.946749565595314,66.55644826014637,16.221679371485607,68.68314216677582,0.005187278170409462,0.9390310770770854,0.05578164475250518
amos_0272,CT,FOV-B,inferior_vena_cava,62,0.8646111036720256,54.7293993890608,-2.3106159754402142,0.8646111036720256,54.7293993890608,2.3106159754402142,54.78497655410543,0.00024906841496453124,0.9979721092118935,0.0017788223731420004
amos_0272,CT,FOV-B,pancreas,6,-2.0134733296239222,62.40956477983897,-13.258021169000472,2.0134733296239222,62.40956477983897,13.258021169000472,63.8340267896025,0.0009949179803709985,0.955867784562223,0.04313729745740596
amos_0272,CT,FOV-B,adrenal_gland_right,7,1.2842448199236784,59.60810399938512,-0.6653586493598596,1.2842448199236784,59.60810399938512,0.6653586493598596,59.62564925676946,0.0004639053736323078,0.9994115728316026,0.00012452179476480385
amos_0272,CT,FOV-B,adrenal_gland_left,8,-3.6558081853957436,67.1251250494094,-7.207139068395918,3.6558081853957436,67.1251250494094,7.207139068395918,67.60983804106067,0.0029237956163250655,0.9857128640689514,0.01136334031472364
amos_0272,CT,FOV-B,duodenum,18,1.9843944139127387,51.488070986055476,-24.265285708480974,1.9843944139127387,51.488070986055476,24.265285708480974,56.95404608602682,0.001213966848434707,0.8172672156064763,0.1815188175450888
amos_0272,CT,FOV-B,urinary_bladder,20,2.349766761415628,78.10978736072005,14.74295198736695,2.349766761415628,78.10978736072005,14.74295198736695,79.52367520852997,0.0008730852004715626,0.9647571930172372,0.034369721782291154
amos_0272,CT,FOV-B,prostate,21,-13.267408241985674,94.05392283391937,-30.627028503404404,13.267408241985674,94.05392283391937,30.627028503404404,99.8006983786021,0.017672786246707567,0.8881507097392817,0.094176504014011
amos_0276,CT,FOV-B,spleen,0,2.5402426445856463,41.12744102220864,-13.86534800541375,2.5402426445856463,41.12744102220864,13.86534800541375,43.47605217864029,0.003413895337007392,0.894876645226864,0.10170945943612852
amos_0276,CT,FOV-B,kidney_right,1,-9.009341480156557,24.075880794655802,-0.7461299503385987,9.009341480156557,24.075880794655802,0.7461299503385987,25.71717285875992,0.12272686725847991,0.8764313839556523,0.0008417487858678215
amos_0276,CT,FOV-B,kidney_left,2,-4.456450962628892,34.14058386262464,-13.268908134750404,4.456450962628892,34.14058386262464,13.268908134750404,36.89855477863147,0.014586783983214053,0.856097394820211,0.12931582119657503
amos_0276,CT,FOV-B,gallbladder,3,-19.155459443744007,31.297953335513995,-10.613865536750666,19.155459443744007,31.297953335513995,10.613865536750666,38.19879122596887,0.25146984009327544,0.6713247163415343,0.07720544356519048
amos_0276,CT,FOV-B,esophagus,14,-0.6377231623331703,35.774734527587896,-12.463313091856094,0.6377231623331703,35.774734527587896,12.463313091856094,37.88894950479357,0.0002832952242485744,0.8915130621088422,0.10820364266690942
amos_0276,CT,FOV-B,liver,4,-8.091960849317033,35.286384132838094,-21.136579552214414,8.091960849317033,35.286384132838094,21.136579552214414,41.92092235058976,0.037260260492514345,0.7085208846646187,0.25421885484286694
amos_0276,CT,FOV-B,stomach,5,-12.508151837654104,28.053035103225568,-2.125592056450216,12.508151837654104,28.053035103225568,2.125592056450216,30.788711932899368,0.16504533310825564,0.830188417133409,0.004766249758335407
amos_0276,CT,FOV-B,aorta,51,-5.00318835961468,40.77677143185794,-12.82556381004315,5.00318835961468,40.77677143185794,12.82556381004315,43.03803049877234,0.013514156034548412,0.897678648856497,0.08880719510895442
amos_0276,CT,FOV-B,inferior_vena_cava,62,-1.8647971517618274,39.14536381869007,-7.829862713532407,1.8647971517618274,39.14536381869007,7.829862713532407,39.964280639435934,0.002177304620975382,0.9594374523509213,0.03838524302810343
amos_0276,CT,FOV-B,pancreas,6,-12.31718016332718,33.04358450358541,-4.771487921904566,12.31718016332718,33.04358450358541,4.771487921904566,35.585931223031544,0.11980251015397327,0.8622190919668188,0.01797839787920799
amos_0276,CT,FOV-B,adrenal_gland_right,7,-8.60373950043849,38.888974799498044,-15.277132949862164,8.60373950043849,38.888974799498044,15.277132949862164,42.65873281656599,0.040677907469288455,0.8310690090870907,0.12825308344362077
amos_0276,CT,FOV-B,adrenal_gland_left,8,-3.8192925966087117,43.72544170514317,-28.317147785287148,3.8192925966087117,43.72544170514317,28.317147785287148,52.23372576163964,0.005346429603825041,0.700755316695356,0.29389825370081896
amos_0276,CT,FOV-B,duodenum,18,-11.33532667217565,31.54530397415803,-19.02701774554089,11.33532667217565,31.54530397415803,19.02701774554089,38.543783388194974,0.08648870554059893,0.6698240694219842,0.24368722503741688
amos_0276,CT,FOV-B,urinary_bladder,20,-7.4748744370845515,60.19829010703391,8.611843514386827,7.4748744370845515,60.19829010703391,8.611843514386827,61.26884794393545,0.014884298637006457,0.9653590729849778,0.019756628378015947
amos_0276,CT,FOV-B,prostate,21,11.194845508678513,72.90996086105936,-51.67560383275746,11.194845508678513,72.90996086105936,51.67560383275746,90.0641715123416,0.015450128380381005,0.6553444313920875,0.3292054402275315
amos_0273,CT,FOV-B,spleen,0,2.404768958063073,48.67568898867319,9.204780833935729,2.404768958063073,48.67568898867319,9.204780833935729,49.59670959312214,0.0023509369641385044,0.9632044607197123,0.034444602316149354
amos_0273,CT,FOV-B,kidney_right,1,6.8146490034128675,69.05781879571447,-16.297697402263793,6.8146490034128675,69.05781879571447,16.297697402263793,71.2813911093015,0.009139757024553437,0.9385845056933589,0.052275737282087814
amos_0273,CT,FOV-B,kidney_left,2,-8.701828640620363,38.483431284194864,5.1221256847517225,8.701828640620363,38.483431284194864,5.1221256847517225,39.786083956912144,0.04783641930962135,0.9355891709048724,0.01657440978550627
amos_0273,CT,FOV-B,gallbladder,3,-6.059405033893455,61.762487244801946,-11.826833860323973,6.059405033893455,61.762487244801946,11.826833860323973,63.175906951849946,0.00919934689945731,0.9557550110113705,0.03504564208917212
amos_0273,CT,FOV-B,esophagus,14,-2.0073358771130785,46.83083428522798,6.553215337293295,2.0073358771130785,46.83083428522798,6.553215337293295,47.329705982933866,0.0017987569312520543,0.9790303976715732,0.019170845397174775
amos_0273,CT,FOV-B,liver,4,-13.30158255725123,62.211320078544304,-14.942821161279198,13.30158255725123,62.211320078544304,14.942821161279198,65.3488205608979,0.04143154428979979,0.9062819414392485,0.05228651427095186
amos_0273,CT,FOV-B,stomach,5,-21.12406655734121,44.22810478698787,-17.405435883520454,21.12406655734121,44.22810478698787,17.405435883520454,52.012504643240376,0.16494513823814017,0.7230713010815719,0.11198356068028797
amos_0273,CT,FOV-B,aorta,51,-3.7372492415174,56.59612728992579,4.24198420103221,3.7372492415174,56.59612728992579,4.24198420103221,56.877790798100726,0.0043173641979559725,0.9901203582706646,0.0055622775313794665
amos_0273,CT,FOV-B,inferior_vena_cava,62,-1.7404216082306057,57.3850792996368,-15.975772778635474,1.7404216082306057,57.3850792996368,15.975772778635474,59.59279914112602,0.0008529456582961389,0.9272789516700357,0.07186810267166807
amos_0273,CT,FOV-B,pancreas,6,-11.630484894638823,60.89158409256075,-19.39923579984122,11.630484894638823,60.89158409256075,19.39923579984122,64.95678210782658,0.03205875397300306,0.8787504090506146,0.08919083697638243
amos_0273,CT,FOV-B,adrenal_gland_right,7,2.815702162168929,59.68125265421236,-15.603505726131857,2.815702162168929,59.68125265421236,15.603505726131857,61.751514054210865,0.0020791135463384537,0.9340726143402283,0.06384827211343325
amos_0273,CT,FOV-B,adrenal_gland_left,8,-3.477364599222234,55.6416969232865,-7.39424442025836,3.477364599222234,55.6416969232865,7.39424442025836,56.23846861006545,0.0038232569323508204,0.9788897032565006,0.017287039811148402
amos_0273,CT,FOV-B,duodenum,18,-8.658247682377656,71.62922802039591,-29.48776049611513,8.658247682377656,71.62922802039591,29.48776049611513,77.94382322418831,0.012339472700130458,0.8445339875482478,0.14312653975162185
amos_0273,CT,FOV-B,urinary_bladder,20,-21.655535258846513,65.42786609549151,7.021129585443589,21.655535258846513,65.42786609549151,7.021129585443589,69.27527791219825,0.09771951252618209,0.8920084303972396,0.010272057076578241
amos_0273,CT,FOV-B,prostate,21,8.678077826054054,56.371625290651934,-42.897029933933425,8.678077826054054,56.371625290651934,42.897029933933425,71.36682947852945,0.014786121635845377,0.6239191364157233,0.36129474194843125
amos_0288,CT,FOV-B,spleen,0,-13.446545895970488,83.1702226034948,-6.278863148486181,13.446545895970488,83.1702226034948,6.278863148486181,84.48384251964832,0.02533227304128787,0.9691442223817931,0.0055235045769190935
amos_0288,CT,FOV-B,kidney_right,1,-0.5096841427867389,45.60785353376393,-4.248563303592164,0.5096841427867389,45.60785353376393,4.248563303592164,45.80814744155565,0.00012379890036994244,0.9912742151235245,0.008601985976105602
amos_0288,CT,FOV-B,kidney_left,2,6.738663679520386,51.69395792735837,3.3138487289495515,6.738663679520386,51.69395792735837,3.3138487289495515,52.236543413395424,0.016641738790460294,0.9793337189016188,0.004024542307920819
amos_0288,CT,FOV-B,gallbladder,3,2.2115690054886414,74.85861679610801,-15.813547511924867,2.2115690054886414,74.85861679610801,15.813547511924867,76.5426144771949,0.0008348229982527669,0.9564824625822254,0.04268271441952211
amos_0288,CT,FOV-B,esophagus,14,10.82829566278912,56.71730472741808,19.4385957438151,10.82829566278912,56.71730472741808,19.4385957438151,60.92588650971806,0.031587590319128514,0.8666174999173142,0.10179490976355753
amos_0288,CT,FOV-B,liver,4,5.355902363334266,64.7430195169807,-13.638651061602445,5.355902363334266,64.7430195169807,13.638651061602445,66.38039672284177,0.006510069355669972,0.9512752848805206,0.0422146457638097
amos_0288,CT,FOV-B,stomach,5,18.653801934720896,75.93014959238525,-3.449086660854647,18.653801934720896,75.93014959238525,3.449086660854647,78.26396452094593,0.05680820083082186,0.9412496413141398,0.0019421578550384037
amos_0288,CT,FOV-B,aorta,51,5.874976913244275,58.71538555961512,-9.239716902043426,5.874976913244275,58.71538555961512,9.239716902043426,59.72758343994273,0.009675255472358707,0.9663933810749137,0.023931363452727467
amos_0288,CT,FOV-B,inferior_vena_cava,62,5.418439919814176,64.562446782849,-17.072962102057204,5.418439919814176,64.562446782849,17.072962102057204,67.00115715934409,0.006540092905615924,0.9285287494494516,0.06493115764493239
amos_0288,CT,FOV-B,pancreas,6,12.26817400533529,69.83761204401652,-3.468048982166124,12.26817400533529,69.83761204401652,3.468048982166124,70.9917425703754,0.029863738993373624,0.9677497976383358,0.0023864633682906013
amos_0288,CT,FOV-B,adrenal_gland_right,7,-2.458029712806031,63.33875862279872,-2.1613257107957224,2.458029712806031,63.33875862279872,2.1613257107957224,63.42327319505312,0.0015020242812750753,0.9973366791675475,0.0011612965511773117
amos_0288,CT,FOV-B,adrenal_gland_left,8,2.6107069025135985,52.30379162653528,6.747161865234375,2.6107069025135985,52.30379162653528,6.747161865234375,52.80176703746312,0.0024446648124741392,0.9812268707465954,0.01632846444093043
amos_0288,CT,FOV-B,duodenum,18,-3.7450925390873984,62.12891915426475,-12.659442073831599,3.7450925390873984,62.12891915426475,12.659442073831599,63.516059284437596,0.00347662633741387,0.9567985442425083,0.039724829420077726
amos_0288,CT,FOV-B,urinary_bladder,20,-5.0790451091875735,42.19137632157282,-0.596068541112686,5.0790451091875735,42.19137632157282,0.596068541112686,42.50016744479299,0.014281797066128582,0.9855214998716918,0.0001967030621795936
amos_0288,CT,FOV-B,prostate,21,-6.82644355972569,41.89244063745933,6.245290491229412,6.82644355972569,41.89244063745933,6.245290491229412,42.901987920806356,0.025318278642902623,0.9534907699761375,0.021190951380960023
amos_0274,CT,FOV-B,spleen,0,7.571754764354466,41.49550178184421,-0.7172250909641207,7.571754764354466,41.49550178184421,0.7172250909641207,42.186757995485614,0.03221371230367277,0.9674972472326551,0.00028904046367196384
amos_0274,CT,FOV-B,kidney_right,1,3.760776969365523,27.205060136851614,10.756376198123803,3.760776969365523,27.205060136851614,10.756376198123803,29.4950566939375,0.01625760945712013,0.8507479473740548,0.1329944431688251
amos_0274,CT,FOV-B,kidney_left,2,6.984604727332709,40.0489350189317,12.404813204605261,6.984604727332709,40.0489350189317,12.404813204605261,42.50389735058235,0.027003879353460894,0.8878190010262538,0.08517711962028542
amos_0274,CT,FOV-B,gallbladder,3,33.778744272242,48.096203895830854,-4.867303191456699,33.778744272242,48.096203895830854,4.867303191456699,58.97405390641228,0.32806888027761927,0.6651194303497662,0.006811689372614538
amos_0274,CT,FOV-B,esophagus,14,-2.827036950873861,48.07729706768109,-1.8122004915751404,2.827036950873861,48.07729706768109,1.8122004915751404,48.19442604572989,0.0034408785571853518,0.9951452208954003,0.0014139005474143658
amos_0274,CT,FOV-B,liver,4,4.786827025783936,44.98895394416368,1.61675350870496,4.786827025783936,44.98895394416368,1.61675350870496,45.27177467112115,0.011179964640461277,0.9875446759650751,0.0012753593944634703
amos_0274,CT,FOV-B,stomach,5,-1.2005109591027576,53.201643586220655,-19.094699707042537,1.2005109591027576,53.201643586220655,19.094699707042537,56.53727676268384,0.0004508815724310115,0.8854832020719021,0.11406591635566676
amos_0274,CT,FOV-B,aorta,51,-4.059667229582324,53.38608913534782,0.40774519730166503,4.059667229582324,53.38608913534782,0.40774519730166503,53.54177497364249,0.005749040167650836,0.9941929646150885,5.799521726067224e-05
amos_0274,CT,FOV-B,inferior_vena_cava,62,3.627539592889688,47.76980661549183,6.048329312339547,3.627539592889688,47.76980661549183,6.048329312339547,48.287635633254766,0.005643550823250628,0.9786673150385256,0.015689134138223666
amos_0274,CT,FOV-B,pancreas,6,17.652917131593643,54.31410471289169,-9.694922349614217,17.652917131593643,54.31410471289169,9.694922349614217,57.92787734228594,0.09286621288128412,0.8791237657455605,0.028010021373155482
amos_0274,CT,FOV-B,adrenal_gland_right,7,-2.837120842687863,47.49611170136231,1.0682551244689193,2.837120842687863,47.49611170136231,1.0682551244689193,47.5927625846121,0.0035536433501576715,0.9959425450759251,0.0005038115739172158
amos_0274,CT,FOV-B,adrenal_gland_left,8,5.009150395821493,54.41310204859241,4.2849901631028615,5.009150395821493,54.41310204859241,4.2849901631028615,54.81093324270604,0.008352062760210308,0.9855361916872588,0.006111745552530682
amos_0274,CT,FOV-B,duodenum,18,15.960706515682364,41.307839035535864,-13.682252104790678,15.960706515682364,41.307839035535864,13.682252104790678,46.349603460272824,0.1185801998434873,0.7942786814995115,0.08714111865700136
amos_0274,CT,FOV-B,urinary_bladder,20,10.625004248862954,17.41770495721525,-51.75786952353894,10.625004248862954,17.41770495721525,51.75786952353894,55.63402033720588,0.0364734911542128,0.09801690148264468,0.8655096073631425
amos_0274,CT,FOV-B,prostate,21,4.692655259134341,41.05593760452243,-27.407659480650636,4.692655259134341,41.05593760452243,27.407659480650636,49.58619590344493,0.00895603365872798,0.6855361570466777,0.30550780929459426
amos_0281,CT,FOV-B,spleen,0,-40.81980119198275,83.42636345960977,-15.81008793769729,40.81980119198275,83.42636345960977,15.81008793769729,94.21344474142548,0.18772235933567644,0.7841169822579219,0.028160658406401542
amos_0281,CT,FOV-B,kidney_right,1,-19.018483850287218,53.75953840559717,11.358943606858702,19.018483850287218,53.75953840559717,11.358943606858702,58.14478736232775,0.10698680322876417,0.8548491592982064,0.03816403747302959
amos_0281,CT,FOV-B,kidney_left,2,-32.03746293192336,71.92279202939706,-10.11572769768145,32.03746293192336,71.92279202939706,10.11572769768145,79.38271216878334,0.16287872752238666,0.8208829039014042,0.016238368576209385
amos_0281,CT,FOV-B,gallbladder,3,-11.628318394689053,58.16713405090394,15.269645913682325,11.628318394689053,58.16713405090394,15.269645913682325,61.25190085795973,0.036040821995855475,0.9018123751973949,0.06214680280674953
amos_0281,CT,FOV-B,esophagus,14,-22.196861022261125,68.20113860436369,2.0377493303420806,22.196861022261125,68.20113860436369,2.0377493303420806,71.75129523922556,0.09570257764865875,0.9034908524199621,0.0008065699313792433
amos_0281,CT,FOV-B,liver,4,-13.298239786500268,54.74560027428694,14.6166297223441,13.298239786500268,54.74560027428694,14.6166297223441,58.202833223575794,0.052203553611545835,0.884728855946599,0.06306759044185513
amos_0281,CT,FOV-B,stomach,5,7.30955388800853,65.21991203696356,-3.521351955465832,7.30955388800853,65.21991203696356,3.521351955465832,65.72264772318009,0.012369485672578527,0.9847598079998765,0.0028707063275448695
amos_0281,CT,FOV-B,aorta,51,-33.08745705697043,59.68226983569777,-3.714449925223164,33.08745705697043,59.68226983569777,3.714449925223164,68.34142437412972,0.23440060540600804,0.7626453233596305,0.00295407123436162
amos_0281,CT,FOV-B,inferior_vena_cava,62,-6.592365816547424,50.951552461034225,15.082126728519825,6.592365816547424,50.951552461034225,15.082126728519825,53.54428570728942,0.015158503865139608,0.9055002691151537,0.07934122701970671
amos_0281,CT,FOV-B,pancreas,6,-3.875816009450755,64.71962228554762,4.0126186646265865,3.875816009450755,64.71962228554762,4.0126186646265865,64.95962259027354,0.0035599124594034087,0.9926244352501385,0.003815652290458004
amos_0281,CT,FOV-B,adrenal_gland_right,7,-21.936882104590868,55.072753531942425,15.68217312513383,21.936882104590868,55.072753531942425,15.68217312513383,61.32018861669838,0.12798021586468902,0.8066156013049127,0.0654041828303982
amos_0281,CT,FOV-B,adrenal_gland_left,8,-23.01827580370146,71.58042660550221,-11.912670141186538,23.01827580370146,71.58042660550221,11.912670141186538,76.12824839633231,0.09142267071142383,0.884090838039303,0.024486491249273434
amos_0281,CT,FOV-B,duodenum,18,-3.3267056238523622,41.8855659160744,2.038587480554895,3.3267056238523622,41.8855659160744,2.038587480554895,42.06689246109652,0.006253856074279663,0.9913977127178112,0.0023484312079091905
amos_0281,CT,FOV-B,urinary_bladder,20,7.081168809880731,69.59982320313216,8.79283628605171,7.081168809880731,69.59982320313216,8.79283628605171,70.50951929757137,0.010085893728109526,0.9743629578453974,0.015551148426492948
amos_0281,CT,FOV-B,prostate,21,5.449376508528827,83.48048948550185,-40.63987980407353,5.449376508528827,83.48048948550185,40.63987980407353,93.006922643211,0.0034329152394008944,0.8056370376350322,0.19093004712556666
amos_0302,CT,FOV-B,spleen,0,-7.065517412404816,41.962546784374695,-38.597739954690496,7.065517412404816,41.962546784374695,38.597739954690496,57.45052130786754,0.015125160586871961,0.5335016036681154,0.4513732357450124
amos_0302,CT,FOV-B,kidney_right,1,-8.831206199276117,34.81116209092076,-34.72708806541061,8.831206199276117,34.81116209092076,34.72708806541061,49.95776070399148,0.031248856059734355,0.48554682216912376,0.48320432177114203
amos_0302,CT,FOV-B,kidney_left,2,-4.5422543892702265,35.50024623355898,-43.25042073746806,4.5422543892702265,35.50024623355898,43.25042073746806,56.138208481818964,0.006546750777145123,0.39989468566110625,0.5935585635617486
amos_0302,CT,FOV-B,gallbladder,3,-11.501036130464996,22.150949527055786,-37.04760060965032,11.501036130464996,22.150949527055786,37.04760060965032,44.670606756082876,0.0662872851654536,0.24589007082803224,0.687822644006514
amos_0302,CT,FOV-B,esophagus,14,-3.5414239370435583,32.555319913457865,-15.078178433304629,3.5414239370435583,32.555319913457865,15.078178433304629,36.051934802948146,0.009649363852648755,0.8154301793678445,0.17492045677950713
amos_0302,CT,FOV-B,liver,4,-2.3289948602335,23.772900613626632,-28.707687223149037,2.3289948602335,23.772900613626632,28.707687223149037,37.34576718112132,0.003889146379082532,0.4052113286571244,0.590899524963793
amos_0302,CT,FOV-B,stomach,5,0.8025380403435207,43.654357947947915,-40.11500824165262,0.8025380403435207,43.654357947947915,40.11500824165262,59.29216576733911,0.00018320470633326395,0.5420765022893188,0.4577402930043478
amos_0302,CT,FOV-B,aorta,51,-5.9702726020922565,34.48060055348421,-22.80939204688866,5.9702726020922565,34.48060055348421,22.80939204688866,41.77109449153681,0.020428506313139288,0.6813934163261752,0.2981780773606856
amos_0302,CT,FOV-B,inferior_vena_cava,62,-4.227670991336764,31.42080450712153,-27.087853453978823,4.227670991336764,31.42080450712153,27.087853453978823,41.70002353272683,0.010278500559608205,0.5677563512235492,0.4219651482168427
amos_0302,CT,FOV-B,pancreas,6,-4.669463922415662,34.99875559084478,-37.34748346520087,4.669463922415662,34.99875559084478,37.34748346520087,51.39602423742407,0.008254200197265065,0.463709672975043,0.5280361268276919
amos_0302,CT,FOV-B,adrenal_gland_right,7,-10.017739563104275,32.537563950333094,-29.234124137620256,10.017739563104275,32.537563950333094,29.234124137620256,44.87407032875435,0.04983661600559572,0.5257498299380934,0.424413554056311
amos_0302,CT,FOV-B,adrenal_gland_left,8,-6.727750659964929,36.065743826704406,-42.81574516965634,6.727750659964929,36.065743826704406,42.81574516965634,56.38429339052743,0.014237164092916293,0.409141471459674,0.5766213644474099
amos_0302,CT,FOV-B,duodenum,18,1.9657474892322533,26.986676952994515,-48.60217735915762,1.9657474892322533,26.986676952994515,48.60217735915762,55.62658123781941,0.0012487937614693763,0.23536077305019212,0.7633904331883384
amos_0302,CT,FOV-B,urinary_bladder,20,3.741697821281385,35.23906889160415,-5.8216284781572085,3.741697821281385,35.23906889160415,5.8216284781572085,35.91216558592222,0.010855609998729025,0.9628655746674039,0.02627881533386719
amos_0302,CT,FOV-B,prostate,21,-13.588125264866456,27.808483676416216,-41.42285631270511,13.588125264866456,27.808483676416216,41.42285631270511,51.70881876138946,0.06905416052344154,0.289218043220966,0.6417277962555925
amos_0279,CT,FOV-A,spleen,0,-14.296946843363372,46.284883008674846,-10.738828836576431,14.296946843363372,46.284883008674846,10.738828836576431,49.61870140330116,0.08302250194544257,0.8701368329875627,0.04684066506699495
amos_0279,CT,FOV-A,kidney_right,1,-16.67809699590839,27.432821091062188,1.5659702833537494,16.67809699590839,27.432821091062188,1.5659702833537494,32.14297520995065,0.2692283836359003,0.7283980854851996,0.002373530878900195
amos_0279,CT,FOV-A,kidney_left,2,-17.92761148350465,28.412888546191102,-8.934588596794924,17.92761148350465,28.412888546191102,8.934588596794924,34.76375069574259,0.2659448656251398,0.668001629624557,0.0660535047503031
amos_0279,CT,FOV-A,esophagus,14,-19.316112569714267,48.52857877041431,-1.581482756053333,19.316112569714267,48.52857877041431,1.581482756053333,52.25549014208817,0.1366392923287593,0.8624447717945001,0.0009159358767405658
amos_0279,CT,FOV-A,liver,4,-15.65113791389269,36.47769104228301,-9.678553510366783,15.65113791389269,36.47769104228301,9.678553510366783,40.85651061739092,0.14674702023847602,0.7971354732295177,0.056117506532006256
amos_0279,CT,FOV-A,stomach,5,-15.252476025335511,36.57253336549097,2.0785154505606442,15.252476025335511,36.57253336549097,2.0785154505606442,39.68007621151457,0.14775279559569224,0.8495033471177424,0.002743857286565247
amos_0279,CT,FOV-A,aorta,51,-12.622853772539393,46.91803036362382,-4.058596197702968,12.622853772539393,46.91803036362382,4.058596197702968,48.7556172523828,0.06702946983578324,0.9260410226464982,0.006929507517718805
amos_0279,CT,FOV-A,inferior_vena_cava,62,-10.94770511687182,40.149774111774626,-6.897087279823836,10.94770511687182,40.149774111774626,6.897087279823836,42.183248114601334,0.06735442717832826,0.9059123444224548,0.026733228399216942
amos_0279,CT,FOV-A,pancreas,6,-10.085024305199402,30.594995927453912,-2.07159267216889,10.085024305199402,30.594995927453912,2.07159267216889,32.280845516138015,0.097603208744848,0.8982784822517264,0.004118309003425715
amos_0279,CT,FOV-A,adrenal_gland_right,7,-18.02818722459769,39.49471215410598,-6.286126392283904,18.02818722459769,39.49471215410598,6.286126392283904,43.867564415643166,0.16889510945460792,0.8105706250489358,0.020534265496456167
amos_0279,CT,FOV-A,adrenal_gland_left,8,-11.411591206121884,35.8977430792759,-7.709608717674314,11.411591206121884,35.8977430792759,7.709608717674314,38.44880282428802,0.0880900320078348,0.8717032123427323,0.04020675564943298
amos_0279,CT,FOV-A,duodenum,18,-19.03305340541174,25.782995384359683,-8.007777512091025,19.03305340541174,25.782995384359683,8.007777512091025,33.03247604413449,0.33199739420020785,0.6092344937539012,0.058768112045890816
amos_0279,CT,FOV-A,urinary_bladder,20,-0.7137845791558224,43.05336056371664,2.674895245444077,0.7137845791558224,43.05336056371664,2.674895245444077,43.142280987784254,0.00027373360436739366,0.9958820542064045,0.003844212189228225
amos_0279,CT,FOV-A,prostate,21,0.1869318872831096,38.47951146541165,-47.1159366827319,0.1869318872831096,38.47951146541165,47.1159366827319,60.83271517562266,9.442617102214984e-06,0.40011487492614206,0.5998756824567556
amos_0296,CT,FOV-A,spleen,0,-4.1900682583963516,59.40518623623923,-29.621599557824794,4.1900682583963516,59.40518623623923,29.621599557824794,66.51294598900587,0.003968531462897094,0.7976940551198237,0.19833741341727953
amos_0296,CT,FOV-A,kidney_right,1,-24.180544287178094,41.25656480288768,-44.44397295030092,24.180544287178094,41.25656480288768,44.44397295030092,65.28452797536436,0.13718657315899616,0.39936094477291567,0.46345248206808815
amos_0296,CT,FOV-A,kidney_left,2,5.944300713194814,42.26554387231187,-17.36268801082315,5.944300713194814,42.26554387231187,17.36268801082315,46.07791059447455,0.01664240121279809,0.8413706693107136,0.1419869294764882
amos_0296,CT,FOV-A,gallbladder,3,-44.217304268183156,57.07671932538442,-77.00255825031059,44.217304268183156,57.07671932538442,77.00255825031059,105.5571686944391,0.17547249789202923,0.2923765516133977,0.5321509504945731
amos_0296,CT,FOV-A,esophagus,14,-1.7011380239191936,55.63785391063367,-8.89497674711211,1.7011380239191936,55.63785391063367,8.89497674711211,56.370074238811355,0.0009107137435549719,0.974189683376738,0.024899602879706936
amos_0296,CT,FOV-A,liver,4,-28.626620595007125,60.483042691431464,-39.977946887885935,28.626620595007125,60.483042691431464,39.977946887885935,77.94817571485964,0.13487400481222203,0.6020815940317585,0.2630444011560197
amos_0296,CT,FOV-A,stomach,5,-1.2234117561541034,53.730882261409285,-46.39409680153554,1.2234117561541034,53.730882261409285,46.39409680153554,70.99941311690381,0.00029691749044343706,0.5727148258195786,0.42698825668997803
amos_0296,CT,FOV-A,aorta,51,-6.492109000106415,53.58805243721868,-2.691653958548244,6.492109000106415,53.58805243721868,2.691653958548244,54.046941118956305,0.014428771874021811,0.9830909738156755,0.002480254310302696
amos_0296,CT,FOV-A,inferior_vena_cava,62,-11.806481363542634,47.477705183406485,-30.679131400798667,11.806481363542634,47.477705183406485,30.679131400798667,57.74716092742234,0.041800328694600423,0.6759555896118935,0.2822440816935059
amos_0296,CT,FOV-A,pancreas,6,-20.392552712935082,40.416813376742795,-40.33026254563953,20.392552712935082,40.416813376742795,40.33026254563953,60.62924283446484,0.11313028936918805,0.4443854683434142,0.4424842422873977
amos_0296,CT,FOV-A,adrenal_gland_right,7,-22.705139530717297,44.93439124528921,-31.090912626479252,22.705139530717297,44.93439124528921,31.090912626479252,59.171511098174875,0.14723905782294824,0.576676699641649,0.2760842425354027
amos_0296,CT,FOV-A,adrenal_gland_left,8,-1.7907763886634562,46.45992866130538,-27.45002794712906,1.7907763886634562,46.45992866130538,27.45002794712906,53.99292440298031,0.0011000413688822181,0.7404289244263792,0.2584710342047385
amos_0296,CT,FOV-A,duodenum,18,-23.770452228018904,39.30758287463852,-63.9479434465473,23.770452228018904,39.30758287463852,63.9479434465473,78.73664929125393,0.09114251958170284,0.24922914027965157,0.6596283401386454
amos_0296,CT,FOV-A,urinary_bladder,20,-1.7162481544519768,42.945466328469855,-41.775545959037004,1.7162481544519768,42.945466328469855,41.775545959037004,59.937090570639235,0.0008199150358919374,0.5133851829629814,0.48579490200112674
amos_0296,CT,FOV-A,prostate,21,-6.097003004332233,43.963593249366724,-26.909447586664783,6.097003004332233,43.963593249366724,26.909447586664783,51.90461777578233,0.013798148782191984,0.7174214670877814,0.2687803841300266
amos_0282,CT,FOV-A,spleen,0,18.150607772745516,60.80284249846413,-7.308649540605543,18.150607772745516,60.80284249846413,7.308649540605543,63.873676710523554,0.0807492527822011,0.9061580102470499,0.01309273697074905
amos_0282,CT,FOV-A,kidney_right,1,8.659442115988014,43.49428392532195,-12.903863223613342,8.659442115988014,43.49428392532195,12.903863223613342,46.18710164137156,0.035151058468119924,0.8867944170941073,0.07805452443777247
amos_0282,CT,FOV-A,kidney_left,2,7.749028630409185,58.381153126677646,-8.545862116922649,7.749028630409185,58.381153126677646,8.545862116922649,59.509984409651274,0.016955666192747167,0.9624222717294586,0.020622062077794375
amos_0282,CT,FOV-A,gallbladder,3,19.717488821249148,65.46892595611808,-51.55512994168437,19.717488821249148,65.46892595611808,51.55512994168437,85.63230146719005,0.05301856560025001,0.5845143796562715,0.3624670547434784
amos_0282,CT,FOV-A,esophagus,14,13.516542246751895,71.51925398140247,-3.7877181795155614,13.516542246751895,71.51925398140247,3.7877181795155614,72.88379390078438,0.034392937429045894,0.9629062566686354,0.002700805902318843
amos_0282,CT,FOV-A,liver,4,9.918142991039275,59.020954479512056,-24.047684649517173,9.918142991039275,59.020954479512056,24.047684649517173,64.49909894770593,0.023645768608871114,0.8373464086478485,0.13900782274328016
amos_0282,CT,FOV-A,stomach,5,19.04224795650768,76.98021029483121,-36.21813405569935,19.04224795650768,76.98021029483121,36.21813405569935,87.17977528504055,0.047709508384807045,0.7796984948484702,0.17259199676672277
amos_0282,CT,FOV-A,aorta,51,14.398196849777257,69.3816366452736,15.750056007440136,14.398196849777257,69.3816366452736,15.750056007440136,72.58914409427356,0.039343488252934065,0.9135782028942981,0.04707830885276754
amos_0282,CT,FOV-A,inferior_vena_cava,62,12.411092888953121,66.16253066734825,-35.23801510460898,12.411092888953121,66.16253066734825,35.23801510460898,75.98179650099536,0.026680928353089804,0.7582372236453769,0.21508184800153338
amos_0282,CT,FOV-A,pancreas,6,14.072856989530631,65.60786860482241,-30.733234435109196,14.072856989530631,65.60786860482241,30.733234435109196,73.80358680686736,0.03635880585605888,0.7902362004585796,0.17340499368536147
amos_0282,CT,FOV-A,adrenal_gland_right,7,8.867627060271303,58.59657257476036,-16.366207218393214,8.867627060271303,58.59657257476036,16.366207218393214,61.482077599123144,0.020802607288268403,0.9083377396235577,0.07085965308817396
amos_0282,CT,FOV-A,adrenal_gland_left,8,19.900100987863333,67.95822816762688,-20.360120279681396,19.900100987863333,67.95822816762688,20.360120279681396,73.68086110255152,0.07294594840428116,0.8506966232907424,0.07635742830497634
amos_0282,CT,FOV-A,duodenum,18,11.232399084692691,56.227812089431694,-53.42869971895887,11.232399084692691,56.227812089431694,53.42869971895887,78.37320712603844,0.0205404433332053,0.514715363591592,0.46474419307520254
amos_0282,CT,FOV-A,urinary_bladder,20,4.8365252624650665,50.46950040324663,6.234488205515049,4.8365252624650665,50.46950040324663,6.234488205515049,51.08259283505958,0.008964396455795259,0.9761400807831906,0.014895522761014208
amos_0282,CT,FOV-A,prostate,21,2.802953540928996,54.90098704094649,9.059276742544398,2.802953540928996,54.90098704094649,9.059276742544398,55.71396074343294,0.00253106752163793,0.9710290825574454,0.026439849920916584
amos_0294,CT,FOV-B,spleen,0,11.87097699530527,50.096435757195806,-6.52716523645887,11.87097699530527,50.096435757195806,6.52716523645887,51.89582696539242,0.052324857347202894,0.9318559490775783,0.01581919357521846
amos_0294,CT,FOV-B,kidney_right,1,-9.403767975160491,90.45680423948622,-54.629876170710816,9.403767975160491,90.45680423948622,54.629876170710816,106.09094049813389,0.007856827371733382,0.7269857229299495,0.2651574496983169
amos_0294,CT,FOV-B,kidney_left,2,2.123415328414467,80.39948047825577,-5.426764356029878,2.123415328414467,80.39948047825577,5.426764356029878,80.6103909257749,0.0006938855469486867,0.9947740103926042,0.004532104060447292
amos_0294,CT,FOV-B,esophagus,14,1.6803554437458335,67.22141983075622,-16.432487966213472,1.6803554437458335,67.22141983075622,16.432487966213472,69.22116395467403,0.0005892838232238603,0.9430561837947651,0.05635453238201103
amos_0294,CT,FOV-B,liver,4,43.38416642094876,20.59098107477402,-30.251398816636765,43.38416642094876,20.59098107477402,30.251398816636765,56.7566870776078,0.5842899815077642,0.13161942945868726,0.28409058903354845
amos_0294,CT,FOV-B,stomach,5,7.2533591844864915,51.60592008918607,-9.616330153573642,7.2533591844864915,51.60592008918607,9.616330153573642,52.99298079305563,0.01873448119024215,0.9483362541047314,0.03292926470502633
amos_0294,CT,FOV-B,aorta,51,1.0979418937653929,68.78307262573927,6.454668975513698,1.0979418937653929,68.78307262573927,6.454668975513698,69.0939889413201,0.0002525097668751279,0.9910204411830412,0.008727049050083865
amos_0294,CT,FOV-B,inferior_vena_cava,62,-13.69951006561659,68.36691150189296,-8.901780931312658,13.69951006561659,68.36691150189296,8.901780931312658,70.29191182557688,0.03798388307846821,0.9459783796946155,0.016037737226916468
amos_0294,CT,FOV-B,pancreas,6,-24.560983130435474,51.84708968023551,-3.3005967778013314,24.560983130435474,51.84708968023551,3.3005967778013314,57.465263766327155,0.18267565983296058,0.8140254023169499,0.00329893785008948
amos_0294,CT,FOV-B,adrenal_gland_right,7,-24.564380988628816,68.13802902009496,-36.19604667469844,24.564380988628816,68.13802902009496,36.19604667469844,80.9713134818422,0.09203420826976022,0.708136149612831,0.19982964211740867
amos_0294,CT,FOV-B,adrenal_gland_left,8,2.8713280143007793,69.87005902645689,-1.2036615220163185,2.8713280143007793,69.87005902645689,1.2036615220163185,69.93939143276742,0.001685473459735376,0.9980183401786493,0.0002961863616150431
amos_0294,CT,FOV-B,duodenum,18,-21.131866969276818,74.71027363488201,-9.18126582538082,21.131866969276818,74.71027363488201,9.18126582538082,78.18232812063391,0.073056445565833,0.9131528031541156,0.013790751280051495
amos_0294,CT,FOV-B,urinary_bladder,20,-4.4374791466694985,52.02652450310862,14.831625755865616,4.4374791466694985,52.02652450310862,14.831625755865616,54.2810058456155,0.0066830833401281394,0.9186579897309771,0.07465892692889477
amos_0294,CT,FOV-B,prostate,21,-2.2037462584177643,59.62154286852072,20.4815203857421,2.2037462584177643,59.62154286852072,20.4815203857421,63.07992984227165,0.0012205083996982256,0.8933548869888854,0.10542460461141624
amos_0299,CT,FOV-A,spleen,0,-1.8783938934872566,20.211309885256192,-33.4339112692114,1.8783938934872566,20.211309885256192,33.4339112692114,39.113320412034135,0.002306343360495119,0.26701739233272936,0.7306762643067753
amos_0299,CT,FOV-A,kidney_right,1,-9.452301120612795,51.70018539115311,-44.34993746278403,9.452301120612795,51.70018539115311,44.34993746278403,68.76897642765373,0.018892523728948937,0.565196000964594,0.4159114753064569
amos_0299,CT,FOV-A,kidney_left,2,-11.69356437765245,40.43107987487663,-43.91935211630137,11.69356437765245,40.43107987487663,43.91935211630137,60.83026514835047,0.036953399992859265,0.4417649577000385,0.5212816423071022
amos_0299,CT,FOV-A,gallbladder,3,-20.134795115080692,49.58513374722283,-36.59689684228462,20.134795115080692,49.58513374722283,36.59689684228462,64.83385166362612,0.09644745748338215,0.5849238527822842,0.31862868973433367
amos_0299,CT,FOV-A,esophagus,14,7.174121740060453,56.47982739341207,-23.720611426943822,7.174121740060453,56.47982739341207,23.720611426943822,61.67743778399753,0.013529596245427697,0.8385598677650156,0.14791053598955675
amos_0299,CT,FOV-A,liver,4,-20.505136075782133,51.05009054101421,-37.45055300408178,20.505136075782133,51.05009054101421,37.45055300408178,66.55160606659788,0.09493103812381973,0.5884044548282037,0.3166645070479768
amos_0299,CT,FOV-A,stomach,5,-30.749615921786734,24.831768476411256,-44.19862956609978,30.749615921786734,24.831768476411256,44.19862956609978,59.29312321445719,0.26894949744472496,0.175390734435078,0.5556597681201969
amos_0299,CT,FOV-A,aorta,51,8.091118455843716,53.82559374636904,-19.948615379968295,8.091118455843716,53.82559374636904,19.948615379968295,57.970751207773425,0.01948046244975142,0.862104281709729,0.11841525584051961
amos_0299,CT,FOV-A,inferior_vena_cava,62,-10.92606979126361,44.987212049643624,-38.07417233134704,10.92606979126361,44.987212049643624,38.07417233134704,59.94056095667003,0.03322663300203308,0.5632958527409067,0.40347751425706047
amos_0299,CT,FOV-A,pancreas,6,-14.719041825679087,42.575935947611704,-41.94947768677674,14.719041825679087,42.575935947611704,41.94947768677674,61.55582175777206,0.05717692721511763,0.4783988652325731,0.46442420755230934
amos_0299,CT,FOV-A,adrenal_gland_right,7,-13.990714654648048,39.062657093544374,-31.81766967407519,13.990714654648048,39.062657093544374,31.81766967407519,52.287621663680405,0.07159488930880947,0.5581176876859496,0.37028742300524103
amos_0299,CT,FOV-A,adrenal_gland_left,8,-7.780484497077296,34.47412417822324,-22.679108078415332,7.780484497077296,34.47412417822324,22.679108078415332,41.99217927301773,0.03433020965648546,0.6739841068424645,0.2916856835010501
amos_0299,CT,FOV-A,duodenum,18,-22.28473708750103,45.76542409471827,-54.1386660550327,22.28473708750103,45.76542409471827,54.1386660550327,74.31069042773599,0.08993162411713558,0.37929087067810735,0.530777505204757
amos_0299,CT,FOV-A,urinary_bladder,20,-0.6369591269030597,44.4204714397979,-29.528471134436188,0.6369591269030597,44.4204714397979,29.528471134436188,53.343365167567725,0.00014258121476162482,0.693434599774028,0.3064228190112101
amos_0299,CT,FOV-A,prostate,21,7.056234601972882,39.53295410414569,-81.7755824482316,7.056234601972882,39.53295410414569,81.7755824482316,91.10373643109317,0.0059989279386463675,0.18829819565363645,0.8057028764077172
amos_0330,CT,FOV-B,spleen,0,4.883812600762184,30.18315760840092,-23.14142178595654,4.883812600762184,30.18315760840092,23.14142178595654,38.345795480188926,0.01622118132234042,0.6195749347126597,0.364203883965
amos_0330,CT,FOV-B,kidney_right,1,-13.148139043665545,43.19789929261414,12.813300127644851,13.148139043665545,43.19789929261414,12.813300127644851,46.937327616381175,0.0784678688687044,0.8470099977924523,0.07452213333884318
amos_0330,CT,FOV-B,kidney_left,2,1.8821742736924278,53.55953792274556,-27.07690028503123,1.8821742736924278,53.55953792274556,27.07690028503123,60.04436036415155,0.0009825965172879168,0.795663063436273,0.2033543400464391
amos_0330,CT,FOV-B,gallbladder,3,-0.5289303772394831,34.192258784103274,36.01151420261388,0.5289303772394831,34.192258784103274,36.01151420261388,49.6610459340932,0.00011343975905825208,0.47404968158383,0.525836878657112
amos_0330,CT,FOV-B,esophagus,14,-6.753807184528027,43.24108171001774,-9.954706168306899,6.753807184528027,43.24108171001774,9.954706168306899,44.88319545036361,0.02264278160750246,0.9281657990809036,0.04919141931159394
amos_0330,CT,FOV-B,liver,4,6.343803043392825,37.436798276077354,-11.327024952817041,6.343803043392825,37.436798276077354,11.327024952817041,39.62397249770407,0.025632050780698457,0.892650333368989,0.08171761585031248
amos_0330,CT,FOV-B,stomach,5,0.5798820954998334,44.657657809047265,-15.475958462945101,0.5798820954998334,44.657657809047265,15.475958462945101,47.266774319615294,0.0001505107322868754,0.8926474170613214,0.10720207220639164
amos_0330,CT,FOV-B,aorta,51,-2.3870543186117192,43.00161337777199,-2.6120871599590743,2.3870543186117192,43.00161337777199,2.6120871599590743,43.14695563701574,0.003060724832187088,0.9932742664472071,0.00366500872060598
amos_0330,CT,FOV-B,inferior_vena_cava,62,5.136795012381622,40.77582257859248,-21.686226620272066,5.136795012381622,40.77582257859248,21.686226620272066,46.468772256063296,0.012219743054010591,0.7699864194216781,0.2177938375243114
amos_0330,CT,FOV-B,pancreas,6,-18.167360588962325,36.01252252107167,35.72721702760708,18.167360588962325,36.01252252107167,35.72721702760708,53.883103155236086,0.11367853665636624,0.44668553375020426,0.43963592959342973
amos_0330,CT,FOV-B,adrenal_gland_right,7,-12.200229780220393,50.59896775156213,12.08142611471257,12.200229780220393,50.59896775156213,12.08142611471257,53.432780211954714,0.052133931462331654,0.8967425353517058,0.05112353318596276
amos_0330,CT,FOV-B,adrenal_gland_left,8,-1.1112899182053226,44.41751313574726,-6.597106445105226,1.1112899182053226,44.41751313574726,6.597106445105226,44.918506786119174,0.0006120742757626447,0.9778176169651306,0.021570308759106472
amos_0330,CT,FOV-B,duodenum,18,5.529131837785336,31.11746692510161,18.10426653498243,5.529131837785336,31.11746692510161,18.10426653498243,36.42296684077354,0.02304428586581457,0.7298907104966006,0.24706500363758482
amos_0330,CT,FOV-B,urinary_bladder,20,-13.990188569007701,72.37439920520198,3.5387351636615563,13.990188569007701,72.37439920520198,3.5387351636615563,73.7990628874708,0.035937299765243055,0.9617634066430223,0.0022992935917348135
amos_0330,CT,FOV-B,prostate,21,-4.649087478717168,43.35502382914224,3.4604098796844482,4.649087478717168,43.35502382914224,3.4604098796844482,43.74067377333909,0.011297035645246742,0.9824442641445917,0.0062587002101614185
amos_0301,CT,FOV-B,spleen,0,1.0524543359132679,42.17421209715364,-13.32584118782762,1.0524543359132679,42.17421209715364,13.32584118782762,44.24194694527001,0.0005658978736698773,0.9087103913940066,0.09072371073232365
amos_0301,CT,FOV-B,kidney_right,1,4.7590515936716145,46.35256952744563,-4.934012194660738,4.7590515936716145,46.35256952744563,4.934012194660738,46.85673644424001,0.010315653656447233,0.9785962660199498,0.011088080323603169
amos_0301,CT,FOV-B,kidney_left,2,-0.7525227678021054,45.93466467551052,-3.9277992024804007,0.7525227678021054,45.93466467551052,3.9277992024804007,46.10842998783042,0.0002663658958893878,0.9924769555438417,0.007256678560269348
amos_0301,CT,FOV-B,gallbladder,3,-1.7773285141756503,38.307077425006234,-26.271277266317895,1.7773285141756503,38.307077425006234,26.271277266317895,46.48409498631199,0.0014619302649645075,0.6791243134824273,0.31941375625260826
amos_0301,CT,FOV-B,esophagus,14,6.6168675967035995,52.87343667086046,-15.128148349348663,6.6168675967035995,52.87343667086046,15.128148349348663,55.391733270043986,0.014269704481177528,0.9111401182293327,0.07459017728948984
amos_0301,CT,FOV-B,liver,4,1.6950884994395068,49.89543281765222,-24.609173294102447,1.6950884994395068,49.89543281765222,24.609173294102447,55.66003010510274,0.0009274657504630463,0.8035903535090869,0.19548218074044996
amos_0301,CT,FOV-B,stomach,5,-19.00895634104569,27.50594047551315,-1.9972973211520753,19.00895634104569,27.50594047551315,1.9972973211520753,33.49487093880696,0.32207716069060977,0.6743671089356132,0.003555730373776605
amos_0301,CT,FOV-B,aorta,51,8.916615686830912,53.86271281038546,1.5099068209580082,8.916615686830912,53.86271281038546,1.5099068209580082,54.616642932431105,0.026653245078190117,0.9725824788029237,0.0007642761188862303
amos_0301,CT,FOV-B,inferior_vena_cava,62,5.04682089030139,54.41018542628968,-2.0912139928392435,5.04682089030139,54.41018542628968,2.0912139928392435,54.683743975571524,0.008517640410852557,0.9900199114647947,0.0014624481243528523
amos_0301,CT,FOV-B,pancreas,6,-12.405716482044348,31.69621935421561,-10.816730048374666,12.405716482044348,31.69621935421561,10.816730048374666,35.714895656054075,0.12065489111054792,0.7876189492142056,0.09172615967524661
amos_0301,CT,FOV-B,adrenal_gland_right,7,-1.5998020221272906,57.06259483179375,-4.647060678000628,1.5998020221272906,57.06259483179375,4.647060678000628,57.273853269991164,0.0007802246690681189,0.9926364717678638,0.0065833035630679755
amos_0301,CT,FOV-B,adrenal_gland_left,8,5.481517679630876,52.93304947282265,-8.950034158479355,5.481517679630876,52.93304947282265,8.950034158479355,53.96348648857247,0.010318145233428723,0.9621744648369015,0.027507389929669637
amos_0301,CT,FOV-B,duodenum,18,-20.486917316581675,35.77209380832852,-30.026428011436735,20.486917316581675,35.77209380832852,30.026428011436735,50.99943975863169,0.16136985871010787,0.4919918531198427,0.3466382881700493
amos_0301,CT,FOV-B,urinary_bladder,20,-8.669389071256465,39.77516824164535,10.691058476118656,8.669389071256465,39.77516824164535,10.691058476118656,42.08944103762608,0.04242586166393372,0.8930540291663817,0.06452010916968468
amos_0301,CT,FOV-B,prostate,21,-10.67466421285299,22.380353083217937,-36.90207039162863,10.67466421285299,22.380353083217937,36.90207039162863,44.45887379787506,0.05764896712301538,0.2534060347947596,0.6889449980822249
amos_0297,CT,FOV-B,spleen,0,12.131826127988091,57.58973726424432,-1.5180915587377513,12.131826127988091,57.58973726424432,1.5180915587377513,58.87328464885526,0.042463503345472706,0.9568715919624838,0.0006649046920433373
amos_0297,CT,FOV-B,kidney_right,1,10.889963000586349,62.53461971367753,-22.48571891558049,10.889963000586349,62.53461971367753,22.48571891558049,67.34075669339408,0.02615151324167595,0.862352927426425,0.11149555933189895
amos_0297,CT,FOV-B,kidney_left,2,8.976615109313997,57.20478964549491,-8.50206865126097,8.976615109313997,57.20478964549491,8.50206865126097,58.525658890411826,0.023525159962199838,0.9553712378638554,0.021103602173944795
amos_0297,CT,FOV-B,gallbladder,3,3.894256562738292,39.84360193391777,-39.76472889214597,3.894256562738292,39.84360193391777,39.76472889214597,56.426159829557726,0.004763082803646539,0.49860450220786445,0.4966324149884892
amos_0297,CT,FOV-B,esophagus,14,2.770272096592442,48.8826188816179,-17.61402599273265,2.770272096592442,48.8826188816179,17.61402599273265,52.0330543778407,0.0028345636610051434,0.8825722947897136,0.11459314154928128
amos_0297,CT,FOV-B,liver,4,-2.6742227130770146,65.19074470815025,-29.539706969158715,2.6742227130770146,65.19074470815025,29.539706969158715,71.62107895407692,0.0013941625985453658,0.8284955230391301,0.17011031436232468
amos_0297,CT,FOV-B,stomach,5,24.057188398906256,76.75149239491216,-34.84833315067226,24.057188398906256,76.75149239491216,34.84833315067226,87.65812125460467,0.0753191520278944,0.7666362328339718,0.1580446151381337
amos_0297,CT,FOV-B,aorta,51,0.5521212590018312,51.640047103292716,-13.259251441134893,0.5521212590018312,51.640047103292716,13.259251441134893,53.31798056466665,0.00010723129608164765,0.9380497573441308,0.061843011359787405
amos_0297,CT,FOV-B,inferior_vena_cava,62,7.433534840461334,58.97700155981653,-21.973386545642143,7.433534840461334,58.97700155981653,21.973386545642143,63.37486780653007,0.013758041960196825,0.8660266265062134,0.12021533153358964
amos_0297,CT,FOV-B,pancreas,6,-11.987737327328249,63.47535064346789,-17.771603219030794,11.987737327328249,63.47535064346789,17.771603219030794,66.99743179044167,0.03201534056131513,0.8976228650915759,0.07036179434710925
amos_0297,CT,FOV-B,adrenal_gland_right,7,6.756315115362845,69.62356069552824,-23.80431972159795,6.756315115362845,69.62356069552824,23.80431972159795,73.89001038888844,0.008360809700164555,0.8878528748379402,0.1037863154618953
amos_0297,CT,FOV-B,adrenal_gland_left,8,3.4882697677538914,74.84795352123544,-14.897836040226139,3.4882697677538914,74.84795352123544,14.897836040226139,76.3958748295424,0.002084876389257089,0.9598868540589361,0.0380282695518065
amos_0297,CT,FOV-B,duodenum,18,5.25452602849461,64.40703534833841,-21.974491805978232,5.25452602849461,64.40703534833841,21.974491805978232,68.25506967454685,0.005926486053113714,0.890423861154304,0.10364965279258237
amos_0297,CT,FOV-B,urinary_bladder,20,5.2691520264240035,53.32888422836922,10.100581938028085,5.2691520264240035,53.32888422836922,10.100581938028085,54.532152090369536,0.009336329780833229,0.9563562930128466,0.034307377206320114
amos_0297,CT,FOV-B,prostate,21,2.2966718229862937,51.21462130829292,14.321220316004428,2.2966718229862937,51.21462130829292,14.321220316004428,53.228840759064894,0.0018616750071985169,0.9257504153175268,0.07238790967527482
amos_0321,CT,FOV-B,spleen,0,20.49434432795418,58.552274800320376,-15.154863159899946,20.49434432795418,58.552274800320376,15.154863159899946,63.859665761106776,0.10299467579459688,0.8406868660767252,0.05631845812867789
amos_0321,CT,FOV-B,kidney_right,1,8.373075789277443,70.80280564989413,-26.790015859682853,8.373075789277443,70.80280564989413,26.790015859682853,76.16331555172557,0.012085882325589646,0.8641900304985034,0.12372408717590687
amos_0321,CT,FOV-B,kidney_left,2,10.726579524840858,54.16904052783909,-12.82041115567904,10.726579524840858,54.16904052783909,12.82041115567904,56.68957048884802,0.03580273307507978,0.9130529274969974,0.05114433942792274
amos_0321,CT,FOV-B,gallbladder,3,-33.49805348931864,60.35536404039405,-8.098177085839893,33.49805348931864,60.35536404039405,8.098177085839893,69.50158291819955,0.23230028983461215,0.7541232938473804,0.013576416318007326
amos_0321,CT,FOV-B,esophagus,14,10.596479060307692,55.68754611572501,12.902144457746545,10.596479060307692,55.68754611572501,12.902144457746545,58.13650739832158,0.033221963237617065,0.9175258037945404,0.04925223296784255
amos_0321,CT,FOV-B,liver,4,-8.654040135972473,53.7121001248118,-14.212442686960344,8.654040135972473,53.7121001248118,14.212442686960344,56.23055786334476,0.023686070945954443,0.9124298455921204,0.06388408346192495
amos_0321,CT,FOV-B,stomach,5,-5.376486742985307,46.50907453471919,-3.314187948237759,5.376486742985307,46.50907453471919,3.314187948237759,46.93596132529733,0.01312156765052125,0.981892540742838,0.004985891606640471
amos_0321,CT,FOV-B,aorta,51,16.44206109469289,59.337263045131294,-7.287132777171678,16.44206109469289,59.337263045131294,7.287132777171678,62.00285850540156,0.0703216562506675,0.9158652823822263,0.013813061367106355
amos_0321,CT,FOV-B,inferior_vena_cava,62,9.936109358531926,57.61634519257237,-7.844440882986419,9.936109358531926,57.61634519257237,7.844440882986419,58.99071753505827,0.028370394055846893,0.9539465780759533,0.017683027868199683
amos_0321,CT,FOV-B,pancreas,6,2.062452548617607,45.48959847820146,3.2911519340423183,2.062452548617607,45.48959847820146,3.2911519340423183,45.6551088190165,0.002040746997957034,0.9927626792079092,0.005196573794134098
amos_0321,CT,FOV-B,adrenal_gland_right,7,0.06443053742480487,60.412333099887235,-7.589285435537818,0.06443053742480487,60.412333099887235,7.589285435537818,60.88720222910517,1.1197768131197215e-06,0.9844625037327029,0.0155363764904842
amos_0321,CT,FOV-B,adrenal_gland_left,8,13.806162632084337,43.75197670989371,5.045592569659561,13.806162632084337,43.75197670989371,5.045592569659561,46.155212024490226,0.08947556906428447,0.8985740195415142,0.01195041139420152
amos_0321,CT,FOV-B,duodenum,18,9.401133719102965,43.732421304092924,-6.273344852710579,9.401133719102965,43.732421304092924,6.273344852710579,45.16924666146388,0.04331863519604312,0.9373922353000228,0.019289129503933924
amos_0321,CT,FOV-B,urinary_bladder,20,-0.7415008687643634,57.78437801292185,-21.440649031369276,0.7415008687643634,57.78437801292185,21.440649031369276,61.638345181915625,0.00014471761187062902,0.8788584741256014,0.12099680826252789
amos_0321,CT,FOV-B,prostate,21,-12.132551866819535,51.67728528544794,-73.23355791928293,12.132551866819535,51.67728528544794,73.23355791928293,90.44829813098535,0.01799299726646776,0.32643640258075524,0.6555706001527769
amos_0317,CT,FOV-B,spleen,0,8.45992119048303,34.47475387879865,-21.063741822167458,8.45992119048303,34.47475387879865,21.063741822167458,41.27662947848156,0.04200724316910829,0.6975797979601267,0.26041295887076504
amos_0317,CT,FOV-B,kidney_right,1,-7.70042104193864,27.793989989014136,16.816900319229035,7.70042104193864,27.793989989014136,16.816900319229035,33.38578290349704,0.053199287301622836,0.6930724943416232,0.2537282183567539
amos_0317,CT,FOV-B,kidney_left,2,-4.669950454100253,39.70945257936768,-9.07391210165406,4.669950454100253,39.70945257936768,9.07391210165406,40.99981636819055,0.012973606542174252,0.938045656771663,0.048980736686162644
amos_0317,CT,FOV-B,gallbladder,3,23.077579171146045,4.346134689033448,-7.200495693644598,23.077579171146045,4.346134689033448,7.200495693644598,24.562383544149945,0.8827535684602676,0.03130872234367587,0.08593770919605648
amos_0317,CT,FOV-B,esophagus,14,5.711985281200773,46.47111506066584,-17.661569681182414,5.711985281200773,46.47111506066584,17.661569681182414,50.04120656456596,0.013029225906168807,0.8624037604051876,0.12456701368864358
amos_0317,CT,FOV-B,liver,4,-5.72694790062738,25.83211364448603,-6.765472581071549,5.72694790062738,25.83211364448603,6.765472581071549,27.31057756334297,0.043972858181081174,0.8946601963039291,0.061366945514989855
amos_0317,CT,FOV-B,stomach,5,22.721140970434952,21.193248790332433,-26.68436444699023,22.721140970434952,21.193248790332433,26.68436444699023,40.95679854709229,0.3077572328961399,0.2677583781874619,0.4244843889163981
amos_0317,CT,FOV-B,aorta,51,2.797309787286439,47.81320755439546,6.889798643811332,2.797309787286439,47.81320755439546,6.889798643811332,48.38798491400538,0.0033419970065707433,0.9763840709569214,0.020273932036507916
amos_0317,CT,FOV-B,inferior_vena_cava,62,3.2380764828713637,33.561362342708875,-8.925526345177786,3.2380764828713637,33.561362342708875,8.925526345177786,34.8785779834268,0.00861899571039338,0.925894752742622,0.06548625154698455
amos_0317,CT,FOV-B,pancreas,6,7.909855088216265,27.18040209916954,-6.600140711808422,7.909855088216265,27.18040209916954,6.600140711808422,29.067196686381568,0.0740509706490699,0.8743905511189991,0.05155847823193111
amos_0317,CT,FOV-B,adrenal_gland_right,7,-13.119323505368598,36.657808651737795,2.2828447215362075,13.119323505368598,36.657808651737795,2.2828447215362075,39.001576434915876,0.11315104252958023,0.8834229490907013,0.00342600837971828
amos_0317,CT,FOV-B,adrenal_gland_left,8,4.697125580933719,47.15923720007545,-4.033869301735876,4.697125580933719,47.15923720007545,4.033869301735876,47.56394373429867,0.009752335413618182,0.9830550310711109,0.007192633515270949
amos_0317,CT,FOV-B,duodenum,18,27.30016239731576,22.012386423366706,-11.020022123470653,27.30016239731576,22.012386423366706,11.020022123470653,36.75982740129794,0.551548279040323,0.35858104553692893,0.08987067542274815
amos_0317,CT,FOV-B,urinary_bladder,20,1.5404129891093958,41.95543365562007,9.923478932705166,1.5404129891093958,41.95543365562007,9.923478932705166,43.1405461200481,0.001274979103620956,0.9458127224805233,0.05291229841585587
amos_0317,CT,FOV-B,prostate,21,4.584333030285347,38.252288615671105,21.278499341874863,4.584333030285347,38.252288615671105,21.278499341874863,44.0116828570703,0.010849666014019084,0.7554033355076014,0.23374699847837943
amos_0307,CT,FOV-B,spleen,0,12.390080631448484,47.676453390623166,-21.314632779091482,12.390080631448484,47.676453390623166,21.314632779091482,53.67375407468327,0.05328737432152718,0.7890125994404894,0.1577000262379834
amos_0307,CT,FOV-B,kidney_right,1,0.1126134989128218,63.37816607283334,-24.524582474547458,0.1126134989128218,63.37816607283334,24.524582474547458,67.95777926114611,2.7460127387038097e-06,0.8697631016154334,0.13023415237182784
amos_0307,CT,FOV-B,kidney_left,2,5.11348241074009,45.46467675021945,2.03416282387974,5.11348241074009,45.46467675021945,2.03416282387974,45.79653210409002,0.012467183373374645,0.9855599113225803,0.0019729053040450878
amos_0307,CT,FOV-B,gallbladder,3,-28.41958083815303,44.048718860553095,-23.281857938606038,28.41958083815303,44.048718860553095,23.281857938606038,57.3585836413853,0.24549265281465502,0.5897524120924609,0.1647549350928841
amos_0307,CT,FOV-B,esophagus,14,-8.206466099655056,53.11007457944504,-13.898180664183712,8.206466099655056,53.11007457944504,13.898180664183712,55.508427589450704,0.02185719915714014,0.9154528317783215,0.06268996906453836
amos_0307,CT,FOV-B,liver,4,-12.204173822320001,53.44581483755729,-29.161956138147502,12.204173822320001,53.44581483755729,29.161956138147502,62.09522258708071,0.03862783724032279,0.740817152240033,0.2205550105196443
amos_0307,CT,FOV-B,stomach,5,0.7253994476897958,38.8549147967224,-43.449454970877014,0.7253994476897958,38.8549147967224,43.449454970877014,58.29310204034037,0.00015485317267456832,0.4442808442565781,0.5555643025707473
amos_0307,CT,FOV-B,aorta,51,1.1753866664918107,60.69731723889947,19.999656390353664,1.1753866664918107,60.69731723889947,19.999656390353664,63.91816728871052,0.00033815272496284863,0.9017587479951475,0.09790309927988966
amos_0307,CT,FOV-B,inferior_vena_cava,62,0.5397651984786823,58.26764364392983,8.873901333748222,0.5397651984786823,58.26764364392983,8.873901333748222,58.941969488358495,8.38610842502162e-05,0.9772498769060525,0.02266626200969723
amos_0307,CT,FOV-B,pancreas,6,-12.942300145644595,44.951584715150716,-7.194278836728131,12.942300145644595,44.951584715150716,7.194278836728131,47.32764255109183,0.07478133091159603,0.9021116039837925,0.023107065104611524
amos_0307,CT,FOV-B,adrenal_gland_right,7,-7.263402831749876,59.09412429951372,-19.255835239935777,7.263402831749876,59.09412429951372,19.255835239935777,62.57523262609739,0.013473341460559764,0.8918332439995358,0.09469341453990446
amos_0307,CT,FOV-B,adrenal_gland_left,8,3.9361500522177195,49.921370790254045,-5.2580594036776915,3.9361500522177195,49.921370790254045,5.2580594036776915,50.35160104211391,0.0061110624682727335,0.982983969226732,0.010904968304995174
amos_0307,CT,FOV-B,duodenum,18,-17.609971846714696,60.20416329536613,-8.248837160998107,17.609971846714696,60.20416329536613,8.248837160998107,63.26686100199581,0.07747556437054554,0.9055250633087246,0.01699937232072985
amos_0307,CT,FOV-B,urinary_bladder,20,-6.584988617801761,38.041642927639174,15.784625888095746,6.584988617801761,38.041642927639174,15.784625888095746,41.709508342315914,0.024925272563492355,0.8318564502631479,0.1432182771733598
amos_0307,CT,FOV-B,prostate,21,-5.766195551927492,38.60040920531284,18.291243747931375,5.766195551927492,38.60040920531284,18.291243747931375,43.10232244098811,0.017896882656002294,0.8020149695445012,0.18008814779949658
amos_0332,CT,FOV-B,spleen,0,7.354116575519214,42.02951036281712,-49.16659242972946,7.354116575519214,42.02951036281712,49.16659242972946,65.09928250830119,0.012761702488919972,0.41682739777945726,0.5704108997316227
amos_0332,CT,FOV-B,kidney_right,1,-13.269531017638585,48.761597117043664,-42.454480476811455,13.269531017638585,48.761597117043664,42.454480476811455,66.00118725741923,0.04042105570820075,0.5458236483600212,0.41375529593177796
amos_0332,CT,FOV-B,kidney_left,2,10.015837385875429,41.25442935263345,-43.85320584705562,10.015837385875429,41.25442935263345,43.85320584705562,61.035633877399505,0.026928217795368522,0.45685065282882575,0.5162211293758056
amos_0332,CT,FOV-B,gallbladder,3,-25.000122600664042,46.73316920635622,-53.53999276643094,25.000122600664042,46.73316920635622,53.53999276643094,75.33608736553573,0.11012303062142031,0.3848082241461854,0.5050687452323942
amos_0332,CT,FOV-B,esophagus,14,-0.5662881323376538,47.84698507920751,-24.117311188045733,0.5662881323376538,47.84698507920751,24.117311188045733,53.58450673804667,0.00011168541080401885,0.797316368742695,0.20257194584650098
amos_0332,CT,FOV-B,liver,4,-8.424129655329011,46.82769661986123,-47.755191092891664,8.424129655329011,46.82769661986123,47.755191092891664,67.41184916237023,0.015616280606104023,0.482539768352609,0.5018439510412869
amos_0332,CT,FOV-B,stomach,5,-16.716796019224333,37.87717911346297,-41.658069768360065,16.716796019224333,37.87717911346297,41.658069768360065,58.732671857895795,0.08101148068194569,0.4159065298649365,0.5030819894531179
amos_0332,CT,FOV-B,aorta,51,-2.840593286563493,42.59606318489972,2.4374555995882474,2.840593286563493,42.59606318489972,2.4374555995882474,42.760200641152316,0.004413047925565175,0.9923376210435422,0.003249331030892586
amos_0332,CT,FOV-B,inferior_vena_cava,62,-7.103673219946525,44.00024043616308,-25.017638657968746,7.103673219946525,44.00024043616308,25.017638657968746,51.11130575202162,0.019316658313687597,0.7410988632166097,0.23958447846970277
amos_0332,CT,FOV-B,pancreas,6,0.6071930533296168,35.93977398565923,-33.647863462586656,0.6071930533296168,35.93977398565923,33.647863462586656,49.236315389569455,0.0001520836400875891,0.5328188653528331,0.4670290510070793
amos_0332,CT,FOV-B,adrenal_gland_right,7,-8.656191080580882,41.96633969789316,-36.15103490609749,8.656191080580882,41.96633969789316,36.15103490609749,56.062470837846334,0.023840161899647213,0.5603478558729638,0.41581198222738913
amos_0332,CT,FOV-B,adrenal_gland_left,8,5.803698968842724,32.299662016394876,-33.4069592648666,5.803698968842724,32.299662016394876,33.4069592648666,46.82922181094561,0.015359457415002513,0.4757316810754686,0.508908861509529
amos_0332,CT,FOV-B,duodenum,18,-8.622538885746456,44.063934935094636,-43.11210420295333,8.622538885746456,44.063934935094636,43.11210420295333,62.24654261568886,0.019188448229132665,0.5011134807345807,0.4796980710362867
amos_0332,CT,FOV-B,urinary_bladder,20,-5.802260103170109,32.109562141981314,-35.45403935506897,5.802260103170109,32.109562141981314,35.45403935506897,48.183805472849265,0.014500807696495897,0.44408547958999584,0.5414137127135082
amos_0332,CT,FOV-B,prostate,21,-2.9489785320594635,39.302696377901725,-21.579406404726228,2.9489785320594635,39.302696377901725,21.579406404726228,44.934053876057256,0.004307170052565424,0.7650564647835244,0.23063636516391026
amos_0349,CT,FOV-B,spleen,0,9.917351389136329,43.75229996128385,-27.761454796621024,9.917351389136329,43.75229996128385,27.761454796621024,52.757141534607385,0.03533693593532827,0.6877637191253646,0.27689934493930707
amos_0349,CT,FOV-B,kidney_right,1,-0.38377407980287614,73.12184205250482,-44.55029218159336,0.38377407980287614,73.12184205250482,44.55029218159336,85.6252275977187,2.0088513456755393e-05,0.7292740648820334,0.2707058466045099
amos_0349,CT,FOV-B,kidney_left,2,-4.360220128908196,56.143905974162564,-28.716883062994498,4.360220128908196,56.143905974162564,28.716883062994498,63.21241231326205,0.004757864862231472,0.7888610597881436,0.20638107534962488
amos_0349,CT,FOV-B,gallbladder,3,4.205436435317175,43.24268461869045,-25.593793428861318,4.205436435317175,43.24268461869045,25.593793428861318,50.424772986323354,0.006955594297180368,0.7354233133455879,0.2576210923572317
amos_0349,CT,FOV-B,esophagus,14,-7.589239181346166,54.210002926190015,-12.063089898430007,7.589239181346166,54.210002926190015,12.063089898430007,56.05211063382728,0.01833211358035368,0.9353516579417995,0.046316228477846944
amos_0349,CT,FOV-B,liver,4,-1.557843151720057,60.55045013667532,-20.672827794018986,1.557843151720057,60.55045013667532,20.672827794018986,64.00116948963144,0.0005924771957692309,0.8950739801570297,0.10433354264720095
amos_0349,CT,FOV-B,stomach,5,-5.17889198505727,42.053689479992244,-17.13079325358069,5.17889198505727,42.053689479992244,17.13079325358069,45.703367475159055,0.01284036310803253,0.8466653881437578,0.14049424874820965
amos_0349,CT,FOV-B,aorta,51,-2.137030090873788,57.48645316834728,12.29296733166666,2.137030090873788,57.48645316834728,12.29296733166666,58.82496273949784,0.001319769091808341,0.9550095329032522,0.04367069800493927
amos_0349,CT,FOV-B,inferior_vena_cava,62,-10.847279700795704,51.906996442530016,-3.519051634797165,10.847279700795704,51.906996442530016,3.519051634797165,53.144929024324476,0.04165988000525142,0.9539555438592229,0.0043845761355260065
amos_0349,CT,FOV-B,pancreas,6,-10.124937974939307,45.95424037783047,-16.260269327771994,10.124937974939307,45.95424037783047,16.260269327771994,49.78657385592501,0.04135806977697711,0.8519747073225133,0.10666722290050912
amos_0349,CT,FOV-B,adrenal_gland_right,7,-11.453179366715993,56.22894793309024,-33.896190866562506,11.453179366715993,56.22894793309024,33.896190866562506,66.64699286937692,0.029531874012600014,0.7118013348397171,0.258666791147683
amos_0349,CT,FOV-B,adrenal_gland_left,8,2.758600372709772,52.91367829633367,-31.692841841866652,2.758600372709772,52.91367829633367,31.692841841866652,61.74061427357021,0.0019963454254231278,0.7345037425339719,0.2634999120406049
amos_0349,CT,FOV-B,duodenum,18,-15.769183995273146,52.57577833331308,-31.56394893398908,15.769183995273146,52.57577833331308,31.56394893398908,63.317947720515406,0.06202471555027767,0.689473790327623,0.24850149412209946
amos_0349,CT,FOV-B,urinary_bladder,20,5.184721442150595,39.78557451542562,-8.677799121834937,5.184721442150595,39.78557451542562,8.677799121834937,41.0496951700509,0.015952581916604147,0.9393585543481928,0.04468886373520292
amos_0349,CT,FOV-B,prostate,21,1.609047040825553,39.83626459149488,-1.3150376208054695,1.609047040825553,39.83626459149488,1.3150376208054695,39.89042908928547,0.0016270468789245187,0.9972861798739989,0.0010867732470763248
amos_0341,CT,FOV-B,spleen,0,4.260887191743436,31.189357407783945,18.514850440501334,4.260887191743436,31.189357407783945,18.514850440501334,36.52028014686337,0.013612311282551685,0.7293645541408796,0.25702313457656867
amos_0341,CT,FOV-B,kidney_right,1,7.4405430031385436,35.694141286664305,8.329782524048312,7.4405430031385436,35.694141286664305,8.329782524048312,37.40078447401669,0.03957745274775166,0.9108197803417729,0.049602766910475514
amos_0341,CT,FOV-B,kidney_left,2,0.9489411063536295,33.467084947781714,9.96548858749054,0.9489411063536295,33.467084947781714,9.96548858749054,34.932180391621266,0.0007379503300348184,0.9178767805667785,0.0813852691031868
amos_0341,CT,FOV-B,gallbladder,3,16.19921596036717,35.09512681443644,24.731641765717598,16.19921596036717,35.09512681443644,24.731641765717598,45.888306007955634,0.12461890732507548,0.5849107194034766,0.2904703732714479
amos_0341,CT,FOV-B,esophagus,14,-0.5591908563606314,28.767720426972815,9.470199473806417,0.5591908563606314,28.767720426972815,9.470199473806417,30.29156831615012,0.00034078196644956,0.9019186777428485,0.0977405402907018
amos_0341,CT,FOV-B,liver,4,3.8540639424068672,27.91057471346457,11.862736379370745,3.8540639424068672,27.91057471346457,11.862736379370745,30.570876731204404,0.015893591396299683,0.8335310275234543,0.1505753810802458
amos_0341,CT,FOV-B,stomach,5,2.8779124043782573,32.62273168945313,34.98117650349934,2.8779124043782573,32.62273168945313,34.98117650349934,47.91876158936391,0.0036069819655507565,0.46347837662968966,0.5329146414047595
amos_0341,CT,FOV-B,aorta,51,-1.3709629811095656,38.98237273476869,-3.7822023303160677,1.3709629811095656,38.98237273476869,3.7822023303160677,39.18941155459544,0.0012238099260339517,0.9894618512739803,0.009314338799985706
amos_0341,CT,FOV-B,inferior_vena_cava,62,4.478563304964446,36.243453183000426,-0.03562112068135548,4.478563304964446,36.243453183000426,0.03562112068135548,36.519127820488215,0.015039612308990603,0.9849594362664368,9.514245726919993e-07
amos_0341,CT,FOV-B,pancreas,6,10.350472195632843,45.343561495193796,15.764011254338527,10.350472195632843,45.343561495193796,15.764011254338527,49.108806690530585,0.04442235349129154,0.8525355443635785,0.10304210214513017
amos_0341,CT,FOV-B,adrenal_gland_right,7,1.6342088702191866,35.402754489972835,13.343738738375066,1.6342088702191866,35.402754489972835,13.343738738375066,37.86926230634558,0.001862264809348036,0.8739778306330503,0.12415990455760152
amos_0341,CT,FOV-B,adrenal_gland_left,8,-2.8674206937517113,46.35214972139539,5.380755081401446,2.8674206937517113,46.35214972139539,5.380755081401446,46.75143217566322,0.0037617765191673173,0.9829918617687196,0.01324636171211308
amos_0341,CT,FOV-B,duodenum,18,-4.500677245471497,40.10816939660921,-5.911942112510815,4.500677245471497,40.10816939660921,5.911942112510815,40.79059214520774,0.012174067900825402,0.9668200788961621,0.021005853203012598
amos_0341,CT,FOV-B,urinary_bladder,20,-4.917703414164077,27.84322120184237,-13.974278354338026,4.917703414164077,27.84322120184237,13.974278354338026,31.539011228777063,0.024312438406718078,0.779368426538993,0.19631913505428894
amos_0341,CT,FOV-B,prostate,21,5.97686861848287,38.99421581240328,-48.04348675568656,5.97686861848287,38.99421581240328,48.04348675568656,62.1646880869736,0.009243999238566863,0.3934711223308023,0.5972848784306309
amos_0320,CT,FOV-B,spleen,0,10.60017062064236,49.716816022522096,20.340297549093606,10.60017062064236,49.716816022522096,20.340297549093606,54.75265397211082,0.0374813617618329,0.8245106411015,0.13800799713666706
amos_0320,CT,FOV-B,kidney_right,1,16.244630649977566,-28.805391728855454,138.42814194349614,16.244630649977566,28.805391728855454,138.42814194349614,142.32353670259786,0.013027654372120442,0.040963222707887055,0.9460091229199925
amos_0320,CT,FOV-B,kidney_left,2,-10.786361392501611,52.362659340788426,-22.02130185507403,10.786361392501611,52.362659340788426,22.02130185507403,57.819818580841236,0.034801381533647216,0.8201436761489355,0.14505494231741722
amos_0320,CT,FOV-B,gallbladder,3,25.07445199655084,16.434154091505206,19.019333943604067,25.07445199655084,16.434154091505206,19.019333943604067,35.50414943762207,0.49877499718475793,0.21425772230229573,0.28696728051294645
amos_0320,CT,FOV-B,esophagus,14,7.48235788292028,44.21075716896425,2.79300220963804,7.48235788292028,44.21075716896425,2.79300220963804,44.926357411705055,0.027737961300003486,0.9683971219566709,0.0038649167433256674
amos_0320,CT,FOV-B,liver,4,7.3890872036273905,40.23226696906028,17.356928353161152,7.3890872036273905,40.23226696906028,17.356928353161152,44.435311150360114,0.027651909880432472,0.819771013213765,0.15257707690580272
amos_0320,CT,FOV-B,stomach,5,1.0453142259301842,36.33847664061966,13.783506365974688,1.0453142259301842,36.33847664061966,13.783506365974688,38.87881960827331,0.0007228822813661654,0.8735892725942829,0.12568784512435113
amos_0320,CT,FOV-B,aorta,51,6.771223514959399,44.42323662993695,-6.738178245167617,6.771223514959399,44.42323662993695,6.738178245167617,45.43871110223706,0.022206611365275315,0.9558029960490518,0.021990392585672976
amos_0320,CT,FOV-B,inferior_vena_cava,62,8.519606539513621,43.44477211134807,5.468410208728244,8.519606539513621,43.44477211134807,5.468410208728244,44.6086923099749,0.03647540242172283,0.9484972204252186,0.015027377153058607
amos_0320,CT,FOV-B,pancreas,6,9.652458409285131,42.23689417631235,11.984732044623257,9.652458409285131,42.23689417631235,11.984732044623257,44.95285291486411,0.04610641547360523,0.8828144487984687,0.07107913572792601
amos_0320,CT,FOV-B,adrenal_gland_right,7,7.650254365572835,44.03392051652551,10.672416391920507,7.650254365572835,44.03392051652551,10.672416391920507,45.95011446728056,0.027719063639319756,0.918335796026898,0.05394514033378232
amos_0320,CT,FOV-B,adrenal_gland_left,8,13.362457157827631,41.3261151015022,6.856966361522609,13.362457157827631,41.3261151015022,6.856966361522609,43.97068385140763,0.09235198011820309,0.8833294742829942,0.024318545598802595
amos_0320,CT,FOV-B,duodenum,18,14.703909268577757,52.676669720702705,12.929268603624507,14.703909268577757,52.676669720702705,12.929268603624507,56.197886679725194,0.06845822901457206,0.8786110332137874,0.052930737771640625
amos_0320,CT,FOV-B,urinary_bladder,20,-7.2202754556648046,42.70200999492397,-4.7598871534639215,7.2202754556648046,42.70200999492397,4.7598871534639215,43.56891737208962,0.027463380613395996,0.9606011424904128,0.011935476896191287
amos_0320,CT,FOV-B,prostate,21,3.349875209421064,32.01925040523271,-3.6187896479329424,3.349875209421064,32.01925040523271,3.6187896479329424,32.39675445083466,0.010691884271840722,0.9768307280169181,0.0124773877112412
amos_0337,CT,FOV-A,spleen,0,-6.8633192018474745,66.02252164181067,12.409992625106497,6.8633192018474745,66.02252164181067,12.409992625106497,67.52841203052981,0.010329881061563111,0.9558970930817545,0.033773025856682584
amos_0337,CT,FOV-A,kidney_right,1,-4.144503874906981,50.52236763279046,12.828048459382387,4.144503874906981,50.52236763279046,12.828048459382387,52.29001215211386,0.006282140056678502,0.9335334927941472,0.06018436714917427
amos_0337,CT,FOV-A,kidney_left,2,-0.6355851035588529,50.16167608039257,17.250551184560607,0.6355851035588529,50.16167608039257,17.250551184560607,53.048838175677695,0.00014354751087018608,0.8941128264934448,0.10574362599568496
amos_0337,CT,FOV-A,gallbladder,3,-7.604189652379965,57.096142922827,6.828580935192122,7.604189652379965,57.096142922827,6.828580935192122,58.003644321040035,0.017186811672715203,0.96895359903346,0.013859589293824663
amos_0337,CT,FOV-A,esophagus,14,-8.736271641490937,63.54880613202022,6.229558217833414,8.736271641490937,63.54880613202022,6.229558217833414,64.44827847653019,0.01837509598823177,0.9722817855460849,0.009343118465683491
amos_0337,CT,FOV-A,liver,4,-1.035787414325334,60.802386080868104,7.649113541772522,1.035787414325334,60.802386080868104,7.649113541772522,61.29039032890512,0.0002855988701502561,0.984139064539532,0.015575336590317707
amos_0337,CT,FOV-A,stomach,5,-7.379927986194119,70.36853296482406,14.911159640594803,7.379927986194119,70.36853296482406,14.911159640594803,72.3086194760365,0.01041655491870729,0.9470586039654283,0.04252484111586422
amos_0337,CT,FOV-A,aorta,51,-1.224489361626123,63.39836919607157,2.5910043794928015,1.224489361626123,63.39836919607157,2.5910043794928015,63.463106562889614,0.0003722780051199485,0.9979608830479294,0.0016668389469507295
amos_0337,CT,FOV-A,inferior_vena_cava,62,-5.197730286690364,64.18541801978805,-2.705624784090105,5.197730286690364,64.18541801978805,2.705624784090105,64.45234434821121,0.0065035433953636625,0.9917342464498426,0.0017622101547933684
amos_0337,CT,FOV-A,pancreas,6,0.7074584768580685,64.74355942910248,9.18204548478053,0.7074584768580685,64.74355942910248,9.18204548478053,65.39525169559928,0.00011703330730609286,0.9801684357642794,0.01971453092841456
amos_0337,CT,FOV-A,adrenal_gland_right,7,-12.709655558371193,63.65320093976018,14.840244267472656,12.709655558371193,63.65320093976018,14.840244267472656,66.58451910322832,0.03643518903149973,0.9138900754057997,0.049674735562700724
amos_0337,CT,FOV-A,adrenal_gland_left,8,3.289116365363796,73.39508818048071,2.674497734590716,3.289116365363796,73.39508818048071,2.674497734590716,73.51741422015449,0.0020016034009258336,0.9966749573151606,0.0013234392839136812
amos_0337,CT,FOV-A,duodenum,18,-6.793703419048439,62.0815225413501,14.52554213372079,6.793703419048439,62.0815225413501,14.52554213372079,64.11911744149828,0.011226337529925452,0.9374533101712936,0.05132035229878091
amos_0337,CT,FOV-A,urinary_bladder,20,-11.778364938968476,62.473698610675626,-9.744509784997291,11.778364938968476,62.473698610675626,9.744509784997291,64.3167814002144,0.03353678346273223,0.9435085289583507,0.022954687578916794
amos_0337,CT,FOV-A,prostate,21,-8.093823113063769,71.26550091532084,-13.464266534154923,8.093823113063769,71.26550091532084,13.464266534154923,72.97648982103706,0.0123010300058731,0.9536581933040814,0.03404077669004527
amos_0336,CT,FOV-B,spleen,0,9.838501964545458,65.86435758297125,5.989189254014946,9.838501964545458,65.86435758297125,5.989189254014946,66.86389241320217,0.021650834653936364,0.9703258702949267,0.008023295051137169
amos_0336,CT,FOV-B,kidney_right,1,-0.9941602732346411,37.70679151439137,9.522806501211562,0.9941602732346411,37.70679151439137,9.522806501211562,38.90339734031171,0.0006530369447313377,0.9394293006381043,0.05991766241716417
amos_0336,CT,FOV-B,kidney_left,2,-7.356415607465173,42.23286272194544,3.723285127180361,7.356415607465173,42.23286272194544,3.723285127180361,43.03015682540244,0.02922716265205145,0.9632858563087451,0.007486981039203505
amos_0336,CT,FOV-B,gallbladder,3,-4.470700946620411,43.780473463405485,5.773736337583159,4.470700946620411,43.780473463405485,5.773736337583159,44.3852797099443,0.010145496794665206,0.9729331156251849,0.016921387580149615
amos_0336,CT,FOV-B,esophagus,14,-0.051741745682698514,48.06281276509685,-5.545744547884624,0.051741745682698514,48.06281276509685,5.545744547884624,48.381731373436764,1.1437190171371997e-06,0.9868600197243701,0.013138836556612658
amos_0336,CT,FOV-B,liver,4,-1.9827913032201963,48.0838741292408,-2.8156834713436183,1.9827913032201963,48.0838741292408,2.8156834713436183,48.20703772313328,0.0016917380604108932,0.9948967509686047,0.003411510970984448
amos_0336,CT,FOV-B,stomach,5,6.992563165123947,67.35193597068692,-13.5282404371942,6.992563165123947,67.35193597068692,13.5282404371942,69.05209995318242,0.010254606863456668,0.9513632831395964,0.03838210999694695
amos_0336,CT,FOV-B,aorta,51,0.5909496400022496,56.46504641954087,-7.392947630422441,0.5909496400022496,56.46504641954087,7.392947630422441,56.95003391837526,0.00010767452651713782,0.9830404870888756,0.016851838384607225
amos_0336,CT,FOV-B,inferior_vena_cava,62,0.30179468017310285,53.18452595721871,-6.483581610264309,0.30179468017310285,53.18452595721871,6.483581610264309,53.57911637774562,3.172722336887249e-05,0.98532497582316,0.014643296953471188
amos_0336,CT,FOV-B,pancreas,6,1.0592768589205646,57.75776226705284,-6.608703231957406,1.0592768589205646,57.75776226705284,6.608703231957406,58.144269949577335,0.0003318983746155616,0.9867494062936634,0.012918695331720948
amos_0336,CT,FOV-B,adrenal_gland_right,7,-4.019881552273887,53.74706080808477,4.9342671509982665,4.019881552273887,53.74706080808477,4.9342671509982665,54.122573714852976,0.005516576333349706,0.9861717508825731,0.008311672784077071
amos_0336,CT,FOV-B,adrenal_gland_left,8,-7.2632308795888,57.05672170167328,-7.461947533392049,7.2632308795888,57.05672170167328,7.461947533392049,57.99917822817408,0.015682526083460383,0.9677650842479115,0.016552389668628282
amos_0336,CT,FOV-B,duodenum,18,-5.758685406045032,56.537012039337895,-18.367347510728678,5.758685406045032,56.537012039337895,18.367347510728678,59.72399553380455,0.00929713204461089,0.8961237679076655,0.09457910004772344
amos_0336,CT,FOV-B,urinary_bladder,20,-1.12527129807444,34.36026049114534,-3.798260813358638,1.12527129807444,34.36026049114534,3.798260813358638,34.58786668356303,0.0010584416728467469,0.986882260718888,0.012059297608265287
amos_0336,CT,FOV-B,prostate,21,10.270924121287685,47.04089455730531,-54.8233740911345,10.270924121287685,47.04089455730531,54.8233740911345,72.96533416488437,0.019814626481044546,0.41564062799240026,0.5645447455265553
amos_0361,CT,FOV-B,spleen,0,4.531053848677786,47.828787373616464,-14.342365058537439,4.531053848677786,47.828787373616464,14.342365058537439,50.138077207673085,0.008167010190710604,0.9100041873590963,0.08182880245019301
amos_0361,CT,FOV-B,kidney_right,1,11.380081794441878,50.73926156239263,-22.721557720253443,11.380081794441878,50.73926156239263,22.721557720253443,56.747229983320686,0.04021623713236904,0.7994640708828488,0.16031969198478224
amos_0361,CT,FOV-B,kidney_left,2,6.1080224635039215,43.496920958027445,-16.910933763052917,6.1080224635039215,43.496920958027445,16.910933763052917,47.06665222832318,0.016841262054560394,0.8540639942996564,0.12909474364578297
amos_0361,CT,FOV-B,gallbladder,3,7.802075324438476,56.452687812914995,-19.8665509636444,7.802075324438476,56.452687812914995,19.8665509636444,60.35278111124402,0.016711895162191622,0.8749327506140244,0.10835535422378394
amos_0361,CT,FOV-B,esophagus,14,8.824592466687005,36.93142794844134,-3.7520436808695052,8.824592466687005,36.93142794844134,3.7520436808695052,38.15601701301088,0.05348884852215495,0.9368415248739289,0.009669626603916074
amos_0361,CT,FOV-B,liver,4,10.65206259756728,34.24966918897253,-7.531106053863525,10.65206259756728,34.24966918897253,7.531106053863525,36.65001822006486,0.08447321628835543,0.8733018343813531,0.04222494933029144
amos_0361,CT,FOV-B,stomach,5,-1.3648611446968069,53.733924468874555,-4.344353510752171,1.3648611446968069,53.733924468874555,4.344353510752171,53.92653235836144,0.0006405778997001926,0.9928694127002456,0.0064900094000540495
amos_0361,CT,FOV-B,aorta,51,15.940348499553133,40.24628946216525,-13.395501490814837,15.940348499553133,40.24628946216525,13.395501490814837,45.313331216652145,0.12374955414454422,0.788859593958526,0.08739085189692976
amos_0361,CT,FOV-B,inferior_vena_cava,62,8.209919578030188,33.89100994401666,-19.278116318548904,8.209919578030188,33.89100994401666,19.278116318548904,39.845314696895805,0.042454456301364296,0.723459958905202,0.23408558479343386
amos_0361,CT,FOV-B,pancreas,6,5.037516340384971,45.17392972895075,-12.142406091983169,5.037516340384971,45.17392972895075,12.142406091983169,47.04783229585032,0.011464462527305506,0.921926942923638,0.06660859454905652
amos_0361,CT,FOV-B,adrenal_gland_right,7,7.59172239487026,41.314135382730285,-16.59887747562,7.59172239487026,41.314135382730285,16.59887747562,45.16652261126581,0.028251878327260498,0.8366889357268629,0.13505918594587676
amos_0361,CT,FOV-B,adrenal_gland_left,8,3.1017443433181313,46.608391642913745,-11.775450268809102,3.1017443433181313,46.608391642913745,11.775450268809102,48.17285769542569,0.004145788833206006,0.9361025168057783,0.05975169436101581
amos_0361,CT,FOV-B,duodenum,18,7.90083264427334,52.362597703194766,-28.775403679998462,7.90083264427334,52.362597703194766,28.775403679998462,60.26847145602999,0.0171856266006069,0.754852353758808,0.2279620196405852
amos_0361,CT,FOV-B,urinary_bladder,20,3.673160038768698,40.08922984790958,-0.6575292192172526,3.673160038768698,40.08922984790958,0.6575292192172526,40.26252350689231,0.00832295830480666,0.9914103385540641,0.0002667031411293076
amos_0361,CT,FOV-B,prostate,21,7.380235170738399,47.77108439433712,-15.903559843255692,7.380235170738399,47.77108439433712,15.903559843255692,50.88681156325575,0.02103438998933631,0.881291780625881,0.09767382938478258
amos_0350,CT,FOV-B,spleen,0,-0.6331669514092084,62.03285108472316,7.272681906374146,0.6331669514092084,62.03285108472316,7.272681906374146,62.46092711607072,0.000102758942080725,0.9863399683202412,0.01355727273767815
amos_0350,CT,FOV-B,kidney_right,1,12.48534271480635,77.61130470460694,2.347498881836941,12.48534271480635,77.61130470460694,2.347498881836941,78.64419337533914,0.025203892067579777,0.9739051084261867,0.0008909995062334336
amos_0350,CT,FOV-B,kidney_left,2,-2.0780840235050846,77.13608764659534,0.45350348109082006,2.0780840235050846,77.13608764659534,0.45350348109082006,77.16540750906034,0.0007252385799967873,0.999240221928299,3.453949170434994e-05
amos_0350,CT,FOV-B,gallbladder,3,20.11731933749944,58.01047958649761,-6.374013482443388,20.11731933749944,58.01047958649761,6.374013482443388,61.7296551671622,0.10620684746067156,0.8831311629611063,0.01066198957822214
amos_0350,CT,FOV-B,esophagus,14,6.836605320819871,60.410531014530875,0.17862591627772417,6.836605320819871,60.410531014530875,0.17862591627772417,60.79640891523302,0.012645184274614883,0.987346183295008,8.632430377073211e-06
amos_0350,CT,FOV-B,liver,4,7.959280153259108,63.02432087355581,-5.354877988567296,7.959280153259108,63.02432087355581,5.354877988567296,63.75021474790049,0.015587780394211105,0.9773565886733361,0.007055630932452723
amos_0350,CT,FOV-B,stomach,5,1.6718044893577542,55.92909124448542,8.153082616280471,1.6718044893577542,55.92909124448542,8.153082616280471,56.544946138735575,0.0008741448128069042,0.9783357782375366,0.020790076949656473
amos_0350,CT,FOV-B,aorta,51,0.531549339305105,66.2465861748173,-7.241793318647524,0.531549339305105,66.2465861748173,7.241793318647524,66.64335146875207,6.361704706634499e-05,0.9881283218229544,0.011808061129978925
amos_0350,CT,FOV-B,inferior_vena_cava,62,4.946066514278113,69.89457364392379,13.011489732554992,4.946066514278113,69.89457364392379,13.011489732554992,71.26720047742813,0.004816599170478931,0.961850381940945,0.033333018888576295
amos_0350,CT,FOV-B,pancreas,6,-0.6327750097913487,71.61737035607857,2.75057448211669,0.6327750097913487,71.61737035607857,2.75057448211669,71.67296422581117,7.794493620888618e-05,0.9984492811381451,0.0014727739256462152
amos_0350,CT,FOV-B,adrenal_gland_right,7,-0.2958448497232098,71.77378528847251,4.959783683604201,0.2958448497232098,71.77378528847251,4.959783683604201,71.94555742364504,1.6909083266494696e-05,0.9952306414515932,0.004752449465140579
amos_0350,CT,FOV-B,adrenal_gland_left,8,-3.450952915882965,74.26878769075842,5.022752848996561,3.450952915882965,74.26878769075842,5.022752848996561,74.5183866389007,0.0021446240927389653,0.9933122295263587,0.0045431463809024126
amos_0350,CT,FOV-B,duodenum,18,7.252742945290748,69.7159922013405,-16.941270101478835,7.252742945290748,69.7159922013405,16.941270101478835,72.11052961599363,0.01011596225171542,0.9346896954275382,0.055194342320746534
amos_0350,CT,FOV-B,urinary_bladder,20,1.3192346054518636,71.42764553623036,45.322709916088684,1.3192346054518636,71.42764553623036,45.322709916088684,84.60376446075857,0.00024314463706095977,0.7127763716540804,0.2869804837088585
amos_0350,CT,FOV-B,prostate,21,1.8476499451672055,44.498859326543396,0.2865762179940248,1.8476499451672055,44.498859326543396,0.2865762179940248,44.538123193642704,0.0017209789665760325,0.9982376194959355,4.140153748856954e-05
amos_0366,CT,FOV-B,spleen,0,-6.549549225838533,43.55234408016281,-21.278177210353476,6.549549225838533,43.55234408016281,21.278177210353476,48.91282137981595,0.01792988038790086,0.7928255552826857,0.18924456432941367
amos_0366,CT,FOV-B,kidney_right,1,9.135921280164354,39.08710818571606,-3.573916601379487,9.135921280164354,39.08710818571606,3.573916601379487,40.299379199099924,0.051393475219893306,0.9407416445074124,0.007864880272694162
amos_0366,CT,FOV-B,kidney_left,2,-20.83905913731843,48.77785439487769,-43.19547780985809,20.83905913731843,48.77785439487769,43.19547780985809,68.40610183542465,0.09280396445045086,0.5084587210885968,0.398737314460952
amos_0366,CT,FOV-B,gallbladder,3,6.691311279355929,54.843914067047365,-19.587077420866315,6.691311279355929,54.843914067047365,19.587077420866315,58.61981029244229,0.013029677008214256,0.8753224477097089,0.11164787528207684
amos_0366,CT,FOV-B,esophagus,14,0.16959992194921725,24.784850658831658,-20.348459122797962,0.16959992194921725,24.784850658831658,20.348459122797962,32.06832354499207,2.7970406802817874e-05,0.5973379394784682,0.4026340901147292
amos_0366,CT,FOV-B,liver,4,2.9056919269892774,45.02840443599567,-9.101879908145719,2.9056919269892774,45.02840443599567,9.101879908145719,46.03090776302887,0.0039847405961839985,0.9569164869100016,0.03909877249381445
amos_0366,CT,FOV-B,stomach,5,-14.49511315842355,41.80075172527437,-24.22067204318438,14.49511315842355,41.80075172527437,24.22067204318438,50.438597368454104,0.08258805120543836,0.6868188122835167,0.23059313651104482
amos_0366,CT,FOV-B,aorta,51,3.016328272247577,28.960345005820074,-1.576569995052708,3.016328272247577,28.960345005820074,1.576569995052708,29.15965349676481,0.010700214693809756,0.986376563323858,0.002923221982332111
amos_0366,CT,FOV-B,inferior_vena_cava,62,-1.4738881276238676,34.228903297924234,-13.789654159280389,1.4738881276238676,34.228903297924234,13.789654159280389,36.93162234486807,0.0015926937261637613,0.8589921541887262,0.1394151520851097
amos_0366,CT,FOV-B,pancreas,6,-5.351146035464364,40.70442970828738,-34.28617551206956,5.351146035464364,40.70442970828738,34.28617551206956,53.48857067649324,0.01000856054873706,0.5791103985038836,0.4108810409473794
amos_0366,CT,FOV-B,adrenal_gland_right,7,1.0290909754765494,44.863884830227164,-8.477381276052228,1.0290909754765494,44.863884830227164,8.477381276052228,45.66939000682246,0.0005077584009656468,0.9650355948281607,0.03445664677087378
amos_0366,CT,FOV-B,adrenal_gland_left,8,-1.5799746957086285,39.79935350084149,-32.425481466011796,1.5799746957086285,39.79935350084149,32.425481466011796,51.36045859829036,0.0009463297149018262,0.6004740574660882,0.39857961281901
amos_0366,CT,FOV-B,duodenum,18,-8.096090891458644,43.421190981797835,-32.21555261261629,8.096090891458644,43.421190981797835,32.21555261261629,54.669812000195954,0.02193085631217255,0.6308241364686894,0.34724500721913815
amos_0366,CT,FOV-B,urinary_bladder,20,5.462162023414066,43.63010846445563,-3.6220428707907786,5.462162023414066,43.63010846445563,3.6220428707907786,44.119618914356415,0.015327299783079269,0.9779329520755912,0.006739748141329366
amos_0366,CT,FOV-B,prostate,21,3.3872878887622138,27.983432723676316,-12.122703867256348,3.3872878887622138,27.983432723676316,12.122703867256348,30.683972612669724,0.012186557605699548,0.8317231767015288,0.15609026569277162
amos_0353,CT,FOV-B,spleen,0,-4.213830761633815,70.8031533355573,-44.883631735724094,4.213830761633815,70.8031533355573,44.883631735724094,83.93678150688308,0.002520284412852894,0.7115420575574599,0.28593765802968724
amos_0353,CT,FOV-B,kidney_right,1,-8.738368008725175,52.818217778430764,-6.835019565765464,8.738368008725175,52.818217778430764,6.835019565765464,53.97073926870048,0.026214641785611267,0.9577468935949047,0.016038464619484084
amos_0353,CT,FOV-B,kidney_left,2,6.848834314358797,65.47193593317519,-35.32682172942998,6.848834314358797,65.47193593317519,35.32682172942998,74.70920465248082,0.008403981621694569,0.7680016259720638,0.22359439240624152
amos_0353,CT,FOV-B,gallbladder,3,9.444909823399897,24.21446838391543,-6.403825831063784,9.444909823399897,24.21446838391543,6.403825831063784,26.768559654236082,0.12449319832418093,0.8182761071814312,0.05723069449438775
amos_0353,CT,FOV-B,esophagus,14,5.772645940237952,58.481418503173245,-25.74932586028398,5.772645940237952,58.481418503173245,25.74932586028398,64.1593916239371,0.008095233276845139,0.8308360300929984,0.16106873663015628
amos_0353,CT,FOV-B,liver,4,-2.4473253097529124,48.907283562621615,-20.72357871895963,2.4473253097529124,48.907283562621615,20.72357871895963,53.17309941659741,0.002118358461181259,0.8459859138593298,0.1518957276794891
amos_0353,CT,FOV-B,stomach,5,11.240215568514966,53.636771266875115,-27.31893380119945,11.240215568514966,53.636771266875115,27.31893380119945,61.23373108014964,0.03369518425434409,0.7672622110030639,0.19904260474259208
amos_0353,CT,FOV-B,aorta,51,0.7845254381748871,61.592795649416274,-0.6051407929219863,0.7845254381748871,61.592795649416274,0.6051407929219863,61.60076421160012,0.00016219664258673,0.999741300391756,9.650296565709857e-05
amos_0353,CT,FOV-B,inferior_vena_cava,62,-3.3403198940890846,53.61633979932938,-20.315596923795084,3.3403198940890846,53.61633979932938,20.315596923795084,57.433379744205475,0.0033825745178870993,0.8714963618190081,0.1251210636631047
amos_0353,CT,FOV-B,pancreas,6,16.11738933968081,54.96290591099745,-34.303030727450164,16.11738933968081,54.96290591099745,34.303030727450164,66.76368161205914,0.05827856363827706,0.6777332879326986,0.2639881484290245
amos_0353,CT,FOV-B,adrenal_gland_right,7,-4.359634501139318,61.35631077168783,-25.516588830566405,4.359634501139318,61.35631077168783,25.516588830566405,66.59354015250764,0.00428584002086536,0.848895577947115,0.14681858203201945
amos_0353,CT,FOV-B,adrenal_gland_left,8,6.21337698353722,64.27322412131618,-38.98461373390984,6.21337698353722,64.27322412131618,38.98461373390984,75.42846611505925,0.006785546895911272,0.7260886021139311,0.26712585099015773
amos_0353,CT,FOV-B,duodenum,18,10.220483143747028,47.4032214601481,-33.652726257354374,10.220483143747028,47.4032214601481,33.652726257354374,59.02566954337656,0.029982028207070733,0.6449616165284682,0.32505635526446114
amos_0353,CT,FOV-B,urinary_bladder,20,1.6043471303543644,32.859168410890135,-21.967532702178346,1.6043471303543644,32.859168410890135,21.967532702178346,39.558455118864174,0.0016448187127278244,0.6899768047359384,0.30837837655133393
amos_0353,CT,FOV-B,prostate,21,4.650155377501889,42.00561022227413,-15.773968718359583,4.650155377501889,42.00561022227413,15.773968718359583,45.11001357025197,0.010626469823848584,0.8670989909338661,0.12227453924228536
amos_0362,CT,FOV-A,spleen,0,30.859499886409523,48.122415038823505,-7.821378180703249,30.859499886409523,48.122415038823505,7.821378180703249,57.69964921083729,0.2860430639965966,0.695582237352709,0.01837469865069449
amos_0362,CT,FOV-A,kidney_right,1,17.768248294745227,65.46786293221214,-21.12542967951876,17.768248294745227,65.46786293221214,21.12542967951876,71.049528524255,0.06254128903087916,0.8490512940971136,0.08840741687200757
amos_0362,CT,FOV-A,kidney_left,2,20.637367722216638,51.373163314874944,-17.648970222163257,20.637367722216638,51.373163314874944,17.648970222163257,58.108424564615476,0.12613348732202476,0.7816177523442898,0.0922487603336855
amos_0362,CT,FOV-A,gallbladder,3,-0.22828914456985672,43.52491438882849,-15.225073771990225,0.22828914456985672,43.52491438882849,15.225073771990225,46.111529576136626,2.4510460138663887e-05,0.8909571019970317,0.10901838754282954
amos_0362,CT,FOV-A,esophagus,14,25.109265313734117,34.196175544923506,-8.883847838876362,25.109265313734117,34.196175544923506,8.883847838876362,43.34485412271016,0.3355775661594397,0.6224149052651172,0.04200752857544299
amos_0362,CT,FOV-A,liver,4,11.426478144837802,47.980215827763686,-16.480936830864408,11.426478144837802,47.980215827763686,16.480936830864408,52.0027575470396,0.04828053117618447,0.8512784654595886,0.10044100336422665
amos_0362,CT,FOV-A,stomach,5,48.739017338363176,68.79773134956696,-44.898677071869656,48.739017338363176,68.79773134956696,44.898677071869656,95.52230552473327,0.26034182538021705,0.5187267476826168,0.22093142693716622
amos_0362,CT,FOV-A,aorta,51,29.91821669741301,40.341398130388086,-0.26256102981716367,29.91821669741301,40.341398130388086,0.26256102981716367,50.225461986548424,0.3548326106322535,0.6451400610654013,2.73283023450206e-05
amos_0362,CT,FOV-A,inferior_vena_cava,62,21.89001564072607,52.35125779208646,-42.33128485506167,21.89001564072607,52.35125779208646,42.33128485506167,70.7938179126193,0.09560959417899163,0.5468441519641886,0.3575462538568199
amos_0362,CT,FOV-A,pancreas,6,22.987346110800132,56.533468398972246,-21.728258970390016,22.987346110800132,56.533468398972246,21.728258970390016,64.7809259606533,0.12591670975905073,0.7615825047304834,0.11250078551046587
amos_0362,CT,FOV-A,adrenal_gland_right,7,18.533667718041105,54.01619906667062,-15.47015314491938,18.533667718041105,54.01619906667062,15.47015314491938,59.16563393575874,0.09812591074506782,0.8335065133313325,0.06836757592359959
amos_0362,CT,FOV-A,adrenal_gland_left,8,23.12741493901347,56.43440990214961,-21.643966622268692,23.12741493901347,56.43440990214961,21.643966622268692,64.7161589860757,0.12771112134080737,0.7604357221260355,0.11185315653315712
amos_0362,CT,FOV-A,duodenum,18,9.839202828646581,71.20758235739542,-26.37076811728366,9.839202828646581,71.20758235739542,26.37076811728366,76.56857781481934,0.01651272185380484,0.864870971112017,0.11861630703417803
amos_0362,CT,FOV-A,urinary_bladder,20,21.377211716865663,28.393042653633827,19.703504745098428,21.377211716865663,28.393042653633827,19.703504745098428,40.63715235051399,0.27672957914999713,0.4881770238787093,0.23509339697129336
amos_0362,CT,FOV-A,prostate,21,11.205713034587305,25.141031625913257,29.678789083533786,11.205713034587305,25.141031625913257,29.678789083533786,40.47801869278651,0.07663735364146619,0.3857693288612099,0.5375933174973241
amos_0367,CT,FOV-A,spleen,0,5.321895047141496,18.863339930364077,-20.633801742761534,5.321895047141496,18.863339930364077,20.633801742761534,28.45877605556581,0.03497036577329224,0.43934404665006843,0.5256855875766394
amos_0367,CT,FOV-A,kidney_right,1,0.5221538552981002,22.226889778428244,-18.714268362779933,0.5221538552981002,22.226889778428244,18.714268362779933,29.060817507860072,0.0003228355285084074,0.5849809686120002,0.41469619585949147
amos_0367,CT,FOV-A,kidney_left,2,-1.0845925315993057,31.29425267998579,-15.9498558094391,1.0845925315993057,31.29425267998579,15.9498558094391,35.14120789187954,0.0009525764681609487,0.7930412894791368,0.2060061340527025
amos_0367,CT,FOV-A,gallbladder,3,4.226959297229456,15.6451563977256,-43.13478648336263,4.226959297229456,15.6451563977256,43.13478648336263,46.07871426781581,0.008415025314884613,0.11528136574196313,0.8763036089431522
amos_0367,CT,FOV-A,esophagus,14,10.047065242027461,19.717947973086808,-13.47674297884953,10.047065242027461,19.717947973086808,13.47674297884953,25.910684930446834,0.15035596351234157,0.5791161093571905,0.27052792713046775
amos_0367,CT,FOV-A,liver,4,5.476156617759827,21.10086711408276,-18.738843159923533,5.476156617759827,21.10086711408276,18.738843159923533,28.746810731638163,0.036288781158315346,0.5387921576055628,0.4249190612361219
amos_0367,CT,FOV-A,stomach,5,2.1490358596704624,24.366484489714793,-23.731060702272202,2.1490358596704624,24.366484489714793,23.731060702272202,34.08089147262127,0.0039761744662514436,0.5111682346954816,0.4848555908382671
amos_0367,CT,FOV-A,aorta,51,13.76762794229472,20.850993749725603,-5.647634348884935,13.76762794229472,20.850993749725603,5.647634348884935,25.61654335087495,0.28885320402257975,0.662540549038487,0.04860624693893307
amos_0367,CT,FOV-A,inferior_vena_cava,62,6.068548438205454,22.452067017933786,-22.378740955952594,6.068548438205454,22.452067017933786,22.378740955952594,32.275852278418085,0.035352017807887035,0.4839017821665097,0.48074620002560337
amos_0367,CT,FOV-A,pancreas,6,6.196218957346803,28.64096064274399,-25.15410875377478,6.196218957346803,28.64096064274399,25.15410875377478,38.61899717889271,0.025742547796204118,0.5500132811281666,0.4242441710756292
amos_0367,CT,FOV-A,adrenal_gland_right,7,1.374349916098673,19.105892343242147,-8.973347705583649,1.374349916098673,19.105892343242147,8.973347705583649,21.152894103851196,0.004221385850173259,0.8158213415735442,0.17995727257628236
amos_0367,CT,FOV-A,adrenal_gland_left,8,8.202405689543138,23.942247267706676,-15.58440325694437,8.202405689543138,23.942247267706676,15.58440325694437,29.721781376608565,0.07616103206116795,0.6489035540769441,0.2749354138618881
amos_0367,CT,FOV-A,duodenum,18,-0.9964132212522756,31.49236349895746,-32.57346709418249,0.9964132212522756,31.49236349895746,32.57346709418249,45.31878811920883,0.000483417521549976,0.4828963643705755,0.5166202181078748
amos_0367,CT,FOV-A,urinary_bladder,20,5.44700019067607,22.172581868125405,-8.778247818937231,5.44700019067607,22.172581868125405,8.778247818937231,24.461210774338724,0.049585977763159865,0.8216306553904812,0.12878336684635888
amos_0367,CT,FOV-A,prostate,21,6.37093275958029,19.302376492544482,-5.012355404099736,6.37093275958029,19.302376492544482,5.012355404099736,20.935477763452997,0.09260624832468543,0.8500721968289728,0.05732155484634196
amos_0348,CT,FOV-B,spleen,0,5.219418342433272,41.719137414095286,-32.77237217077209,5.219418342433272,41.719137414095286,32.77237217077209,53.308133826922614,0.009586437744984286,0.6124683939068408,0.3779451683481748
amos_0348,CT,FOV-B,kidney_right,1,4.252178550585867,48.33327798420754,-28.195967824635886,4.252178550585867,48.33327798420754,28.195967824635886,56.117727900304786,0.005741466391092665,0.7418094173566211,0.2524491162522862
amos_0348,CT,FOV-B,kidney_left,2,1.4652638780444818,45.40944097145051,-29.00764697024806,1.4652638780444818,45.40944097145051,29.00764697024806,53.903691063993854,0.00073891533151273,0.7096681290046413,0.289592955663846
amos_0348,CT,FOV-B,gallbladder,3,-20.180243635699107,40.21876530256063,-34.692359247189415,20.180243635699107,40.21876530256063,34.692359247189415,56.81858063868437,0.126145583256171,0.5010449698482486,0.37280944689558027
amos_0348,CT,FOV-B,esophagus,14,-6.899564510261504,38.13521376816277,-13.2386324774061,6.899564510261504,38.13521376816277,13.2386324774061,40.95314285188089,0.02838369207559263,0.8671173934889526,0.10449891443545484
amos_0348,CT,FOV-B,liver,4,-14.338056117447607,43.60560478212773,-31.81331221651658,14.338056117447607,43.60560478212773,31.81331221651658,55.84904167331576,0.06590966449894345,0.6096115374191906,0.3244787980818659
amos_0348,CT,FOV-B,stomach,5,-4.534916138650793,36.16751272852315,-27.933310459523227,4.534916138650793,36.16751272852315,27.933310459523227,45.92302553818279,0.009751637188910143,0.6202636067755583,0.3699847560355316
amos_0348,CT,FOV-B,aorta,51,-3.9777577618679096,43.12908840645213,-16.386279074689128,3.9777577618679096,43.12908840645213,16.386279074689128,46.30821704079373,0.007378371931405502,0.8674100255494702,0.12521160251912417
amos_0348,CT,FOV-B,inferior_vena_cava,62,-4.148466257368288,42.959365865667635,-26.818964271314144,4.148466257368288,42.959365865667635,26.818964271314144,50.813125592260484,0.006665355294749991,0.7147660304915865,0.2785686142136636
amos_0348,CT,FOV-B,pancreas,6,-10.435446579973057,45.05259786699716,-27.766592890651054,10.435446579973057,45.05259786699716,27.766592890651054,53.94088246074569,0.0374270833345485,0.6975953599544099,0.2649775567110417
amos_0348,CT,FOV-B,adrenal_gland_right,7,-5.411991825737243,46.717585876299395,-28.43296428490703,5.411991825737243,46.717585876299395,28.43296428490703,54.95685529265711,0.009697739551957268,0.7226317473829662,0.2676705130650767
amos_0348,CT,FOV-B,adrenal_gland_left,8,-4.549916336092416,43.38158745095011,-21.03351430697353,4.549916336092416,43.38158745095011,21.03351430697353,48.425949578005515,0.0088277602712046,0.8025176430606067,0.18865459666818882
amos_0348,CT,FOV-B,duodenum,18,-9.372005252216017,44.46403782036063,-26.096329746921242,9.372005252216017,44.46403782036063,26.096329746921242,52.40136990573883,0.03198746069280256,0.7200000328969489,0.24801250641024872
amos_0348,CT,FOV-B,urinary_bladder,20,8.260497757077852,17.593175858559192,-9.38754691280326,8.260497757077852,17.593175858559192,9.38754691280326,21.5842928312456,0.14646598831941748,0.6643743224229026,0.18915968925767976
amos_0348,CT,FOV-B,prostate,21,0.43332068263002377,23.66078589564198,-17.16432043277962,0.43332068263002377,23.66078589564198,17.16432043277962,29.23413162610686,0.00021970424146880845,0.6550552554176691,0.3447250403408622
amos_0371,CT,FOV-B,spleen,0,-8.920420223605191,28.61599496896423,-14.661234809390521,8.920420223605191,28.61599496896423,14.661234809390521,33.36766205723102,0.07146922463101879,0.7354720022865965,0.19305877308238484
amos_0371,CT,FOV-B,kidney_right,1,1.63306113803732,30.04349065583324,-19.323645525860798,1.63306113803732,30.04349065583324,19.323645525860798,35.75865623701242,0.002085655176185206,0.7058922285945756,0.292022116229239
amos_0371,CT,FOV-B,kidney_left,2,-20.355900972702372,29.177618858070986,-12.704697629371196,20.355900972702372,29.177618858070986,12.704697629371196,37.77704975896179,0.29035183996705427,0.5965455595906944,0.11310260044225146
amos_0371,CT,FOV-B,gallbladder,3,-25.906000318716124,25.929718535170124,-47.44983953466203,25.906000318716124,25.929718535170124,47.44983953466203,59.957972177948456,0.18668389802333635,0.18702589107403614,0.6262902109026275
amos_0371,CT,FOV-B,esophagus,14,-3.1931692718182187,24.253394070944438,-18.05625642894188,3.1931692718182187,24.253394070944438,18.05625642894188,30.40479978863061,0.011029595534288495,0.6362982818864156,0.35267212257929587
amos_0371,CT,FOV-B,liver,4,-9.959834752159978,31.81874125681668,-23.66213947028683,9.959834752159978,31.81874125681668,23.66213947028683,40.884317870913385,0.059345904503501655,0.6056928927604576,0.33496120273604063
amos_0371,CT,FOV-B,stomach,5,2.8208785680294675,40.601651006903325,-40.199840991341716,2.8208785680294675,40.601651006903325,40.199840991341716,57.205582211101564,0.0024315990355934683,0.5037447903541967,0.4938236106102097
amos_0371,CT,FOV-B,aorta,51,-3.343791759725165,20.703329170975138,0.5784576747219603,3.343791759725165,20.703329170975138,0.5784576747219603,20.979594738116386,0.025402956059046494,0.9738368069705471,0.0007602369704064095
amos_0371,CT,FOV-B,inferior_vena_cava,62,-5.698540133664629,27.891876298009805,-13.764678755059549,5.698540133664629,27.891876298009805,13.764678755059549,31.621140148774767,0.03247672085567054,0.7780372869305394,0.18948599221378984
amos_0371,CT,FOV-B,pancreas,6,-12.218270125831054,37.17087109558355,-33.5519852734804,12.218270125831054,37.17087109558355,33.5519852734804,51.543142110896866,0.0561924108136753,0.5200722697423351,0.42373531944398946
amos_0371,CT,FOV-B,adrenal_gland_right,7,-6.646444605679925,25.58613563345881,-7.352508212504063,6.646444605679925,25.58613563345881,7.352508212504063,27.43874887025759,0.058674604278698375,0.8695224226851167,0.07180297303618466
amos_0371,CT,FOV-B,adrenal_gland_left,8,-13.426902955025433,29.227754324860882,-17.03560180664067,13.426902955025433,29.227754324860882,17.03560180664067,36.39718498390382,0.136086833256593,0.6448449522142908,0.21906821452911607
amos_0371,CT,FOV-B,duodenum,18,-20.021218397285196,40.65214138814815,-45.40219194842177,20.021218397285196,40.65214138814815,45.40219194842177,64.14674441680664,0.0974163304743108,0.40162211138197274,0.5009615581437166
amos_0371,CT,FOV-B,urinary_bladder,20,4.6681793822766515,31.93976692240156,24.872061153126864,4.6681793822766515,31.93976692240156,24.872061153126864,40.74996976449592,0.013123222452187961,0.6143401557664011,0.3725366217814111
amos_0371,CT,FOV-B,prostate,21,3.392031912536238,12.877826259188424,-26.236455886440822,3.392031912536238,12.877826259188424,26.236455886440822,29.422710737433125,0.013290903192200606,0.19156658567322973,0.7951425111345696
amos_0376,CT,FOV-B,spleen,0,-7.313866923215528,42.87771952367805,-60.712231847989244,7.313866923215528,42.87771952367805,60.712231847989244,74.68578564148406,0.009589991017904632,0.3296001878479655,0.6608098211341301
amos_0376,CT,FOV-B,kidney_right,1,-10.508061769194029,28.93479742879427,-52.77387943079901,10.508061769194029,28.93479742879427,52.77387943079901,61.09602453979365,0.029581441273984897,0.22429262225644034,0.7461259364695746
amos_0376,CT,FOV-B,kidney_left,2,-9.123603795537484,40.7374483189906,-65.51417316308755,9.123603795537484,40.7374483189906,65.51417316308755,77.68453338344382,0.013793158013303525,0.2749910264457389,0.7112158155409575
amos_0376,CT,FOV-B,gallbladder,3,-6.38276461477038,66.06046956551323,-33.28200485543721,6.38276461477038,66.06046956551323,33.28200485543721,74.24565421990037,0.007390529937625625,0.7916646190237089,0.2009448510386656
amos_0376,CT,FOV-B,liver,4,-3.640480388076014,23.65546391269139,-41.87970844692035,3.640480388076014,23.65546391269139,41.87970844692035,48.2363353705447,0.005695984247206707,0.24049958263760723,0.7538044331151863
amos_0376,CT,FOV-B,stomach,5,-2.660725536092528,27.677435541311766,-52.074923234183984,2.660725536092528,27.677435541311766,52.074923234183984,59.03319005752643,0.0020314570777604977,0.21981594454035733,0.7781525983818821
amos_0376,CT,FOV-B,aorta,51,-5.623010378830408,14.651468062843378,-15.64066776675594,5.623010378830408,14.651468062843378,15.64066776675594,22.156584806937015,0.06440686066998887,0.4372770117434539,0.49831612758655724
amos_0376,CT,FOV-B,inferior_vena_cava,62,-6.257398370020077,18.29961963841322,-24.970839458230046,6.257398370020077,18.29961963841322,24.970839458230046,31.5843938760969,0.03925025797857554,0.3356904853375161,0.6250592566839082
amos_0376,CT,FOV-B,pancreas,6,-0.9532449794386535,35.09800742047625,-65.8265684339064,0.9532449794386535,35.09800742047625,65.8265684339064,74.60506626672476,0.00016325722577981673,0.22132388347537124,0.7785128592988491
amos_0376,CT,FOV-B,adrenal_gland_right,7,-5.803667119581753,28.152581138254334,-51.39674099360673,5.803667119581753,28.152581138254334,51.39674099360673,58.888669211867935,0.00971273431808406,0.22854564888195286,0.7617416167999631
amos_0376,CT,FOV-B,adrenal_gland_left,8,-13.674765863074077,32.66552335576992,-63.37980830089214,13.674765863074077,32.66552335576992,63.37980830089214,72.60189899564668,0.035476750815744695,0.2024339179602966,0.7620893312239586
amos_0376,CT,FOV-B,duodenum,18,3.2568078445229105,20.424034316063143,-60.82460219045555,3.2568078445229105,20.424034316063143,60.82460219045555,64.2446901051522,0.002569861947515714,0.10106681644348285,0.8963633216090015
amos_0376,CT,FOV-B,urinary_bladder,20,17.39776610715751,13.983802395500874,-10.207513169566496,17.39776610715751,13.983802395500874,10.207513169566496,24.544293024298906,0.502441983703196,0.32460073759564617,0.17295727870115776
amos_0376,CT,FOV-B,prostate,21,9.171643827349508,17.45027893167051,-28.184849013818408,9.171643827349508,17.45027893167051,28.184849013818408,34.39501416223872,0.0711055298031878,0.2574030931032462,0.6714913770935661
amos_0370,CT,FOV-A,spleen,0,7.11030903610029,34.669530825825746,-20.6273961693787,7.11030903610029,34.669530825825746,20.6273961693787,40.96367091704832,0.030128618394607065,0.7163053450553247,0.25356603655006815
amos_0370,CT,FOV-A,kidney_right,1,7.109257456640506,36.688807896973344,-12.818467725595838,7.109257456640506,36.688807896973344,12.818467725595838,39.508521629111286,0.032379260524658365,0.8623541214430926,0.1052666180322492
amos_0370,CT,FOV-A,kidney_left,2,13.799397211492142,40.646722281045214,-16.61059972039783,13.799397211492142,40.646722281045214,16.61059972039783,46.02707267102954,0.08988630386834616,0.7798738374093326,0.13023985872232155
amos_0370,CT,FOV-A,gallbladder,3,-5.804453610838976,31.846181310675092,-45.61223093668622,5.804453610838976,31.846181310675092,45.61223093668622,55.93162394222403,0.010769804786171218,0.3241901898187208,0.6650400053951081
amos_0370,CT,FOV-A,esophagus,14,14.019351331419188,32.51830819350323,-1.905531311319237,14.019351331419188,32.51830819350323,1.905531311319237,35.46284857565509,0.15628187163846444,0.8408308746817097,0.0028872536798261283
amos_0370,CT,FOV-A,liver,4,10.514980098768135,30.543351519607967,-15.75463762485424,10.514980098768135,30.543351519607967,15.75463762485424,35.93980711159008,0.08559835650155861,0.7222405980524679,0.19216104544597382
amos_0370,CT,FOV-A,stomach,5,-6.922209472253954,22.940521990897253,-21.997436433942482,6.922209472253954,22.940521990897253,21.997436433942482,32.528014738959136,0.0452870840764866,0.49738361577764706,0.4573293001458664
amos_0370,CT,FOV-A,aorta,51,20.87146766742661,29.508137058117825,7.295722865363132,20.87146766742661,29.508137058117825,7.295722865363132,36.87242719650123,0.3204073907473446,0.6404424796990278,0.03915012955362759
amos_0370,CT,FOV-A,inferior_vena_cava,62,19.314528747379416,30.330541318131836,-6.836919736424363,19.314528747379416,30.330541318131836,6.836919736424363,36.602407419001246,0.27845109559286474,0.6866588488311545,0.0348900555759807
amos_0370,CT,FOV-A,pancreas,6,-11.400828616137687,31.428940968116123,-13.105749323918246,11.400828616137687,31.428940968116123,13.105749323918246,35.90985782279367,0.10079650252090087,0.7660059150135102,0.13319758246558885
amos_0370,CT,FOV-A,adrenal_gland_right,7,12.430024838067624,30.79494471628351,-3.974815236936365,12.430024838067624,30.79494471628351,3.974815236936365,33.44597574778941,0.13811989893572255,0.8477564769450474,0.014123624119229773
amos_0370,CT,FOV-A,adrenal_gland_left,8,11.928429347804755,26.608164332278562,0.12318558884334152,11.928429347804755,26.608164332278562,0.12318558884334152,29.159852717879243,0.16733850048131596,0.8326436531789807,1.7846339703406238e-05
amos_0370,CT,FOV-A,duodenum,18,-2.4458061583056576,36.87223219246687,-42.43582016230073,2.4458061583056576,36.87223219246687,42.43582016230073,56.270261306184864,0.001889235964759789,0.42937919366750243,0.5687315703677376
amos_0370,CT,FOV-A,urinary_bladder,20,13.88924755882503,5.821253740976417,-48.22862801883045,13.88924755882503,5.821253740976417,48.22862801883045,50.52522888068768,0.07556850985214848,0.013274448317200807,0.9111570418306508
amos_0370,CT,FOV-A,prostate,21,11.282541241870774,25.595475666275235,16.306462178469275,11.282541241870774,25.595475666275235,16.306462178469275,32.3778445890898,0.12142776209948826,0.6249288025402968,0.2536434353602149
amos_0374,CT,FOV-A,spleen,0,-8.085751938956307,30.167430680597562,-62.426027590753165,8.085751938956307,30.167430680597562,62.426027590753165,69.80302413970665,0.01341814097592512,0.18677905346950996,0.7998028055545651
amos_0374,CT,FOV-A,kidney_right,1,-3.7026333683273407,25.528590432777776,-37.78888170728109,3.7026333683273407,25.528590432777776,37.78888170728109,45.75388512499947,0.006548856384080192,0.31131332979338444,0.6821378138225352
amos_0374,CT,FOV-A,kidney_left,2,-19.448506704994884,32.285443750169094,-60.864633157071154,19.448506704994884,32.285443750169094,60.864633157071154,71.5897888008088,0.07380237867576098,0.20338145856099027,0.7228161627632487
amos_0374,CT,FOV-A,gallbladder,3,12.259414203350353,35.24333532610511,-57.38529355301819,12.259414203350353,35.24333532610511,57.38529355301819,68.4504042185557,0.03207653164660814,0.26509526452645166,0.7028282038269399
amos_0374,CT,FOV-A,esophagus,14,0.5230404226629588,15.445847567996452,-40.549128489451334,0.5230404226629588,15.445847567996452,40.549128489451334,43.39446508060164,0.00014527866150372708,0.12669363904768632,0.8731610822908099
amos_0374,CT,FOV-A,liver,4,-4.4752370615745605,26.180004561686488,-43.36403830606281,4.4752370615745605,26.180004561686488,43.36403830606281,50.85135400180509,0.0077451003452268,0.265054018712319,0.727200880942454
amos_0374,CT,FOV-A,stomach,5,6.25398654940215,34.30690925401454,-49.29112739726071,6.25398654940215,34.30690925401454,49.29112739726071,60.37956285380242,0.010728375282306732,0.3228369671204304,0.6664346575972628
amos_0374,CT,FOV-A,aorta,51,-6.741451254514022,16.819714265390758,-14.028717387412371,6.741451254514022,16.819714265390758,14.028717387412371,22.916257646532607,0.08654050088316745,0.5387035464800414,0.37475595263679135
amos_0374,CT,FOV-A,inferior_vena_cava,62,-7.085634098463267,27.795811458331286,-36.70860695469196,7.085634098463267,27.795811458331286,36.70860695469196,46.586856190973705,0.023132929547878434,0.3559851701214811,0.6208819003306405
amos_0374,CT,FOV-A,pancreas,6,0.2257114385203054,35.25385453210005,-61.685803045554906,0.2257114385203054,35.25385453210005,61.685803045554906,71.04944406819057,1.0092198155316636e-05,0.24620215392813585,0.7537877538737091
amos_0374,CT,FOV-A,adrenal_gland_right,7,-9.56838199660941,29.939348674759003,-47.43725630297649,9.56838199660941,29.939348674759003,47.43725630297649,56.90528814316043,0.028272991132196754,0.27680851323703476,0.6949184956307686
amos_0374,CT,FOV-A,adrenal_gland_left,8,-18.033541957078583,33.55085986687715,-70.56898641280475,18.033541957078583,33.55085986687715,70.56898641280475,80.19258492314088,0.05057008036250382,0.17504063683100635,0.7743892828064898
amos_0374,CT,FOV-A,duodenum,18,-3.2357004871705506,33.50149617421856,-55.15134942878797,3.2357004871705506,33.50149617421856,55.15134942878797,64.61030372448444,0.0025080319424476806,0.2688591621152229,0.7286328059423292
amos_0374,CT,FOV-A,urinary_bladder,20,8.768099149974013,18.814411968572486,-13.374002026400596,8.768099149974013,18.814411968572486,13.374002026400596,24.692622190223254,0.12608879122893923,0.5805596864614623,0.2933515223095985
amos_0374,CT,FOV-A,prostate,21,22.082768249582706,27.496626316637958,-73.45115869573463,22.082768249582706,27.496626316637958,73.45115869573463,81.47874462771011,0.07345449399000906,0.11388595423933368,0.8126595517706571
amos_0358,CT,FOV-B,spleen,0,4.7138617641722504,33.78717917283399,-15.226893568323298,4.7138617641722504,33.78717917283399,15.226893568323298,37.35842952975884,0.01592122437476221,0.8179497942906836,0.1661289813345543
amos_0358,CT,FOV-B,kidney_right,1,-7.3222588739599885,14.474007555886296,-11.162861616049838,7.3222588739599885,14.474007555886296,11.162861616049838,19.69065385415675,0.1382833470110833,0.5403278024125715,0.3213888505763455
amos_0358,CT,FOV-B,kidney_left,2,7.442699715224862,16.182222736547118,-4.39598715347968,7.442699715224862,16.182222736547118,4.39598715347968,18.34619346894034,0.16457696773365668,0.7780086242697457,0.05741440799659773
amos_0358,CT,FOV-B,gallbladder,3,-8.571494762504123,13.197721066165965,-44.379098157856305,8.571494762504123,13.197721066165965,44.379098157856305,47.08667239366784,0.033137300656874674,0.07856007521544073,0.8883026241276848
amos_0358,CT,FOV-B,esophagus,14,2.4691636713243206,35.0007202284837,-5.4906846632199295,2.4691636713243206,35.0007202284837,5.4906846632199295,35.51471249805205,0.00483373848629704,0.9712641428499066,0.02390211866379638
amos_0358,CT,FOV-B,liver,4,-6.597317793042194,29.98715405533753,-25.958361003906795,6.597317793042194,29.98715405533753,25.958361003906795,40.206846635990814,0.02692370245932464,0.5562505775027295,0.41682572003794593
amos_0358,CT,FOV-B,stomach,5,6.025415030617275,37.80243481255171,-23.029757135604058,6.025415030617275,37.80243481255171,23.029757135604058,44.673251703601295,0.018191931093358867,0.7160517586118467,0.2657563102947944
amos_0358,CT,FOV-B,aorta,51,4.5554128763841994,30.559426452062986,-1.3610419869049935,4.5554128763841994,30.559426452062986,1.3610419869049935,30.927055579920506,0.021695933469674893,0.9763673507270374,0.0019367158032878638
amos_0358,CT,FOV-B,inferior_vena_cava,62,4.285239131402047,30.696122809033156,-15.671565842665885,4.285239131402047,30.696122809033156,15.671565842665885,34.73058026986531,0.015223904301295249,0.7811653453243397,0.20361075037436482
amos_0358,CT,FOV-B,pancreas,6,6.090494619628924,26.285821711566367,-13.526871220646797,6.090494619628924,26.285821711566367,13.526871220646797,30.183021597976985,0.04071736815422497,0.7584338130677502,0.20084881877802496
amos_0358,CT,FOV-B,adrenal_gland_right,7,-2.2775922068851955,30.55171105088436,-25.22527941115792,2.2775922068851955,30.55171105088436,25.22527941115792,39.685125623696614,0.0032937938738319614,0.5926735653360711,0.4040326407900969
amos_0358,CT,FOV-B,adrenal_gland_left,8,5.053888943436473,22.359731811437385,-15.958249115175477,5.053888943436473,22.359731811437385,15.958249115175477,27.93143596297894,0.03273895866786563,0.6408356347859615,0.32642540654617275
amos_0358,CT,FOV-B,duodenum,18,12.202817238130145,19.245830952718826,-26.06040216015529,12.202817238130145,19.245830952718826,26.06040216015529,34.61871341278966,0.12425056342640035,0.30906618159821614,0.5666832549753836
amos_0358,CT,FOV-B,urinary_bladder,20,2.298601146625165,28.03074595871765,6.391480711702343,2.298601146625165,28.03074595871765,6.391480711702343,28.841936688119528,0.006351530671843332,0.9445402567746098,0.04910821255354707
amos_0358,CT,FOV-B,prostate,21,1.4427642425450835,1.9542679042566107,-52.386037988271596,1.4427642425450835,1.9542679042566107,52.386037988271596,52.44232744463015,0.0007568796431091493,0.001388686722689844,0.997854433634201
amos_0351,CT,FOV-A,spleen,0,5.33962171355509,55.11818109654179,-40.32847059263341,5.33962171355509,55.11818109654179,40.32847059263341,68.50482455839109,0.0060754529796400725,0.6473623504269674,0.3465621965933923
amos_0351,CT,FOV-A,kidney_right,1,-11.028190051487229,41.22166883999309,-21.804149405541636,11.028190051487229,41.22166883999309,21.804149405541636,47.91938948969364,0.052964628557012935,0.7399946626636759,0.20704070877931088
amos_0351,CT,FOV-A,kidney_left,2,-0.10172445316165124,42.370433030249785,-34.3237839717728,0.10172445316165124,42.370433030249785,34.3237839717728,54.528763869871284,3.480161694677197e-06,0.6037741286629491,0.3962223911753563
amos_0351,CT,FOV-A,gallbladder,3,-23.56151855555722,57.7704639460531,-71.23125176983689,23.56151855555722,57.7704639460531,71.23125176983689,94.69140874379248,0.06191350630248921,0.37221215829795345,0.5658743353995574
amos_0351,CT,FOV-A,esophagus,14,-0.803016639927927,53.7094617850841,-23.749020436852124,0.803016639927927,53.7094617850841,23.749020436852124,58.731312710320296,0.00018694320049902566,0.8363001697810812,0.1635128870184198
amos_0351,CT,FOV-A,liver,4,0.08467951526812101,52.30249268831558,-44.082397312352626,0.08467951526812101,52.30249268831558,44.082397312352626,68.40186886946675,1.5325716633668025e-06,0.5846673469037705,0.415331120524566
amos_0351,CT,FOV-A,stomach,5,-16.87202603358871,44.59779583890593,-42.12974648627845,16.87202603358871,44.59779583890593,42.12974648627845,63.62817139573415,0.07031299369735522,0.4912786665547843,0.4384083397478605
amos_0351,CT,FOV-A,aorta,51,0.06902959797138308,49.381934514664465,-2.9154543275329416,0.06902959797138308,49.381934514664465,2.9154543275329416,49.46797039935979,1.9472535471911822e-06,0.9965245767650994,0.0034734759813532935
amos_0351,CT,FOV-A,inferior_vena_cava,62,-5.3526347526839135,51.99937335349169,-7.226682405478002,5.3526347526839135,51.99937335349169,7.226682405478002,52.77130343795865,0.01028820422067193,0.9709582973933099,0.01875349838601823
amos_0351,CT,FOV-A,pancreas,6,-5.13872831028241,50.97857866017233,-43.9776543845564,5.13872831028241,50.97857866017233,43.9776543845564,67.52226370631963,0.005791850269151596,0.5700086653339618,0.4241994843968865
amos_0351,CT,FOV-A,adrenal_gland_right,7,-8.89167984826284,53.15505614932759,-34.378521459204094,8.89167984826284,53.15505614932759,34.378521459204094,63.924992784380734,0.019347562534851474,0.6914293125497974,0.2892231249153512
amos_0351,CT,FOV-A,adrenal_gland_left,8,-0.19382602401499582,46.97125331637829,-32.5132697034925,0.19382602401499582,46.97125331637829,32.5132697034925,57.12660425275606,1.1511909204588732e-05,0.6760634827214986,0.3239250053692968
amos_0351,CT,FOV-A,duodenum,18,-21.369112726522072,46.639972143109674,-63.09628205446721,21.369112726522072,46.639972143109674,63.09628205446721,81.3207648102607,0.06905101570361824,0.3289377033090327,0.602011280987349
amos_0351,CT,FOV-A,urinary_bladder,20,1.3937733118447615,56.844029152648915,-18.812991615255328,1.3937733118447615,56.844029152648915,18.812991615255328,59.89252798027211,0.0005415505481996044,0.9007917876341403,0.09866666181766014
amos_0351,CT,FOV-A,prostate,21,2.8315681502897947,47.365446469220934,-16.502390359934623,2.8315681502897947,47.365446469220934,16.502390359934623,50.2377565682429,0.003176826984518266,0.8889202430151733,0.10790293000030847
amos_0380,CT,FOV-B,spleen,0,11.282296628073865,43.14847749286011,-27.67824372266972,11.282296628073865,43.14847749286011,27.67824372266972,52.48967996403872,0.04620055342493762,0.6757454070775604,0.27805403949750207
amos_0380,CT,FOV-B,kidney_right,1,15.175208936666976,41.032667100451846,-51.4473736887943,15.175208936666976,41.032667100451846,51.4473736887943,67.53368785371079,0.050492680453091264,0.36916333545440577,0.5803439840925032
amos_0380,CT,FOV-B,kidney_left,2,1.2622152456047502,41.05104128799064,-31.540686770689035,1.2622152456047502,41.05104128799064,31.540686770689035,51.784129809443236,0.0005941190495336013,0.6284272231571729,0.37097865779329353
amos_0380,CT,FOV-B,gallbladder,3,14.26136651608035,43.1713174362566,-83.07543643909736,14.26136651608035,43.1713174362566,83.07543643909736,94.70310112997629,0.02267743243063393,0.20780797141160082,0.7695145961577652
amos_0380,CT,FOV-B,esophagus,14,15.21809964990893,38.44709118484526,-39.03693789527529,15.21809964990893,38.44709118484526,39.03693789527529,56.865208148479894,0.07161888919282636,0.45712366924690245,0.4712574415602712
amos_0380,CT,FOV-B,liver,4,12.658128566999693,36.52857462281382,-54.52910073115618,12.658128566999693,36.52857462281382,54.52910073115618,66.84300867960499,0.035861382272280536,0.2986437790149344,0.6654948387127851
amos_0380,CT,FOV-B,stomach,5,17.977834136032637,65.20319709288272,-67.40845663049913,17.977834136032637,65.20319709288272,67.40845663049913,95.49114857756133,0.03544447143858596,0.46624216591879036,0.49831336264262355
amos_0380,CT,FOV-B,aorta,51,14.627203335222822,43.13910755667473,-15.571309323172954,14.627203335222822,43.13910755667473,15.571309323172954,48.13941578617503,0.09232535078698186,0.8030464782887943,0.10462817092422379
amos_0380,CT,FOV-B,inferior_vena_cava,62,14.090336175556873,42.645993939487255,-13.81314498512802,14.090336175556873,42.645993939487255,13.81314498512802,46.9895876445746,0.08991651000535508,0.8236699348726397,0.08641355512200527
amos_0380,CT,FOV-B,pancreas,6,19.419630873611503,50.88108725619087,-50.065681291569206,19.419630873611503,50.88108725619087,50.065681291569206,73.97688521983348,0.06891120723606159,0.4730648532779159,0.4580239394860224
amos_0380,CT,FOV-B,adrenal_gland_right,7,28.639909538687885,32.746771483593236,-26.095999404717872,28.639909538687885,32.746771483593236,26.095999404717872,50.73062828227082,0.3187152189083382,0.41667409082974677,0.26461069026191486
amos_0380,CT,FOV-B,adrenal_gland_left,8,9.869331468564521,45.383162838331145,-29.118857408669612,9.869331468564521,45.383162838331145,29.118857408669612,54.81736065913163,0.03241449261295444,0.6854144817054366,0.28217102568160896
amos_0380,CT,FOV-B,duodenum,18,19.074644112553205,49.30608156164432,-57.669861715170896,19.074644112553205,49.30608156164432,57.669861715170896,78.23518822902528,0.059444081922587294,0.3971885460289009,0.5433673720485118
amos_0380,CT,FOV-B,urinary_bladder,20,24.078085345713756,34.356528136108594,-8.22789077344845,24.078085345713756,34.356528136108594,8.22789077344845,42.75305142399189,0.31718282630179495,0.6457795767644654,0.03703759693373983
amos_0380,CT,FOV-B,prostate,21,22.021883120406322,33.99495576375347,-5.832601333008526,22.021883120406322,33.99495576375347,5.832601333008526,40.922360536242344,0.2895926613264377,0.6900929746305717,0.02031436404299064
amos_0378,CT,FOV-B,spleen,0,14.429215192843913,49.701768214966336,-31.226458063341568,14.429215192843913,49.701768214966336,31.226458063341568,60.44468295853048,0.05698613634199139,0.6761257425396344,0.26688812111837434
amos_0378,CT,FOV-B,kidney_right,1,24.928460759482753,49.44310289192171,-17.705234053758204,24.928460759482753,49.44310289192171,17.705234053758204,58.13367262023438,0.18388038541461424,0.7233623733624278,0.09275724122295785
amos_0378,CT,FOV-B,kidney_left,2,10.209391984423036,53.693413910708756,-32.02087075286471,10.209391984423036,53.693413910708756,32.02087075286471,63.34469627245805,0.025976416620945617,0.7184913098150152,0.25553227356403907
amos_0378,CT,FOV-B,gallbladder,3,-0.540305193086283,53.45080963178209,-19.47242878641663,0.540305193086283,53.45080963178209,19.47242878641663,56.88986256651314,9.020041055028724e-05,0.8827521961438218,0.11715760344562763
amos_0378,CT,FOV-B,esophagus,14,18.56914156972488,39.66865629418038,-18.120844349095137,18.56914156972488,39.66865629418038,18.120844349095137,47.40021424789591,0.15346984170514183,0.7003810228615669,0.1461491354332914
amos_0378,CT,FOV-B,liver,4,10.027452143316154,58.515825360791794,-18.042392321106377,10.027452143316154,58.515825360791794,18.042392321106377,62.04981494581509,0.026115612422073806,0.8893356236240418,0.08454876395388436
amos_0378,CT,FOV-B,stomach,5,12.427898684850884,47.04963318465418,-35.43204137946492,12.427898684850884,47.04963318465418,35.43204137946492,60.195931796488914,0.04262467938605991,0.610911359762338,0.346463960851602
amos_0378,CT,FOV-B,aorta,51,25.52541665696637,36.7684095402615,-3.7760820883802353,25.52541665696637,36.7684095402615,3.7760820883802353,44.91905644122899,0.32291218239290137,0.6700210370784639,0.007066780528634647
amos_0378,CT,FOV-B,inferior_vena_cava,62,15.948020206036533,41.957224206172654,-7.139206904599348,15.948020206036533,41.957224206172654,7.139206904599348,45.4501516697785,0.12312404666442546,0.8522025383307049,0.024673415004869383
amos_0378,CT,FOV-B,pancreas,6,11.651393991892263,48.56059174364388,-30.09231116782314,11.651393991892263,48.56059174364388,30.09231116782314,58.30465885217279,0.03993459268516951,0.6936835940950886,0.26638181321974175
amos_0378,CT,FOV-B,adrenal_gland_right,7,19.63767023151424,49.035119129244634,-12.132305794021761,19.63767023151424,49.035119129244634,12.132305794021761,54.19662207204954,0.13129116064773705,0.8185967790895483,0.05011206026271458
amos_0378,CT,FOV-B,adrenal_gland_left,8,18.472157864914728,35.848081320536494,-14.764180254854239,18.472157864914728,35.848081320536494,14.764180254854239,42.945157691501805,0.18501496562108122,0.6967924377161705,0.11819259666274802
amos_0378,CT,FOV-B,duodenum,18,-0.1770510494854065,51.023129717973035,-36.148284048929725,0.1770510494854065,51.023129717973035,36.148284048929725,62.53070887950443,8.016970890103201e-06,0.6658056627468903,0.3341863202822195
amos_0378,CT,FOV-B,urinary_bladder,20,20.593028881461564,52.451828310265824,11.062161199130799,20.593028881461564,52.451828310265824,11.062161199130799,57.425068933331445,0.12859894530944752,0.8342922543059548,0.037108800384597775
amos_0378,CT,FOV-B,prostate,21,20.27516788390446,42.64386916349389,14.17374763702685,20.27516788390446,42.64386916349389,14.17374763702685,49.299869493050586,0.1691365153379805,0.7482068246052426,0.0826566600567769
amos_0379,CT,FOV-B,spleen,0,17.69898071092605,60.837637431465026,-28.729812013911555,17.69898071092605,60.837637431465026,28.729812013911555,69.56920399719134,0.06472356694277107,0.7647343748012237,0.17054205825600527
amos_0379,CT,FOV-B,kidney_right,1,21.072645445842582,60.264032411065244,-39.206226562218944,21.072645445842582,60.264032411065244,39.206226562218944,74.91954477822296,0.0791130012610916,0.6470325308511472,0.2738544678877612
amos_0379,CT,FOV-B,kidney_left,2,20.392330396339126,52.693059273447375,-11.388217375949694,20.392330396339126,52.693059273447375,11.388217375949694,57.63763639836715,0.12517609292318663,0.8357848633815816,0.03903904369523169
amos_0379,CT,FOV-B,gallbladder,3,5.214424963979411,52.627076652702314,-61.811812435942386,5.214424963979411,52.627076652702314,61.811812435942386,81.34801522674354,0.004108837087301315,0.4185280502054151,0.5773631127072834
amos_0379,CT,FOV-B,esophagus,14,14.518759162195387,42.66749075766697,-30.588717051435935,14.518759162195387,42.66749075766697,30.588717051435935,54.46998022781205,0.07104680742749644,0.6135921162221923,0.3153610763503112
amos_0379,CT,FOV-B,liver,4,7.94102732309031,58.96691716998768,-44.78264458464554,7.94102732309031,58.96691716998768,44.78264458464554,74.46907070370179,0.0113710746848591,0.6269962995051747,0.36163262580996647
amos_0379,CT,FOV-B,stomach,5,20.835881366647733,63.250761649330585,-56.1550304012149,20.835881366647733,63.250761649330585,56.1550304012149,87.1101615249726,0.057211866157931106,0.5272224330747229,0.41556570076734606
amos_0379,CT,FOV-B,aorta,51,18.54260013311204,48.291588330510905,-2.504569337431235,18.54260013311204,48.291588330510905,2.504569337431235,51.789751792666706,0.1281898403487077,0.8694714384134942,0.0023387212377980545
amos_0379,CT,FOV-B,inferior_vena_cava,62,17.68536689710451,55.60246321363702,-27.18308862161126,17.68536689710451,55.60246321363702,27.18308862161126,64.36867580368133,0.07548818756330061,0.7461719397677463,0.17833987266895304
amos_0379,CT,FOV-B,pancreas,6,27.567595548523318,66.25824819670294,-41.444046278029305,27.567595548523318,66.25824819670294,41.444046278029305,82.87180914109625,0.11065833650244992,0.6392434092486767,0.25009825424887355
amos_0379,CT,FOV-B,adrenal_gland_right,7,18.222231754996074,56.84222799549735,-26.770112655550008,18.222231754996074,56.84222799549735,26.770112655550008,65.41962660559696,0.07758665163252805,0.7549636862056915,0.16744966216178017
amos_0379,CT,FOV-B,adrenal_gland_left,8,17.776402707326426,55.62348269844178,-24.098706444568393,17.776402707326426,55.62348269844178,24.098706444568393,63.17214554705559,0.07918383032373873,0.7752916387074211,0.1455245309688403
amos_0379,CT,FOV-B,duodenum,18,6.447186574466713,68.7258872611947,-54.908178835229705,6.447186574466713,68.7258872611947,54.908178835229705,88.20273180330638,0.005342892107619998,0.607122933445241,0.387534174447139
amos_0379,CT,FOV-B,urinary_bladder,20,17.93376927612001,39.38990077508525,-24.590206057089873,17.93376927612001,39.38990077508525,24.590206057089873,49.7781337280769,0.1297973829461123,0.6261704279598085,0.2440321890940791
amos_0379,CT,FOV-B,prostate,21,14.900453843940172,40.91475542534343,-20.473059699507544,14.900453843940172,40.91475542534343,20.473059699507544,48.11638920088103,0.09589874744982069,0.7230592072198688,0.18104204533031057
amos_0381,CT,FOV-A,spleen,0,10.019094680289811,31.04153955228668,-42.74952312629215,10.019094680289811,31.04153955228668,42.74952312629215,53.77249448848525,0.03471655270636848,0.3332469150880062,0.6320365322056253
amos_0381,CT,FOV-A,kidney_right,1,0.4570380787924222,35.78017754799532,-30.220048864364983,0.4570380787924222,35.78017754799532,30.220048864364983,46.83675204939111,9.522066920839794e-05,0.5835948369264922,0.41630994240429925
amos_0381,CT,FOV-A,kidney_left,2,5.945788754456778,39.52006670559891,-30.528799457802414,5.945788754456778,39.52006670559891,30.528799457802414,50.291109280491405,0.013977725920830547,0.617522673036578,0.36849960104259144
amos_0381,CT,FOV-A,gallbladder,3,28.240495901449798,42.92638305167654,-42.44151870196139,28.240495901449798,42.92638305167654,42.44151870196139,66.64444823380266,0.17956293023363043,0.41487822366425026,0.4055588461021197
amos_0381,CT,FOV-A,esophagus,14,18.601416369950925,24.93611864164066,-33.34751754525435,18.601416369950925,24.93611864164066,33.34751754525435,45.60569734484172,0.1663618826426133,0.2989644226755124,0.5346736946818746
amos_0381,CT,FOV-A,liver,4,11.365344363338465,26.417655550433963,-30.563335451711076,11.365344363338465,26.417655550433963,30.563335451711076,41.96642766798793,0.07334342622431876,0.3962639299922737,0.5303926437834076
amos_0381,CT,FOV-A,stomach,5,17.786622316257528,42.22871136734477,-49.429604907907354,17.786622316257528,42.22871136734477,49.429604907907354,67.40114122564634,0.06963899045117908,0.3925375050317169,0.537823504517104
amos_0381,CT,FOV-A,aorta,51,12.04767127766112,27.426395400142383,-12.12551372427501,12.04767127766112,27.426395400142383,12.12551372427501,32.316893893706954,0.13897829961289365,0.7202416648883443,0.14078003549876178
amos_0381,CT,FOV-A,inferior_vena_cava,62,5.415792954536485,35.54851310662529,-12.981157791908032,5.415792954536485,35.54851310662529,12.981157791908032,38.23006742129461,0.020068456805026457,0.8646348822303849,0.11529666096458882
amos_0381,CT,FOV-A,pancreas,6,11.264622700998835,39.02931262919684,-39.780485502740156,11.264622700998835,39.02931262919684,39.780485502740156,56.856538724557986,0.03925296481702327,0.4712170222090082,0.48953001297396853
amos_0381,CT,FOV-A,adrenal_gland_right,7,1.9975100557225787,35.11049988528222,-32.743285916729434,1.9975100557225787,35.11049988528222,32.743285916729434,48.05059855237818,0.0017281456588982792,0.5339202857050538,0.4643515686360477
amos_0381,CT,FOV-A,adrenal_gland_left,8,6.270245123247911,38.08619999516826,-37.91437349499921,6.270245123247911,38.08619999516826,37.91437349499921,54.10521528924793,0.013430456644001719,0.495515253864333,0.4910542894916651
amos_0381,CT,FOV-A,duodenum,18,2.150358375874788,43.08560806140515,-25.20500520167873,2.150358375874788,43.08560806140515,25.20500520167873,49.96284569940315,0.0018523683730970687,0.7436526339206742,0.25449499770622885
amos_0381,CT,FOV-A,urinary_bladder,20,9.823949539323554,32.52799422746081,-4.84937732001714,9.823949539323554,32.52799422746081,4.84937732001714,34.323415526500206,0.08192024643156781,0.8981183553829334,0.01996139818549905
amos_0381,CT,FOV-A,prostate,21,5.413287956947657,27.606162817232956,-10.75389562554426,5.413287956947657,27.606162817232956,10.75389562554426,30.117273832827397,0.03230657691285529,0.8401963195342669,0.12749710355287786
amos_0388,CT,FOV-B,spleen,0,12.629686484974187,38.906669220631755,-20.402363937908945,12.629686484974187,38.906669220631755,20.402363937908945,45.71098713446562,0.07633855583536,0.7244474786952674,0.19921396546937276
amos_0388,CT,FOV-B,kidney_right,1,-4.630445726071912,37.694130773490684,-19.635475444273965,4.630445726071912,37.694130773490684,19.635475444273965,42.75325038302703,0.01173025139791863,0.777336730566316,0.21093301803576534
amos_0388,CT,FOV-B,kidney_left,2,1.340618397021828,54.8437640173328,-42.72504459532428,1.340618397021828,54.8437640173328,42.72504459532428,69.53463270160971,0.0003717132308571595,0.6220885058253709,0.377539780943772
amos_0388,CT,FOV-B,gallbladder,3,-8.91655443726296,27.09633416886409,-11.655016911290915,8.91655443726296,27.09633416886409,11.655016911290915,30.814861473417377,0.08372857334092071,0.7732156575528928,0.14305576910618645
amos_0388,CT,FOV-B,esophagus,14,1.9866594200100671,48.03821502938062,-7.350963127966111,1.9866594200100671,48.03821502938062,7.350963127966111,48.63798492710037,0.0016683827624656526,0.9754894481995461,0.022842169037988132
amos_0388,CT,FOV-B,liver,4,-3.9860888372070207,33.31685126427958,-16.096207449937367,3.9860888372070207,33.31685126427958,16.096207449937367,37.21544540450448,0.011472221004664671,0.8014592724505116,0.18706850654482354
amos_0388,CT,FOV-B,stomach,5,16.43277326523946,45.50929957907907,-31.501204046218675,16.43277326523946,45.50929957907907,31.501204046218675,57.73610864724638,0.08100777559070237,0.6213056225673901,0.2976866018419078
amos_0388,CT,FOV-B,aorta,51,10.07238790601859,48.622280598175465,-12.543246462432876,10.07238790601859,48.622280598175465,12.543246462432876,51.214374940189934,0.03867952503687107,0.9013363734036174,0.05998410155951149
amos_0388,CT,FOV-B,inferior_vena_cava,62,0.7758267809710091,37.39426279836117,-6.253338486044981,0.7758267809710091,37.39426279836117,6.253338486044981,37.92145882805699,0.00041856167642188326,0.9723886462445765,0.0271927920790014
amos_0388,CT,FOV-B,pancreas,6,19.024947480021105,26.179491481280664,-16.98731870913224,19.024947480021105,26.179491481280664,16.98731870913224,36.54973868253564,0.2709432778519663,0.5130431109233193,0.21601361122471469
amos_0388,CT,FOV-B,adrenal_gland_right,7,-4.231220204559079,44.697576272139884,-8.556144277796136,4.231220204559079,44.697576272139884,8.556144277796136,45.70540617832528,0.008570301687461146,0.956385102706158,0.03504459560638082
amos_0388,CT,FOV-B,adrenal_gland_left,8,10.646041722029201,36.74793183599675,-24.176995430658224,10.646041722029201,36.74793183599675,24.176995430658224,45.257881154825604,0.055333468266646486,0.6592913365747463,0.28537519515860726
amos_0388,CT,FOV-B,duodenum,18,-4.695727004790584,37.39809601030204,-8.446203516582472,4.695727004790584,37.39809601030204,8.446203516582472,38.626490795085424,0.014778663886170449,0.9374076116182379,0.04781372449559173
amos_0388,CT,FOV-B,urinary_bladder,20,5.227908640652867,54.45567394825436,-20.80455961843727,5.227908640652867,54.45567394825436,20.80455961843727,58.5284644837938,0.007978508614945827,0.8656692955520231,0.12635219583303103
amos_0388,CT,FOV-B,prostate,21,2.3499537476916075,53.649896212427535,-15.668640459479427,2.3499537476916075,53.649896212427535,15.668640459479427,55.94050357360909,0.0017646796839106327,0.9197822603896486,0.07845305992644079
amos_0391,CT,FOV-A,spleen,0,11.199826895204723,52.97444890262061,-8.583399103359113,11.199826895204723,52.97444890262061,8.583399103359113,54.8215568840074,0.041736871342318675,0.9337490326325958,0.02451409602508537
amos_0391,CT,FOV-A,kidney_right,1,8.034319603648996,57.221568507339754,-26.000272105090744,8.034319603648996,57.221568507339754,26.000272105090744,63.363020315263654,0.016077794253788948,0.8155447103476735,0.16837749539853777
amos_0391,CT,FOV-A,kidney_left,2,-7.001912401267646,50.72256257721871,-13.892779173207373,7.001912401267646,50.72256257721871,13.892779173207373,53.05482489680273,0.017417410005503814,0.9140134828869282,0.06856910710756778
amos_0391,CT,FOV-A,gallbladder,3,-6.198021120885528,47.85099550156153,-53.06979144427379,6.198021120885528,47.85099550156153,53.06979144427379,71.72542087882177,0.007467236270310906,0.44507760668441404,0.5474551570452748
amos_0391,CT,FOV-A,esophagus,14,2.7190678443772933,60.766441886422186,-22.470763906748118,2.7190678443772933,60.766441886422186,22.470763906748118,64.84511562200399,0.001758269934618146,0.878158838900496,0.12008289116488585
amos_0391,CT,FOV-A,liver,4,-5.376631549210629,59.400509839723014,-34.664213506289855,5.376631549210629,59.400509839723014,34.664213506289855,68.9850450028457,0.006074501564921698,0.7414304893793691,0.2524950090557094
amos_0391,CT,FOV-A,stomach,5,8.081858923267951,64.53769437010575,-46.791594546944054,8.081858923267951,64.53769437010575,46.791594546944054,80.12417711596413,0.010174085094456792,0.6487833972208267,0.3410425176847166
amos_0391,CT,FOV-A,aorta,51,0.5481810352971417,65.24523129495662,-6.375255557626588,0.5481810352971417,65.24523129495662,6.375255557626588,65.55825342857217,6.991868696905033e-05,0.990473363118461,0.009456718194569978
amos_0391,CT,FOV-A,inferior_vena_cava,62,3.8968384711715807,67.34303170169134,-5.049962223817545,3.8968384711715807,67.34303170169134,5.049962223817545,67.64444831105796,0.0033186426473414063,0.9911080635179353,0.0055732938347234475
amos_0391,CT,FOV-A,pancreas,6,4.830215747190882,60.28043019097564,-33.69391172911685,4.830215747190882,60.28043019097564,33.69391172911685,69.226735700761,0.004868389890670152,0.7582370104090633,0.23689459970026638
amos_0391,CT,FOV-A,adrenal_gland_right,7,-3.9749155825007705,60.463727254353586,-22.67822730089142,3.9749155825007705,60.463727254353586,22.67822730089142,64.69902828395311,0.0037745075933009915,0.8733620465057484,0.1228634459009507
amos_0391,CT,FOV-A,adrenal_gland_left,8,3.8982049990923002,52.18225922543779,-27.716154353910667,3.8982049990923002,52.18225922543779,27.716154353910667,59.214604552048954,0.004333828103938898,0.7765833753525823,0.21908279654347884
amos_0391,CT,FOV-A,duodenum,18,-3.208551821441727,62.162836943373186,-39.15332125686774,3.208551821441727,62.162836943373186,39.15332125686774,73.53567615166648,0.0019038026888389267,0.7146040486673318,0.2834921486438292
amos_0391,CT,FOV-A,urinary_bladder,20,2.8655350976494756,48.341358442390614,-27.179278113268794,2.8655350976494756,48.341358442390614,27.179278113268794,55.53207529176236,0.002662708696316461,0.7577917853555074,0.2395455059481761
amos_0391,CT,FOV-A,prostate,21,-0.9830385642483868,62.22355029550016,-9.567099856890849,0.9830385642483868,62.22355029550016,9.567099856890849,62.96241716982567,0.0002437689157797096,0.9766676189101344,0.023088612174085876
amos_0384,CT,FOV-B,spleen,0,7.046658843009787,43.83570317861904,-10.695776902306477,7.046658843009787,43.83570317861904,10.695776902306477,45.668631658477274,0.023808415521009162,0.9213400637513811,0.05485152072760945
amos_0384,CT,FOV-B,kidney_right,1,-0.3970885251996492,22.530513356366868,-0.06728632806806445,0.3970885251996492,22.530513356366868,0.06728632806806445,22.534112781474576,0.0003105229814870286,0.9996805609636883,8.916054824866007e-06
amos_0384,CT,FOV-B,kidney_left,2,1.2668635326190696,30.807624430604108,-3.249489214501466,1.2668635326190696,30.807624430604108,3.249489214501466,31.004416563170423,0.0016696004122580708,0.9873458292756945,0.010984570312047495
amos_0384,CT,FOV-B,gallbladder,3,-7.267891025777722,12.820422175268959,-40.35661184620392,7.267891025777722,12.820422175268959,40.35661184620392,42.96325854052361,0.028616886957383028,0.08904514132711198,0.8823379717155049
amos_0384,CT,FOV-B,esophagus,14,12.963499087657539,35.318042268890764,-2.584990595556519,12.963499087657539,35.318042268890764,2.584990595556519,37.71072254256033,0.1181720516595267,0.8771291346266394,0.00469881371383397
amos_0384,CT,FOV-B,liver,4,-5.406854725939674,31.391860799229306,-22.214523686738175,5.406854725939674,31.391860799229306,22.214523686738175,38.83513956578832,0.019383833078039033,0.6534078974657253,0.3272082694562358
amos_0384,CT,FOV-B,stomach,5,5.280728643340456,29.171430203447898,-17.57935472206799,5.280728643340456,29.171430203447898,17.57935472206799,34.465811285439415,0.02347527514328073,0.7163717193181683,0.26015300553855075
amos_0384,CT,FOV-B,aorta,51,5.865855346182151,36.97928090418756,0.22557993867394543,5.865855346182151,36.97928090418756,0.22557993867394543,37.4423071062919,0.024543556558095488,0.9754201460227733,3.629741913106233e-05
amos_0384,CT,FOV-B,inferior_vena_cava,62,6.017840303493028,31.356555783691192,5.862489053659033,6.017840303493028,31.356555783691192,5.862489053659033,32.46254411530856,0.034364989184297194,0.9330213925203936,0.032613618295309205
amos_0384,CT,FOV-B,pancreas,6,-8.677863933876276,24.574465956126403,-5.6144082251264535,8.677863933876276,24.574465956126403,5.6144082251264535,26.65954386710421,0.10595470420187049,0.8496943847846771,0.04435091101345253
amos_0384,CT,FOV-B,adrenal_gland_right,7,-2.06264672332496,27.70233760666531,-4.0249837396244175,2.06264672332496,27.70233760666531,4.0249837396244175,28.069102488023148,0.005399986199622399,0.9740377366782794,0.02056227712209809
amos_0384,CT,FOV-B,adrenal_gland_left,8,6.6247978946775685,29.2934793546639,-5.558170662720443,6.6247978946775685,29.2934793546639,5.558170662720443,30.543233963733616,0.04704519027845301,0.9198391266683351,0.03311568305321201
amos_0384,CT,FOV-B,duodenum,18,3.849099619533682,29.286642022919523,-21.923120126404115,3.849099619533682,29.286642022919523,21.923120126404115,36.78513510830802,0.010948978214626108,0.6338616057925284,0.3551894159928454
amos_0384,CT,FOV-B,urinary_bladder,20,-6.5642812136676305,29.208793642544634,-26.86240721884812,6.5642812136676305,29.208793642544634,26.86240721884812,40.22228655230939,0.026634272851826027,0.5273436606093959,0.44602206653877824
amos_0384,CT,FOV-B,prostate,21,9.213000563612905,44.667324673247066,-57.42091244944268,9.213000563612905,44.667324673247066,57.42091244944268,73.32946515130844,0.015785020881434204,0.37104180848752577,0.6131731706310402
amos_0383,CT,FOV-A,spleen,0,-1.2106516488983203,37.29588668717764,-49.649430113764254,1.2106516488983203,37.29588668717764,49.649430113764254,62.108894305238884,0.00037995380686203686,0.36059049758053663,0.6390295486126013
amos_0383,CT,FOV-A,kidney_right,1,-12.735728250077983,20.56169422123125,-27.968174313401846,12.735728250077983,20.56169422123125,27.968174313401846,36.975678732540935,0.11863566197165579,0.30923275042266996,0.5721315876056742
amos_0383,CT,FOV-A,kidney_left,2,17.13523641738606,31.58060591021072,-43.964358484165956,17.13523641738606,31.58060591021072,43.964358484165956,56.77865632136785,0.09107726497140363,0.30936465583117795,0.5995580791974184
amos_0383,CT,FOV-A,gallbladder,3,-17.123751947026307,33.7057963256474,-34.45928779889093,17.123751947026307,33.7057963256474,34.45928779889093,51.15414061731568,0.11205629789072546,0.4341577904517191,0.45378591165755533
amos_0383,CT,FOV-A,esophagus,14,-5.407516603263444,39.83627833704425,-23.515441124335496,5.407516603263444,39.83627833704425,23.515441124335496,46.57409450363066,0.013480527385317681,0.7315915423648334,0.254927930249849
amos_0383,CT,FOV-A,liver,4,-12.260421704842628,34.7851463637128,-35.31076006632284,12.260421704842628,34.7851463637128,35.31076006632284,51.06049475266488,0.05765550485275845,0.46410648073973854,0.478238014407503
amos_0383,CT,FOV-A,stomach,5,-2.871268493899379,38.06302644472548,-47.257129329881025,2.871268493899379,38.06302644472548,47.257129329881025,60.74762906811287,0.0022340297189046773,0.3925978966360537,0.6051680736450415
amos_0383,CT,FOV-A,aorta,51,-5.525815246249498,40.23024843466581,-4.8457658492223175,5.525815246249498,40.23024843466581,4.8457658492223175,40.8960752385373,0.01825700180086395,0.9677031766589872,0.014039821540148737
amos_0383,CT,FOV-A,inferior_vena_cava,62,-5.276317028700689,42.100177167359476,-23.537341315773176,5.276317028700689,42.100177167359476,23.537341315773176,48.52082929140449,0.011825113958423089,0.7528551350016108,0.23531975103996605
amos_0383,CT,FOV-A,pancreas,6,3.093435828986447,42.06819384307455,-50.89955654513855,3.093435828986447,42.06819384307455,50.89955654513855,66.10648330487949,0.0021897478763085753,0.4049669898820622,0.5928432622416289
amos_0383,CT,FOV-A,adrenal_gland_right,7,-9.772787822173797,37.95592489349025,-35.26918456074023,9.772787822173797,37.95592489349025,35.26918456074023,52.7264164903804,0.03435424654280724,0.5182062486213784,0.44743950483581424
amos_0383,CT,FOV-A,adrenal_gland_left,8,-5.772719745784837,45.752297910692434,-32.78026357117042,5.772719745784837,45.752297910692434,32.78026357117042,56.578642058355626,0.010410124133627524,0.6539142225069742,0.3356756533593983
amos_0383,CT,FOV-A,duodenum,18,-7.105188336019875,37.28036338170986,-51.31199174095303,7.105188336019875,37.28036338170986,51.31199174095303,63.82185904207334,0.012394022707482646,0.3412097031363531,0.6463962741561642
amos_0383,CT,FOV-A,urinary_bladder,20,-1.2181371626810342,43.52411265194861,-23.011133010369633,1.2181371626810342,43.52411265194861,23.011133010369633,49.24778657673399,0.0006118133558693859,0.7810636367930512,0.21832454985107946
amos_0383,CT,FOV-A,prostate,21,0.7832974146768645,50.8824148463428,-26.699084544897403,0.7832974146768645,50.8824148463428,26.699084544897403,57.467162893001294,0.0001857863798994757,0.7839636299403892,0.21585058367971124
amos_0395,CT,FOV-B,spleen,0,-1.0420767291409874,28.452490399457048,-42.64632201432761,1.0420767291409874,28.452490399457048,42.64632201432761,51.277079823156235,0.00041300263847445824,0.3078888785520421,0.6916981188094835
amos_0395,CT,FOV-B,kidney_right,1,-5.718074204936926,23.221090934984375,-30.320331069691576,5.718074204936926,23.221090934984375,30.320331069691576,38.61654972935416,0.021925658091266623,0.3615915740273485,0.6164827678813848
amos_0395,CT,FOV-B,kidney_left,2,-3.4695033083872318,29.751559838582097,-38.25391715354277,3.4695033083872318,29.751559838582097,38.25391715354277,48.58554253711443,0.005099416660228509,0.37497763617785307,0.6199229471619182
amos_0395,CT,FOV-B,gallbladder,3,4.69022817361256,18.868139058787193,-48.403405922691434,4.69022817361256,18.868139058787193,48.403405922691434,52.16219528335747,0.008084929193836106,0.13084177143294012,0.8610732993732236
amos_0395,CT,FOV-B,esophagus,14,3.995850523758014,36.035307702611505,-27.309899659658413,3.995850523758014,36.035307702611505,27.309899659658413,45.39097754015351,0.007749601950483557,0.6302565938213466,0.3619938042281697
amos_0395,CT,FOV-B,liver,4,8.93966481083266,29.121089230677114,-43.316320184090955,8.93966481083266,29.121089230677114,43.316320184090955,52.955255066912706,0.028498653588288986,0.30241066396720884,0.6690906824445022
amos_0395,CT,FOV-B,stomach,5,-16.174386869533432,33.728126114570145,-28.48251153832956,16.174386869533432,33.728126114570145,28.48251153832956,47.01543092790664,0.11835178465624635,0.5146400541157673,0.36700816122798646
amos_0395,CT,FOV-B,aorta,51,-0.6180748046006799,36.40101334581959,-22.538000991222873,0.6180748046006799,36.40101334581959,22.538000991222873,42.81795508600313,0.0002083676222668281,0.7227283705789441,0.2770632617987891
amos_0395,CT,FOV-B,inferior_vena_cava,62,4.844660073573255,34.15503448668764,-36.288126633230775,4.844660073573255,34.15503448668764,36.288126633230775,50.06860539863967,0.009362581918050122,0.4653486590016912,0.5252887590802588
amos_0395,CT,FOV-B,pancreas,6,-1.913186894116932,32.82407037360416,-30.091469027761946,1.913186894116932,32.82407037360416,30.091469027761946,44.571026331372444,0.0018425086060136558,0.5423499455010887,0.4558075458928975
amos_0395,CT,FOV-B,adrenal_gland_right,7,-1.6651613498497966,29.933077582158404,-35.210814463815325,1.6651613498497966,29.933077582158404,35.210814463815325,46.24460348046866,0.0012965537446677756,0.41896777717292727,0.5797356690824047
amos_0395,CT,FOV-B,adrenal_gland_left,8,-4.179552981492332,31.849529422489297,-35.34555967699157,4.179552981492332,31.849529422489297,35.34555967699157,47.76159311035265,0.007657765461180019,0.4446808540561899,0.54766138048263
amos_0395,CT,FOV-B,duodenum,18,2.933887535674078,30.234733994611517,-37.97441987121732,2.933887535674078,30.234733994611517,37.97441987121732,48.62924429139739,0.0036399203716896656,0.38656031177420125,0.6097997678541092
amos_0395,CT,FOV-B,urinary_bladder,20,5.63247932180082,34.25652987969818,-16.998324681661543,5.63247932180082,34.25652987969818,16.998324681661543,38.65459487166243,0.0212322960052773,0.7853884017365107,0.1933793022582122
amos_0395,CT,FOV-B,prostate,21,-8.497054214213392,48.948305564428466,-53.25341355622945,8.497054214213392,48.948305564428466,53.25341355622945,72.82899562220217,0.013612194221432066,0.4517172584125404,0.5346705473660274
amos_0387,CT,FOV-B,spleen,0,6.582228656692607,27.923853398658963,-19.05764485812088,6.582228656692607,27.923853398658963,19.05764485812088,34.44214206835928,0.03652293095799129,0.6573102292533477,0.3061668397886611
amos_0387,CT,FOV-B,kidney_right,1,27.380374207378217,48.292163879984,-33.496021583004165,27.380374207378217,48.292163879984,33.496021583004165,64.83672914202548,0.1783349906971896,0.5547676602378725,0.2668973490649377
amos_0387,CT,FOV-B,kidney_left,2,5.750392617784257,36.65036253277182,-21.728549852148547,5.750392617784257,36.65036253277182,21.728549852148547,42.99355728152274,0.01788908944926444,0.7266910135548985,0.255419896995837
amos_0387,CT,FOV-B,gallbladder,3,7.564561056281235,40.06208204065375,-40.88393431904106,7.564561056281235,40.06208204065375,40.88393431904106,57.73810775224576,0.01716494324579136,0.481439743070909,0.5013953136832996
amos_0387,CT,FOV-B,esophagus,14,9.456442747658832,29.381009822938495,-2.0885391855627518,9.456442747658832,29.381009822938495,2.0885391855627518,30.935902178294217,0.09343939622289194,0.9020027573867362,0.004557846390371711
amos_0387,CT,FOV-B,liver,4,7.490568912992373,44.49440856696569,-16.979032910319347,7.490568912992373,44.49440856696569,16.979032910319347,48.209424129873874,0.024141581672281646,0.8518183454688278,0.12404007285889027
amos_0387,CT,FOV-B,stomach,5,8.358329703897375,37.39216232851865,-32.34776877709905,8.358329703897375,37.39216232851865,32.34776877709905,50.14392908317024,0.027784480156748875,0.5560635650051681,0.4161519548380831
amos_0387,CT,FOV-B,aorta,51,16.560263871751076,32.31854836115761,-3.875184178974962,16.560263871751076,32.31854836115761,3.875184178974962,36.5205142364601,0.20561781364028514,0.7831228983455815,0.011259288014133312
amos_0387,CT,FOV-B,inferior_vena_cava,62,18.049943997089287,37.98039154096291,-23.183378672376648,18.049943997089287,37.98039154096291,23.183378672376648,48.018534614976694,0.14129731605394438,0.6256062374558341,0.23309644649022154
amos_0387,CT,FOV-B,pancreas,6,6.554856633538908,43.89531741493596,-28.662937056755425,6.554856633538908,43.89531741493596,28.662937056755425,52.833029414976316,0.015392719930150326,0.690280111343301,0.2943271687265485
amos_0387,CT,FOV-B,adrenal_gland_right,7,18.666535439036412,35.78017287668308,-11.771840617843253,18.666535439036412,35.78017287668308,11.771840617843253,42.038512674856065,0.19716633051081053,0.7244195875172694,0.07841408197192014
amos_0387,CT,FOV-B,adrenal_gland_left,8,11.10290418339962,38.03826427840622,-19.46076734264892,11.10290418339962,38.03826427840622,19.46076734264892,44.146409776836194,0.06325318572250195,0.7424216064589608,0.19432520781853713
amos_0387,CT,FOV-B,duodenum,18,1.5761089389403296,54.36177763433976,-60.71748670909,1.5761089389403296,54.36177763433976,60.71748670909,81.51257681622714,0.0003738722394235257,0.4447726303527324,0.5548534974078441
amos_0387,CT,FOV-B,urinary_bladder,20,29.04397891212455,18.557907753176366,-2.316716520761929,29.04397891212455,18.557907753176366,2.316716520761929,34.54440369525736,0.7068981171634435,0.28860418380528713,0.004497699031269432
amos_0387,CT,FOV-B,prostate,21,13.653386943767327,31.885465718177187,-33.92844487069124,13.653386943767327,31.885465718177187,33.92844487069124,48.520482998882265,0.0791827473706649,0.4318523611993258,0.4889648914300094
amos_0392,CT,FOV-B,spleen,0,13.342292452239349,54.46671457744711,-18.262534860483356,13.342292452239349,54.46671457744711,18.262534860483356,58.97592681995376,0.05118130584368954,0.8529288601998317,0.09588983395647888
amos_0392,CT,FOV-B,kidney_right,1,-1.059969555799782,41.497263902690435,-18.258422297981497,1.059969555799782,41.497263902690435,18.258422297981497,45.348830543688614,0.0005463294345304367,0.837349454097302,0.1621042164681674
amos_0392,CT,FOV-B,kidney_left,2,-1.002239233291263,31.53334125426528,-11.155431130988973,1.002239233291263,31.53334125426528,11.155431130988973,33.46340893957062,0.0008970206428790853,0.8879727124788688,0.1111302668782521
amos_0392,CT,FOV-B,gallbladder,3,-21.686854097829013,23.341692165161504,-28.80750730945647,21.686854097829013,23.341692165161504,28.80750730945647,42.95377412030371,0.25491210387963326,0.29529902728902946,0.4497888688313373
amos_0392,CT,FOV-B,esophagus,14,6.597788501395431,42.58246700909879,-0.6250315123446057,6.597788501395431,42.58246700909879,0.6250315123446057,43.0951038295716,0.023439099173939708,0.9763505481870836,0.0002103526389766669
amos_0392,CT,FOV-B,liver,4,-7.333155050706985,33.32201288718929,-10.343952518261915,7.333155050706985,33.32201288718929,10.343952518261915,35.652896930709225,0.04230503786662822,0.8735199109093943,0.08417505122397749
amos_0392,CT,FOV-B,stomach,5,2.6140866187920686,37.75830532946962,6.268150360932964,2.6140866187920686,37.75830532946962,6.268150360932964,38.36421221856726,0.004642879140163684,0.9686623472420121,0.026694773617824425
amos_0392,CT,FOV-B,aorta,51,10.620718518896156,37.28061644927172,-18.585992751852302,10.620718518896156,37.28061644927172,18.585992751852302,42.98933764629596,0.06103603172848393,0.7520464443846515,0.18691752388686472
amos_0392,CT,FOV-B,inferior_vena_cava,62,1.105434161008823,36.91303779619804,-16.90402593643921,1.105434161008823,36.91303779619804,16.90402593643921,40.614534798365966,0.0007408031091562064,0.8260314987575688,0.17322769813327496
amos_0392,CT,FOV-B,pancreas,6,-1.1529458106147266,33.29929451961779,-12.291632455830154,1.1529458106147266,33.29929451961779,12.291632455830154,35.514173620903506,0.001053936302987906,0.8791574044686568,0.1197886592283554
amos_0392,CT,FOV-B,adrenal_gland_right,7,-4.359764188026801,30.074826183577926,-9.407244048385053,4.359764188026801,30.074826183577926,9.407244048385053,31.811931006047107,0.018782177287642844,0.8937708543069804,0.08744696840537675
amos_0392,CT,FOV-B,adrenal_gland_left,8,7.286161576786796,22.923423731940403,-2.3473366139327254,7.286161576786796,22.923423731940403,2.3473366139327254,24.167778038045654,0.09089168369581427,0.8996747197539056,0.00943359655028024
amos_0392,CT,FOV-B,duodenum,18,1.3031608209285181,39.10601284500396,-16.682784683019804,1.3031608209285181,39.10601284500396,16.682784683019804,42.535794027369676,0.0009386138116650377,0.8452360047879226,0.1538253814004125
amos_0392,CT,FOV-B,urinary_bladder,20,6.267908326864113,55.24509732911952,-15.903508756780582,6.267908326864113,55.24509732911952,15.903508756780582,57.82930956249484,0.011747602891877176,0.9126231302686223,0.07562926683950047
amos_0392,CT,FOV-B,prostate,21,-6.0605705477472664,70.68294099927385,-44.13431935613809,6.0605705477472664,70.68294099927385,44.13431935613809,83.55026516235982,0.005261763898216553,0.7157041869071139,0.2790340491946694
amos_0398,CT,FOV-A,spleen,0,0.9823114978848082,57.90364232909255,-30.88539458322413,0.9823114978848082,57.90364232909255,30.88539458322413,65.63310391422766,0.0002240023467459189,0.7783337802643887,0.2214422173888651
amos_0398,CT,FOV-A,kidney_right,1,16.159091223880885,52.00540119664852,-7.494766535908042,16.159091223880885,52.00540119664852,7.494766535908042,54.97135170462741,0.08640940869828982,0.8950021323878189,0.018588458913891173
amos_0398,CT,FOV-A,kidney_left,2,10.068210665080386,55.3507189928994,-18.08051659654705,10.068210665080386,55.3507189928994,18.08051659654705,59.09294407478245,0.029029084063566347,0.8773548439167046,0.09361607201972905
amos_0398,CT,FOV-A,gallbladder,3,15.565705831879953,47.30018800944805,-61.32011629288448,15.565705831879953,47.30018800944805,61.32011629288448,78.99212394882562,0.03883023820043576,0.35855695522027325,0.6026128065792912
amos_0398,CT,FOV-A,esophagus,14,14.28919939332661,30.673767419275876,-30.790512702477585,14.28919939332661,30.673767419275876,30.790512702477585,45.75059452592402,0.09754888480113513,0.44951144770155693,0.4529396674973081
amos_0398,CT,FOV-A,liver,4,7.035606287732747,54.40662078321917,-30.588737148391477,7.035606287732747,54.40662078321917,30.588737148391477,62.81123292229174,0.012546668405034626,0.7502894997404891,0.2371638318544763
amos_0398,CT,FOV-A,stomach,5,10.91979466418309,51.5739412194848,-53.88667487409727,10.91979466418309,51.5739412194848,53.88667487409727,75.38492592956142,0.02098262983293596,0.4680493182500877,0.5109680519169761
amos_0398,CT,FOV-A,aorta,51,14.274418805870178,43.57778164537646,-9.034205394136261,14.274418805870178,43.57778164537646,9.034205394136261,46.737553984787546,0.09327922081905458,0.8693572440031135,0.03736353517783205
amos_0398,CT,FOV-A,inferior_vena_cava,62,16.80039883238927,44.87216579445037,-8.612442495899414,16.80039883238927,44.87216579445037,8.612442495899414,48.68201751937939,0.11909733592417997,0.8496047399210542,0.031297924154765816
amos_0398,CT,FOV-A,pancreas,6,6.525877201030829,52.02235257633868,-28.500730671701078,6.525877201030829,52.02235257633868,28.500730671701078,59.6758233260394,0.011958616962880796,0.759946706631831,0.22809467640528838
amos_0398,CT,FOV-A,adrenal_gland_right,7,15.291506846135992,42.14303054573509,-7.4146502151741025,15.291506846135992,42.14303054573509,7.4146502151741025,45.44053524131913,0.11324360609927461,0.8601310969806866,0.026625296920038684
amos_0398,CT,FOV-A,adrenal_gland_left,8,12.841838549460451,60.2391822831291,-27.084090528972318,12.841838549460451,60.2391822831291,27.084090528972318,67.28461829610116,0.03642695129846306,0.8015424907460942,0.16203055795544286
amos_0398,CT,FOV-A,duodenum,18,10.269418899258016,51.21623090167829,-39.87337612467542,10.269418899258016,51.21623090167829,39.87337612467542,65.71490999676024,0.024421025896238638,0.6074176324203754,0.3681613416833862
amos_0398,CT,FOV-A,urinary_bladder,20,21.170756694462504,53.56896825547446,-2.5720475635791047,21.170756694462504,53.56896825547446,2.5720475635791047,57.658049981259964,0.1348195463658156,0.8631905223007741,0.001989931333410532
amos_0398,CT,FOV-A,prostate,21,16.122037434210633,62.85782200257087,-11.598367038796482,16.122037434210633,62.85782200257087,11.598367038796482,65.92077059549298,0.05981296059210623,0.9092307323797699,0.03095630702812389
amos_0390,CT,FOV-B,spleen,0,17.321444988998778,21.138055712077744,-44.836680680774634,17.321444988998778,21.138055712077744,44.836680680774634,52.508835354286454,0.10881868320803145,0.162056070836183,0.7291252459557854
amos_0390,CT,FOV-B,kidney_right,1,20.758040175440605,21.914280963972118,-40.552023954220886,20.758040175440605,21.914280963972118,40.552023954220886,50.5529285885281,0.16860872979061392,0.18791515704309925,0.643476113166287
amos_0390,CT,FOV-B,kidney_left,2,13.73926137739857,25.29473343559542,-46.205358405998425,13.73926137739857,25.29473343559542,46.205358405998425,54.43827686656765,0.06369686108643238,0.21589941918012867,0.720403719733439
amos_0390,CT,FOV-B,gallbladder,3,17.44998065811548,28.375165958032838,-51.01450448373646,17.44998065811548,28.375165958032838,51.01450448373646,60.92726430618461,0.08202883492382892,0.21689695943509982,0.7010742056410713
amos_0390,CT,FOV-B,esophagus,14,19.842608076495786,14.736425072986236,-25.03717364686912,19.842608076495786,14.736425072986236,25.03717364686912,35.18169102576837,0.31810030717598137,0.1754489850211161,0.5064507078029024
amos_0390,CT,FOV-B,liver,4,10.281587366655828,32.34830210389556,-39.824960730290684,10.281587366655828,32.34830210389556,39.824960730290684,52.32734643522702,0.03860672097257462,0.3821602893059888,0.5792329897214364
amos_0390,CT,FOV-B,stomach,5,14.88442934794012,44.99183394781248,-45.739246050939585,14.88442934794012,44.99183394781248,45.739246050939585,65.86266004580854,0.051072350292623823,0.4666474086347876,0.48228024107258866
amos_0390,CT,FOV-B,aorta,51,21.337692651776678,12.635611466626074,-7.646039446581199,21.337692651776678,12.635611466626074,7.646039446581199,25.950293332752377,0.6760991156566226,0.23708713244720142,0.08681375189617595
amos_0390,CT,FOV-B,inferior_vena_cava,62,14.670278167291748,23.252648756204167,-40.99585408053633,14.670278167291748,23.252648756204167,40.99585408053633,49.3615517126209,0.0883281410238161,0.22190508570440073,0.6897667732717832
amos_0390,CT,FOV-B,pancreas,6,21.01541913984884,33.768386581748686,-36.86726728754837,21.01541913984884,33.768386581748686,36.86726728754837,54.232344327066336,0.15016176203175402,0.38770719925093006,0.462131038717316
amos_0390,CT,FOV-B,adrenal_gland_right,7,12.865893002728509,26.37045128962623,-24.13481768105504,12.865893002728509,26.37045128962623,24.13481768105504,37.99238513799805,0.11467975392372964,0.48177249947785283,0.4035477465984176
amos_0390,CT,FOV-B,adrenal_gland_left,8,9.785916368420782,27.04133837224748,-39.98848916320151,9.785916368420782,27.04133837224748,39.98848916320151,49.255227191513335,0.03947283748870514,0.301405874045119,0.6591212884661759
amos_0390,CT,FOV-B,duodenum,18,13.175973869902842,24.190901160930608,-42.00343180728032,13.175973869902842,24.190901160930608,42.00343180728032,50.23041180387758,0.06880689694612499,0.2319373104441715,0.6992557926097037
amos_0390,CT,FOV-B,urinary_bladder,20,14.001026971286729,31.367157560556976,6.6016008017275,14.001026971286729,31.367157560556976,6.6016008017275,34.97868583616135,0.16021855361596857,0.8041616411521593,0.03561980523187203
amos_0390,CT,FOV-B,prostate,21,17.44607741864123,43.98780520792758,-38.052256625006066,17.44607741864123,43.98780520792758,38.052256625006066,60.722869320900195,0.08254504731339966,0.5247591457930428,0.3926958068935575
amos_0400,CT,FOV-B,spleen,0,7.244855656407751,31.247527451382894,-47.0623152972197,7.244855656407751,31.247527451382894,47.0623152972197,56.953993946360164,0.016181214123571395,0.301011402352585,0.6828073835238436
amos_0400,CT,FOV-B,kidney_right,1,-11.085310119881356,18.25096870936403,-35.16352315055292,11.085310119881356,18.25096870936403,35.16352315055292,41.139461829776046,0.07260699826322217,0.19681338406046028,0.7305796176763175
amos_0400,CT,FOV-B,kidney_left,2,15.43473061316702,34.45161123643177,-47.003059096165146,15.43473061316702,34.45161123643177,47.003059096165146,60.28625042482622,0.06554831944519701,0.32657469446641213,0.607876986088391
amos_0400,CT,FOV-B,gallbladder,3,10.267329645347175,10.906699274678928,-56.868757859329264,10.267329645347175,10.906699274678928,56.868757859329264,58.80841578870775,0.03048148007356107,0.034395982299101326,0.9351225376273377
amos_0400,CT,FOV-B,esophagus,14,11.208397335191274,31.79262857484028,-28.884765625,11.208397335191274,31.79262857484028,28.884765625,44.39289456357239,0.06374705260380165,0.5128920245759179,0.4233609228202804
amos_0400,CT,FOV-B,liver,4,-1.5340449604807702,19.2912449977065,-41.082453284072926,1.5340449604807702,19.2912449977065,41.082453284072926,45.412260407739524,0.0011411163748190005,0.18045722473189257,0.8184016588932885
amos_0400,CT,FOV-B,stomach,5,-4.294649399541864,27.030540333991993,-52.54644192495442,4.294649399541864,27.030540333991993,52.54644192495442,59.24713227815471,0.005254371340410026,0.2081492192069647,0.7865964094526251
amos_0400,CT,FOV-B,aorta,51,5.268893256317114,32.28788368070025,-4.666101765320548,5.268893256317114,32.28788368070025,4.666101765320548,33.04604627499666,0.025421418896116627,0.9546411408364813,0.01993744026740215
amos_0400,CT,FOV-B,inferior_vena_cava,62,4.773711042993405,28.71556857904102,-11.594769091538183,4.773711042993405,28.71556857904102,11.594769091538183,31.33386133603221,0.023210495937573686,0.8398602085017626,0.13692929556066352
amos_0400,CT,FOV-B,pancreas,6,4.702690935638925,29.993501501154682,-43.35296103799692,4.702690935638925,29.993501501154682,43.35296103799692,52.926408012427856,0.00789492546249451,0.3211511616800407,0.6709539128574648
amos_0400,CT,FOV-B,adrenal_gland_right,7,0.6491261867196414,27.70269395685193,-37.53642943615756,0.6491261867196414,27.70269395685193,37.53642943615756,46.656662461956294,0.0001935668228158809,0.35254671388880005,0.6472597192883842
amos_0400,CT,FOV-B,adrenal_gland_left,8,6.770014727352368,34.386775112461834,-46.607954437323826,6.770014727352368,34.386775112461834,46.607954437323826,58.3145335133125,0.01347800506376647,0.34771969105776446,0.6388023038784689
amos_0400,CT,FOV-B,duodenum,18,5.08189120520634,25.499839934920956,-51.24344612661426,5.08189120520634,25.499839934920956,51.24344612661426,57.462668105991746,0.007821303740095688,0.19692612450824057,0.7952525717516639
amos_0400,CT,FOV-B,urinary_bladder,20,14.589161157769892,29.389191727492886,-18.3955527454755,14.589161157769892,29.389191727492886,18.3955527454755,37.61601486726484,0.15042328770913038,0.6104213532724188,0.23915535901845072
amos_0400,CT,FOV-B,prostate,21,13.439888240292763,28.831336772203315,-30.43026175007853,13.439888240292763,28.831336772203315,30.43026175007853,44.02132899132028,0.0932105381574661,0.42894662863038197,0.4778428332121518
amos_0396,CT,FOV-B,spleen,0,32.098535115435624,35.76783387971771,-30.178031933990667,32.098535115435624,35.76783387971771,30.178031933990667,56.7482819864434,0.3199373841231641,0.39726457837651646,0.2827980375003194
amos_0396,CT,FOV-B,kidney_right,1,34.12767200609282,50.99772633683652,-46.41541908940616,34.12767200609282,50.99772633683652,46.41541908940616,76.94060837638035,0.19674427166019465,0.4393295304343445,0.3639261979054608
amos_0396,CT,FOV-B,kidney_left,2,26.74896388958183,32.909604397483875,-32.70010216403733,26.74896388958183,32.909604397483875,32.70010216403733,53.552271775374024,0.24949286537529738,0.37765003158554233,0.3728571030391606
amos_0396,CT,FOV-B,gallbladder,3,7.2893420445590635,55.661061817795506,-56.92991344791028,7.2893420445590635,55.661061817795506,56.92991344791028,79.95188149952186,0.008312263121619312,0.4846693954393013,0.5070183414390793
amos_0396,CT,FOV-B,esophagus,14,28.79983231029295,43.48770431888086,-35.399426789877,28.79983231029295,43.48770431888086,35.399426789877,63.03752997286033,0.20872839938035426,0.47592069386781616,0.31535090675182953
amos_0396,CT,FOV-B,liver,4,14.868443349900062,53.13414458839975,-48.567016896545,14.868443349900062,53.13414458839975,48.567016896545,73.50553080564377,0.04091579262251059,0.5225253324460245,0.43655887493146467
amos_0396,CT,FOV-B,stomach,5,3.506637835415752,38.6492954744535,-50.61643473828923,3.506637835415752,38.6492954744535,50.61643473828923,63.78156485377161,0.0030226752378112467,0.36719167212995724,0.6297856526322314
amos_0396,CT,FOV-B,aorta,51,29.495932699668586,46.56253189066135,-15.486788369292526,29.495932699668586,46.56253189066135,15.486788369292526,57.25312249901736,0.2654152744113008,0.661416188415913,0.07316853717278618
amos_0396,CT,FOV-B,inferior_vena_cava,62,26.790181723461977,50.00502724950958,-26.69773628262567,26.790181723461977,50.00502724950958,26.69773628262567,62.69757339496433,0.18257859218879097,0.6361006971118857,0.1813207106993233
amos_0396,CT,FOV-B,pancreas,6,12.453381460642198,50.35303401733037,-39.49070019314081,12.453381460642198,50.35303401733037,39.49070019314081,65.19225526317699,0.03649073170441172,0.5965670706967076,0.36694219759888086
amos_0396,CT,FOV-B,adrenal_gland_right,7,28.038170046034896,53.46246166643725,-43.431315542218044,28.038170046034896,53.46246166643725,43.431315542218044,74.36835991665643,0.1421421639878816,0.5167987993128653,0.3410590366992532
amos_0396,CT,FOV-B,adrenal_gland_left,8,24.336425981953667,47.93298038593889,-42.75294770331192,24.336425981953667,47.93298038593889,42.75294770331192,68.68512776122671,0.12554174946741173,0.4870162430501727,0.38744200748241553
amos_0396,CT,FOV-B,duodenum,18,16.734062807757404,52.27975664507409,-36.71803934340886,16.734062807757404,52.27975664507409,36.71803934340886,66.04101926943783,0.06420594676913072,0.6266709740939348,0.30912307913693476
amos_0396,CT,FOV-B,urinary_bladder,20,11.21390362309994,34.83363408094357,1.7918785064752853,11.21390362309994,34.83363408094357,1.7918785064752853,36.63802022947222,0.09368059540682387,0.9039274489372504,0.0023919556559254583
amos_0396,CT,FOV-B,prostate,21,11.864796380599543,39.42998815664281,-5.357005260960705,11.864796380599543,39.42998815664281,5.357005260960705,41.523425491546824,0.08164587196451374,0.9017101245321952,0.016644003503291087
amos_0401,CT,FOV-B,spleen,0,-1.9632452818968318,45.31042661834363,-16.624985526054218,1.9632452818968318,45.31042661834363,16.624985526054218,48.304029191307684,0.001651894885632407,0.8798924400300001,0.11845566508436747
amos_0401,CT,FOV-B,kidney_right,1,2.836440625077479,43.101483137077395,-14.373136627468682,2.836440625077479,43.101483137077395,14.373136627468682,45.52329404323943,0.0038822190307713925,0.896431418711803,0.09968636225742548
amos_0401,CT,FOV-B,kidney_left,2,2.871441572754456,37.68040685940764,-9.38384181754094,2.871441572754456,37.68040685940764,9.38384181754094,38.93731789752431,0.005438359359945585,0.9364812818112993,0.05808035882875521
amos_0401,CT,FOV-B,gallbladder,3,-22.132223177991264,50.13835868986524,-50.13518381466048,22.132223177991264,50.13835868986524,50.13518381466048,74.27803828214496,0.08878288048891758,0.45563741084191695,0.4555797086691657
amos_0401,CT,FOV-B,esophagus,14,3.9638092243381724,48.60564203128561,-14.518403508017059,3.9638092243381724,48.60564203128561,14.518403508017059,50.882258806602024,0.006068658828429104,0.9125162413297291,0.08141509984184182
amos_0401,CT,FOV-B,liver,4,-10.35724258211365,54.81088087823265,-26.948335612642722,10.35724258211365,54.81088087823265,26.948335612642722,61.94931742032502,0.027952151745830815,0.7828174759974091,0.18923037225676023
amos_0401,CT,FOV-B,stomach,5,-10.27508015706428,30.90680978092938,-32.81745457740038,10.27508015706428,30.90680978092938,32.81745457740038,46.23627891611073,0.049386094974241034,0.446830293100231,0.5037836119255281
amos_0401,CT,FOV-B,aorta,51,5.592597223724113,45.935819901551014,-14.74621419268044,5.592597223724113,45.935819901551014,14.74621419268044,48.56776221683419,0.013259614512760858,0.8945544030233467,0.09218598246389266
amos_0401,CT,FOV-B,inferior_vena_cava,62,5.632146889418593,43.60041740122905,-23.652522760442878,5.632146889418593,43.60041740122905,23.652522760442878,49.921531517759476,0.012728351060235697,0.7627908820420443,0.22448076689772017
amos_0401,CT,FOV-B,pancreas,6,-5.495581686421297,42.27965511731672,-18.768405986561334,5.495581686421297,42.27965511731672,18.768405986561334,46.58351337316419,0.013917552061297743,0.8237556215892807,0.16232682634942136
amos_0401,CT,FOV-B,adrenal_gland_right,7,2.60282438116408,36.36636540692351,-11.939341861617265,2.60282438116408,36.36636540692351,11.939341861617265,38.36450327786913,0.00460288975651083,0.8985466662298666,0.09685044401362258
amos_0401,CT,FOV-B,adrenal_gland_left,8,1.9672932974844173,34.240711230959676,-7.875715861041613,1.9672932974844173,34.240711230959676,7.875715861041613,35.18982024455592,0.003125389349559333,0.9467851930739926,0.05008941757644814
amos_0401,CT,FOV-B,duodenum,18,-4.099351180978445,46.55802885887532,-29.425326077180728,4.099351180978445,46.55802885887532,29.425326077180728,55.22956224774254,0.005509181083770935,0.71063397719139,0.28385684172483905
amos_0401,CT,FOV-B,urinary_bladder,20,6.02837878799917,60.17808519780566,-11.26976087560218,6.02837878799917,60.17808519780566,11.26976087560218,61.52032834014468,0.009602045878539696,0.956840259854204,0.03355769426725619
amos_0401,CT,FOV-B,prostate,21,-12.176981210180097,72.61677129184199,-57.78987098277978,12.176981210180097,72.61677129184199,57.78987098277978,93.60098040325805,0.016924602461294833,0.6018843833935466,0.3811910141451588
amos_0403,CT,FOV-B,spleen,0,-12.383875943596195,78.8236570277041,-26.68018627986541,12.383875943596195,78.8236570277041,26.68018627986541,84.13299965254909,0.021666084807646556,0.8777693527860622,0.1005645624062914
amos_0403,CT,FOV-B,kidney_right,1,-8.109851847577943,51.798153388617735,-27.028171861761166,8.109851847577943,51.798153388617735,27.028171861761166,58.98593447296849,0.018902920722760914,0.7711371511238544,0.20995992815338477
amos_0403,CT,FOV-B,kidney_left,2,-8.865452268133417,63.20579585887664,-21.024585386646777,8.865452268133417,63.20579585887664,21.024585386646777,67.19822962513923,0.01740548498107132,0.8847043146997414,0.09789020031918733
amos_0403,CT,FOV-B,gallbladder,3,-9.278157093521742,54.0801096633338,-55.79417459767552,9.278157093521742,54.0801096633338,55.79417459767552,78.25428026176063,0.01405747242372181,0.4775940684623985,0.5083484591138796
amos_0403,CT,FOV-B,esophagus,14,0.370032055666089,52.32340064587028,-32.46273410589414,0.370032055666089,52.32340064587028,32.46273410589414,61.576816128316196,3.611139264741227e-05,0.7220336950693774,0.2779301935379751
amos_0403,CT,FOV-B,liver,4,5.62088568924824,53.26060682373752,-48.361927456669264,5.62088568924824,53.26060682373752,48.361927456669264,72.16067227020886,0.006067480165713895,0.5447673608236777,0.4491651590106086
amos_0403,CT,FOV-B,stomach,5,-0.45057035211863905,74.65236568422759,-43.69253699403771,0.45057035211863905,74.65236568422759,43.69253699403771,86.4998063863105,2.713282114680846e-05,0.7448295165777301,0.25514335060112325
amos_0403,CT,FOV-B,aorta,51,1.619184270401393,56.713994060896525,-9.771816722595133,1.619184270401393,56.713994060896525,9.771816722595133,57.57245245862739,0.0007909756112542381,0.970400489891665,0.028808534497080956
amos_0403,CT,FOV-B,inferior_vena_cava,62,-0.0077316840277426024,57.76316906733064,-21.971221803451243,0.0077316840277426024,57.76316906733064,21.971221803451243,61.800633880377084,1.5651729564752477e-08,0.8736071195620284,0.12639286478624193
amos_0403,CT,FOV-B,pancreas,6,-2.7426503827440265,57.381370236940434,-31.801673649125007,2.7426503827440265,57.381370236940434,31.801673649125007,65.66193896220436,0.0017446708037590357,0.7636852865106075,0.23457004268563347
amos_0403,CT,FOV-B,adrenal_gland_right,7,-4.760513245507191,55.877592643618996,-24.880072247974965,4.760513245507191,55.877592643618996,24.880072247974965,61.35133120863252,0.0060208744978166775,0.8295210161464198,0.16445810935576358
amos_0403,CT,FOV-B,adrenal_gland_left,8,-4.954159931768178,63.42560923255505,-28.034428126823315,4.954159931768178,63.42560923255505,28.034428126823315,69.52180066388047,0.005078062254179164,0.832314136089663,0.162607801656158
amos_0403,CT,FOV-B,duodenum,18,-15.423675143234437,61.73580629614205,-42.54827893796147,15.423675143234437,61.73580629614205,42.54827893796147,76.54773396085201,0.04059860033713347,0.6504434902186385,0.3089579094442279
amos_0403,CT,FOV-B,urinary_bladder,20,7.333559843035382,64.31718100641359,-5.655721726729666,7.333559843035382,64.31718100641359,5.655721726729666,64.98052062605649,0.012736887336163016,0.9796876407385645,0.007575471925272291
amos_0403,CT,FOV-B,prostate,21,-1.0575678895555836,56.77895158029072,-8.2787398986099,1.0575678895555836,56.77895158029072,8.2787398986099,57.389069749446655,0.0003395925404916163,0.9788505020517143,0.02080990540779405
amos_0404,CT,FOV-B,spleen,0,-11.503007854424268,38.28146363016816,-70.82612186602722,11.503007854424268,38.28146363016816,70.82612186602722,81.32729668412797,0.020005534512398206,0.22156665170394677,0.7584278137836551
amos_0404,CT,FOV-B,kidney_right,1,4.353747893171537,14.82182667791281,-28.856465575859772,4.353747893171537,14.82182667791281,28.856465575859772,32.73128888874014,0.017692953663677204,0.20505824985882298,0.7772487964774997
amos_0404,CT,FOV-B,kidney_left,2,-17.331621202002864,34.892283887522325,-72.62504030452936,17.331621202002864,34.892283887522325,72.62504030452936,82.41512632770565,0.04422466174097236,0.17924412803135217,0.7765312102276752
amos_0404,CT,FOV-B,gallbladder,3,-3.000367155405179,36.224419052536405,-57.43291129071099,3.000367155405179,36.224419052536405,57.43291129071099,67.9687430962768,0.0019486342319422524,0.28404318953952445,0.7140081762285333
amos_0404,CT,FOV-B,esophagus,14,-12.32189180586073,17.22463659989208,-42.830570600186206,12.32189180586073,17.22463659989208,42.830570600186206,47.78048661965693,0.0665049000618378,0.12995679706726232,0.8035383028708999
amos_0404,CT,FOV-B,liver,4,-10.458762723175454,30.030946327918656,-44.80296641326419,10.458762723175454,30.030946327918656,44.80296641326419,54.941325561712596,0.036237844235076824,0.29877191369741685,0.6649902420675066
amos_0404,CT,FOV-B,stomach,5,7.17764559753526,25.050248047113186,-69.67945635258224,7.17764559753526,25.050248047113186,69.67945635258224,74.39260824260114,0.009309030443778732,0.11338731988576449,0.8773036496704569
amos_0404,CT,FOV-B,aorta,51,-3.516598106573154,14.38511696812418,-18.104896297724792,3.516598106573154,14.38511696812418,18.104896297724792,23.389855116719662,0.022604266166984775,0.3782437249202082,0.5991520089128071
amos_0404,CT,FOV-B,inferior_vena_cava,62,-3.42623166157418,21.72152665802315,-31.071831929130212,3.42623166157418,21.72152665802315,31.071831929130212,38.0660284661547,0.008101367101569687,0.3256158636635722,0.666282769234858
amos_0404,CT,FOV-B,pancreas,6,1.9638016552539206,35.41616875864925,-62.025797363695744,1.9638016552539206,35.41616875864925,62.025797363695744,71.45180938985763,0.0007553857390327736,0.24568389846494654,0.7535607157960208
amos_0404,CT,FOV-B,adrenal_gland_right,7,-5.695380620477263,23.985721853988878,-33.866644312664334,5.695380620477263,23.985721853988878,33.866644312664334,41.88916101176469,0.018485967371929212,0.3278704390055556,0.6536435936225151
amos_0404,CT,FOV-B,adrenal_gland_left,8,-9.066046114321097,24.748702814549574,-61.25024366967472,9.066046114321097,24.748702814549574,61.25024366967472,66.68046065186127,0.01848581764881704,0.13775510382224887,0.843759078528934
amos_0404,CT,FOV-B,duodenum,18,-8.550062611049492,28.09213111222718,-53.75941772383106,8.550062611049492,28.09213111222718,53.75941772383106,61.25639880930636,0.01948209545595925,0.21031316070933526,0.7702047438347056
amos_0404,CT,FOV-B,urinary_bladder,20,14.314530209646394,23.50940090480711,23.908507026752815,14.314530209646394,23.50940090480711,23.908507026752815,36.4583929195201,0.15415554700765016,0.41580344372414246,0.4300410092682074
amos_0404,CT,FOV-B,prostate,21,-2.434944568532708,25.322541676087553,-38.33364630536238,2.434944568532708,25.322541676087553,38.33364630536238,46.006831134665646,0.002801131620813116,0.3029492958204515,0.6942495725587357
amos_0402,CT,FOV-B,spleen,0,-4.368757679404297,49.457337666926264,-31.169338359615836,4.368757679404297,49.457337666926264,31.169338359615836,58.622879036583804,0.00555368989794856,0.7117495180329989,0.28269679206905257
amos_0402,CT,FOV-B,kidney_right,1,-0.13026210695116447,33.139287174174484,-20.685831752798947,0.13026210695116447,33.139287174174484,20.685831752798947,39.06575172621177,1.1118439202261317e-05,0.7196046377892891,0.28038424377150856
amos_0402,CT,FOV-B,kidney_left,2,-0.6713292067021825,36.354754580188654,-4.839606234018959,0.6713292067021825,36.354754580188654,4.839606234018959,36.681611905556636,0.0003349455871919456,0.982258082378394,0.017406972034414183
amos_0402,CT,FOV-B,esophagus,14,1.4524483747992223,30.01983460168249,-15.848844317717237,1.4524483747992223,30.01983460168249,15.848844317717237,33.977727145897624,0.0018273122302384433,0.7805989113651238,0.2175737764046377
amos_0402,CT,FOV-B,liver,4,-1.0777873131107185,36.84523641190499,-33.75128393217642,1.0777873131107185,36.84523641190499,33.75128393217642,49.97881790130557,0.0004650441378913678,0.5434889704387783,0.45604598542333036
amos_0402,CT,FOV-B,stomach,5,11.43217554860085,46.85106094229208,-35.0032040646293,11.43217554860085,46.85106094229208,35.0032040646293,59.589771303324156,0.036805636454210706,0.6181522046862912,0.34504215885949807
amos_0402,CT,FOV-B,aorta,51,2.6177360188308993,40.893822783681784,3.90353117814783,2.6177360188308993,40.893822783681784,3.90353117814783,41.16302757798834,0.004044241463085952,0.9869628394695426,0.008992919067371442
amos_0402,CT,FOV-B,inferior_vena_cava,62,2.739054290680482,40.66684143784626,-24.60056883595098,2.739054290680482,40.66684143784626,24.60056883595098,47.60758760944086,0.0033101595732429397,0.7296734331566592,0.26701640727009784
amos_0402,CT,FOV-B,pancreas,6,6.179302334602967,45.01156661504142,-30.06109996396475,6.179302334602967,45.01156661504142,30.06109996396475,54.47838688439868,0.01286561081368318,0.6826526466010404,0.30448174258527644
amos_0402,CT,FOV-B,adrenal_gland_right,7,0.7037717353102408,34.030910404396565,-20.906818030206693,0.7037717353102408,34.030910404396565,20.906818030206693,39.94612869547766,0.00031039466491316605,0.7257678760434233,0.2739217292916635
amos_0402,CT,FOV-B,adrenal_gland_left,8,-4.34068252055668,35.48748256681016,-13.954145244523545,4.34068252055668,35.48748256681016,13.954145244523545,38.37865439510849,0.01279194423630631,0.8550094147346601,0.13219864102903361
amos_0402,CT,FOV-B,duodenum,18,1.9550756972770458,51.547098123688514,-33.65042142773507,1.9550756972770458,51.547098123688514,33.65042142773507,61.589581166130905,0.0010076568301311453,0.7004770992084683,0.29851524396140044
amos_0402,CT,FOV-B,urinary_bladder,20,16.597835060394985,50.54454243931049,-4.696353784714603,16.597835060394985,50.54454243931049,4.696353784714603,53.40687818963527,0.0965847374340207,0.895682632641408,0.007732629924571223
amos_0402,CT,FOV-B,prostate,21,9.65346392997845,39.609655956948444,-5.340330800854758,9.65346392997845,39.609655956948444,5.340330800854758,41.11731197364164,0.05512097947290038,0.9280101156490426,0.01686890487805717
amos_0406,CT,FOV-B,spleen,0,-5.321242991295591,28.779600690381756,-9.742167523560738,5.321242991295591,28.779600690381756,9.742167523560738,30.846245653682978,0.02975922085812033,0.8704922361373428,0.09974854300453681
amos_0406,CT,FOV-B,kidney_right,1,-3.4506748158792107,27.507657416647902,-6.777975437190889,3.4506748158792107,27.507657416647902,6.777975437190889,28.539784937237535,0.01461863006836049,0.9289788394346641,0.0564025304969753
amos_0406,CT,FOV-B,kidney_left,2,-10.049696276595519,27.45365053942089,-11.650212491532102,10.049696276595519,27.45365053942089,11.650212491532102,31.471046603033614,0.10197260198684188,0.7609880381926346,0.13703935982052343
amos_0406,CT,FOV-B,gallbladder,3,-1.3857696815074831,31.482838161731323,11.223604045160187,1.3857696815074831,31.482838161731323,11.223604045160187,33.45233540562583,0.0017160471872690807,0.8857167721997798,0.11256718061295105
amos_0406,CT,FOV-B,esophagus,14,2.9745774013217403,7.327771048424495,-25.428768832144954,2.9745774013217403,7.327771048424495,25.428768832144954,26.630182567403644,0.01247677262625726,0.07571736564190124,0.9118058617318414
amos_0406,CT,FOV-B,liver,4,11.4477107856357,14.013837933474022,-11.7821137667421,11.4477107856357,14.013837933474022,11.7821137667421,21.59296044246108,0.2810689812194802,0.42120139712022003,0.29772962166029976
amos_0406,CT,FOV-B,stomach,5,11.84541010869414,38.09870840783756,-6.639564820598537,11.84541010869414,38.09870840783756,6.639564820598537,40.44637368164809,0.08577110847394222,0.8872812941189916,0.026947597407066353
amos_0406,CT,FOV-B,aorta,51,-0.18077328099723955,19.194976475802605,-12.649652419039342,0.18077328099723955,19.194976475802605,12.649652419039342,22.988986650312487,6.183421116208759e-05,0.6971648977353164,0.30277326805352145
amos_0406,CT,FOV-B,inferior_vena_cava,62,-3.6673889554776586,20.274404586337795,-3.395798019928577,3.6673889554776586,20.274404586337795,3.395798019928577,20.881395242498176,0.0308457204247165,0.9427079945658169,0.026446285009466407
amos_0406,CT,FOV-B,pancreas,6,1.2309704721146595,32.10755651244182,-3.4770457632859575,1.2309704721146595,32.10755651244182,3.4770457632859575,32.318730184567094,0.001450730337871524,0.9869745032404325,0.011574766421695812
amos_0406,CT,FOV-B,adrenal_gland_right,7,-4.477522202910677,25.5231904423689,-7.000437310343841,4.477522202910677,25.5231904423689,7.000437310343841,26.841899671428685,0.027825885817512077,0.904156116323233,0.06801799785925482
amos_0406,CT,FOV-B,adrenal_gland_left,8,-7.871731052493317,35.157700814009615,-29.971713276354308,7.871731052493317,35.157700814009615,29.971713276354308,46.86503678660876,0.028212564852676505,0.5627856401275311,0.40900179501979267
amos_0406,CT,FOV-B,duodenum,18,-6.517415777467775,30.875041324438442,0.5330770026831146,6.517415777467775,30.875041324438442,0.5330770026831146,31.559928014698592,0.04264605349413865,0.957068642488881,0.00028530401698043594
amos_0406,CT,FOV-B,urinary_bladder,20,5.842405290284269,27.717677754109303,16.37582083191151,5.842405290284269,27.717677754109303,16.37582083191151,32.71957926953606,0.031883643212938316,0.7176261594158295,0.25049019737123246
amos_0406,CT,FOV-B,prostate,21,3.8776625202654125,14.367871025495276,9.87312855830941,3.8776625202654125,14.367871025495276,9.87312855830941,17.85918956602574,0.04714292486594792,0.6472340361738315,0.3056230389602205
amos_0405,CT,FOV-A,spleen,0,-16.54149705276599,57.07041251405806,-26.6058972302406,16.54149705276599,57.07041251405806,26.6058972302406,65.10396974607268,0.06455571303581262,0.7684349018596941,0.16700938510449298
amos_0405,CT,FOV-A,kidney_right,1,-20.824607202421873,44.59767994511887,22.634282344805627,20.824607202421873,44.59767994511887,22.634282344805627,54.17497631643967,0.14775975984217046,0.6776837512131919,0.1745564889446374
amos_0405,CT,FOV-A,kidney_left,2,-3.6576591110890178,44.08171686584163,-5.707922335090132,3.6576591110890178,44.08171686584163,5.707922335090132,44.59996198873469,0.006725699781371629,0.9768953096306001,0.01637899058802826
amos_0405,CT,FOV-A,gallbladder,3,-18.63203389178952,45.56516716597842,1.5312074135261469,18.63203389178952,45.56516716597842,1.5312074135261469,49.25121056331092,0.14311551302912912,0.8559179149335386,0.0009665720373321033
amos_0405,CT,FOV-A,esophagus,14,-13.027781470911684,59.613477378256874,-6.708726352419262,13.027781470911684,59.613477378256874,6.708726352419262,61.38808340755898,0.045037345063954036,0.9430196941625841,0.011942960773461948
amos_0405,CT,FOV-A,liver,4,-20.595451342981715,49.72819273035138,1.582185412750107,20.595451342981715,49.72819273035138,1.582185412750107,53.84764692099756,0.1462881567828993,0.8528485043511599,0.0008633388659408537
amos_0405,CT,FOV-A,stomach,5,-25.372073831586853,23.31016728174575,-9.231956726897863,25.372073831586853,23.31016728174575,9.231956726897863,35.66980591797184,0.5059533087432021,0.42706038546867603,0.06698630578812191
amos_0405,CT,FOV-A,aorta,51,-14.654999880324116,56.496211692471235,9.103362435093914,14.654999880324116,56.496211692471235,9.103362435093914,59.07166973023111,0.06154788656654972,0.9147031218373807,0.023748991596069656
amos_0405,CT,FOV-A,inferior_vena_cava,62,-14.23204216078405,52.82109895614174,6.123703688192393,14.23204216078405,52.82109895614174,6.123703688192393,55.04651910758421,0.06684589162820892,0.9207784414192502,0.012375666952540835
amos_0405,CT,FOV-A,pancreas,6,-16.420521789688483,46.07759707244357,-13.279500761684858,16.420521789688483,46.07759707244357,13.279500761684858,50.68652314270217,0.10495156125456874,0.8264082462154309,0.06864019253000035
amos_0405,CT,FOV-A,adrenal_gland_right,7,-15.802508989706153,48.05713272121099,8.163435328471337,15.802508989706153,48.05713272121099,8.163435328471337,51.243038279516234,0.0951004010594389,0.8795205017153185,0.025379097225242397
amos_0405,CT,FOV-A,adrenal_gland_left,8,-14.164247534946327,40.34268880124773,1.5886592241760127,14.164247534946327,40.34268880124773,1.5886592241760127,42.78647316706662,0.10959078468020526,0.8890305828013314,0.001378632518463447
amos_0405,CT,FOV-A,duodenum,18,-13.871996542840929,44.93602890986439,-7.8774729420111385,13.871996542840929,44.93602890986439,7.8774729420111385,47.68368234757963,0.08463273414335022,0.8880753346545626,0.027291931202087033
amos_0405,CT,FOV-A,urinary_bladder,20,-15.571249158278825,49.473365517788366,-16.78177280527194,15.571249158278825,49.473365517788366,16.78177280527194,54.513352442256334,0.08159078772758178,0.8236394278733177,0.09476978439910066
amos_0405,CT,FOV-A,prostate,21,5.6414763038865665,48.61190690477996,-43.62057991437358,5.6414763038865665,48.61190690477996,43.62057991437358,65.55683595074245,0.007405417832581117,0.5498564780715803,0.44273810409583875
amos_0408,CT,FOV-B,spleen,0,8.261141837242704,60.41519679129124,-41.93801275786649,8.261141837242704,60.41519679129124,41.93801275786649,74.00702251722103,0.012460466265957305,0.6664177028590101,0.3211218308750326
amos_0408,CT,FOV-B,kidney_right,1,19.405023779006342,52.34868812145706,-30.539408742973478,19.405023779006342,52.34868812145706,30.539408742973478,63.63643282170824,0.09298581554964996,0.6767058814550189,0.23030830299533117
amos_0408,CT,FOV-B,kidney_left,2,16.58647398092259,49.4720164188455,-13.23003068842695,16.58647398092259,49.4720164188455,13.23003068842695,53.82959445958198,0.09494365087388375,0.8446504313353589,0.060405917790757505
amos_0408,CT,FOV-B,gallbladder,3,-14.309665167668513,57.18884099764274,-78.07981582344189,14.309665167668513,57.18884099764274,78.07981582344189,97.83551344418373,0.021392714070093313,0.3416878476909225,0.6369194382389841
amos_0408,CT,FOV-B,esophagus,14,27.597035086831436,40.93497967996811,-13.306700524102098,27.597035086831436,40.93497967996811,13.306700524102098,51.13058953132993,0.29131527092766146,0.640955026951872,0.06772970212046674
amos_0408,CT,FOV-B,liver,4,9.2449988575829,65.76635943952034,-45.01549478460396,9.2449988575829,65.76635943952034,45.01549478460396,80.23140786816346,0.013277762540944382,0.6719218705559025,0.3148003669031534
amos_0408,CT,FOV-B,stomach,5,61.935827536629866,76.7242984146638,-56.90545290221223,61.935827536629866,76.7242984146638,56.90545290221223,113.84592777027835,0.2959708147293768,0.4541829746055003,0.24984621066512305
amos_0408,CT,FOV-B,aorta,51,23.553560188450504,43.41097254081163,-0.6143571253376763,23.553560188450504,43.41097254081163,0.6143571253376763,49.392916184079624,0.22739650569458808,0.7724487864152626,0.00015470789014929292
amos_0408,CT,FOV-B,inferior_vena_cava,62,17.474348616323763,47.31383758054736,-30.568059498951584,17.474348616323763,47.31383758054736,30.568059498951584,58.97760886721906,0.08778648691190556,0.6435792413631201,0.2686342717249743
amos_0408,CT,FOV-B,pancreas,6,9.593367316570303,50.53592269766227,-34.90213090113332,9.593367316570303,50.53592269766227,34.90213090113332,62.16165152901411,0.023817548475854048,0.6609297642926583,0.31525268723148747
amos_0408,CT,FOV-B,adrenal_gland_right,7,11.4298428062204,42.86507192873685,-16.758956548504045,11.4298428062204,42.86507192873685,16.758956548504045,47.42276165118749,0.0580907297791057,0.8170213977850588,0.12488787243583556
amos_0408,CT,FOV-B,adrenal_gland_left,8,16.823510313650935,43.79788332259463,-13.879863033748563,16.823510313650935,43.79788332259463,13.879863033748563,48.927862007743116,0.118228113462438,0.8012974613502436,0.08047442518731827
amos_0408,CT,FOV-B,duodenum,18,3.1713838752809096,53.045697826775324,-45.1876806501038,3.1713838752809096,53.045697826775324,45.1876806501038,69.75550312448269,0.002067000951042288,0.5782869382886373,0.4196460607603203
amos_0408,CT,FOV-B,urinary_bladder,20,21.370354904844902,39.137227035748765,-24.464365368576296,21.370354904844902,39.137227035748765,24.464365368576296,50.86177131887925,0.1765389371524993,0.592102836310116,0.23135822653738486
amos_0408,CT,FOV-B,prostate,21,9.977034696302457,30.564298095921174,-7.8123950930759065,9.977034696302457,30.564298095921174,7.8123950930759065,33.08702247887939,0.09092589656669423,0.8533230569036513,0.055751046529654784
amos_0410,CT,FOV-B,spleen,0,-22.354288534586054,74.1416083994832,-25.058346801321772,22.354288534586054,74.1416083994832,25.058346801321772,81.39172596993602,0.0754329666707677,0.8297810074779585,0.09478602585127369
amos_0410,CT,FOV-B,kidney_right,1,-26.622096701492893,40.23760645952879,-10.966984597333557,26.622096701492893,40.23760645952879,10.966984597333557,49.478033080688476,0.28950739396139025,0.6613622836668375,0.04913032237177228
amos_0410,CT,FOV-B,kidney_left,2,-15.966824102188752,48.45292187087665,-6.89793599888457,15.966824102188752,48.45292187087665,6.89793599888457,51.48015764136917,0.09619607352472043,0.8858500354495449,0.01795389102573473
amos_0410,CT,FOV-B,gallbladder,3,-25.882163721220763,26.071457798282303,-54.65206731785614,25.882163721220763,26.071457798282303,54.65206731785614,65.85177121942257,0.15447785795577315,0.15674572677559875,0.6887764152686279
amos_0410,CT,FOV-B,esophagus,14,-9.475751367370496,41.47814975982536,-19.781449589023097,9.475751367370496,41.47814975982536,19.781449589023097,46.920491465006904,0.04078516360232917,0.781472402702292,0.17774243369537893
amos_0410,CT,FOV-B,liver,4,-19.809384175092347,37.83105593789412,-33.33674907171593,19.809384175092347,37.83105593789412,33.33674907171593,54.175080373203194,0.13370351370638195,0.48763828848793367,0.3786581978056844
amos_0410,CT,FOV-B,stomach,5,12.318542903457292,91.85421185706042,-64.24076453956938,12.318542903457292,91.85421185706042,64.24076453956938,112.7644383827386,0.011933679181033777,0.6635197092162124,0.32454661160275394
amos_0410,CT,FOV-B,aorta,51,-6.2877008503598795,46.53344612796717,5.930600679952132,6.2877008503598795,46.53344612796717,5.930600679952132,47.329365249843434,0.017649092617024947,0.9666495931241158,0.015701314258859178
amos_0410,CT,FOV-B,inferior_vena_cava,62,-12.933511342395413,45.687870187315426,-32.385775528106905,12.933511342395413,45.687870187315426,32.385775528106905,57.476044178890604,0.050635972660762876,0.6318705094825146,0.3174935178567226
amos_0410,CT,FOV-B,pancreas,6,17.179544928075032,60.99845989659978,-44.307651665978206,17.179544928075032,60.99845989659978,44.307651665978206,77.32474940047658,0.04936126360469107,0.6223012847468582,0.3283374516484506
amos_0410,CT,FOV-B,adrenal_gland_right,7,-19.073310885739723,41.91700311409332,-17.97987853900588,19.073310885739723,41.91700311409332,17.97987853900588,49.43786373305779,0.1488444970786486,0.718887707520946,0.1322677954004054
amos_0410,CT,FOV-B,adrenal_gland_left,8,-14.154058286997193,57.05661479840178,-19.108561538895195,14.154058286997193,57.05661479840178,19.108561538895195,61.81368604387429,0.0524315474351426,0.8520061277481026,0.0955623248167549
amos_0410,CT,FOV-B,duodenum,18,-21.77245051818494,50.73526737234977,-57.23977857799929,21.77245051818494,50.73526737234977,57.23977857799929,79.5267200918598,0.07495290708939277,0.40699939559739906,0.5180476973132081
amos_0410,CT,FOV-B,urinary_bladder,20,5.382344474271708,26.014556273340148,-65.04350535277209,5.382344474271708,26.014556273340148,65.04350535277209,70.25940761716252,0.0058685932728436705,0.13709571397211961,0.8570356927550369
amos_0410,CT,FOV-B,prostate,21,-7.096601606145747,49.591569216954326,2.7733288559609264,7.096601606145747,49.591569216954326,2.7733288559609264,50.17346753713189,0.02000564772905883,0.9769390477147323,0.003055304556208893
amos_0530,MRI,FOV-C,spleen,0,-9.955936371740819,51.00161931530948,13.005767562143928,9.955936371740819,51.00161931530948,13.005767562143928,53.567115207955865,0.034543608866605714,0.9065075245960443,0.05894886653734985
amos_0530,MRI,FOV-C,kidney_right,1,-15.719813278780222,69.4819923748445,-22.919526203970474,15.719813278780222,69.4819923748445,22.919526203970474,74.83424667431451,0.044125941409237084,0.8620724062053284,0.0938016523854344
amos_0530,MRI,FOV-C,kidney_left,2,-21.726702428863483,64.24368776240584,-13.62466701758893,21.726702428863483,64.24368776240584,13.62466701758893,69.17320700304455,0.09865334397384269,0.8625516367155254,0.03879501931063206
amos_0530,MRI,FOV-C,gallbladder,3,-23.658251287913288,87.60633227880895,24.3423397073802,23.658251287913288,87.60633227880895,24.3423397073802,93.95281694433984,0.06340823564629627,0.8694635606444362,0.06712820370926768
amos_0530,MRI,FOV-C,esophagus,14,-14.44501186435686,59.03566714937317,-5.317083988303494,14.44501186435686,59.03566714937317,5.317083988303494,61.00934146236674,0.056058714078119055,0.9363458209285128,0.007595464993368166
amos_0530,MRI,FOV-C,liver,4,-8.387340066950237,64.30112382639521,1.1097005230051522,8.387340066950237,64.30112382639521,1.1097005230051522,64.85532695150674,0.016724656155165753,0.9829825780900565,0.0002927657547778547
amos_0530,MRI,FOV-C,stomach,5,-8.892967269361705,69.58845109454909,-2.8603627814202386,8.892967269361705,69.58845109454909,2.8603627814202386,70.21267027989836,0.016042143893262664,0.9822982261834572,0.0016596299232801948
amos_0530,MRI,FOV-C,aorta,51,-6.322012040926841,54.985129179851874,-7.827610790881162,6.322012040926841,54.985129179851874,7.827610790881162,55.898155227736645,0.01279132950699145,0.9675993070531456,0.019609363439862863
amos_0530,MRI,FOV-C,inferior_vena_cava,62,-14.491527308762915,58.82245820898773,-11.790297101069877,14.491527308762915,58.82245820898773,11.790297101069877,61.71788281543872,0.05513232151233555,0.9083731750475358,0.03649450344012872
amos_0530,MRI,FOV-C,pancreas,6,-5.757999546642244,66.46930554016095,2.775971888000118,5.757999546642244,66.46930554016095,2.775971888000118,66.77596242431382,0.007435376088969767,0.9908364405665299,0.0017281833445003123
amos_0530,MRI,FOV-C,adrenal_gland_right,7,-12.709076451860955,59.345197735823504,-13.759761162416956,12.709076451860955,59.345197735823504,13.759761162416956,62.231054513080494,0.041707452513252544,0.9094039621163411,0.0488885853704062
amos_0530,MRI,FOV-C,adrenal_gland_left,8,-4.8239520421187265,54.4829874255237,2.198800682964281,4.8239520421187265,54.4829874255237,2.198800682964281,54.74030650770819,0.007765894985134225,0.9906206484564314,0.0016134565584342922
amos_0530,MRI,FOV-C,duodenum,18,-21.519327527280453,63.302460128063814,-3.5699808834606443,21.519327527280453,63.302460128063814,3.5699808834606443,66.95541560620585,0.10329658667860206,0.8938605213249966,0.002842891996401422
amos_0522,MRI,FOV-B,spleen,0,-0.90306877383928,59.95480020117739,-27.036850764136396,0.90306877383928,59.95480020117739,27.036850764136396,65.77526054388206,0.00018850223204968356,0.8308502712004441,0.16896122656750603
amos_0522,MRI,FOV-B,kidney_right,1,10.048810845535456,50.90062608747684,-28.62170962960819,10.048810845535456,50.90062608747684,28.62170962960819,59.254152577081754,0.0287601905927546,0.7379189539938824,0.23332085541336314
amos_0522,MRI,FOV-B,kidney_left,2,-5.451864146542917,52.51888598712789,-24.616987530163218,5.451864146542917,52.51888598712789,24.616987530163218,58.25763712219634,0.008757584135964547,0.8126906789746843,0.1785517368893512
amos_0522,MRI,FOV-B,gallbladder,3,6.380826271186436,57.863814316226936,-30.646535679445428,6.380826271186436,57.863814316226936,30.646535679445428,65.78864719902191,0.009407016990589514,0.7735924180120018,0.21700056499740883
amos_0522,MRI,FOV-B,esophagus,14,7.335078760477543,50.59970727866853,-13.801167888725061,7.335078760477543,50.59970727866853,13.801167888725061,52.958530872769934,0.019183935487552504,0.9129019847371201,0.06791407977532714
amos_0522,MRI,FOV-B,liver,4,10.65389878371002,61.26714768170662,-23.26604427755438,10.65389878371002,61.26714768170662,23.26604427755438,66.39636858044804,0.02574710942315586,0.851464743349633,0.12278814722721111
amos_0522,MRI,FOV-B,stomach,5,4.256438035651168,67.50893103763724,-23.425432048045174,4.256438035651168,67.50893103763724,23.425432048045174,71.58438308201993,0.003535542463851145,0.8893769905426002,0.10708746699354861
amos_0522,MRI,FOV-B,aorta,51,6.260521168462404,51.71027254751415,-3.916147561308925,6.260521168462404,51.71027254751415,3.916147561308925,52.2348793811272,0.01436480663522357,0.9800144092750166,0.005620784089759911
amos_0522,MRI,FOV-B,inferior_vena_cava,62,6.126134745279952,59.098745303683806,-27.44104207934756,6.126134745279952,59.098745303683806,27.44104207934756,65.44617646423309,0.00876202588542859,0.815432399692306,0.1758055744222658
amos_0522,MRI,FOV-B,pancreas,6,14.974715825131584,62.43848024271899,-29.523640076955456,14.974715825131584,62.43848024271899,29.523640076955456,70.67143165705266,0.04489824861802593,0.7805790101769766,0.17452274120499758
amos_0522,MRI,FOV-B,adrenal_gland_right,7,5.440277369411149,57.6463991451201,-24.81918957347407,5.440277369411149,57.6463991451201,24.81918957347407,62.99758823430207,0.00745751676024741,0.8373297504075298,0.15521273283222278
amos_0522,MRI,FOV-B,adrenal_gland_left,8,0.6744644616623141,51.121658855212445,-20.756472323616713,0.6744644616623141,51.121658855212445,20.756472323616713,55.17889134206878,0.0001494074321081267,0.8583490583387522,0.1415015342291397
amos_0522,MRI,FOV-B,duodenum,18,2.7370032331377416,56.76701395182726,-36.053454260546616,2.7370032331377416,56.76701395182726,36.053454260546616,67.30406097571293,0.0016537432407187002,0.71139295754284,0.28695329921644114
amos_0507,MRI,FOV-C,spleen,0,2.214233565784866,39.35149734631497,10.707269204483751,2.214233565784866,39.35149734631497,10.707269204483751,40.84224268448256,0.002939190240108095,0.9283320857995602,0.06872872396033172
amos_0507,MRI,FOV-C,kidney_right,1,9.50866866192031,64.36265442588112,-30.055674541256394,9.50866866192031,64.36265442588112,30.055674541256394,71.66805171481576,0.017603062533060158,0.8065228885791208,0.1758740488878194
amos_0507,MRI,FOV-C,kidney_left,2,-10.758412228524918,58.358818267856456,-30.30861258113798,10.758412228524918,58.358818267856456,30.30861258113798,66.63412864210866,0.026067712123804737,0.7670426845565738,0.20688960331962145
amos_0507,MRI,FOV-C,gallbladder,3,5.85445027464705,59.57466369108191,-53.742477225211246,5.85445027464705,59.57466369108191,53.742477225211246,80.44668420902242,0.005296097191793502,0.5484119403791317,0.4462919624290748
amos_0507,MRI,FOV-C,esophagus,14,0.766847021270749,43.923000105030006,-12.988356921582138,0.766847021270749,43.923000105030006,12.988356921582138,45.809555860135866,0.00028022398680571577,0.9193308425457409,0.08038893346745346
amos_0507,MRI,FOV-C,liver,4,15.491651074874198,55.05593694545075,-29.411185423442475,15.491651074874198,55.05593694545075,29.411185423442475,64.31302569448287,0.05802264588783377,0.7328421356879952,0.20913521842417127
amos_0507,MRI,FOV-C,stomach,5,-8.258257176793617,66.16024994865484,-30.253898566203492,8.258257176793617,66.16024994865484,30.253898566203492,73.21663652012892,0.012722054706702124,0.8165348521104268,0.17074309318287104
amos_0507,MRI,FOV-C,aorta,51,1.3758207849015838,44.2596067086237,-14.8664061132415,1.3758207849015838,44.2596067086237,14.8664061132415,46.709910078676444,0.0008675722851158523,0.8978360483879808,0.10129637932690339
amos_0507,MRI,FOV-C,inferior_vena_cava,62,-1.9808774274524161,55.23570424158036,-33.99774032366699,1.9808774274524161,55.23570424158036,33.99774032366699,64.89031704007479,0.0009318701794570085,0.7245694167140754,0.27449871310646773
amos_0507,MRI,FOV-C,pancreas,6,1.7841329067357243,62.52401945562354,-28.215153518323472,1.7841329067357243,62.52401945562354,28.215153518323472,68.61873670637378,0.0006760346720715136,0.8302489643419882,0.1690750009859405
amos_0507,MRI,FOV-C,adrenal_gland_right,7,-1.302772941885081,54.83832837481832,-23.549630397974056,1.302772941885081,54.83832837481832,23.549630397974056,59.695264202143335,0.00047627490863139875,0.8438954752300339,0.15562824986133447
amos_0507,MRI,FOV-C,adrenal_gland_left,8,1.301950539093088,59.43763357121538,-24.938401962026294,1.301950539093088,59.43763357121538,24.938401962026294,64.4705456171414,0.00040781789642282924,0.8499636036149889,0.14962857848858857
amos_0507,MRI,FOV-C,duodenum,18,-14.718996580179471,55.04144938509869,-46.75804909337157,14.718996580179471,55.04144938509869,46.75804909337157,73.70566576429428,0.03987995521731034,0.5576708911554105,0.40244915362727907
amos_0508,MRI,FOV-A,spleen,0,4.381667982497277,29.504180760960004,-49.31990287796336,4.381667982497277,29.504180760960004,49.31990287796336,57.63808217295214,0.005779095730683791,0.26202822602060893,0.732192678248707
amos_0508,MRI,FOV-A,kidney_right,1,-14.46102079983471,41.406128341882464,-41.95921243260563,14.46102079983471,41.406128341882464,41.95921243260563,60.69731538381431,0.05676216292002011,0.4653613194600336,0.4778765176199462
amos_0508,MRI,FOV-A,kidney_left,2,-5.256100632639388,32.50446562540464,-24.66227564097776,5.256100632639388,32.50446562540464,24.66227564097776,41.13872529922517,0.016323966002892626,0.6242871556963855,0.3593888783007219
amos_0508,MRI,FOV-A,gallbladder,3,-22.42008452584842,62.14221589321742,-85.06457589080382,22.42008452584842,62.14221589321742,85.06457589080382,107.70467611829932,0.04333166460975512,0.33289276216952735,0.6237755732207174
amos_0508,MRI,FOV-A,esophagus,14,-1.4361808864100034,44.53285548529453,-36.81378220639819,1.4361808864100034,44.53285548529453,36.81378220639819,57.796992945591356,0.0006174585346969628,0.5936775133814771,0.40570502808382586
amos_0508,MRI,FOV-A,liver,4,-28.08576277191007,44.863206176424725,-73.36225203527333,28.08576277191007,44.863206176424725,73.36225203527333,90.46290600348503,0.09638986608473703,0.2459458763673407,0.6576642575479225
amos_0508,MRI,FOV-A,stomach,5,-24.660946887165885,29.985302135880705,-60.75814463556196,24.660946887165885,29.985302135880705,60.75814463556196,72.10293187594756,0.11698054669381663,0.17294619414489482,0.7100732591612887
amos_0508,MRI,FOV-A,aorta,51,1.2696025238518445,51.51724582527012,-22.079374034151435,1.2696025238518445,51.51724582527012,22.079374034151435,56.06368936958968,0.000512828563405642,0.8443877543493289,0.15509941708726566
amos_0508,MRI,FOV-A,inferior_vena_cava,62,-3.69352535120793,39.21000458436724,-33.32349846042412,3.69352535120793,39.21000458436724,33.32349846042412,51.58994222392582,0.0051256870351801985,0.5776485707819532,0.4172257421828667
amos_0508,MRI,FOV-A,pancreas,6,-18.702584876724046,39.35315353223232,-73.37615177760449,18.702584876724046,39.35315353223232,73.37615177760449,85.33766474243696,0.048031014542511734,0.21265596604760184,0.7393130194098863
amos_0508,MRI,FOV-A,adrenal_gland_right,7,-32.9115307871764,43.70926467147099,-57.73943412672904,32.9115307871764,43.70926467147099,57.73943412672904,79.54565311914186,0.17118403598386805,0.3019354433695395,0.5268805206465926
amos_0508,MRI,FOV-A,adrenal_gland_left,8,-3.316563874966299,45.80375045101024,-53.62260737233843,3.316563874966299,45.80375045101024,53.62260737233843,70.60005079830407,0.00220681895124553,0.42091272225280846,0.5768804587959462
amos_0508,MRI,FOV-A,duodenum,18,-29.843877243566034,49.13134556936312,-71.3304116317816,29.843877243566034,49.13134556936312,71.3304116317816,91.6109914253995,0.106124418499738,0.28762203221295557,0.6062535492873061
amos_0514,MRI,FOV-A,spleen,0,12.757672389875268,46.586230708406966,-2.440953996501648,12.757672389875268,46.586230708406966,2.440953996501648,48.36314043605257,0.06958472310746415,0.9278679176168845,0.0025473592756514825
amos_0514,MRI,FOV-A,kidney_right,1,-15.468481693841944,39.95309837454676,82.39232788138702,15.468481693841944,39.95309837454676,82.39232788138702,92.86560013994912,0.027745057934889367,0.18509350943353212,0.7871614326315786
amos_0514,MRI,FOV-A,kidney_left,2,12.926604787483143,43.69561107489102,71.75114061423271,12.926604787483143,43.69561107489102,71.75114061423271,84.99782184258203,0.023128813220122463,0.264277409602814,0.7125937771770636
amos_0514,MRI,FOV-A,gallbladder,3,-16.19882484295637,19.759528022606943,14.628692243612264,16.19882484295637,19.759528022606943,14.628692243612264,29.442138351812883,0.3027110820924872,0.4504166490387651,0.24687226886874783
amos_0514,MRI,FOV-A,esophagus,14,2.743655400797664,47.93719593936853,-51.447214038990964,2.743655400797664,47.93719593936853,51.447214038990964,70.37270942532685,0.001520024482654598,0.464020009809758,0.5344599657075872
amos_0514,MRI,FOV-A,liver,4,-11.520788376106687,43.66510946444925,24.361851969536197,11.520788376106687,43.66510946444925,24.361851969536197,51.31150144689751,0.05041211897883389,0.7241685512994405,0.2254193297217257
amos_0514,MRI,FOV-A,stomach,5,3.4764814508616197,30.800341057602733,1.1790270173681279,3.4764814508616197,30.800341057602733,1.1790270173681279,31.01833388901663,0.012561540414993947,0.9859936501099894,0.0014448094750166378
amos_0514,MRI,FOV-A,aorta,51,1.3029482505757681,57.46166360547975,-51.52573056673336,1.3029482505757681,57.46166360547975,51.52573056673336,77.19094097683092,0.00028491916569703786,0.5541453846553829,0.4455696961789202
amos_0514,MRI,FOV-A,inferior_vena_cava,62,0.14067645531391548,51.242955446201066,19.372059852996912,0.14067645531391548,51.242955446201066,19.372059852996912,54.7826338877068,6.59412257424211e-06,0.8749485625430927,0.12504484333433308
amos_0514,MRI,FOV-A,pancreas,6,-5.956704492326838,40.40715031628069,39.24140765663576,5.956704492326838,40.40715031628069,39.24140765663576,56.6401641943743,0.011060203146915781,0.5089410004001641,0.47999879645292043
amos_0514,MRI,FOV-A,adrenal_gland_right,7,-8.21292831302447,58.24818465037937,51.5961458166309,8.21292831302447,58.24818465037937,51.5961458166309,78.24618501671893,0.011017161600832666,0.5541641732194575,0.43481866517970963
amos_0514,MRI,FOV-A,adrenal_gland_left,8,-5.067491029262534,65.31341782571016,23.461224422849916,5.067491029262534,65.31341782571016,23.461224422849916,69.5841294033832,0.005303536732991526,0.8810172781513654,0.11367918511564327
amos_0514,MRI,FOV-A,duodenum,18,-11.132308210959721,32.07746718793883,81.98475083995048,11.132308210959721,32.07746718793883,81.98475083995048,88.73776849564031,0.015738141188116814,0.13067217875418352,0.8535896800576998
amos_0510,MRI,FOV-A,spleen,0,11.897784899276346,35.48641159178244,45.84495549914182,11.897784899276346,35.48641159178244,45.84495549914182,59.18279004819841,0.04041488577041633,0.35952848148949834,0.6000566327400855
amos_0510,MRI,FOV-A,kidney_right,1,-20.753647131449448,46.00594707059783,56.510367212043754,20.753647131449448,46.00594707059783,56.510367212043754,75.76729266351938,0.0750283366021143,0.3686925927614909,0.5562790706363948
amos_0510,MRI,FOV-A,kidney_left,2,9.921488576373378,40.39917249890638,63.52877858105701,9.921488576373378,40.39917249890638,63.52877858105701,75.93704486065064,0.017070501842056832,0.2830333126533072,0.6998961855046361
amos_0510,MRI,FOV-A,gallbladder,3,-19.562538180209206,20.790164878340143,20.009976408621704,19.562538180209206,20.790164878340143,20.009976408621704,34.86148320990242,0.3148898658226766,0.3556510915575857,0.3294590426197377
amos_0510,MRI,FOV-A,esophagus,14,9.994623787222203,44.274044871426696,17.83131216755021,9.994623787222203,44.274044871426696,17.83131216755021,48.76514377649098,0.04200624726920133,0.8242887712233264,0.13370498150747206
amos_0510,MRI,FOV-A,liver,4,-4.87781971503797,33.180040252810535,44.3370165714594,4.87781971503797,33.180040252810535,44.3370165714594,55.59207888547078,0.007698846478057038,0.3562279463904499,0.6360732071314932
amos_0510,MRI,FOV-A,stomach,5,-17.169814709590604,19.865926375107,57.5343649607135,17.169814709590604,19.865926375107,57.5343649607135,63.242870897322675,0.07370688612074519,0.09867212707150501,0.8276209868077499
amos_0510,MRI,FOV-A,aorta,51,6.726610310687555,47.22238602716658,13.573956855158826,6.726610310687555,47.22238602716658,13.573956855158826,49.5928758298639,0.018397294091062322,0.9066867470542723,0.07491595885466525
amos_0510,MRI,FOV-A,inferior_vena_cava,62,-4.977463188587665,43.354240408500345,55.1039584619886,4.977463188587665,43.354240408500345,55.1039584619886,70.29090651977931,0.005014386724997923,0.38042134301621516,0.614564270258787
amos_0510,MRI,FOV-A,pancreas,6,-3.364245580838592,40.81913830206481,45.61868220244231,3.364245580838592,40.81913830206481,45.61868220244231,61.307294557325825,0.003011279573969405,0.4433057474571167,0.5536829729689139
amos_0510,MRI,FOV-A,adrenal_gland_right,7,-10.472262328583675,46.52667789014228,45.22389401898804,10.472262328583675,46.52667789014228,45.22389401898804,65.72366867432454,0.025388522649300884,0.5011416433869943,0.473469833963705
amos_0510,MRI,FOV-A,adrenal_gland_left,8,4.530745097243717,42.556578254460064,62.05381651654575,4.530745097243717,42.556578254460064,62.05381651654575,75.38080755824593,0.003612581776540255,0.3187218453896143,0.6776655728338455
amos_0510,MRI,FOV-A,duodenum,18,-11.592283921318426,48.093508045656684,50.77211570467094,11.592283921318426,48.093508045656684,50.77211570467094,70.8884637707617,0.026741569267626143,0.460279659967351,0.512978770765023
amos_0540,MRI,FOV-B,spleen,0,-2.6344955684333797,65.20561345259246,-36.138771371561866,2.6344955684333797,65.20561345259246,36.138771371561866,74.5970735945789,0.0012472438277831882,0.7640581083022091,0.2346946478700078
amos_0540,MRI,FOV-B,kidney_right,1,-3.3776031961717763,63.40508637601374,-37.78029402149964,3.3776031961717763,63.40508637601374,37.78029402149964,73.88480085952398,0.002089811138674663,0.7364410402913292,0.2614691485699961
amos_0540,MRI,FOV-B,kidney_left,2,-11.221341404727113,65.98255763920612,-53.21875576549692,11.221341404727113,65.98255763920612,53.21875576549692,85.50937013427367,0.01722114949322203,0.5954302255974299,0.3873486249093481
amos_0540,MRI,FOV-B,gallbladder,3,1.2890437230691134,71.31493149659481,-34.57974722185115,1.2890437230691134,71.31493149659481,34.57974722185115,79.26689098237118,0.00026445491790767366,0.8094262593022794,0.1903092857798128
amos_0540,MRI,FOV-B,esophagus,14,0.245704775594365,48.59514597193961,-12.807859653221485,0.245704775594365,48.59514597193961,12.807859653221485,50.25524700732738,2.3903658271206565e-05,0.935024430186665,0.06495166615506374
amos_0540,MRI,FOV-B,liver,4,18.842642403864296,64.00800255260977,-30.114262068795227,18.842642403864296,64.00800255260977,30.114262068795227,73.20476995034464,0.06625289376424397,0.7645216511508061,0.16922545508495004
amos_0540,MRI,FOV-B,stomach,5,18.449298269803148,78.15568230680528,-29.32254748171134,18.449298269803148,78.15568230680528,29.32254748171134,85.48976005527008,0.04657270982556784,0.8357818226064325,0.1176454675679996
amos_0540,MRI,FOV-B,aorta,51,-2.02391570418346,52.14423171233642,0.985323405952581,2.02391570418346,52.14423171233642,0.985323405952581,52.19279641733895,0.001503708683734034,0.9981398923250882,0.0003563989911779836
amos_0540,MRI,FOV-B,inferior_vena_cava,62,-1.6923226930183546,58.12867509246938,-50.80855159901396,1.6923226930183546,58.12867509246938,50.80855159901396,77.2225079862914,0.0004802623611293829,0.5666214930588118,0.4328982445800586
amos_0540,MRI,FOV-B,pancreas,6,5.85389693711079,64.70566215770747,-30.713198965376655,5.85389693711079,64.70566215770747,30.713198965376655,71.86370026170727,0.0066354593590181145,0.8107097968716824,0.18265474376929935
amos_0540,MRI,FOV-B,adrenal_gland_right,7,-1.0632746525472,62.62170393344995,-31.95554262312222,1.0632746525472,62.62170393344995,31.95554262312222,70.3119126525057,0.0002286825876297139,0.7932168610883743,0.2065544563239961
amos_0540,MRI,FOV-B,adrenal_gland_left,8,-1.6017079505559622,50.849085214885775,-38.405172688604914,1.6017079505559622,50.849085214885775,38.405172688604914,63.74286018677821,0.0006313985341777456,0.6363604719051884,0.3630081295606338
amos_0540,MRI,FOV-B,duodenum,18,-9.87337753430743,59.27754373623583,-51.63845937672627,9.87337753430743,59.27754373623583,51.63845937672627,79.23282944675222,0.015528201473155027,0.5597190251676739,0.4247527733591712
amos_0538,MRI,FOV-C,spleen,0,-1.3475479848063259,33.527431336958486,6.082666585501158,1.3475479848063259,33.527431336958486,6.082666585501158,34.10136904020414,0.0015615102832711712,0.9666225764331253,0.031815913283603905
amos_0538,MRI,FOV-C,kidney_right,1,3.3351276808988786,42.07243889373697,12.357566164503083,3.3351276808988786,42.07243889373697,12.357566164503083,43.97638721660979,0.005751562373929575,0.9152848643507652,0.07896357327530534
amos_0538,MRI,FOV-C,kidney_left,2,7.302241290840094,44.85163618937226,10.499544928525097,7.302241290840094,44.85163618937226,10.499544928525097,46.639387221956234,0.024513576976111326,0.9248065776627007,0.05067984536118794
amos_0538,MRI,FOV-C,gallbladder,3,1.2278537696079468,51.904578358158304,-16.2804063420456,1.2278537696079468,51.904578358158304,16.2804063420456,54.411804877984466,0.0005092218516635694,0.9099658014887883,0.08952497665954827
amos_0538,MRI,FOV-C,esophagus,14,-3.55017936850294,41.31117884485692,-3.2980811554329463,3.55017936850294,41.31117884485692,3.2980811554329463,41.594405998981635,0.0072850198322800255,0.9864278446305161,0.006287135537203954
amos_0538,MRI,FOV-C,liver,4,-6.850634803651857,58.05319497016981,2.4541600427184314,6.850634803651857,58.05319497016981,2.4541600427184314,58.5074999036263,0.013710034638332067,0.9845304920624273,0.0017594732992408954
amos_0538,MRI,FOV-C,stomach,5,-9.466292264194857,55.79194998427802,-2.2404958053179698,9.466292264194857,55.79194998427802,2.2404958053179698,56.63366661035628,0.027938974281266574,0.9704959371819379,0.0015650885367952784
amos_0538,MRI,FOV-C,aorta,51,8.141014719285073,42.64686932763394,6.092242556834584,8.141014719285073,42.64686932763394,6.092242556834584,43.84229696855774,0.0344802559531879,0.9462103887768325,0.019309355269979428
amos_0538,MRI,FOV-C,inferior_vena_cava,62,2.2143678894608243,39.976862132872505,9.640482785777785,2.2143678894608243,39.976862132872505,9.640482785777785,41.18242148639937,0.0028911844006092808,0.9423096672902902,0.05479914830910058
amos_0538,MRI,FOV-C,pancreas,6,-12.286758364483765,41.32686901985038,3.5883086391066357,12.286758364483765,41.32686901985038,3.5883086391066357,43.26373184297175,0.0806541425651325,0.9124667573957466,0.006879100039120968
amos_0538,MRI,FOV-C,adrenal_gland_right,7,-9.988216823008742,46.58790063950532,5.866951891386769,9.988216823008742,46.58790063950532,5.866951891386769,48.00643796196196,0.0432889405486852,0.94177534202898,0.014935717422334821
amos_0538,MRI,FOV-C,adrenal_gland_left,8,17.144473113857057,50.0713166684337,-0.5051687299386671,17.144473113857057,50.0713166684337,0.5051687299386671,52.92754393232358,0.1049264073752804,0.8949824945000082,9.109812471118787e-05
amos_0538,MRI,FOV-C,duodenum,18,-15.101327993881462,40.57116895623524,-3.85089709930007,15.101327993881462,40.57116895623524,3.85089709930007,43.46146875248893,0.12073174640318211,0.8714174334205619,0.007850820176255791
amos_0532,MRI,FOV-B,spleen,0,0.2860381156104097,44.44968000699916,9.636591760855758,0.2860381156104097,44.44968000699916,9.636591760855758,45.483181191442576,3.954996936621939e-05,0.9550708994718724,0.04488955055876135
amos_0532,MRI,FOV-B,kidney_right,1,5.287193145145352,59.46840701921132,-3.26878108505322,5.287193145145352,59.46840701921132,3.26878108505322,59.79239729713683,0.007819129737339276,0.9891921880421116,0.0029886822205491266
amos_0532,MRI,FOV-B,kidney_left,2,-7.955227701893655,54.37812198071293,7.985250701171367,7.955227701893655,54.37812198071293,7.985250701171367,55.53404385328723,0.020520438271062386,0.9588039430713555,0.020675618657582124
amos_0532,MRI,FOV-B,gallbladder,3,-9.546981611794152,70.94414177141854,-30.97369228581214,9.546981611794152,70.94414177141854,30.97369228581214,77.99734433553009,0.014982094777661445,0.8273198538696974,0.1576980513526412
amos_0532,MRI,FOV-B,esophagus,14,10.061009022478036,46.482314914177756,-5.327491408235861,10.061009022478036,46.482314914177756,5.327491408235861,47.85615599936965,0.04419849222119657,0.9434086948727547,0.012392812906048623
amos_0532,MRI,FOV-B,liver,4,-4.403268222491448,68.14798705559735,-8.89382632896913,4.403268222491448,68.14798705559735,8.89382632896913,68.86680664542921,0.004088183599962062,0.9792333006691901,0.016678515730847734
amos_0532,MRI,FOV-B,stomach,5,2.3643899012264455,56.928533554506046,-0.502126649918317,2.3643899012264455,56.928533554506046,0.502126649918317,56.97982452977633,0.0017218526227709117,0.9982004897121454,7.76576650838283e-05
amos_0532,MRI,FOV-B,aorta,51,8.712983020259284,45.007570797654466,1.0542249212009622,8.712983020259284,45.007570797654466,1.0542249212009622,45.85530386336663,0.036103938774242894,0.9633675096090797,0.0005285516166775515
amos_0532,MRI,FOV-B,inferior_vena_cava,62,-5.891541889537727,53.90240596086743,-14.379382536680623,5.891541889537727,53.90240596086743,14.379382536680623,56.097649472527195,0.0110298247215453,0.9232662756947269,0.06570389958372777
amos_0532,MRI,FOV-B,pancreas,6,7.937705259642151,51.229242184386564,-8.73365409326449,7.937705259642151,51.229242184386564,8.73365409326449,52.57108647722889,0.022797962364403665,0.9496027375116866,0.02759930012390973
amos_0532,MRI,FOV-B,adrenal_gland_right,7,-4.022514949145588,53.0403290534709,5.09305465158041,4.022514949145588,53.0403290534709,5.09305465158041,53.435908697247335,0.005666683219790762,0.9852490417406808,0.009084275039528519
amos_0532,MRI,FOV-B,adrenal_gland_left,8,-0.2613822081014625,46.18398227075767,10.235941286796297,0.2613822081014625,46.18398227075767,10.235941286796297,47.305422871707975,3.0530237783364905e-05,0.9531492212960452,0.046820248466171215
amos_0532,MRI,FOV-B,duodenum,18,-16.232435307495273,51.91377259314756,-25.695294606888112,16.232435307495273,51.91377259314756,25.695294606888112,60.15629564559167,0.07281237402410676,0.7447371365508274,0.18245048942506595
amos_0541,MRI,FOV-B,kidney_right,1,14.852684986417344,59.43060782845275,1.7448898932948893,14.852684986417344,59.43060782845275,1.7448898932948893,61.28330962753904,0.05873886050448936,0.9404504554402107,0.0008106840553000053
amos_0541,MRI,FOV-B,kidney_left,2,-15.939983294745915,66.88212492456339,-32.54413111052959,15.939983294745915,66.88212492456339,32.54413111052959,76.06853601589175,0.043910219458888476,0.7730543160813355,0.18303546445977628
amos_0541,MRI,FOV-B,gallbladder,3,17.222433504440914,77.96750325390903,-13.597422708651237,17.222433504440914,77.96750325390903,13.597422708651237,80.99650414543179,0.04521228780167222,0.9266051387238273,0.028182573474500466
amos_0541,MRI,FOV-B,esophagus,14,-6.351914469560657,50.34574189402491,-14.410312499328825,6.351914469560657,50.34574189402491,14.410312499328825,52.75128103294461,0.01449917400105339,0.9108764390188189,0.07462438698012755
amos_0541,MRI,FOV-B,liver,4,2.38274132664867,67.15494018529523,-11.292449819098735,2.38274132664867,67.15494018529523,11.292449819098735,68.13943696888875,0.001222803613140382,0.9713122182735857,0.027464978113274065
amos_0541,MRI,FOV-B,stomach,5,4.494144185066077,108.07495351648379,-57.22785614461212,4.494144185066077,108.07495351648379,57.22785614461212,122.37410031724325,0.0013486988263639256,0.7799577736994052,0.21869352747423085
amos_0541,MRI,FOV-B,aorta,51,2.168135016163607,54.09259655229876,-0.7385547908887276,2.168135016163607,54.09259655229876,0.7385547908887276,54.14106827905433,0.0016036847726547557,0.9982102300426433,0.00018608518470192263
amos_0541,MRI,FOV-B,inferior_vena_cava,62,-0.5692229176066128,59.666070021361676,-25.669231291777095,0.5692229176066128,59.666070021361676,25.669231291777095,64.95593399863257,7.679396477952989e-05,0.8437566392746679,0.15616656676055263
amos_0541,MRI,FOV-B,pancreas,6,-5.061760164954958,72.55294558039574,-27.22255214248227,5.061760164954958,72.55294558039574,27.22255214248227,77.65705810491121,0.004248555140796906,0.8728673121904571,0.12288413266874613
amos_0541,MRI,FOV-B,adrenal_gland_right,7,4.823517677651708,66.67059733957538,-7.52225441226895,4.823517677651708,66.67059733957538,7.52225441226895,67.26677622604872,0.005141934261082712,0.9823527458258213,0.012505319913096022
amos_0541,MRI,FOV-B,adrenal_gland_left,8,-5.480958504057064,65.23538504230856,-32.00195277316297,5.480958504057064,65.23538504230856,32.00195277316297,72.8685209746788,0.005657611461568772,0.8014686713310809,0.1928737172073503
amos_0541,MRI,FOV-B,duodenum,18,-9.59476382480154,67.14132031802464,-26.598071409174395,9.59476382480154,67.14132031802464,26.598071409174395,72.8524110073843,0.01734525623740325,0.84936018014642,0.1332945636161765
amos_0518,MRI,FOV-A,spleen,0,-12.794559818496609,44.66319491231137,-10.794192677145865,12.794559818496609,44.66319491231137,10.794192677145865,47.69713132123937,0.07195586173991336,0.8768292991868445,0.05121483907324216
amos_0518,MRI,FOV-A,kidney_right,1,13.813329878803266,56.53002837938776,-30.865909158395638,13.813329878803266,56.53002837938776,30.865909158395638,65.87227443385689,0.04397354200562751,0.7364666565463537,0.21955980144801887
amos_0518,MRI,FOV-A,kidney_left,2,-12.88056690093044,52.535871995038626,-16.115963420762885,12.88056690093044,52.535871995038626,16.115963420762885,56.441572683154355,0.05208009197425954,0.8663904917056892,0.08152941632005127
amos_0518,MRI,FOV-A,gallbladder,3,19.604090262091233,61.62591744457029,28.78998224272253,19.604090262091233,61.62591744457029,28.78998224272253,70.78797308459603,0.07669630346000725,0.7578929050121284,0.16541079152786442
amos_0518,MRI,FOV-A,esophagus,14,-1.1058868256493515,51.99320221733402,12.92950383126535,1.1058868256493515,51.99320221733402,12.92950383126535,53.58813424449892,0.000425876911075117,0.9413602566627174,0.058213866426207524
amos_0518,MRI,FOV-A,liver,4,2.9135935646998448,41.71500652118898,23.059984511795484,2.9135935646998448,41.71500652118898,23.059984511795484,47.753467750597416,0.0037226148829018176,0.763088313496132,0.23318907162096605
amos_0518,MRI,FOV-A,stomach,5,-16.25678769670146,36.661740846993204,11.06927515460059,16.25678769670146,36.661740846993204,11.06927515460059,41.604029138966474,0.15268581253053046,0.7765248932507917,0.07078929421867813
amos_0518,MRI,FOV-A,aorta,51,-1.190493035713864,56.889681764904935,-22.773487958070362,1.190493035713864,56.889681764904935,22.773487958070362,61.290169837883596,0.0003772871976689112,0.8615596658334002,0.13806304696893104
amos_0518,MRI,FOV-A,inferior_vena_cava,62,1.9898911606470548,53.764964358655554,-2.075178550768463,1.9898911606470548,53.764964358655554,2.075178550768463,53.84178140938775,0.0013659028292968209,0.9971485990775288,0.0014854980931745835
amos_0518,MRI,FOV-A,pancreas,6,0.5993383136185635,47.529448821138644,-8.734730691275741,0.5993383136185635,47.529448821138644,8.734730691275741,48.329113709073155,0.00015378940666115707,0.9671813072755903,0.03266490331774869
amos_0518,MRI,FOV-A,adrenal_gland_right,7,4.210740517437557,44.62188657084869,-7.464485088755588,4.210740517437557,44.62188657084869,7.464485088755588,45.4374474908872,0.008587942064318553,0.9644239861292921,0.02698807180638898
amos_0518,MRI,FOV-A,adrenal_gland_left,8,-3.0564268708930555,49.9247472186316,-3.7149676526015654,3.0564268708930555,49.9247472186316,3.7149676526015654,50.155987825196476,0.0037134915649525762,0.9908003986203007,0.005486109814746713
amos_0518,MRI,FOV-A,duodenum,18,6.548527463162747,52.387574079114344,-13.362661717233838,6.548527463162747,52.387574079114344,13.362661717233838,54.46009417913007,0.01445874273288271,0.9253367270033773,0.06020453026374006
amos_0518,MRI,FOV-A,urinary_bladder,20,-28.1964856984805,92.36963129461046,-62.819427174946014,28.1964856984805,92.36963129461046,62.819427174946014,115.21055082688929,0.059897053637044055,0.6427971079657046,0.2973058383972512
amos_0518,MRI,FOV-A,prostate,21,19.201548695837545,84.43129949440952,-105.21771005635301,19.201548695837545,84.43129949440952,105.21771005635301,136.26485356149644,0.01985659639248336,0.3839186763189218,0.5962247272885947
amos_0548,MRI,FOV-B,spleen,0,-30.819894166190863,44.86228759761349,19.652616226627458,30.819894166190863,44.86228759761349,19.652616226627458,57.86809180763862,0.28365076715571186,0.601013886745387,0.11533534609890088
amos_0548,MRI,FOV-B,kidney_right,1,2.839322063926339,31.282421525794796,-6.975589724594556,2.839322063926339,31.282421525794796,6.975589724594556,32.17624120847675,0.007786794199314264,0.9452139219283767,0.04699928387230913
amos_0548,MRI,FOV-B,kidney_left,2,-30.126305401838103,30.88730743691871,0.8407464018518027,30.126305401838103,30.88730743691871,0.8407464018518027,43.15468563643791,0.4873442363306301,0.5122762091909809,0.0003795544783888593
amos_0548,MRI,FOV-B,gallbladder,3,-10.642574968104569,74.07420888458648,-18.11271581197296,10.642574968104569,74.07420888458648,18.11271581197296,76.99560570522432,0.019105638518663988,0.9255548569369882,0.0553395045443478
amos_0548,MRI,FOV-B,esophagus,14,-4.983218548026972,38.66106495293819,-7.334155291870163,4.983218548026972,38.66106495293819,7.334155291870163,39.664848975358176,0.01578367968119629,0.9500271475641017,0.03418917275470214
amos_0548,MRI,FOV-B,liver,4,5.606085258356956,62.737649690372024,-18.455230671810877,5.606085258356956,62.737649690372024,18.455230671810877,65.63563376509404,0.007295247500675361,0.9136442465136613,0.07906050598566335
amos_0548,MRI,FOV-B,stomach,5,-6.825011152249218,74.90870067587613,-17.53757292424241,6.825011152249218,74.90870067587613,17.53757292424241,77.23639477765292,0.007808412416188317,0.9406337145775355,0.05155787300627637
amos_0548,MRI,FOV-B,aorta,51,-7.470007478848767,31.4814290470199,-4.748123769592603,7.470007478848767,31.4814290470199,4.748123769592603,32.70208045228889,0.05217846610712613,0.9267404324964637,0.021081101396410375
amos_0548,MRI,FOV-B,inferior_vena_cava,62,-1.87400822902611,43.10481639364029,-33.60046866135668,1.87400822902611,43.10481639364029,33.60046866135668,54.68572571919212,0.0011743431731333742,0.6213032699046127,0.3775223869222539
amos_0548,MRI,FOV-B,pancreas,6,-23.171764727563364,49.81596819868266,-13.519678981484411,23.171764727563364,49.81596819868266,13.519678981484411,56.58041258177695,0.1677204429025194,0.7751842334341504,0.057095323663330116
amos_0548,MRI,FOV-B,adrenal_gland_right,7,-5.155149695018736,33.058690899218135,2.879232936705165,5.155149695018736,33.058690899218135,2.879232936705165,33.58187896249862,0.023565278552110255,0.9690837688961981,0.007350952551691692
amos_0548,MRI,FOV-B,adrenal_gland_left,8,-20.733418030750432,36.727539740049636,6.7031793420332235,20.733418030750432,36.727539740049636,6.7031793420332235,42.70502794620597,0.23571313681046865,0.7396489649478342,0.024637898241697244
amos_0548,MRI,FOV-B,duodenum,18,-23.178314335007773,41.69025524502365,-36.32821269992104,23.178314335007773,41.69025524502365,36.32821269992104,59.958741445917234,0.14943718569310901,0.48346394505799734,0.36709886924889357
amos_0555,MRI,FOV-B,spleen,0,0.22456476631940347,65.84713342909959,-23.304317156473815,0.22456476631940347,65.84713342909959,23.304317156473815,69.84974307965231,1.033602637612637e-05,0.8886773686690297,0.11131229530459427
amos_0555,MRI,FOV-B,kidney_right,1,-0.7099944908187865,44.67805058949624,1.2246050849275107,0.7099944908187865,44.67805058949624,1.2246050849275107,44.7004692846575,0.0002522817253966315,0.9989971884555757,0.0007505298190275159
amos_0555,MRI,FOV-B,kidney_left,2,7.540546480178506,53.68953236826987,-13.690958795742088,7.540546480178506,53.68953236826987,13.690958795742088,55.91840555568388,0.018184278890887473,0.921870002915173,0.05994571819393972
amos_0555,MRI,FOV-B,gallbladder,3,2.0825531797542,59.613132596708205,-37.005233184690404,2.0825531797542,59.613132596708205,37.005233184690404,70.19579680288935,0.0008801769362218955,0.7212098871011662,0.27790993596261204
amos_0555,MRI,FOV-B,esophagus,14,6.061037162903244,57.84471513153216,-14.344523144643233,6.061037162903244,57.84471513153216,14.344523144643233,59.904195048305304,0.010237158328479403,0.9324228325706617,0.05734000910085877
amos_0555,MRI,FOV-B,liver,4,-6.460397223600438,67.40824949525573,-17.476752688413498,6.460397223600438,67.40824949525573,17.476752688413498,69.9360115879746,0.008533294248929343,0.9290185295909584,0.06244817616011202
amos_0555,MRI,FOV-B,stomach,5,19.33015881403086,78.57047810454632,-24.17670499152254,19.33015881403086,78.57047810454632,24.17670499152254,84.44813872193845,0.052395100822672916,0.8656426139856574,0.08196228519166958
amos_0555,MRI,FOV-B,aorta,51,7.698058696648394,52.12321311806261,-7.151070228647654,7.698058696648394,52.12321311806261,7.151070228647654,53.17167722446857,0.020960503797941805,0.9609518786415173,0.01808761756054063
amos_0555,MRI,FOV-B,inferior_vena_cava,62,0.44955452536017404,54.97948916362328,-24.01429493434928,0.44955452536017404,54.97948916362328,24.01429493434928,59.99693899823686,5.6144414923367166e-05,0.8397368536510035,0.16020700193407317
amos_0555,MRI,FOV-B,pancreas,6,5.573181296021398,62.993173978923,-23.95809178093561,5.573181296021398,62.993173978923,23.95809178093561,67.62536860883583,0.006791833818793453,0.8676961927877683,0.12551197339343834
amos_0555,MRI,FOV-B,adrenal_gland_right,7,-0.2893225031406601,55.075018555844196,-8.325830918400229,0.2893225031406601,55.075018555844196,8.325830918400229,55.70153352394524,2.6979265612123798e-05,0.9776310813071252,0.02234193942726281
amos_0555,MRI,FOV-B,adrenal_gland_left,8,1.2345670544126506,48.80214698059754,-3.639227098638898,1.2345670544126506,48.80214698059754,3.639227098638898,48.95321929764328,0.0006360142577872852,0.9938374141482073,0.0055265715940056356
amos_0555,MRI,FOV-B,duodenum,18,-1.986070409276664,56.2853263576351,-19.197147236713544,1.986070409276664,56.2853263576351,19.197147236713544,59.50220921011383,0.0011140972455203708,0.8947963337160425,0.1040895690384371
amos_0517,MRI,FOV-B,spleen,0,-16.32637153213375,70.02542123623124,23.939033142822325,16.32637153213375,70.02542123623124,23.939033142822325,75.78381974095815,0.04641158156250164,0.8538045746531234,0.09978384378437488
amos_0517,MRI,FOV-B,kidney_right,1,-8.128986655384068,66.11407684587813,40.0900711723791,8.128986655384068,66.11407684587813,40.0900711723791,77.74551683430057,0.010932566084842275,0.723164613109223,0.26590282080593447
amos_0517,MRI,FOV-B,kidney_left,2,-11.800224676468446,70.89682852849475,43.97221059126031,11.800224676468446,70.89682852849475,43.97221059126031,84.25651845463392,0.019614332501468153,0.7080217457692397,0.2723639217292923
amos_0517,MRI,FOV-B,gallbladder,3,-9.778321598278517,92.6933528949903,5.3348539312480625,9.778321598278517,92.6933528949903,5.3348539312480625,93.36023731044345,0.010969952304472399,0.9857647621045231,0.0032652855910046763
amos_0517,MRI,FOV-B,esophagus,14,-8.697328735307234,80.73156912268172,4.419425583967044,8.697328735307234,80.73156912268172,4.419425583967044,81.31888527662292,0.011439023118480269,0.9856073963439668,0.0029535805375529092
amos_0517,MRI,FOV-B,liver,4,-8.076988508047798,87.75410537925231,13.985292907730013,8.076988508047798,87.75410537925231,13.985292907730013,89.22784975548306,0.008194039917040307,0.9672395171076901,0.024566442975269588
amos_0517,MRI,FOV-B,stomach,5,-2.6546160366284894,87.3809759470437,-2.192472108436391,2.6546160366284894,87.3809759470437,2.192472108436391,87.44877859470665,0.0009215012554931822,0.9984499186002045,0.0006285801443025206
amos_0517,MRI,FOV-B,aorta,51,2.1145584001493383,79.75190775561687,21.324724774188766,2.1145584001493383,79.75190775561687,21.324724774188766,82.58076068057841,0.000655664409485407,0.9326622597112545,0.06668207587926009
amos_0517,MRI,FOV-B,inferior_vena_cava,62,-7.4308442816949025,79.16166525976936,8.422671015385077,7.4308442816949025,79.16166525976936,8.422671015385077,79.95453758525517,0.008637540349553094,0.9802652588716255,0.011097200778821523
amos_0517,MRI,FOV-B,pancreas,6,-2.7130463285673905,84.57119963526567,30.378756791998164,2.7130463285673905,84.57119963526567,30.378756791998164,89.90282138151332,0.0009106841488497653,0.8849084448618433,0.11418087098930679
amos_0517,MRI,FOV-B,adrenal_gland_right,7,-3.9630850456389446,84.06886994926155,40.13035800811969,3.9630850456389446,84.06886994926155,40.13035800811969,93.2401553596125,0.00180659501421205,0.8129511362512156,0.1852422687345723
amos_0517,MRI,FOV-B,adrenal_gland_left,8,-3.517052858775024,84.23807636082648,35.800765900556605,3.517052858775024,84.23807636082648,35.800765900556605,91.59758735278079,0.0014743130905154665,0.8457632540432886,0.15276243286619592
amos_0517,MRI,FOV-B,duodenum,18,-1.2397464780995673,72.78046341301993,12.303130664487455,1.2397464780995673,72.78046341301993,12.303130664487455,73.82343699727983,0.0002820182704705152,0.9719437054472021,0.027774276282327374
amos_0570,MRI,FOV-B,spleen,0,-34.51554675344516,65.59494858297599,6.652597510149505,34.51554675344516,65.59494858297599,6.652597510149505,74.41960293447265,0.21510713583994376,0.7769017414286863,0.007991122731369742
amos_0570,MRI,FOV-B,kidney_right,1,-6.542247925849338,38.54424827121359,18.664762291695848,6.542247925849338,38.54424827121359,18.664762291695848,43.32243569008722,0.022804904870691704,0.7915774771393926,0.1856176179899157
amos_0570,MRI,FOV-B,kidney_left,2,-17.541326219513522,60.8628686638157,8.988980669816431,17.541326219513522,60.8628686638157,8.988980669816431,63.97490665105035,0.07518055524513781,0.9050769709112378,0.019742473843624292
amos_0570,MRI,FOV-B,esophagus,14,-0.3042648556362266,64.32641805144364,3.5313574616719734,0.3042648556362266,64.32641805144364,3.5313574616719734,64.42399492389133,2.2305310833719377e-05,0.9969730850321235,0.003004609657042917
amos_0570,MRI,FOV-B,liver,4,-2.466260830234617,56.40682452647711,4.577061215110799,2.466260830234617,56.40682452647711,4.577061215110799,56.645933525809255,0.0018955730871526278,0.9915755878245932,0.006528839088253987
amos_0570,MRI,FOV-B,stomach,5,-12.925911614853476,73.76400838007689,2.8401987829931095,12.925911614853476,73.76400838007689,2.8401987829931095,74.941809775972,0.02974911226089505,0.9688145746421188,0.0014363130969859263
amos_0570,MRI,FOV-B,aorta,51,3.949235327145578,56.67768601201835,5.860587351168042,3.949235327145578,56.67768601201835,5.860587351168042,57.11657408709652,0.004780812665074397,0.9846908937559797,0.010528293578946128
amos_0570,MRI,FOV-B,inferior_vena_cava,62,-6.395079130593196,55.93360342531048,-6.592827538770886,6.395079130593196,55.93360342531048,6.592827538770886,56.6827169795382,0.012728889811404243,0.9737428448706187,0.013528265317977255
amos_0570,MRI,FOV-B,pancreas,6,-24.931179851925343,56.67494443385721,21.55934282604739,24.931179851925343,56.67494443385721,21.55934282604739,65.56232392526132,0.1446028940777256,0.7472630834394859,0.1081340224827881
amos_0570,MRI,FOV-B,adrenal_gland_right,7,-10.01801840420427,57.71953117633688,22.01140679414245,10.01801840420427,57.71953117633688,22.01140679414245,62.58120325641175,0.025625705581883863,0.8506634469676353,0.12371084745048092
amos_0570,MRI,FOV-B,adrenal_gland_left,8,-9.265484799620925,47.76479946669712,23.95147428204936,9.265484799620925,47.76479946669712,23.95147428204936,54.23097267198393,0.029190498254284318,0.775748830893698,0.19506067085201775
amos_0570,MRI,FOV-B,duodenum,18,-24.04569833072616,51.80567449517001,-9.36182430139505,24.04569833072616,51.80567449517001,9.36182430139505,57.8763101135688,0.17261284814254932,0.8012222384126627,0.02616491344478813
amos_0571,MRI,FOV-B,spleen,0,-12.734368488692752,70.01614939591227,21.435212879506174,12.734368488692752,70.01614939591227,21.435212879506174,74.32290137115386,0.02935685415861421,0.8874647975989792,0.0831783482424063
amos_0571,MRI,FOV-B,kidney_right,1,-4.340104636138108,55.66841184563256,13.324821151932367,4.340104636138108,55.66841184563256,13.324821151932367,57.40522140361951,0.005716070908333122,0.9404048722765496,0.053879056815117295
amos_0571,MRI,FOV-B,kidney_left,2,-15.978032420524315,60.421366084094686,14.864546873571316,15.978032420524315,60.421366084094686,14.864546873571316,64.2416823663275,0.061860408640042545,0.8846006797533501,0.053538911606607106
amos_0571,MRI,FOV-B,gallbladder,3,-9.789219668785805,64.20968572351521,-2.5893122363212484,9.789219668785805,64.20968572351521,2.5893122363212484,65.00320838461359,0.022679138993659722,0.9757341447844798,0.0015867162218606173
amos_0571,MRI,FOV-B,esophagus,14,-2.8349424791824287,51.802539022573704,-2.5976971136967535,2.8349424791824287,51.802539022573704,2.5976971136967535,51.94504767867725,0.0029785178323394517,0.9945206259400537,0.0025008562276068597
amos_0571,MRI,FOV-B,liver,4,-4.573532163595303,66.46222805498945,-4.564627265074947,4.573532163595303,66.46222805498945,4.564627265074947,66.77560015869518,0.00469102638015998,0.9906361967873801,0.004672776832459971
amos_0571,MRI,FOV-B,stomach,5,8.601539127835895,76.35205976791634,-1.2200324618697067,8.601539127835895,76.35205976791634,1.2200324618697067,76.84472646433962,0.012529224771838278,0.9872187090164284,0.0002520662117333715
amos_0571,MRI,FOV-B,aorta,51,-1.008446802327306,49.41336959539747,4.913309402628585,1.008446802327306,49.41336959539747,4.913309402628585,49.66727966187028,0.0004122543423288081,0.989801694551361,0.009786051106310251
amos_0571,MRI,FOV-B,inferior_vena_cava,62,-5.605930135177012,52.57447630166125,4.367677867244865,5.605930135177012,52.57447630166125,4.367677867244865,53.052602396361735,0.011165597736624908,0.9820566168394725,0.0067777854239025005
amos_0571,MRI,FOV-B,pancreas,6,-12.063647754944867,59.19141951947325,9.635276735736497,12.063647754944867,59.19141951947325,9.635276735736497,61.171842375883124,0.03889145346068905,0.9362986322690879,0.024809914270222982
amos_0571,MRI,FOV-B,adrenal_gland_right,7,-3.416019719251743,55.05353181364697,7.841066088043718,3.416019719251743,55.05353181364697,7.841066088043718,55.71393787263314,0.0037593523023741384,0.9764334736645596,0.019807174033066217
amos_0571,MRI,FOV-B,adrenal_gland_left,8,-12.657321943411135,49.14972810778938,25.820641153411962,12.657321943411135,49.14972810778938,25.820641153411962,56.943911715143436,0.04940706534655658,0.744985199390799,0.20560773526264445
amos_0571,MRI,FOV-B,duodenum,18,-22.764524698769442,56.25395027694029,-1.195369113802883,22.764524698769442,56.25395027694029,1.195369113802883,60.6972768239201,0.14066263875937912,0.8589495095877129,0.0003878516529079015
amos_0580,MRI,FOV-A,spleen,0,-15.65040331860149,46.441311101556984,-17.276650731079805,15.65040331860149,46.441311101556984,17.276650731079805,51.963575332632885,0.09070955120906653,0.798750042294112,0.11054040649682163
amos_0580,MRI,FOV-A,kidney_right,1,-2.6868212793311352,41.420704941785296,-32.49759300153687,2.6868212793311352,41.420704941785296,32.49759300153687,52.71610149996908,0.0025977119212004752,0.6173740925210128,0.38002819555778644
amos_0580,MRI,FOV-A,kidney_left,2,0.5922709111422364,32.65421708881681,-26.074959351667843,0.5922709111422364,32.65421708881681,26.074959351667843,41.79177172251604,0.00020084417485926326,0.6105159087892007,0.3892832470359401
amos_0580,MRI,FOV-A,gallbladder,3,-12.745041620829817,20.312496004219128,-46.11775722896817,12.745041620829817,20.312496004219128,46.11775722896817,51.979622080851534,0.060119627475539006,0.1527074941009078,0.7871728784235531
amos_0580,MRI,FOV-A,esophagus,14,-4.013412774722198,45.60518571985649,0.6679204639773246,4.013412774722198,45.60518571985649,0.6679204639773246,45.78631416033732,0.007683450358782999,0.9921037464522545,0.00021280318896228225
amos_0580,MRI,FOV-A,liver,4,-4.4768848939370125,42.81968932838774,-36.93173178417844,4.4768848939370125,42.81968932838774,36.93173178417844,56.723197239856816,0.006229173857389699,0.5698566487308216,0.42391417741178883
amos_0580,MRI,FOV-A,stomach,5,-8.326269119083022,44.74859392745059,-41.015461869641406,8.326269119083022,44.74859392745059,41.015461869641406,61.270152017987286,0.018467281619943043,0.5334096539638775,0.44812306441617944
amos_0580,MRI,FOV-A,aorta,51,-0.6330003013153416,57.187080025150124,-1.1252516905692147,0.6330003013153416,57.187080025150124,1.1252516905692147,57.201652096347,0.00012245899445049443,0.9994905666339465,0.0003869743716029117
amos_0580,MRI,FOV-A,inferior_vena_cava,62,2.8603836298228487,44.91947106946422,-20.375171958560674,2.8603836298228487,44.91947106946422,20.375171958560674,49.407370988660276,0.003351699519803403,0.826581682661212,0.17006661781898466
amos_0580,MRI,FOV-A,pancreas,6,-6.823617848132834,37.53432858571239,-30.9787194555189,6.823617848132834,37.53432858571239,30.9787194555189,49.14334789186964,0.019279684116301724,0.5833481491445677,0.3973721667391307
amos_0580,MRI,FOV-A,adrenal_gland_right,7,-3.7130090583863904,37.51089960995725,-25.165893799278727,3.7130090583863904,37.51089960995725,25.165893799278727,45.323021043753535,0.006711418437461364,0.6849790025433445,0.3083095790191941
amos_0580,MRI,FOV-A,adrenal_gland_left,8,1.702658962435052,40.18827323877268,-20.915182226305507,1.702658962435052,40.18827323877268,20.915182226305507,45.33697388463613,0.0014104259177675155,0.7857667274139358,0.2128228466682967
amos_0580,MRI,FOV-A,duodenum,18,-12.23739250790694,47.01178539080201,-30.046321707729717,12.23739250790694,47.01178539080201,30.046321707729717,57.119551724324594,0.04589952584727992,0.6773979983330671,0.27670247581965274
amos_0582,MRI,FOV-A,spleen,0,7.520936831117609,27.690482824440714,19.467546336226462,7.520936831117609,27.690482824440714,19.467546336226462,34.67438089168186,0.047046405879026205,0.6377399534138081,0.3152136407071658
amos_0582,MRI,FOV-A,kidney_right,1,0.21975676061533278,40.564709805169805,2.5867426988060522,0.21975676061533278,40.564709805169805,2.5867426988060522,40.64769627422078,2.9228909705874895e-05,0.9959209616324135,0.004049809457880761
amos_0582,MRI,FOV-A,kidney_left,2,9.904601909695579,26.97897588211962,29.552933195795926,9.904601909695579,26.97897588211962,29.552933195795926,41.22307774915301,0.057728892099837725,0.42832171514797834,0.513949392752184
amos_0582,MRI,FOV-A,gallbladder,3,-10.150639262948054,47.63236060411964,-33.415285460610285,10.150639262948054,47.63236060411964,33.415285460610285,59.06317428467136,0.02953610477960582,0.6503851887362692,0.32007870648412506
amos_0582,MRI,FOV-A,esophagus,14,11.110028461288056,45.6420611823753,20.60135051975999,11.110028461288056,45.6420611823753,20.60135051975999,51.29372402764626,0.046913937104867194,0.7917754574801047,0.16131060541502815
amos_0582,MRI,FOV-A,liver,4,-0.5903923962292126,46.34392809744726,-1.716448095019885,0.5903923962292126,46.34392809744726,1.716448095019885,46.379461281323486,0.0001620429389731939,0.9984683059617678,0.0013696510992589018
amos_0582,MRI,FOV-A,stomach,5,-9.724658364025835,19.625556916804253,-0.7627321545152341,9.724658364025835,19.625556916804253,0.7627321545152341,21.916049482771122,0.19689022785193855,0.8018985618183548,0.001211210329706609
amos_0582,MRI,FOV-A,aorta,51,8.177846331696507,49.58370704311221,5.624222698273002,8.177846331696507,49.58370704311221,5.624222698273002,50.567312126726556,0.02615400195752466,0.9614755543049127,0.01237044373756274
amos_0582,MRI,FOV-A,inferior_vena_cava,62,8.65937488489289,39.01954923003605,32.73506764470404,8.65937488489289,39.01954923003605,32.73506764470404,51.66328144064864,0.028093710884006487,0.5704275877075435,0.4014787014084499
amos_0582,MRI,FOV-A,pancreas,6,-11.015157814702572,26.899781966889208,12.366074485423766,11.015157814702572,26.899781966889208,12.366074485423766,31.58879183710624,0.12159491556132966,0.7251560720921492,0.153249012346521
amos_0582,MRI,FOV-A,adrenal_gland_right,7,-3.136302132731565,32.36546119663117,20.656316458010203,3.136302132731565,32.36546119663117,20.656316458010203,38.52327710815732,0.006628104353290658,0.7058576899538722,0.28751420569283703
amos_0582,MRI,FOV-A,adrenal_gland_left,8,13.814758492074407,19.241795062965892,38.47799260851363,13.814758492074407,19.241795062965892,38.47799260851363,45.18462287792552,0.0934771085522248,0.18134677884002834,0.7251761126077467
amos_0582,MRI,FOV-A,duodenum,18,-15.219980139398995,34.802858710106875,-15.645849620797534,15.219980139398995,34.802858710106875,15.645849620797534,41.0813751010841,0.13725817721183572,0.7176949535610333,0.14504686922713078
amos_0584,MRI,FOV-B,spleen,0,-10.44249152166671,61.27770967553943,-4.71784281829342,10.44249152166671,61.27770967553943,4.71784281829342,62.339885892724425,0.028059262800585925,0.9662133713016682,0.005727365897745944
amos_0584,MRI,FOV-B,kidney_right,1,21.81261306619757,59.26291826806801,9.823004404703774,21.81261306619757,59.26291826806801,9.823004404703774,63.90911504596345,0.11649030522696556,0.8598851706128972,0.023624524160137297
amos_0584,MRI,FOV-B,kidney_left,2,-1.4918110889741598,60.32045003446245,0.14141259430362396,1.4918110889741598,60.32045003446245,0.14141259430362396,60.33906023636012,0.0006112664761552668,0.9993832409096398,5.492614205042501e-06
amos_0584,MRI,FOV-B,gallbladder,3,16.82310752486356,70.08168799228935,-20.206987384852805,16.82310752486356,70.08168799228935,20.206987384852805,74.85173530261883,0.05051364353632858,0.8766078616507401,0.07287849481293118
amos_0584,MRI,FOV-B,esophagus,14,16.20605674286683,56.961305581529935,-1.8395070393880175,16.20605674286683,56.961305581529935,1.8395070393880175,59.25040417459961,0.07481213966039832,0.9242239863213059,0.0009638740182957166
amos_0584,MRI,FOV-B,liver,4,18.44508144323582,79.26628861228227,-13.656918202985004,18.44508144323582,79.26628861228227,13.656918202985004,82.52197861549524,0.04995993785423314,0.9226516943314864,0.027388367814280622
amos_0584,MRI,FOV-B,stomach,5,14.510564564492505,78.17600115379726,-17.46949080273546,14.510564564492505,78.17600115379726,17.46949080273546,81.4077806434107,0.031771431994989566,0.9221786710492811,0.046049896955729405
amos_0584,MRI,FOV-B,aorta,51,16.038994852164567,52.41810406187072,-1.5022108205925724,16.038994852164567,52.41810406187072,1.5022108205925724,54.83761142371516,0.08554551324951429,0.9137040662115097,0.0007504205389758033
amos_0584,MRI,FOV-B,inferior_vena_cava,62,15.49353514012586,60.07972990787496,-5.9975644085116775,15.49353514012586,60.07972990787496,5.9975644085116775,62.334535819044696,0.06177938538064108,0.9289631431643736,0.009257471454985268
amos_0584,MRI,FOV-B,pancreas,6,-1.021471391200123,62.59783054408379,-3.4086584888609117,1.021471391200123,62.59783054408379,3.4086584888609117,62.69888950629471,0.00026541943329998224,0.9967789694883133,0.002955611078386721
amos_0584,MRI,FOV-B,adrenal_gland_right,7,18.2733184910582,59.342507269568074,7.350315852079563,18.2733184910582,59.342507269568074,7.350315852079563,62.52579052550812,0.08541152277938072,0.9007689361569499,0.013819541063669392
amos_0584,MRI,FOV-B,adrenal_gland_left,8,0.23713853351029712,48.44406352256172,14.074443105160164,0.23713853351029712,48.44406352256172,14.074443105160164,50.447730117245726,2.209637336117942e-05,0.9221421419790279,0.07783576164761064
amos_0584,MRI,FOV-B,duodenum,18,0.8829048836286608,64.7859715239543,-11.618332514105248,0.8829048836286608,64.7859715239543,11.618332514105248,65.82543032707396,0.00017990383621461218,0.9686670736055052,0.031153022558280348
amos_0583,MRI,FOV-A,spleen,0,10.601284145657075,32.4530446991387,-35.1044062269755,10.601284145657075,32.4530446991387,35.1044062269755,48.96842525883154,0.04686889061773464,0.4392164725998368,0.5139146367824287
amos_0583,MRI,FOV-A,kidney_right,1,-0.5710436430592409,36.07539273342493,18.045740795860716,0.5710436430592409,36.07539273342493,18.045740795860716,40.34115532039852,0.00020037426352662973,0.7996970096309217,0.20010261610555186
amos_0583,MRI,FOV-A,kidney_left,2,8.317641198949339,26.88758786828194,-6.7346574109515345,8.317641198949339,26.88758786828194,6.7346574109515345,28.939266523737707,0.08260861198835191,0.8632342161051013,0.054157171906546966
amos_0583,MRI,FOV-A,gallbladder,3,1.3307671711037017,36.55533416581372,-23.712684101559212,1.3307671711037017,36.55533416581372,23.712684101559212,43.59305890320538,0.0009319003367666295,0.7031805149473405,0.2958875847158931
amos_0583,MRI,FOV-A,esophagus,14,3.4600494922920184,37.09557421567221,-11.711836934563522,3.4600494922920184,37.09557421567221,11.711836934563522,39.05407396497017,0.007849318162285613,0.9022180412776765,0.0899326405600382
amos_0583,MRI,FOV-A,liver,4,-9.526959235501728,48.15274472598993,-24.808274456266474,9.526959235501728,48.15274472598993,24.808274456266474,54.99909325087739,0.030005271090280117,0.7665333156665687,0.2034614132431513
amos_0583,MRI,FOV-A,stomach,5,9.468512925032336,25.6688065900912,-31.922373787571505,9.468512925032336,25.6688065900912,31.922373787571505,42.04257743055778,0.05072065896544876,0.37276290697893416,0.576516434055617
amos_0583,MRI,FOV-A,aorta,51,-0.1574247473290935,41.09944165024298,4.259543107555601,0.1574247473290935,41.09944165024298,4.259543107555601,41.319881340559576,1.4515362243274245e-05,0.9893585525748957,0.010626932062861146
amos_0583,MRI,FOV-A,inferior_vena_cava,62,3.1330346568774914,47.422797079562486,-15.429642321468826,3.1330346568774914,47.422797079562486,15.429642321468826,49.96810433845793,0.003931376618991514,0.9007174657851712,0.09535115759583737
amos_0583,MRI,FOV-A,pancreas,6,-1.7305695957919909,38.060575199013314,-28.660063872051246,1.7305695957919909,38.060575199013314,28.660063872051246,47.67600567115165,0.0013175843059508002,0.6373103466060961,0.361372069087953
amos_0583,MRI,FOV-A,adrenal_gland_right,7,3.248683487150277,52.07259355697079,-32.85694167193245,3.248683487150277,52.07259355697079,32.85694167193245,61.6578264308914,0.00277612092856411,0.7132503544346275,0.2839735246368083
amos_0583,MRI,FOV-A,adrenal_gland_left,8,3.559661697832894,49.28498269089602,-46.57533942328559,3.559661697832894,49.28498269089602,46.57533942328559,67.90392442737901,0.0027480694368092013,0.5267923597822025,0.47045957078098843
amos_0583,MRI,FOV-A,duodenum,18,-3.828533386019757,42.772032938054444,-0.00045619107076788623,3.828533386019757,42.772032938054444,0.00045619107076788623,42.94303750027463,0.007948393449669942,0.9920516064374781,1.1285168300501127e-10
amos_0551,MRI,FOV-B,spleen,0,-26.376737795261604,56.09817921677308,11.3155736882662,26.376737795261604,56.09817921677308,11.3155736882662,63.01412711489191,0.17521299564944587,0.7925408962993011,0.032246108051252914
amos_0551,MRI,FOV-B,kidney_right,1,1.6511571499602269,67.87238612721542,2.3994871317579936,1.6511571499602269,67.87238612721542,2.3994871317579936,67.93485598005755,0.000590733365141922,0.9981617351004564,0.0012475315344017675
amos_0551,MRI,FOV-B,kidney_left,2,-20.737583613552886,63.69586149931283,23.61143612034583,20.737583613552886,63.69586149931283,23.61143612034583,71.02612239122949,0.08524719336679512,0.8042410212539174,0.11051178537928731
amos_0551,MRI,FOV-B,gallbladder,3,-4.006697844408155,79.69721033787721,3.6965521860009503,4.006697844408155,79.69721033787721,3.6965521860009503,79.88343671450332,0.002515704945141,0.9953429818156655,0.0021413132391932036
amos_0551,MRI,FOV-B,esophagus,14,-9.977223796070597,60.55142401668208,0.3331833928990484,9.977223796070597,60.55142401668208,0.3331833928990484,61.36881094088596,0.026431633905455554,0.9735388899094112,2.9476185133200064e-05
amos_0551,MRI,FOV-B,liver,4,-5.90627207302304,71.2348749540209,-1.1505220378880736,5.90627207302304,71.2348749540209,1.1505220378880736,71.4885666416332,0.006825802512065502,0.9929151873848253,0.00025901010310919913
amos_0551,MRI,FOV-B,stomach,5,-22.069622911164963,83.4657185019396,2.6308169699041706,22.069622911164963,83.4657185019396,2.6308169699041706,86.3742763698497,0.06528613843241099,0.9337861511675127,0.0009277104000763448
amos_0551,MRI,FOV-B,aorta,51,-6.525198146408258,59.64086587961583,12.636698019639326,6.525198146408258,59.64086587961583,12.636698019639326,61.31310814629911,0.011326109173748345,0.9461962342202644,0.042477656605987166
amos_0551,MRI,FOV-B,inferior_vena_cava,62,-4.911775803767068,66.26689499946615,-8.58480730188759,4.911775803767068,66.26689499946615,8.58480730188759,67.0009390294441,0.0053742181564167945,0.9782085729731069,0.016417208870476405
amos_0551,MRI,FOV-B,pancreas,6,-8.833565179582102,69.9647169464938,24.4312088088343,8.833565179582102,69.9647169464938,24.4312088088343,74.63228158810223,0.014009369770650893,0.8788297002833667,0.10716092994598242
amos_0551,MRI,FOV-B,adrenal_gland_right,7,-2.3205667338855025,56.40984654516414,9.741134333956072,2.3205667338855025,56.40984654516414,9.741134333956072,57.29175783066497,0.0016406042390325964,0.9694502825463251,0.02890911321464228
amos_0551,MRI,FOV-B,adrenal_gland_left,8,-17.389682552326214,59.283691665891595,30.390357771828523,17.389682552326214,59.283691665891595,30.390357771828523,68.85151416132344,0.06379054564214831,0.7413844769343748,0.1948249774234769
amos_0551,MRI,FOV-B,duodenum,18,-17.99997270268659,78.75090370247162,36.71213351725814,17.99997270268659,78.75090370247162,36.71213351725814,88.73265801632682,0.04115065105396005,0.7876696469343817,0.17117970201165827
amos_0585,MRI,FOV-B,spleen,0,-4.412338179082411,54.37479138395075,-18.01604347381896,4.412338179082411,54.37479138395075,18.01604347381896,57.45140980607254,0.005898426899555929,0.8957644583887779,0.09833711471166613
amos_0585,MRI,FOV-B,kidney_right,1,0.09796464822055384,64.99734487515492,-13.462049962745155,0.09796464822055384,64.99734487515492,13.462049962745155,66.37688774785676,2.1782363218512996e-06,0.958864988505087,0.04113283325859103
amos_0585,MRI,FOV-B,kidney_left,2,-26.508357737306927,68.16772286768234,-49.21127990221849,26.508357737306927,68.16772286768234,49.21127990221849,88.15487247173962,0.09042176972564613,0.5979500828457927,0.31162814742856115
amos_0585,MRI,FOV-B,esophagus,14,-9.394111735275777,62.44993314935545,-12.633187599411054,9.394111735275777,62.44993314935545,12.633187599411054,64.40373370058389,0.021275969139687448,0.9402468008486504,0.038477230011662145
amos_0585,MRI,FOV-B,liver,4,-16.052519331511405,81.13109552223152,-4.562572389614488,16.052519331511405,81.13109552223152,4.562572389614488,82.82967526398058,0.037559040217843294,0.9594067359257601,0.003034223856396597
amos_0585,MRI,FOV-B,stomach,5,-3.266776314087272,75.85436987365496,-18.35015857218609,3.266776314087272,75.85436987365496,18.35015857218609,78.11072638274406,0.0017491112902812626,0.9430611560824302,0.05518973262728852
amos_0585,MRI,FOV-B,aorta,51,-8.127539143020988,56.192710050098796,-11.126780234526997,8.127539143020988,56.192710050098796,11.126780234526997,57.85743507694817,0.01973330307955226,0.943282118950075,0.03698457797037289
amos_0585,MRI,FOV-B,inferior_vena_cava,62,-7.434410420992386,50.96227031410811,-15.02072462445485,7.434410420992386,50.96227031410811,15.02072462445485,53.64741952899216,0.019204163368005723,0.9024016073989175,0.07839422923307689
amos_0585,MRI,FOV-B,pancreas,6,-10.70242960258538,57.78591626040629,-27.66605011473137,10.70242960258538,57.78591626040629,27.66605011473137,64.95509561538503,0.027148029154427784,0.7914391961898646,0.18141277465570751
amos_0585,MRI,FOV-B,adrenal_gland_right,7,-4.479274072891627,62.73943600385617,-9.38930697612274,4.479274072891627,62.73943600385617,9.38930697612274,63.59606758121063,0.0049608346117252814,0.9732416721272985,0.02179749326097628
amos_0585,MRI,FOV-B,adrenal_gland_left,8,-14.325907813793343,49.37590611886448,-16.268367820854166,14.325907813793343,49.37590611886448,16.268367820854166,53.92468387763462,0.0705779579599771,0.8384070887638625,0.09101495327616023
amos_0585,MRI,FOV-B,duodenum,18,-22.737039749607682,48.72805472510159,-35.89091929895487,22.737039749607682,48.72805472510159,35.89091929895487,64.64947317644457,0.12369093193348255,0.56810441982117,0.3082046482453474
amos_0587,MRI,FOV-B,spleen,0,-22.351584446437798,40.76647222126891,-45.25542512329957,22.351584446437798,40.76647222126891,45.25542512329957,64.88106108660911,0.11868087550766519,0.3947938456953317,0.4865252787970033
amos_0587,MRI,FOV-B,kidney_right,1,16.030590352342983,66.05712214611555,-34.46237455892227,16.030590352342983,66.05712214611555,34.46237455892227,76.21140645278051,0.04424447840517086,0.7512757065106445,0.2044798150841845
amos_0587,MRI,FOV-B,kidney_left,2,-14.681324261440466,65.33000921451737,-59.87017378955276,14.681324261440466,65.33000921451737,59.87017378955276,89.82198559166757,0.026715613954698413,0.5290054378334272,0.44427894821187425
amos_0587,MRI,FOV-B,gallbladder,3,19.842175393026388,117.46720560209347,-8.44387532218558,19.842175393026388,117.46720560209347,8.44387532218558,119.43012746685291,0.027602649883317166,0.9673986643946926,0.0049986857219905334
amos_0587,MRI,FOV-B,esophagus,14,-1.035329414584531,52.84052744823525,-22.289049074631336,1.035329414584531,52.84052744823525,22.289049074631336,57.35847763544401,0.00032580809722381393,0.8486704015637414,0.15100379033903485
amos_0587,MRI,FOV-B,liver,4,24.223272515202588,76.86078477581034,-36.7066265345974,24.223272515202588,76.86078477581034,36.7066265345974,88.55350698447587,0.07482627051556846,0.7533522651727667,0.17182146431166506
amos_0587,MRI,FOV-B,stomach,5,-15.146904468215645,79.50166218634531,-21.06373281137214,15.146904468215645,79.50166218634531,21.06373281137214,83.6278891597169,0.03280541247912724,0.9037538235103205,0.06344076401055214
amos_0587,MRI,FOV-B,aorta,51,-0.7146098271994568,56.52711254367766,-13.584072231142919,0.7146098271994568,56.52711254367766,13.584072231142919,58.14079581594699,0.00015106923310519678,0.9452608254921613,0.05458810527473336
amos_0587,MRI,FOV-B,inferior_vena_cava,62,2.053576938591245,66.22770509383867,-47.07961973795077,2.053576938591245,66.22770509383867,47.07961973795077,81.2823270761192,0.0006383071360165433,0.6638762848341337,0.33548540802984983
amos_0587,MRI,FOV-B,pancreas,6,-11.513821909864308,69.84715993141417,-31.523163131095405,11.513821909864308,69.84715993141417,31.523163131095405,77.49131344380655,0.02207663977555156,0.8124403033464997,0.1654830568779486
amos_0587,MRI,FOV-B,adrenal_gland_right,7,13.142224374342828,73.51427042600668,-41.97556178839137,13.142224374342828,73.51427042600668,41.97556178839137,85.66804424769292,0.023534233084915587,0.7363861275776131,0.2400796393374712
amos_0587,MRI,FOV-B,adrenal_gland_left,8,-13.489727630615242,70.31572672526042,-58.06572552998861,13.489727630615242,70.31572672526042,58.06572552998861,92.18406943595872,0.021413842788811,0.5818260839194933,0.39676007329169555
amos_0587,MRI,FOV-B,duodenum,18,-6.546786833442147,69.19471494476046,-47.301243890159114,6.546786833442147,69.19471494476046,47.301243890159114,84.07244892166221,0.006063857746861645,0.6773894883211052,0.3165466539320333
amos_0586,MRI,FOV-A,spleen,0,4.931379786231986,65.46574656298256,-47.39004224969611,4.931379786231986,65.46574656298256,47.39004224969611,80.96850365464773,0.003709408601154734,0.6537263989197082,0.34256419247913683
amos_0586,MRI,FOV-A,kidney_right,1,-23.41730627923417,52.14831045981993,-19.372616964446337,23.41730627923417,52.14831045981993,19.372616964446337,60.35822069312828,0.15052235866590477,0.7464618682622962,0.10301577307179896
amos_0586,MRI,FOV-A,kidney_left,2,7.551004368316441,50.07056777529458,-3.110627562560964,7.551004368316441,50.07056777529458,3.110627562560964,50.73219321243332,0.022153490711220476,0.9740870208280044,0.0037594884607753238
amos_0586,MRI,FOV-A,gallbladder,3,-12.930884114684837,53.51339741572589,-97.25780927720197,12.930884114684837,53.51339741572589,97.25780927720197,111.75854746891363,0.013387359996127345,0.2292786156128198,0.7573340243910528
amos_0586,MRI,FOV-A,esophagus,14,2.114031928135553,73.19049392731128,-17.417818399108327,2.114031928135553,73.19049392731128,17.417818399108327,75.26418756687195,0.0007889442735204449,0.945654731712766,0.05355632401371352
amos_0586,MRI,FOV-A,liver,4,-13.95175799214244,66.48279986655106,-74.01502321627433,13.95175799214244,66.48279986655106,74.01502321627433,100.4631170672741,0.019286106957819883,0.43793061236948555,0.5427832806726944
amos_0586,MRI,FOV-A,stomach,5,-20.10213058572937,51.37401115389891,-71.36212464261027,20.10213058572937,51.37401115389891,71.36212464261027,90.19943186979667,0.04966798892041763,0.324398880757828,0.6259331303217542
amos_0586,MRI,FOV-A,aorta,51,-4.098604784288128,76.88063095183851,-22.383223857768645,4.098604784288128,76.88063095183851,22.383223857768645,80.17754478030344,0.0026131634749456388,0.9194505389789107,0.07793629754614372
amos_0586,MRI,FOV-A,inferior_vena_cava,62,-8.284592218722851,76.42581206302367,-50.97273259382876,8.284592218722851,76.42581206302367,50.97273259382876,92.23751235698582,0.008067279616785246,0.686538601434236,0.30539411894897867
amos_0586,MRI,FOV-A,pancreas,6,-5.017377401704884,61.11315279000524,-57.88297672819603,5.017377401704884,61.11315279000524,57.88297672819603,84.32336873514095,0.0035404432880104327,0.5252589749858809,0.47120058172610885
amos_0586,MRI,FOV-A,adrenal_gland_right,7,-16.70418095377063,66.49887547226594,-46.25888567019072,16.70418095377063,66.49887547226594,46.25888567019072,82.71042621012191,0.04078775992948062,0.6464100276267173,0.3128022124438023
amos_0586,MRI,FOV-A,adrenal_gland_left,8,10.416664622011794,67.47493724077934,-38.89115394597456,10.416664622011794,67.47493724077934,38.89115394597456,78.57414277447815,0.017575110332439126,0.7374382756031149,0.24498661406444583
amos_0586,MRI,FOV-A,duodenum,18,-14.058824561261664,60.98641327137145,-60.8397222435987,14.058824561261664,60.98641327137145,60.8397222435987,87.28381839968439,0.02594361846206666,0.48820105178067774,0.4858553297572557
amos_0589,MRI,FOV-A,spleen,0,10.412934735527372,44.627685154665045,-1.1758708758056926,10.412934735527372,44.627685154665045,1.1758708758056926,45.84148955244399,0.0515975227126893,0.9477445137516017,0.000657963535709054
amos_0589,MRI,FOV-A,kidney_right,1,-10.561537939224934,48.111776360856155,60.20596096104714,10.561537939224934,48.111776360856155,60.20596096104714,77.78847500421806,0.01843417949438687,0.38253596187087213,0.5990298586347409
amos_0589,MRI,FOV-A,kidney_left,2,4.612170441465388,45.82089528745246,57.59776582186574,4.612170441465388,45.82089528745246,57.59776582186574,73.74502823102921,0.0039115168358977645,0.3860660824411732,0.610022400722929
amos_0589,MRI,FOV-A,gallbladder,3,-10.553504185735264,54.12513461048721,29.81828958822226,10.553504185735264,54.12513461048721,29.81828958822226,62.69000750652991,0.028339796656269896,0.7454205051798012,0.22623969816392886
amos_0589,MRI,FOV-A,esophagus,14,7.3151293579757475,48.5078781636141,-39.840214516163044,7.3151293579757475,48.5078781636141,39.840214516163044,63.19626614091877,0.013398654302986587,0.5891714821767647,0.3974298635202487
amos_0589,MRI,FOV-A,liver,4,-15.794180017433298,56.95778467842214,14.253347901902814,15.794180017433298,56.95778467842214,14.253347901902814,60.80134278376808,0.06747887383726431,0.8775660985920339,0.054955027570701975
amos_0589,MRI,FOV-A,stomach,5,-3.6622935356885407,36.425941687534106,-8.368568827567884,3.6622935356885407,36.425941687534106,8.368568827567884,37.55388882641746,0.00951034930221127,0.9408312701645473,0.04965838053324126
amos_0589,MRI,FOV-A,aorta,51,4.863121806878078,57.58685953267102,-11.954919807090661,4.863121806878078,57.58685953267102,11.954919807090661,59.01539165453437,0.006790468011604374,0.9521737468535715,0.04103578513482404
amos_0589,MRI,FOV-A,inferior_vena_cava,62,4.7130959497627565,47.23613076991819,45.83168278495185,4.7130959497627565,47.23613076991819,45.83168278495185,65.98491093003713,0.005101798396225935,0.512459280972598,0.48243892063117616
amos_0589,MRI,FOV-A,pancreas,6,-8.716888906385174,57.96194420969008,12.822369490899959,8.716888906385174,57.96194420969008,12.822369490899959,59.999869067645875,0.021106801064854793,0.933222677565633,0.045670521369512336
amos_0589,MRI,FOV-A,adrenal_gland_right,7,-1.2490611516639873,61.38702643375214,11.827595081127036,1.2490611516639873,61.38702643375214,11.827595081127036,62.528546868945234,0.00039903476128867434,0.9638213040334661,0.03577966120524524
amos_0589,MRI,FOV-A,adrenal_gland_left,8,2.5657708909087145,57.06120323511616,20.227605550823846,2.5657708909087145,57.06120323511616,20.227605550823846,60.59472024214308,0.001792941740461602,0.8867726316662147,0.11143442659332385
amos_0589,MRI,FOV-A,duodenum,18,-10.86445575612688,59.125488858108774,60.52679728857343,10.86445575612688,59.125488858108774,60.52679728857343,85.30740308788705,0.016219688467290994,0.4803701871181339,0.5034101244145753
amos_0591,MRI,FOV-B,spleen,0,-26.591391963269622,75.19348317076455,-25.300207873271813,26.591391963269622,75.19348317076455,25.300207873271813,83.67354753042957,0.10099637327630721,0.8075771856666717,0.09142644105702116
amos_0591,MRI,FOV-B,kidney_right,1,6.867302508885686,66.5722183143053,-10.93278338222543,6.867302508885686,66.5722183143053,10.93278338222543,67.81257882958543,0.01025538187772857,0.9637525422691716,0.02599207585309988
amos_0591,MRI,FOV-B,kidney_left,2,-16.38253145206538,69.80793256847568,-31.53773196612942,16.38253145206538,69.80793256847568,31.53773196612942,78.33366660529929,0.043738623405868635,0.7941684717810019,0.16209290481312946
amos_0591,MRI,FOV-B,gallbladder,3,-17.840570626961295,84.72439500123716,-13.037363587821208,17.840570626961295,84.72439500123716,13.037363587821208,87.55844858117518,0.041516560490502376,0.9363125335919805,0.0221709059175173
amos_0591,MRI,FOV-B,esophagus,14,-1.4806294327982847,58.27349213912592,-12.641256813191212,1.4806294327982847,58.27349213912592,12.641256813191212,59.64724237903285,0.0006161862690556892,0.9544679486687969,0.04491586506214731
amos_0591,MRI,FOV-B,liver,4,0.8823053637631091,82.42197944344336,-14.70619029033574,0.8823053637631091,82.42197944344336,14.70619029033574,83.7283296798992,0.00011104345961475108,0.9690389324457758,0.03085002409460955
amos_0591,MRI,FOV-B,stomach,5,-3.888376143772721,81.60820031318889,-16.552527424952526,3.888376143772721,81.60820031318889,16.552527424952526,83.36068612689576,0.002175774982120173,0.9583961048891392,0.039428120128740474
amos_0591,MRI,FOV-B,aorta,51,-0.5131946508435236,53.88653502471108,-6.922265135236944,0.5131946508435236,53.88653502471108,6.922265135236944,54.33175664674929,8.921887614716671e-05,0.9836781482896908,0.016232632834161934
amos_0591,MRI,FOV-B,inferior_vena_cava,62,-2.507783872060685,65.74642424375345,-23.06596490408571,2.507783872060685,65.74642424375345,23.06596490408571,69.72029846282281,0.0012937838775395124,0.889253944738798,0.10945227138366256
amos_0591,MRI,FOV-B,pancreas,6,-8.23945426534017,75.75564838460286,-9.89915469156901,8.23945426534017,75.75564838460286,9.89915469156901,76.84269732622501,0.011497189586226681,0.9719072845008099,0.016595525912963323
amos_0591,MRI,FOV-B,adrenal_gland_right,7,0.6106551276312828,64.6096341451009,-3.202790208657582,0.6106551276312828,64.6096341451009,3.202790208657582,64.69185102599371,8.910310962884561e-05,0.9974598149575867,0.002451081932784432
amos_0591,MRI,FOV-B,adrenal_gland_left,8,-11.173714572261126,63.67984694412206,-8.81323405765808,11.173714572261126,63.67984694412206,8.81323405765808,65.25065439307285,0.029324148053616952,0.9524326584267079,0.0182431935196751
amos_0591,MRI,FOV-B,duodenum,18,-7.8269015639045705,77.38439701225364,-7.517902035498928,7.8269015639045705,77.38439701225364,7.517902035498928,78.14169271302293,0.010032614255118134,0.9807112930551523,0.009256092689729682
amos_0593,MRI,FOV-B,spleen,0,-6.612599462700814,51.498507309926666,-2.8595759659165054,6.612599462700814,51.498507309926666,2.8595759659165054,51.99999905297623,0.01617103300547476,0.9808048638130561,0.00302410318146918
amos_0593,MRI,FOV-B,kidney_right,1,-0.9914494572585539,57.69719435833051,4.223350306328904,0.9914494572585539,57.69719435833051,4.223350306328904,57.860054412860976,0.00029361854570185994,0.9943784756799869,0.005327905774311237
amos_0593,MRI,FOV-B,kidney_left,2,2.857478388736382,54.573143137626076,4.063495883517865,2.857478388736382,54.573143137626076,4.063495883517865,54.79876945203502,0.002719094469925789,0.991782230726333,0.005498674803741182
amos_0593,MRI,FOV-B,gallbladder,3,-8.045198545128642,73.76229117640878,-2.6450585061679455,8.045198545128642,73.76229117640878,2.6450585061679455,74.24686628892093,0.01174132950868806,0.9869895165324882,0.0012691539588239144
amos_0593,MRI,FOV-B,esophagus,14,-4.066994865057872,46.68104149630486,10.974495434693296,4.066994865057872,46.68104149630486,10.974495434693296,48.12587279684647,0.007141509372311198,0.9408574677190703,0.052001022908618404
amos_0593,MRI,FOV-B,liver,4,-3.6139552835151534,62.31301375616468,3.7243185342689173,3.6139552835151534,62.31301375616468,3.7243185342689173,62.52873663134347,0.0033404597344581623,0.993111942860034,0.0035475974055077762
amos_0593,MRI,FOV-B,stomach,5,-3.270211428661483,60.97067652776353,3.059864540368139,3.270211428661483,60.97067652776353,3.059864540368139,61.134936411570145,0.002861361532476907,0.9946335361317276,0.0025051023357955675
amos_0593,MRI,FOV-B,aorta,51,4.161162154062943,52.17678630371366,-3.069816404563653,4.161162154062943,52.17678630371366,3.069816404563653,52.43239525535273,0.00629839485921366,0.9902737267263969,0.0034278784143893233
amos_0593,MRI,FOV-B,inferior_vena_cava,62,-7.058447094407764,56.24702490858066,-4.968401583822072,7.058447094407764,56.24702490858066,4.968401583822072,56.90548743969401,0.015385443942687616,0.9769915706643724,0.007622985392940116
amos_0593,MRI,FOV-B,pancreas,6,-5.308609800171533,59.13217880601022,-4.052840759432648,5.308609800171533,59.13217880601022,4.052840759432648,59.50816268864096,0.00795808412288743,0.9874035393841768,0.004638376492935728
amos_0593,MRI,FOV-B,adrenal_gland_right,7,-1.8966684372555775,53.569348528553235,2.79666898790601,1.8966684372555775,53.569348528553235,2.79666898790601,53.67582146891098,0.001248606049529853,0.9960366758806232,0.0027147180698470197
amos_0593,MRI,FOV-B,adrenal_gland_left,8,-4.295773101343656,44.870459041016254,15.690120701639763,4.295773101343656,44.870459041016254,15.690120701639763,47.72831076752843,0.008100849074043988,0.8838303229431309,0.1080688279828249
amos_0593,MRI,FOV-B,duodenum,18,-3.918865256416119,63.09745283997263,-5.341835905936705,3.918865256416119,63.09745283997263,5.341835905936705,63.444316298912625,0.003815357338060209,0.9890954685534052,0.007089174108534636
amos_0557,MRI,FOV-A,spleen,0,-4.940407269805547,39.11674877814265,27.72687854045983,4.940407269805547,39.11674877814265,27.72687854045983,48.20069971028723,0.01050555059539787,0.6585955867724155,0.33089886263218665
amos_0557,MRI,FOV-A,kidney_right,1,-11.874587225709917,39.873517547689005,34.90242633850793,11.874587225709917,39.873517547689005,34.90242633850793,54.30545633471675,0.04781345302707186,0.5391159298980711,0.4130706170748572
amos_0557,MRI,FOV-A,kidney_left,2,0.11335645616054535,38.96210200348304,44.66567922739396,0.11335645616054535,38.96210200348304,44.66567922739396,59.27125056096271,3.657668476761578e-06,0.43211224868189946,0.5678840936496237
amos_0557,MRI,FOV-A,gallbladder,3,-18.08639726042322,28.59086236923278,30.799560968380863,18.08639726042322,28.59086236923278,30.799560968380863,45.751154441426564,0.15627878178914176,0.3905263978736883,0.45319482033717
amos_0557,MRI,FOV-A,esophagus,14,1.269969145896816,51.831290859683016,41.4118887150437,1.269969145896816,51.831290859683016,41.4118887150437,66.35540717047672,0.0003662972876180447,0.6101426912108316,0.38949101150155024
amos_0557,MRI,FOV-A,liver,4,-12.735733129570818,39.52921074698758,47.6029417400998,12.735733129570818,39.52921074698758,47.6029417400998,63.1727588675589,0.04064322979402912,0.39154041686924457,0.5678163533367265
amos_0557,MRI,FOV-A,stomach,5,-0.36296315500666765,30.543434272824108,21.156680979702443,0.36296315500666765,30.543434272824108,21.156680979702443,37.15694106768104,9.542126623755352e-05,0.675702968534521,0.32420161019924143
amos_0557,MRI,FOV-A,aorta,51,0.5702810941251393,62.621059709565166,68.38960798609097,0.5702810941251393,62.621059709565166,68.38960798609097,92.73004270551394,3.782135019023031e-05,0.4560368171039921,0.5439253615458177
amos_0557,MRI,FOV-A,inferior_vena_cava,62,-6.985144138108667,50.777792004766326,48.08175262580009,6.985144138108667,50.777792004766326,48.08175262580009,70.2782422594511,0.009878908498437849,0.5220424787684689,0.46807861273309326
amos_0557,MRI,FOV-A,pancreas,6,-5.695746742967174,40.417274951761044,43.782531031273955,5.695746742967174,40.417274951761044,43.782531031273955,59.85739443870522,0.009054526088069568,0.4559302849650054,0.535015188946925
amos_0557,MRI,FOV-A,adrenal_gland_right,7,-13.037094091654717,44.99192170764495,48.52098199568884,13.037094091654717,44.99192170764495,48.52098199568884,67.44275005608439,0.03736724316688666,0.4450394855109038,0.5175932713222096
amos_0557,MRI,FOV-A,adrenal_gland_left,8,-8.02969381503636,42.464713854907146,49.112392777465274,8.02969381503636,42.464713854907146,49.112392777465274,65.41983666954847,0.015065344234243626,0.4213446587931809,0.5635899969725755
amos_0557,MRI,FOV-A,duodenum,18,-17.567612218776446,44.89987139729211,29.61048118844174,17.567612218776446,44.89987139729211,29.61048118844174,56.58091592377889,0.09640188497539427,0.6297240026359799,0.27387411238862586
amos_0595,MRI,FOV-B,spleen,0,-29.244292079601593,57.5912833079639,-25.255989487482417,29.244292079601593,57.5912833079639,25.255989487482417,69.35307878736914,0.17780776978720944,0.6895758146582187,0.1326164155545719
amos_0595,MRI,FOV-B,kidney_right,1,5.065841062821171,56.29629116456624,-34.627051780628804,5.065841062821171,56.29629116456624,34.627051780628804,66.287011243363,0.00584044910975552,0.7212780111664703,0.27288153972377427
amos_0595,MRI,FOV-B,kidney_left,2,-23.008146356422046,48.527943498417564,-26.662990229804855,23.008146356422046,48.527943498417564,26.662990229804855,59.960413165177684,0.14724278697728105,0.6550199704937848,0.19773724252893427
amos_0595,MRI,FOV-B,esophagus,14,2.6131149654515937,42.12757591531748,-1.9757078584308516,2.6131149654515937,42.12757591531748,1.9757078584308516,42.254756464395456,0.0038244221810904725,0.9939893558780152,0.0021862219408944747
amos_0595,MRI,FOV-B,liver,4,0.7429955000160646,55.761693225941585,-13.748685194915858,0.7429955000160646,55.761693225941585,13.748685194915858,57.436441553476854,0.0001673390564090289,0.9425336289807527,0.05729903196283811
amos_0595,MRI,FOV-B,stomach,5,1.2451080038217697,56.62937920311144,-17.283412584755588,1.2451080038217697,56.62937920311144,17.283412584755588,59.22122282970742,0.0004420376978104923,0.9143845094498336,0.08517345285235571
amos_0595,MRI,FOV-B,aorta,51,1.4334172600018835,37.85268186932043,10.443480365375102,1.4334172600018835,37.85268186932043,10.443480365375102,39.2930845300191,0.0013308006799931961,0.9280279674409524,0.0706412318790542
amos_0595,MRI,FOV-B,inferior_vena_cava,62,0.8324825111069885,45.73211390947678,-13.121788444078007,0.8324825111069885,45.73211390947678,13.121788444078007,47.584667716942164,0.0003060667522540742,0.9236522045835173,0.0760417286642287
amos_0595,MRI,FOV-B,pancreas,6,-2.7931184091203214,47.322641320567314,-12.134716958947525,2.7931184091203214,47.322641320567314,12.134716958947525,48.9334777803111,0.003258115895655671,0.9352458461493506,0.061496037954993935
amos_0595,MRI,FOV-B,adrenal_gland_right,7,-1.010099606636249,45.11274019877116,-14.905337969462074,1.010099606636249,45.11274019877116,14.905337969462074,47.52208675385623,0.0004517908160177013,0.901171418616798,0.09837679056718435
amos_0595,MRI,FOV-B,adrenal_gland_left,8,-3.962712184746003,46.37651483059982,-14.133763508554594,3.962712184746003,46.37651483059982,14.133763508554594,48.64408994531328,0.006636282953498881,0.9089417484881186,0.08442196855838258
amos_0595,MRI,FOV-B,duodenum,18,5.655313876872892,39.2896527572417,-20.497354134931253,5.655313876872892,39.2896527572417,20.497354134931253,44.67438768873463,0.01602493254700618,0.7734623237727002,0.21051274368029363
amos_0554,MRI,FOV-A,spleen,0,-0.21144901672766991,31.977162738462162,16.144600551547263,0.21144901672766991,31.977162738462162,16.144600551547263,35.82222458834443,3.484225341442336e-05,0.7968466470012031,0.2031185107453822
amos_0554,MRI,FOV-A,kidney_right,1,-13.938737206246003,46.16907859135641,10.645979642169259,13.938737206246003,46.16907859135641,10.645979642169259,49.38834979447191,0.07965220991898771,0.8738831869626336,0.04646460311837901
amos_0554,MRI,FOV-A,kidney_left,2,-6.964011082054057,42.43567511618764,3.5747414865189704,6.964011082054057,42.43567511618764,3.5747414865189704,43.15162510975732,0.026045013983041196,0.9670922867346197,0.006862699282339148
amos_0554,MRI,FOV-A,gallbladder,3,-20.18393061137884,23.395442083623912,-20.76478393551545,20.18393061137884,23.395442083623912,20.76478393551545,37.22786613683085,0.29395117582899266,0.3949355468911443,0.31111327727986327
amos_0554,MRI,FOV-A,esophagus,14,-2.9285741691325518,47.7308395729144,2.334092530403055,2.9285741691325518,47.7308395729144,2.334092530403055,47.877526888299954,0.0037415283236161482,0.9938817806859019,0.002376690990481759
amos_0554,MRI,FOV-A,liver,4,-20.345237506251806,42.89979211049406,-2.0477077568096433,20.345237506251806,42.89979211049406,2.0477077568096433,47.52382517608091,0.18327479777980332,0.814868624340787,0.0018565778794097643
amos_0554,MRI,FOV-A,stomach,5,-26.060353781525066,13.514806000788163,-5.5139461161701036,26.060353781525066,13.514806000788163,5.5139461161701036,29.869643824947342,0.7612030616350286,0.20471965641635365,0.034077281948617706
amos_0554,MRI,FOV-A,aorta,51,-4.521854603980424,60.54456614983995,12.593782673003233,4.521854603980424,60.54456614983995,12.593782673003233,62.005604757527536,0.0053182811500030805,0.9534291978738907,0.041252520976106134
amos_0554,MRI,FOV-A,inferior_vena_cava,62,-7.630278298487678,42.07940143428091,21.41580545616259,7.630278298487678,42.07940143428091,21.41580545616259,47.82817052026909,0.02545149037205018,0.77405455223771,0.2004939573902401
amos_0554,MRI,FOV-A,pancreas,6,-11.11020573951294,30.766147440415224,-4.128125916669077,11.11020573951294,30.766147440415224,4.128125916669077,32.97019750446681,0.11355365173769051,0.8707693549176462,0.015676993344663364
amos_0554,MRI,FOV-A,adrenal_gland_right,7,-13.628693087432346,40.73283583943779,-0.5501388512876488,13.628693087432346,40.73283583943779,0.5501388512876488,42.955882525559986,0.10066143817929331,0.8991745408640683,0.00016402095663861207
amos_0554,MRI,FOV-A,adrenal_gland_left,8,-10.531700202201932,45.1732772551582,3.22675043050263,10.531700202201932,45.1732772551582,3.22675043050263,46.49681285272359,0.0513039266286192,0.9438800966018296,0.004815976769551339
amos_0554,MRI,FOV-A,duodenum,18,-9.330077888460842,31.11722330341847,-3.849320488738581,9.330077888460842,31.11722330341847,3.849320488738581,32.7131350950131,0.08134412731866734,0.9048098892261368,0.01384598345519609
amos_0558,MRI,FOV-A,spleen,0,0.8227924685778305,20.962971553198145,19.448824105280615,0.8227924685778305,20.962971553198145,19.448824105280615,28.607340366847936,0.0008272288058810733,0.5369708665407394,0.46220190465337946
amos_0558,MRI,FOV-A,kidney_right,1,-0.4282582137242983,47.9577385677442,14.562188045612032,0.4282582137242983,47.9577385677442,14.562188045612032,50.121706019503044,7.300619475693855e-05,0.9155155011390497,0.08441149266619352
amos_0558,MRI,FOV-A,kidney_left,2,4.223326135197084,34.441228143704926,13.700515872532137,4.223326135197084,34.441228143704926,13.700515872532137,37.30601579992798,0.012815970535373485,0.8523137986650471,0.13487023079957944
amos_0558,MRI,FOV-A,gallbladder,3,-8.822492530490173,49.23211917462585,27.176653830114283,8.822492530490173,49.23211917462585,27.176653830114283,56.92282886748499,0.024022026897679787,0.7480387754712274,0.22793919763109285
amos_0558,MRI,FOV-A,esophagus,14,10.642137244253188,53.91239196591483,24.304650414981545,10.642137244253188,53.91239196591483,24.304650414981545,60.08757878635502,0.03136810634685476,0.8050220805874952,0.16360981306564992
amos_0558,MRI,FOV-A,liver,4,-9.83113211948119,51.81956301834155,19.953518960338393,9.83113211948119,51.81956301834155,19.953518960338393,56.39203125498451,0.030392861333328074,0.8444073719861203,0.12519976668055155
amos_0558,MRI,FOV-A,stomach,5,-10.609534700053963,32.789154651833826,10.124751278506327,10.609534700053963,32.789154651833826,10.124751278506327,35.919374685330204,0.08724391383032841,0.8333029230655703,0.07945316310410147
amos_0558,MRI,FOV-A,aorta,51,10.371424511309545,60.23083313567107,49.84129708253288,10.371424511309545,60.23083313567107,49.84129708253288,78.86364562636035,0.017295101803003286,0.5832893439831234,0.39941555421387315
amos_0558,MRI,FOV-A,inferior_vena_cava,62,-3.7526813348532624,51.779869369199815,20.866083035326277,3.7526813348532624,51.779869369199815,20.866083035326277,55.952041163209444,0.004498331998988005,0.8564263717722057,0.1390752962288065
amos_0558,MRI,FOV-A,pancreas,6,-0.9668760106507293,39.30685080435116,4.146388542706319,0.9668760106507293,39.30685080435116,4.146388542706319,39.53676652588802,0.0005980524499140377,0.988403340266866,0.010998607283219835
amos_0558,MRI,FOV-A,adrenal_gland_right,7,-3.63018207021835,50.582412636417885,11.136804371536698,3.63018207021835,50.582412636417885,11.136804371536698,51.9209697674616,0.004888450521609903,0.9491033125754991,0.04600823690289094
amos_0558,MRI,FOV-A,adrenal_gland_left,8,2.317696552367515,38.151217439778215,15.205946891806459,2.317696552367515,38.151217439778215,15.205946891806459,41.13523951945014,0.0031745713217196277,0.8601788136882036,0.13664661499007663
amos_0558,MRI,FOV-A,duodenum,18,-19.854751057454678,41.62170632671724,-6.665001186094997,19.854751057454678,41.62170632671724,6.665001186094997,46.59398907489719,0.1815804572165756,0.7979578916841726,0.020461651099252073
amos_0597,MRI,FOV-A,spleen,0,4.324650226810796,17.33497689681221,-80.16823676505282,4.324650226810796,17.33497689681221,80.16823676505282,82.13495120601725,0.0027723366665626734,0.044544134754771494,0.9526835285786659
amos_0597,MRI,FOV-A,kidney_right,1,-18.67955946612421,37.3473934433809,-8.337413293943243,18.67955946612421,37.3473934433809,8.337413293943243,42.58246351841545,0.19242951861327,0.7692349846676249,0.03833549671910521
amos_0597,MRI,FOV-A,kidney_left,2,3.6865163402041503,37.820180936607976,-14.672061013125305,3.6865163402041503,37.820180936607976,14.672061013125305,40.7335962465534,0.008190809357665222,0.8620683403155113,0.1297408503268236
amos_0597,MRI,FOV-A,gallbladder,3,-5.43895352578388,42.715739237128645,-38.813555192140925,5.43895352578388,42.715739237128645,38.813555192140925,57.971619441614514,0.008802374273532403,0.542931435836912,0.44826618988955574
amos_0597,MRI,FOV-A,esophagus,14,-6.270683964280178,43.512843488237046,-99.01600856269822,6.270683964280178,43.512843488237046,99.01600856269822,108.33678496937233,0.0033502555884211667,0.16131807939939186,0.8353316650121873
amos_0597,MRI,FOV-A,liver,4,-12.197990488308683,41.708947021873186,-74.53248121202854,12.197990488308683,41.708947021873186,74.53248121202854,86.27582505689344,0.019989334635558187,0.2337115681303337,0.746299097234108
amos_0597,MRI,FOV-A,stomach,5,-19.357383025808424,28.80184897817528,-89.63288131065744,19.357383025808424,28.80184897817528,89.63288131065744,96.11611828522767,0.04056027031467726,0.0897942011807571,0.8696455285045656
amos_0597,MRI,FOV-A,aorta,51,-4.001505802324022,52.48454070367298,-58.87259192952793,4.001505802324022,52.48454070367298,58.87259192952793,78.9722808462707,0.0025674236611939096,0.4416858023164506,0.5557467740223556
amos_0597,MRI,FOV-A,inferior_vena_cava,62,2.6519300047176557,47.95015109105948,-36.37432909468321,2.6519300047176557,47.95015109105948,36.37432909468321,60.24401662815712,0.0019377434373131276,0.6335080247025183,0.3645542318601687
amos_0597,MRI,FOV-A,pancreas,6,-2.1186203550979688,51.069755914002954,-52.82777084409135,2.1186203550979688,51.069755914002954,52.82777084409135,73.507699553725,0.0008306931283692607,0.4826828864652444,0.5164864204063864
amos_0597,MRI,FOV-A,adrenal_gland_right,7,-10.524200595146382,46.12157759050774,-57.46427641225538,10.524200595146382,46.12157759050774,57.46427641225538,74.43185998742874,0.01999219554827833,0.3839640503826631,0.5960437540690586
amos_0597,MRI,FOV-A,adrenal_gland_left,8,-7.1316753683508605,60.006819742497406,-76.832903779963,7.1316753683508605,60.006819742497406,76.832903779963,97.74954891164037,0.005322964970547573,0.3768527573040785,0.6178242777253736
amos_0597,MRI,FOV-A,duodenum,18,-5.905289412384093,50.638481724076215,-21.177038899968178,5.905289412384093,50.638481724076215,21.177038899968178,55.205029217765855,0.011442609721000158,0.8414030145680957,0.1471543757109042
amos_0599,MRI,FOV-B,spleen,0,-6.3432008914938365,68.72632793837411,12.639403735051054,6.3432008914938365,68.72632793837411,12.639403735051054,70.16622318623408,0.008172609171502766,0.9593787155004082,0.03244867532808919
amos_0599,MRI,FOV-B,kidney_right,1,5.661787419573955,69.94315005898875,17.711364403591,5.661787419573955,69.94315005898875,17.711364403591,72.37259499282483,0.006120104366057476,0.9339896978688114,0.05989019776513129
amos_0599,MRI,FOV-B,kidney_left,2,4.822806005734691,64.34956843802081,22.263481033877742,4.822806005734691,64.34956843802081,22.263481033877742,68.26264720675802,0.004991525957636751,0.888638295616903,0.10637017842546027
amos_0599,MRI,FOV-B,gallbladder,3,-6.941718766254937,69.04571548214449,-18.60457987717427,6.941718766254937,69.04571548214449,18.60457987717427,71.84447562810365,0.00933570824894357,0.9236059243286082,0.0670583674224484
amos_0599,MRI,FOV-B,esophagus,14,-10.931868143532759,61.19675527512789,1.2248345557472788,10.931868143532759,61.19675527512789,1.2248345557472788,62.17755878932874,0.030911596507026986,0.9687003536363972,0.0003880498565759488
amos_0599,MRI,FOV-B,liver,4,2.558004218592103,80.68898578816125,-4.750240777363942,2.558004218592103,80.68898578816125,4.750240777363942,80.86915728847033,0.001000545119202099,0.9955490869240616,0.0034503679567360933
amos_0599,MRI,FOV-B,stomach,5,-2.8626469342178495,72.0736574900917,-7.854788079586164,2.8626469342178495,72.0736574900917,7.854788079586164,72.55690557930545,0.0015566037404747745,0.986723832676376,0.011719563583149555
amos_0599,MRI,FOV-B,aorta,51,6.516609378657989,58.73834537856016,8.161073941134347,6.516609378657989,58.73834537856016,8.161073941134347,59.65955534093173,0.011931178797650667,0.9693562010853782,0.018712620116971
amos_0599,MRI,FOV-B,inferior_vena_cava,62,4.411456908040972,60.07772404347553,-12.050092667726737,4.411456908040972,60.07772404347553,12.050092667726737,61.43287891346377,0.005156586966329313,0.9563683768069394,0.038475036226731395
amos_0599,MRI,FOV-B,pancreas,6,12.811925464061149,69.87094936726648,19.147294292802744,12.811925464061149,69.87094936726648,19.147294292802744,73.57114840965153,0.030325902640868672,0.9019411842628033,0.06773291309632802
amos_0599,MRI,FOV-B,adrenal_gland_right,7,3.67657733108058,57.832060704086764,24.784479907064725,3.67657733108058,57.832060704086764,24.784479907064725,63.026461985552444,0.003402840187510534,0.841960036277676,0.15463712353481332
amos_0599,MRI,FOV-B,adrenal_gland_left,8,7.896385979106405,58.64146956556221,35.064145415793845,7.896385979106405,58.64146956556221,35.064145415793845,68.77986011965803,0.013180569058508954,0.7269208304147499,0.259898600526741
amos_0599,MRI,FOV-B,duodenum,18,-6.216710764346395,67.63253912715402,10.966536074671504,6.216710764346395,67.63253912715402,10.966536074671504,68.79733101647645,0.008165412772662277,0.9664251080786677,0.025409479148669777
amos_0578,MRI,FOV-A,spleen,0,1.583670648297101,50.37928152619775,-16.846112740694352,1.583670648297101,50.37928152619775,16.846112740694352,53.144816626745005,0.0008879896613559093,0.8986324838221408,0.1004795265165033
amos_0578,MRI,FOV-A,kidney_right,1,-9.49785986987235,33.537917869653526,8.852141098722269,9.49785986987235,33.537917869653526,8.852141098722269,35.96333798705349,0.06974796266234636,0.8696654254922251,0.06058661184542864
amos_0578,MRI,FOV-A,kidney_left,2,8.312997179635019,48.39072971505946,-11.352902427135906,8.312997179635019,48.39072971505946,11.352902427135906,50.39501005044673,0.02721073006119738,0.9220389553914694,0.050750314547333204
amos_0578,MRI,FOV-A,esophagus,14,-4.419021118541252,52.75524458282527,1.7710382550437487,4.419021118541252,52.75524458282527,1.7710382550437487,52.96961539543833,0.006959828128492351,0.9919222737015166,0.001117898169990858
amos_0578,MRI,FOV-A,liver,4,-27.462258323914163,44.66498162610314,12.768886688656075,27.462258323914163,44.66498162610314,12.768886688656075,53.964624367980754,0.2589728160089875,0.6850401127870882,0.0559870712039243
amos_0578,MRI,FOV-A,stomach,5,-1.9624209057964066,53.69661593522908,-45.59769142667971,1.9624209057964066,53.69661593522908,45.59769142667971,70.47217267936122,0.0007754414312200638,0.5805752404097441,0.41864931815903567
amos_0578,MRI,FOV-A,aorta,51,0.16536320434718021,54.336304779279125,37.42568800100327,0.16536320434718021,54.336304779279125,37.42568800100327,65.97835618143654,6.281665065700902e-06,0.67823034725229,0.3217633710826439
amos_0578,MRI,FOV-A,inferior_vena_cava,62,0.5689695021414636,39.09489829180754,14.249515089246149,0.5689695021414636,39.09489829180754,14.249515089246149,41.6147026784981,0.00018693231474314364,0.8825647611050481,0.11724830658020878
amos_0578,MRI,FOV-A,pancreas,6,-1.864860194667358,38.56193317997812,-25.78279185297758,1.864860194667358,38.56193317997812,25.78279185297758,46.42469978208496,0.0016135942969500786,0.689952809792705,0.30843359591034497
amos_0578,MRI,FOV-A,adrenal_gland_right,7,-4.846465042514957,35.419326581209205,8.773187190281643,4.846465042514957,35.419326581209205,8.773187190281643,36.810130838539465,0.017334664747780195,0.9258611847448861,0.05680415050733395
amos_0578,MRI,FOV-A,adrenal_gland_left,8,-3.286275179652904,40.244428416054284,-3.4952247069154296,3.286275179652904,40.244428416054284,3.4952247069154296,40.52937476501645,0.006574580470100273,0.9859882035261447,0.007437216003755111
amos_0578,MRI,FOV-A,duodenum,18,-9.0596392236253,26.778967065288832,-38.35717380681325,9.0596392236253,26.778967065288832,38.35717380681325,47.649374837369635,0.03614992434043971,0.315844434195065,0.6480056414644951
amos_0545,MRI,FOV-A,spleen,0,-4.527294502285045,59.47104397326099,-35.35964315085512,4.527294502285045,59.47104397326099,35.35964315085512,69.33690092970538,0.004263326951689007,0.7356686874796029,0.2600679855687081
amos_0545,MRI,FOV-A,kidney_right,1,1.819863513004563,43.75086299995655,-29.121201186604107,1.819863513004563,43.75086299995655,29.121201186604107,52.58796701715712,0.0011975809300737669,0.6921504161286413,0.30665200294128503
amos_0545,MRI,FOV-A,kidney_left,2,8.227332270422025,42.03306711232763,-30.345380870915815,8.227332270422025,42.03306711232763,30.345380870915815,52.49104559216085,0.024566745501051535,0.641226873173202,0.33420638132574665
amos_0545,MRI,FOV-A,gallbladder,3,-26.26703656642775,59.882525300427716,-60.73448820944077,26.26703656642775,59.882525300427716,60.73448820944077,89.2443393409415,0.08662850100519653,0.45023458812892064,0.4631369108658828
amos_0545,MRI,FOV-A,esophagus,14,6.330188309197865,54.912835297693235,-6.124178428880128,6.330188309197865,54.912835297693235,6.124178428880128,55.61471321413291,0.012955490342644265,0.9749185458743352,0.012125963783020511
amos_0545,MRI,FOV-A,liver,4,-9.767452489157243,61.00181029064769,-39.16459504918946,9.767452489157243,61.00181029064769,39.16459504918946,73.1470402151113,0.017830728995257162,0.6954916674706806,0.2866776035340621
amos_0545,MRI,FOV-A,stomach,5,-16.782484281206436,46.709084890796085,-44.16865151155089,16.782484281206436,46.709084890796085,44.16865151155089,66.43989890369613,0.06380497932519705,0.49424785334930155,0.44194716732550154
amos_0545,MRI,FOV-A,aorta,51,-0.6399046671055615,51.42443870122371,-13.685491598472936,0.6399046671055615,51.42443870122371,13.685491598472936,53.21818349033318,0.00014458074630789477,0.9337250859515046,0.06613033330218754
amos_0545,MRI,FOV-A,inferior_vena_cava,62,0.376610572701084,48.18119750849018,-5.618354063927242,0.376610572701084,48.18119750849018,5.618354063927242,48.50912832924601,6.027511870261696e-05,0.9865253244065821,0.013414400474715501
amos_0545,MRI,FOV-A,pancreas,6,8.370860469622372,51.65601529843003,-36.59375750419327,8.370860469622372,51.65601529843003,36.59375750419327,63.85544855209479,0.017184792238372215,0.6544039079126953,0.3284112998489324
amos_0545,MRI,FOV-A,adrenal_gland_right,7,4.308343511064562,43.360834510613905,-24.20682650587173,4.308343511064562,43.360834510613905,24.20682650587173,49.8467074414304,0.007470465979257367,0.7566975191984802,0.23583201482226246
amos_0545,MRI,FOV-A,adrenal_gland_left,8,1.334175823510222,36.861896086577175,-13.630991860702096,1.334175823510222,36.861896086577175,13.630991860702096,39.324081010650204,0.0011510891727527185,0.8786950437883425,0.12015386703890449
amos_0545,MRI,FOV-A,duodenum,18,-13.975011887025989,43.022260644073626,-56.70770815536767,13.975011887025989,43.022260644073626,56.70770815536767,72.53950670085561,0.0371154880938063,0.3517525531318251,0.6111319587743688
amos_0547,MRI,FOV-B,spleen,0,11.757531373007495,37.23546606410226,26.608617799043156,11.757531373007495,37.23546606410226,26.608617799043156,47.25185729866841,0.06191480722862823,0.6209774374447155,0.31710775532665614
amos_0547,MRI,FOV-B,kidney_right,1,-1.682082908515639,51.09048419831572,14.85285212628218,1.682082908515639,51.09048419831572,14.85285212628218,53.232266482037694,0.0009984926694458882,0.9211495027885735,0.07785200454198055
amos_0547,MRI,FOV-B,kidney_left,2,12.646509733480535,49.573382355089066,37.38850063884116,12.646509733480535,49.573382355089066,37.38850063884116,63.366824337215284,0.03983065788170022,0.6120307143633293,0.34813862775497045
amos_0547,MRI,FOV-B,gallbladder,3,15.448669193952838,58.91460248392443,33.323771776191826,15.448669193952838,58.91460248392443,33.323771776191826,69.4266917769725,0.04951413592295752,0.7201002483156098,0.23038561576143265
amos_0547,MRI,FOV-B,esophagus,14,4.054293475622266,38.504789401323364,-13.841055968693166,4.054293475622266,38.504789401323364,13.841055968693166,41.11728265286064,0.009722580646081808,0.8769618360312553,0.1133155833226627
amos_0547,MRI,FOV-B,liver,4,-0.5453265992746736,39.72188025490232,13.79786584181061,0.5453265992746736,39.72188025490232,13.79786584181061,42.053611662653644,0.00016815382994839507,0.8921810525290101,0.1076507936410417
amos_0547,MRI,FOV-B,stomach,5,0.6889619918910483,41.095877837384414,-2.6642779244710653,0.6889619918910483,41.095877837384414,2.6642779244710653,41.187913527032634,0.00027980208277742993,0.9955359301575364,0.004184267759686014
amos_0547,MRI,FOV-B,aorta,51,8.151587834971215,54.69633628315757,15.442459461442166,8.151587834971215,54.69633628315757,15.442459461442166,57.416087826059645,0.02015659779407597,0.9075055275364307,0.07233787466949343
amos_0547,MRI,FOV-B,inferior_vena_cava,62,6.160937650275951,48.5444343104507,3.8826010848536647,6.160937650275951,48.5444343104507,3.8826010848536647,49.087613981903395,0.015752510651006215,0.9779914179341364,0.006256071414857427
amos_0547,MRI,FOV-B,pancreas,6,8.910635167336347,44.878543772586646,18.900042622700553,8.910635167336347,44.878543772586646,18.900042622700553,49.504491931270685,0.03239873917910096,0.8218419346900073,0.14575932613089176
amos_0547,MRI,FOV-B,adrenal_gland_right,7,0.6849212841793602,46.82264745656258,10.44016580625352,0.6849212841793602,46.82264745656258,10.44016580625352,47.977353971109466,0.0002038021400529654,0.9524437747546841,0.047352423105262754
amos_0547,MRI,FOV-B,adrenal_gland_left,8,16.123188909115232,51.21441802449615,23.31806698760017,16.123188909115232,51.21441802449615,23.31806698760017,58.537219631829636,0.07586434342351182,0.7654561249960338,0.15867953158045442
amos_0547,MRI,FOV-B,duodenum,18,-1.6798387644242325,55.6073586081161,13.212790963814506,1.6798387644242325,55.6073586081161,13.212790963814506,57.180224157478996,0.000863064971844798,0.9457423247143197,0.05339461031383549
amos_0544,MRI,FOV-B,spleen,0,-15.194011519005663,67.19363549903859,-19.99665532242687,15.194011519005663,67.19363549903859,19.99665532242687,71.73359646428777,0.044864175615903445,0.8774271481198629,0.07770867626423365
amos_0544,MRI,FOV-B,kidney_right,1,-3.636860173248735,48.565571846460216,-19.366298779569902,3.636860173248735,48.565571846460216,19.366298779569902,52.41082950224145,0.0048151646434521625,0.8586475735704902,0.13653726178605774
amos_0544,MRI,FOV-B,kidney_left,2,-9.782971207285279,50.18186806722153,-16.774222275562295,9.782971207285279,50.18186806722153,16.774222275562295,53.808000718374316,0.03305581270571373,0.8697610140581392,0.09718317323614697
amos_0544,MRI,FOV-B,gallbladder,3,1.4909803838104523,43.23138589090532,-7.750873038718652,1.4909803838104523,43.23138589090532,7.750873038718652,43.946009846351366,0.0011510785524185168,0.9677416192094963,0.031107302238085114
amos_0544,MRI,FOV-B,esophagus,14,2.2704280354213955,40.78438739914738,-1.322605835140294,2.2704280354213955,40.78438739914738,1.322605835140294,40.86894157160062,0.0030862329295642567,0.9958664598735503,0.0010473071968857283
amos_0544,MRI,FOV-B,liver,4,10.149056088709386,53.54428912649838,-5.822572594211017,10.149056088709386,53.54428912649838,5.822572594211017,54.807815037352825,0.03428990860177214,0.9544239666570832,0.01128612474114484
amos_0544,MRI,FOV-B,stomach,5,19.9531325384056,66.5243715524797,-2.8907445110609977,19.9531325384056,66.5243715524797,2.8907445110609977,69.51241552683794,0.08239434660166373,0.9158762565677714,0.0017293968305650389
amos_0544,MRI,FOV-B,aorta,51,2.9300606803451794,35.58091646027804,6.39084538156404,2.9300606803451794,35.58091646027804,6.39084538156404,36.268854082185285,0.00652657841893552,0.9624243261274452,0.031049095453619086
amos_0544,MRI,FOV-B,inferior_vena_cava,62,-1.9840359819236184,39.57440658542168,2.1513596631511334,1.9840359819236184,39.57440658542168,2.1513596631511334,39.682469728660635,0.002499779493110095,0.9945610237761608,0.0029391967307292265
amos_0544,MRI,FOV-B,pancreas,6,16.8326570795543,53.085492715092016,0.7178846907315659,16.8326570795543,53.085492715092016,0.7178846907315659,55.694912151749946,0.09134279686276682,0.9084910615568712,0.00016614158036182868
amos_0544,MRI,FOV-B,adrenal_gland_right,7,-2.033520935721185,44.22495266740102,-8.592628677973305,2.033520935721185,44.22495266740102,8.592628677973305,45.09783712582463,0.0020332270005079616,0.9616639279814541,0.036302845018037884
amos_0544,MRI,FOV-B,adrenal_gland_left,8,-3.5291300119559637,32.47047060103739,2.8302744719728388,3.5291300119559637,32.47047060103739,2.8302744719728388,32.78409177148001,0.011588013761961205,0.9809589918384102,0.007452994399628328
amos_0544,MRI,FOV-B,duodenum,18,-0.4431041496960759,40.74453368502278,10.93854306475744,0.4431041496960759,40.74453368502278,10.93854306475744,42.18963250464487,0.00011030625740033211,0.9326683055295304,0.06722138821306928
amos_0549,MRI,FOV-A,spleen,0,-6.167923529118184,40.19125641716434,-31.3540023566287,6.167923529118184,40.19125641716434,31.3540023566287,51.34641016498409,0.01442971620803368,0.6126931068635785,0.3728771769283878
amos_0549,MRI,FOV-A,kidney_right,1,-9.001458888301215,41.330502257349394,-34.63393198932368,9.001458888301215,41.330502257349394,34.63393198932368,54.669424032119075,0.027110455079847162,0.5715475521440422,0.4013419927761105
amos_0549,MRI,FOV-A,kidney_left,2,-5.015131212898403,35.65858764988623,-20.099650512485518,5.015131212898403,35.65858764988623,20.099650512485518,41.23933031695915,0.014789087956890162,0.7476615853490953,0.23754932669401446
amos_0549,MRI,FOV-A,gallbladder,3,-24.54959793042903,19.67897658808117,-27.73712173483807,24.54959793042903,19.67897658808117,27.73712173483807,41.94392447343475,0.34257103676308925,0.22012374489505912,0.43730521834185165
amos_0549,MRI,FOV-A,esophagus,14,6.41688308359678,50.20217517976343,-3.6444162089231185,6.41688308359678,50.20217517976343,3.6444162089231185,50.741664840563395,0.01599259091098137,0.9788488725115553,0.005158536577463507
amos_0549,MRI,FOV-A,liver,4,-12.545789732072542,32.913446983258595,-30.765317907598387,12.545789732072542,32.913446983258595,30.765317907598387,46.767473935169356,0.07196282157997626,0.495289258984537,0.4327479194354868
amos_0549,MRI,FOV-A,stomach,5,-8.351521562940803,26.50823957391018,-24.47689155118416,8.351521562940803,26.50823957391018,24.47689155118416,37.034482549814484,0.05085324272332057,0.5123293213623168,0.4368174359143625
amos_0549,MRI,FOV-A,aorta,51,-1.5275603472800903,47.906933637021545,-29.717189103097176,1.5275603472800903,47.906933637021545,29.717189103097176,56.39609081581636,0.0007336666031775886,0.7216036903746521,0.27766264302217053
amos_0549,MRI,FOV-A,inferior_vena_cava,62,-7.7391561732486505,37.062738215832574,-2.7390363601617835,7.7391561732486505,37.062738215832574,2.7390363601617835,37.961077731165076,0.04156331262353224,0.9532305151924176,0.0052061721840502995
amos_0549,MRI,FOV-A,pancreas,6,-1.6405906414653515,33.59656269798461,-10.363999243585589,1.6405906414653515,33.59656269798461,10.363999243585589,35.19706014844872,0.002172639539984013,0.9111227952888931,0.08670456517112314
amos_0549,MRI,FOV-A,adrenal_gland_right,7,-8.221333508677795,32.07251493376281,-30.398345691846764,8.221333508677795,32.07251493376281,30.398345691846764,44.94770249566006,0.033455655018489,0.5091562002433381,0.45738814473817296
amos_0549,MRI,FOV-A,adrenal_gland_left,8,-3.5899689829381103,40.70266059070172,-32.00153113336311,3.5899689829381103,40.70266059070172,32.00153113336311,51.90079432282255,0.004784465016430085,0.6150318230790466,0.38018371190452316
amos_0549,MRI,FOV-A,duodenum,18,-8.480628559620557,29.990588746898776,-21.474669289909258,8.480628559620557,29.990588746898776,21.474669289909258,37.84861814205157,0.05020604699186387,0.6278702809646821,0.32192367204345385
amos_0546,MRI,FOV-B,spleen,0,6.154189174267813,57.167673643746866,-16.591571093312727,6.154189174267813,57.167673643746866,16.591571093312727,59.84394025776608,0.010575510054073724,0.9125584224067012,0.07686606753922508
amos_0546,MRI,FOV-B,kidney_right,1,-1.6239237042984342,43.32235410868249,-2.9874724716474326,1.6239237042984342,43.32235410868249,2.9874724716474326,43.45559210831573,0.0013964966518560445,0.9938772556308676,0.004726247717276374
amos_0546,MRI,FOV-B,kidney_left,2,11.119226299214091,46.94722271301866,0.6065185991393847,11.119226299214091,46.94722271301866,0.6065185991393847,48.249837085424566,0.053107692946984565,0.9467342926976094,0.00015801435540584686
amos_0546,MRI,FOV-B,gallbladder,3,-9.095927992888463,57.99298150132527,-45.45507625148236,9.095927992888463,57.99298150132527,45.45507625148236,74.24342237863866,0.015009909053801344,0.61014760036161,0.37484249058458863
amos_0546,MRI,FOV-B,esophagus,14,15.607621492228407,59.641440968388096,-13.10510718447128,15.607621492228407,59.641440968388096,13.10510718447128,63.02732077239896,0.06132192169992047,0.8954442729976294,0.04323380530244998
amos_0546,MRI,FOV-B,liver,4,4.029387863935014,63.64512076380081,-31.574692673556935,4.029387863935014,63.64512076380081,31.574692673556935,71.16107490072353,0.0032062187459402,0.7999175600032981,0.19687622125076193
amos_0546,MRI,FOV-B,stomach,5,-6.4501118985746935,64.80186728262959,-34.046625685959434,6.4501118985746935,64.80186728262959,34.046625685959434,73.48509146363979,0.007704350279589809,0.7776363669252921,0.21465928279511817
amos_0546,MRI,FOV-B,aorta,51,18.84751814965229,61.24384318006233,1.9460486187198285,18.84751814965229,61.24384318006233,1.9460486187198285,64.10791193832443,0.08643409259219069,0.9126444312369013,0.000921476170908049
amos_0546,MRI,FOV-B,inferior_vena_cava,62,7.4983248367738184,56.882944938205604,-19.415081532081867,7.4983248367738184,56.882944938205604,19.415081532081867,60.57094758296337,0.015324974676380809,0.8819326264632958,0.10274239886032344
amos_0546,MRI,FOV-B,pancreas,6,13.930933323343924,61.61725004359775,-17.835257584145396,13.930933323343924,61.61725004359775,17.835257584145396,65.64185264971972,0.045040039982508495,0.8811360383302769,0.07382392168721469
amos_0546,MRI,FOV-B,adrenal_gland_right,7,6.660265848394559,52.70148586196932,-7.761919080769175,6.660265848394559,52.70148586196932,7.761919080769175,53.684757064245446,0.015391507026541225,0.9637041637095922,0.020904329263866626
amos_0546,MRI,FOV-B,adrenal_gland_left,8,14.944171426362601,54.49824224892055,-5.556982430799438,14.944171426362601,54.49824224892055,5.556982430799438,56.782626934466094,0.0692648217115116,0.9211577901867085,0.009577388101780021
amos_0546,MRI,FOV-B,duodenum,18,-1.1025820537823137,55.26745314780216,-23.2434963274727,1.1025820537823137,55.26745314780216,23.2434963274727,59.96638380088519,0.00033806959918971903,0.849421371030495,0.1502405593703156
amos_0552,MRI,FOV-B,spleen,0,-32.27186792787812,54.142167306346366,39.303725190692774,32.27186792787812,54.142167306346366,39.303725190692774,74.28075493725349,0.18875375024706484,0.5312741133923219,0.27997213636061297
amos_0552,MRI,FOV-B,kidney_right,1,-26.285327430283964,48.13444686048846,36.28334376994241,26.285327430283964,48.13444686048846,36.28334376994241,65.75959586106232,0.15977488425206077,0.5357888850681483,0.3044362306797908
amos_0552,MRI,FOV-B,kidney_left,2,-24.096524415253555,44.33276035834999,36.310853074458564,24.096524415253555,44.33276035834999,36.310853074458564,62.165216808764654,0.1502498015837487,0.5085745708256085,0.34117562759064274
amos_0552,MRI,FOV-B,gallbladder,3,-22.965356764965208,66.46307486044245,18.000266728702496,22.965356764965208,66.46307486044245,18.000266728702496,72.58620759862954,0.1001009456183193,0.8384026578895006,0.061496396492180035
amos_0552,MRI,FOV-B,esophagus,14,-10.197260577504224,54.148547785068914,20.059437263302684,10.197260577504224,54.148547785068914,20.059437263302684,58.63813071575346,0.03024174171933583,0.8527336337944453,0.1170246244862188
amos_0552,MRI,FOV-B,liver,4,-10.969318853236892,63.14617667504858,21.10559780173225,10.969318853236892,63.14617667504858,21.10559780173225,67.477491383045,0.026426610543004717,0.8757421718695313,0.09783121758746392
amos_0552,MRI,FOV-B,stomach,5,-23.005553524143288,52.91532318494372,31.364102734833217,23.005553524143288,52.91532318494372,31.364102734833217,65.6733877691751,0.12271185862982871,0.6492083035484809,0.22807983782169047
amos_0552,MRI,FOV-B,aorta,51,-7.223501853976771,51.11405336412358,8.342881190795708,7.223501853976771,51.11405336412358,8.342881190795708,52.291768921204145,0.01908222052398301,0.955463227868728,0.025454551607288965
amos_0552,MRI,FOV-B,inferior_vena_cava,62,-18.937182674487175,54.62525508880722,15.317871574853534,18.937182674487175,54.62525508880722,15.317871574853534,59.80946890541549,0.1002514920804961,0.8341555892265565,0.06559291869294731
amos_0552,MRI,FOV-B,pancreas,6,-28.06679025918094,50.141506344172356,37.87999181379003,28.06679025918094,50.141506344172356,37.87999181379003,68.82448077340163,0.1663028190259306,0.5307730535193252,0.3029241274547441
amos_0552,MRI,FOV-B,adrenal_gland_right,7,-17.92521317997334,53.158358789132,38.57558470088256,17.92521317997334,53.158358789132,38.57558470088256,68.08230395423278,0.06932025798310117,0.6096416640160144,0.32103807800088474
amos_0552,MRI,FOV-B,adrenal_gland_left,8,-24.19079966286788,38.71872559263975,53.581565827203995,24.19079966286788,38.71872559263975,53.581565827203995,70.39402457838406,0.11809427893325634,0.3025314421501798,0.579374278916564
amos_0552,MRI,FOV-B,duodenum,18,-42.3955534763748,54.88286116902862,20.47594046931696,42.3955534763748,54.88286116902862,20.47594046931696,72.31027273334016,0.3437483479384468,0.5760676520650839,0.08018399999646943
amos_0588,MRI,FOV-A,spleen,0,3.0867844774468693,38.03261749885969,-26.592961222309604,3.0867844774468693,38.03261749885969,26.592961222309604,46.51014748198545,0.004404708596805277,0.6686779433475045,0.32691734805569045
amos_0588,MRI,FOV-A,kidney_right,1,6.665347060720251,56.56806391121836,-20.99521540431122,6.665347060720251,56.56806391121836,20.99521540431122,60.70561568732306,0.012055571392753933,0.8683301754136978,0.11961425319354847
amos_0588,MRI,FOV-A,kidney_left,2,5.03053270015473,42.72995627738083,-16.45447566260669,5.03053270015473,42.72995627738083,16.45447566260669,46.06414215032685,0.011926196958371535,0.8604763164308754,0.12759748661075324
amos_0588,MRI,FOV-A,gallbladder,3,-20.34467722671471,45.788700716624625,-28.1627817620302,20.34467722671471,45.788700716624625,28.1627817620302,57.47741540250018,0.12528732775791476,0.6346323099798397,0.24008036226224586
amos_0588,MRI,FOV-A,esophagus,14,3.893987880578472,56.49628865266719,2.9199522304014494,3.893987880578472,56.49628865266719,2.9199522304014494,56.7055543502346,0.004715611196060782,0.9926328359265049,0.002651552877434165
amos_0588,MRI,FOV-A,liver,4,-0.2406906613243791,50.11720778474475,-21.838013904630316,0.2406906613243791,50.11720778474475,21.838013904630316,54.66892444005603,1.9383733094069015e-05,0.8404128310662821,0.1595677852006237
amos_0588,MRI,FOV-A,stomach,5,-23.94994596019852,33.04504113269329,-22.98657617885575,23.94994596019852,33.04504113269329,22.98657617885575,46.83969832721129,0.26144533496601075,0.4977192235505852,0.240835441483404
amos_0588,MRI,FOV-A,aorta,51,8.252484999816327,66.57528584380277,36.628241200575225,8.252484999816327,66.57528584380277,36.628241200575225,76.43297879386722,0.01165756689305604,0.7586902597667058,0.22965217334023813
amos_0588,MRI,FOV-A,inferior_vena_cava,62,4.209914785325157,56.48425693778398,-26.079453706141095,4.209914785325157,56.48425693778398,26.079453706141095,62.35649581177613,0.004558093265166754,0.8205242798652673,0.17491762686956608
amos_0588,MRI,FOV-A,pancreas,6,-13.416605300088328,48.90843255424271,-20.81293560354773,13.416605300088328,48.90843255424271,20.81293560354773,54.81987195469076,0.05989757686384972,0.7959603887201444,0.14414203441600593
amos_0588,MRI,FOV-A,adrenal_gland_right,7,2.2161518709240298,53.53262736759787,-19.763408514614806,2.2161518709240298,53.53262736759787,19.763408514614806,57.107318603736225,0.0015059671545179824,0.8787262092881897,0.11976782355729225
amos_0588,MRI,FOV-A,adrenal_gland_left,8,3.9899076336721713,48.532891916660816,-19.825519173399776,3.9899076336721713,48.532891916660816,19.825519173399776,52.57767749924257,0.005758679219764238,0.8520587567662083,0.14218256401402746
amos_0588,MRI,FOV-A,duodenum,18,-7.849342061615189,60.81264524677507,-15.359725004447096,7.849342061615189,60.81264524677507,15.359725004447096,63.2116377332734,0.015419575781530866,0.92553682880942,0.059043595409048945
amos_0556,MRI,FOV-B,spleen,0,-23.96445058131455,62.577108491895416,-6.048445740981016,23.96445058131455,62.577108491895416,6.048445740981016,67.28129825406396,0.12686628634645336,0.8650520857221615,0.008081627931384783
amos_0556,MRI,FOV-B,kidney_right,1,-5.07546418993347,54.21406273313723,1.4020561585030862,5.07546418993347,54.21406273313723,1.4020561585030862,54.469171980556425,0.00868260390444416,0.9906548299032513,0.0006625661923045413
amos_0556,MRI,FOV-B,kidney_left,2,-15.878186788403085,55.911814542071006,2.3742676575886392,15.878186788403085,55.911814542071006,2.3742676575886392,58.17116956005125,0.07450513775520072,0.9238289820617535,0.0016658801830457819
amos_0556,MRI,FOV-B,gallbladder,3,-6.878896244496815,68.25920339668599,-20.089559362082777,6.878896244496815,68.25920339668599,20.089559362082777,71.48586193965453,0.00925970608522795,0.9117633169090489,0.07897697700572316
amos_0556,MRI,FOV-B,esophagus,14,7.629385747637363,51.58865705971828,-10.540891521003985,7.629385747637363,51.58865705971828,10.540891521003985,53.20439322244965,0.0205628902832304,0.9401852987474221,0.039251810969347545
amos_0556,MRI,FOV-B,liver,4,5.042219776153821,65.80711226421505,-17.903759047370315,5.042219776153821,65.80711226421505,17.903759047370315,68.38526590466937,0.005436488365767942,0.9260204705786163,0.06854304105561553
amos_0556,MRI,FOV-B,stomach,5,3.9001916509729497,72.48422044568966,-29.59881641459742,3.9001916509729497,72.48422044568966,29.59881641459742,78.391731972694,0.002475320149187903,0.8549612384382772,0.1425634414125349
amos_0556,MRI,FOV-B,aorta,51,0.7200329566355048,51.20026316079432,1.1967497668581961,0.7200329566355048,51.20026316079432,1.1967497668581961,51.21930890980186,0.00019762292423977044,0.9992564441668564,0.0005459329089038461
amos_0556,MRI,FOV-B,inferior_vena_cava,62,-2.9278078996513948,55.05421819401874,-26.3901509218922,2.9278078996513948,55.05421819401874,26.3901509218922,61.12265591196224,0.0022944612232673905,0.8112912004127225,0.18641433836400997
amos_0556,MRI,FOV-B,pancreas,6,-15.507992168080216,59.93540421140318,-6.33027309537059,15.507992168080216,59.93540421140318,6.33027309537059,62.23200829582391,0.06209884365860912,0.9275540893707468,0.010347066970644145
amos_0556,MRI,FOV-B,adrenal_gland_right,7,-0.2425850700052976,58.73014075712038,-5.98796474755387,0.2425850700052976,58.73014075712038,5.98796474755387,59.035108221170475,1.6885246676789545e-05,0.9896949539799604,0.010288160773362877
amos_0556,MRI,FOV-B,adrenal_gland_left,8,-9.60142984965169,50.5385514438575,5.339157632056697,9.60142984965169,50.5385514438575,5.339157632056697,51.71884802875217,0.034464671270787325,0.9548780137853796,0.010657314943833223
amos_0556,MRI,FOV-B,duodenum,18,-16.608744915708563,61.934934044880706,-14.793740834201124,16.608744915708563,61.934934044880706,14.793740834201124,65.80760769613426,0.06369735865448997,0.8857662989861763,0.05053634235933351
amos_0590,MRI,FOV-A,spleen,0,-12.548118982675412,59.428649207704765,-26.75762629774328,12.548118982675412,59.428649207704765,26.75762629774328,66.37160689440546,0.03574313089613922,0.8017280037654264,0.16252886533843422
amos_0590,MRI,FOV-A,kidney_right,1,-28.53035232125231,50.10482271825688,0.33910542413558176,28.53035232125231,50.10482271825688,0.33910542413558176,57.659251258505044,0.24483656204486626,0.7551288494752242,3.458847990960549e-05
amos_0590,MRI,FOV-A,kidney_left,2,-16.622940430960753,49.164488258277466,-21.24756979976459,16.622940430960753,49.164488258277466,21.24756979976459,56.07966009762756,0.0878627823157396,0.7685857015032462,0.14355151618101428
amos_0590,MRI,FOV-A,gallbladder,3,-57.26484185356064,66.0776612620329,-47.5121757383255,57.26484185356064,66.0776612620329,47.5121757383255,99.51344770312605,0.33114071758784214,0.44090576837152623,0.22795351404063136
amos_0590,MRI,FOV-A,esophagus,14,-16.195805284505482,64.2024375605224,16.499892998647212,16.195805284505482,64.2024375605224,16.499892998647212,68.2385782859901,0.0563307007216911,0.8852034428520815,0.058465856426227404
amos_0590,MRI,FOV-A,liver,4,-36.695593104955464,76.45087079324557,-19.926816099148336,36.695593104955464,76.45087079324557,19.926816099148336,87.11130924408874,0.17745111844032924,0.770221772285091,0.05232710927457987
amos_0590,MRI,FOV-A,stomach,5,-31.847955929268696,45.72314380751338,-43.03180383112766,31.847955929268696,45.72314380751338,43.03180383112766,70.40336865147749,0.20463327167317993,0.42177932559430487,0.3735874027325151
amos_0590,MRI,FOV-A,aorta,51,-11.642780999058202,71.09637684200548,12.612051344598143,11.642780999058202,71.09637684200548,12.612051344598143,73.13899772741806,0.02534051562913607,0.9449241072376474,0.029735377133216473
amos_0590,MRI,FOV-A,inferior_vena_cava,62,-23.43577800776572,60.25932549420543,-2.980847806860396,23.43577800776572,60.25932549420543,2.980847806860396,64.7248596251358,0.13110417340490452,0.8667748426982813,0.0021209838968144247
amos_0590,MRI,FOV-A,pancreas,6,-24.849158183065356,38.11630902694538,-28.301226429367855,24.849158183065356,38.11630902694538,28.301226429367855,53.584448244345595,0.2150531632498218,0.5059925846825493,0.2789542520676289
amos_0590,MRI,FOV-A,adrenal_gland_right,7,-29.964936403127822,56.5498191520408,-2.8418077566684765,29.964936403127822,56.5498191520408,2.8418077566684765,64.0613403785612,0.21879363213402722,0.7792384935930511,0.0019678742729219547
amos_0590,MRI,FOV-A,adrenal_gland_left,8,-14.092447237545297,40.97945392203846,-7.696454995802345,14.092447237545297,40.97945392203846,7.696454995802345,44.01304502524089,0.10252033172991086,0.8669009951620038,0.030578673108085513
amos_0590,MRI,FOV-A,duodenum,18,-26.20535544216795,46.37522992230715,-29.316380193199322,26.20535544216795,46.37522992230715,29.316380193199322,60.801585109513574,0.18575918900051114,0.5817579789841916,0.23248283201529746
amos_0592,MRI,FOV-A,spleen,0,6.004974452568732,40.1768918678259,49.128596026595055,6.004974452568732,40.1768918678259,49.128596026595055,63.74842198736648,0.008873264971871483,0.3972041658566627,0.5939225691714658
amos_0592,MRI,FOV-A,kidney_right,1,-12.439170589981785,35.30756038776175,57.351846120940124,12.439170589981785,35.30756038776175,57.351846120940124,68.48788972498791,0.032987946226974006,0.265771159790978,0.701240893982048
amos_0592,MRI,FOV-A,kidney_left,2,15.600043223082551,37.07254165425191,58.22668845511158,15.600043223082551,37.07254165425191,58.22668845511158,70.76780300190836,0.04859372338436874,0.2744310817396628,0.6769751948759685
amos_0592,MRI,FOV-A,gallbladder,3,-8.702129113120122,41.37282041872614,43.48470097236388,8.702129113120122,41.37282041872614,43.48470097236388,60.6494562148539,0.020587197106987875,0.4653464804671236,0.5140663224258885
amos_0592,MRI,FOV-A,esophagus,14,5.750459185478951,48.712596160905214,32.89714819145868,5.750459185478951,48.712596160905214,32.89714819145868,59.06104608547067,0.00947987871202241,0.6802683764720303,0.3102517448159471
amos_0592,MRI,FOV-A,liver,4,-14.745212960293017,39.87386815043553,58.52797786870707,14.745212960293017,39.87386815043553,58.52797786870707,72.33858486259304,0.041549144067279754,0.3038342439243458,0.6546166120083744
amos_0592,MRI,FOV-A,stomach,5,-8.874373913529404,17.987379486155675,45.92646170124895,8.874373913529404,17.987379486155675,45.92646170124895,50.11526930519671,0.031357058034494914,0.12882366705513493,0.8398192749103702
amos_0592,MRI,FOV-A,aorta,51,-2.2625874587245978,47.24624614627391,7.664900905798312,2.2625874587245978,47.24624614627391,7.664900905798312,47.91740584399773,0.0022295856206116836,0.9721829946781305,0.025587419701257906
amos_0592,MRI,FOV-A,inferior_vena_cava,62,0.8925767458097482,38.74174373614448,74.73773317813674,0.8925767458097482,38.74174373614448,74.73773317813674,84.18698332622812,0.00011240904046115365,0.21177194859150528,0.7881156423680337
amos_0592,MRI,FOV-A,pancreas,6,1.3328906228539457,32.666398949683106,42.04095575133279,1.3328906228539457,32.666398949683106,42.04095575133279,53.25703876707633,0.000626375836243715,0.3762257302025251,0.623147893961231
amos_0592,MRI,FOV-A,adrenal_gland_right,7,-3.0648116020031893,27.369741207249305,61.43514412819629,3.0648116020031893,27.369741207249305,61.43514412819629,67.32586975271708,0.0020722570265018676,0.16526368672279113,0.8326640562507072
amos_0592,MRI,FOV-A,adrenal_gland_left,8,8.079976424005672,32.81572295029838,58.93474443174058,8.079976424005672,32.81572295029838,58.93474443174058,67.93719005815448,0.01414506758815207,0.23331829425702974,0.7525366381548182
amos_0592,MRI,FOV-A,duodenum,18,-12.695151258978932,37.43143085102653,53.33925466265596,12.695151258978932,37.43143085102653,53.33925466265596,66.38791282312768,0.03656770707636296,0.31790314721791596,0.6455291457057212
amos_0553,MRI,FOV-A,spleen,0,-3.406105885923864,24.248559010098628,-53.48925357523345,3.406105885923864,24.248559010098628,53.48925357523345,58.827667125324496,0.0033523784247064072,0.16990596186958984,0.8267416597057039
amos_0553,MRI,FOV-A,kidney_right,1,8.47242287714316,23.976520769273975,-37.90013322901463,8.47242287714316,23.976520769273975,37.90013322901463,45.64072300463287,0.03445959884206253,0.2759734448413193,0.689566956316618
amos_0553,MRI,FOV-A,kidney_left,2,-3.125166782943687,28.69802889269256,-73.40400222273364,3.125166782943687,28.69802889269256,73.40400222273364,78.8764291284926,0.0015698274429858544,0.13237612218461994,0.8660540503723942
amos_0553,MRI,FOV-A,gallbladder,3,9.846660552777266,58.48588556139315,-23.560747792137548,9.846660552777266,58.48588556139315,23.560747792137548,63.817429989515475,0.023806706181022496,0.839892143999185,0.13630114981979263
amos_0553,MRI,FOV-A,esophagus,14,5.713882881806232,40.32122945731736,-24.0069079300129,5.713882881806232,40.32122945731736,24.0069079300129,47.27347703413354,0.014609238386256758,0.7274990641019594,0.257891697511784
amos_0553,MRI,FOV-A,liver,4,9.788236128717976,48.72365029823089,-47.15874231990492,9.788236128717976,48.72365029823089,47.15874231990492,68.51095271627031,0.02041215518616846,0.5057776348610418,0.4738102099527898
amos_0553,MRI,FOV-A,stomach,5,18.06917806461744,50.38155920818953,-39.93735161834812,18.06917806461744,50.38155920818953,39.93735161834812,66.78164986331748,0.07320866830542452,0.5691528558229226,0.3576384758716528
amos_0553,MRI,FOV-A,aorta,51,1.8002674086151678,44.80611463555152,-33.908025215712286,1.8002674086151678,44.80611463555152,33.908025215712286,56.219063008076596,0.0010254319205850876,0.6351954306622943,0.36377913741712065
amos_0553,MRI,FOV-A,inferior_vena_cava,62,2.135287304427713,39.775688132916265,-52.8579200485568,2.135287304427713,39.775688132916265,52.8579200485568,66.18628657191071,0.0010408223396091356,0.3611597742622183,0.6377994033981726
amos_0553,MRI,FOV-A,pancreas,6,0.569357759481548,36.60010711510963,-38.738989801511806,0.569357759481548,36.60010711510963,38.738989801511806,53.29729205069818,0.00011411958930111269,0.47157896534225113,0.5283069150684481
amos_0553,MRI,FOV-A,adrenal_gland_right,7,4.7346319836506865,37.575275578131134,-41.988996132436995,4.7346319836506865,37.575275578131134,41.988996132436995,56.545502659388525,0.007010941074199488,0.44157879564885516,0.5514102632769454
amos_0553,MRI,FOV-A,adrenal_gland_left,8,-6.446386185479298,35.47787662964419,-65.8890942017439,6.446386185479298,35.47787662964419,65.8890942017439,75.11064078895129,0.0073659659094716355,0.22310654159077256,0.769527492499756
amos_0553,MRI,FOV-A,duodenum,18,-1.3576315439318307,33.04973995999234,-45.185932243491656,1.3576315439318307,33.04973995999234,45.185932243491656,55.999079881241016,0.0005877627485563018,0.34831671119741947,0.6510955260540241
amos_0550,MRI,FOV-B,spleen,0,-15.148352057334208,30.253088876706492,-18.402206362418596,15.148352057334208,30.253088876706492,18.402206362418596,38.514453853584406,0.1546974988427249,0.6170096534365438,0.2282928477207315
amos_0550,MRI,FOV-B,kidney_right,1,4.239995530768255,51.57505182258682,-11.79627193716997,4.239995530768255,51.57505182258682,11.79627193716997,53.07650670700847,0.006381549386639389,0.9442232346758007,0.04939521593755977
amos_0550,MRI,FOV-B,kidney_left,2,-2.3587855439707113,48.02442781674569,-10.146676206851176,2.3587855439707113,48.02442781674569,10.146676206851176,49.14127159949102,0.002304008805045799,0.9550621146879773,0.0426338765069768
amos_0550,MRI,FOV-B,gallbladder,3,-14.267097159369463,45.50139517978974,-20.053450418830064,14.267097159369463,45.50139517978974,20.053450418830064,51.73072489693873,0.07606311539382915,0.7736638388637557,0.15027304574241526
amos_0550,MRI,FOV-B,esophagus,14,-5.5182630812859585,42.79540264558066,-13.008343552332832,5.5182630812859585,42.79540264558066,13.008343552332832,45.06789008825657,0.01499237201094833,0.9016952475712393,0.08331238041781243
amos_0550,MRI,FOV-B,liver,4,-0.7402528064575264,56.10586470045418,-20.029261061173187,0.7402528064575264,56.10586470045418,20.029261061173187,59.578413260674935,0.00015437688019466164,0.8868264854742641,0.11301913764554111
amos_0550,MRI,FOV-B,stomach,5,-8.291328354326481,56.225851907562046,-32.43590174518638,8.291328354326481,56.225851907562046,32.43590174518638,65.43837001816092,0.01605400089078552,0.738256267353087,0.2456897317561273
amos_0550,MRI,FOV-B,aorta,51,-1.3905525803884942,45.429016774281756,5.6634269210034205,1.3905525803884942,45.429016774281756,5.6634269210034205,45.801786057383666,0.0009217433287138613,0.983788739388972,0.015289517282314032
amos_0550,MRI,FOV-B,inferior_vena_cava,62,0.705236214255347,50.19339055776852,-7.564296934773253,0.705236214255347,50.19339055776852,7.564296934773253,50.76507068762933,0.000192991961610173,0.9776042387178989,0.02220276932049105
amos_0550,MRI,FOV-B,pancreas,6,-12.84836255333365,54.28564166810216,-12.670106431066444,12.84836255333365,54.28564166810216,12.670106431066444,57.20614397592313,0.05044408122759448,0.9005018340870747,0.04905408468533084
amos_0550,MRI,FOV-B,adrenal_gland_right,7,5.338040384491748,54.50931909483231,-12.781474436303526,5.338040384491748,54.50931909483231,12.781474436303526,56.24168055894663,0.00900838899630012,0.939344583310186,0.05164702769351377
amos_0550,MRI,FOV-B,adrenal_gland_left,8,-8.646962792301125,51.165712185426,-5.856286255277361,8.646962792301125,51.165712185426,5.856286255277361,52.22064876729359,0.027418434500154173,0.9600050576059127,0.012576507893933097
amos_0550,MRI,FOV-B,duodenum,18,-19.824757691160073,42.4535758103308,-25.557619686976977,19.824757691160073,42.4535758103308,25.557619686976977,53.37151900274966,0.13797380740766546,0.6327168866897804,0.22930930590255424
amos_0562,MRI,FOV-A,spleen,0,19.630049969400517,21.227076358702927,64.11121762430092,19.630049969400517,21.227076358702927,64.11121762430092,70.32905415125273,0.07790642162322728,0.09109841293385085,0.8309951654429217
amos_0562,MRI,FOV-A,kidney_right,1,-6.099149982448235,39.650489239415684,43.842445727613985,6.099149982448235,39.650489239415684,43.842445727613985,59.42660157549138,0.010533600330768693,0.4451796571896691,0.5442867424795623
amos_0562,MRI,FOV-A,kidney_left,2,13.976709988634454,22.134526470087348,70.34738792286512,13.976709988634454,22.134526470087348,70.34738792286512,75.06024694691233,0.03467288106146372,0.08696019262218588,0.8783669263163503
amos_0562,MRI,FOV-A,gallbladder,3,-35.92098073918957,30.31930307800603,54.92590289984267,35.92098073918957,30.31930307800603,54.92590289984267,72.29406480316457,0.24688294140605746,0.17588675664382472,0.5772303019501179
amos_0562,MRI,FOV-A,esophagus,14,9.41849923624136,42.805911553499136,10.770497474567037,9.41849923624136,42.805911553499136,10.770497474567037,45.13377679342518,0.04354718237765964,0.8995061686786259,0.05694664894371437
amos_0562,MRI,FOV-A,liver,4,0.4625273075065479,29.09585194261671,44.609849035303675,0.4625273075065479,29.09585194261671,44.609849035303675,53.261817118170555,7.5412406322936e-05,0.2984215612140129,0.7015030263796642
amos_0562,MRI,FOV-A,stomach,5,12.88945522261713,10.324463472774482,46.587719870787836,12.88945522261713,10.324463472774482,46.587719870787836,49.428213043721364,0.06800162712048528,0.04362999512292778,0.8883683777565866
amos_0562,MRI,FOV-A,aorta,51,4.2829341251004465,46.09526174993084,2.1469826444560027,4.2829341251004465,46.09526174993084,2.1469826444560027,46.343567137092315,0.008540904605028429,0.989312856063616,0.0021462393313555384
amos_0562,MRI,FOV-A,inferior_vena_cava,62,-1.7693618044121528,37.12320321124785,67.82000980759918,1.7693618044121528,37.12320321124785,67.82000980759918,77.33573939752154,0.0005234471160860423,0.23042542708825497,0.7690511257956588
amos_0562,MRI,FOV-A,pancreas,6,-1.4585773385491692,21.13000057293913,48.65625502265581,1.4585773385491692,21.13000057293913,48.65625502265581,53.06633136834179,0.0007554762124702821,0.1585480439665654,0.8406964798209643
amos_0562,MRI,FOV-A,adrenal_gland_right,7,-5.403732332424723,42.74452390139519,52.66484883945079,5.403732332424723,42.74452390139519,52.66484883945079,68.04322853862564,0.00630692742126488,0.39463095127162445,0.5990621213071105
amos_0562,MRI,FOV-A,adrenal_gland_left,8,5.5299082141929645,34.512179645981355,59.56264444767744,5.5299082141929645,34.512179645981355,59.56264444767744,69.06069100707238,0.0064117120039541495,0.24973702725953442,0.7438512607365118
amos_0562,MRI,FOV-A,duodenum,18,-10.732049899080504,28.97466145857622,46.29270744778996,10.732049899080504,28.97466145857622,46.29270744778996,55.65718879463931,0.03718115128751265,0.27101554837499126,0.6918033003374963
amos_0559,MRI,FOV-A,spleen,0,24.00445356555997,28.085339996737318,-88.79326105698306,24.00445356555997,28.085339996737318,88.79326105698306,96.17298645070248,0.062298479007227674,0.08528117330245963,0.8524203476903125
amos_0559,MRI,FOV-A,kidney_right,1,-2.6992102765954655,33.92699298566677,-18.36113046339048,2.6992102765954655,33.92699298566677,18.36113046339048,38.67114817354673,0.004871910527534388,0.7696913474940124,0.22543674197845334
amos_0559,MRI,FOV-A,kidney_left,2,29.67415147964202,37.56350491482352,-36.25533220586501,29.67415147964202,37.56350491482352,36.25533220586501,60.05015637681841,0.2441902577518259,0.3912946684389773,0.3645150738091966
amos_0559,MRI,FOV-A,gallbladder,3,12.517558097284962,30.253795032501344,-73.27849079432029,12.517558097284962,30.253795032501344,73.27849079432029,80.2603176400442,0.024324139371527102,0.14208818677969215,0.8335876738487806
amos_0559,MRI,FOV-A,esophagus,14,12.720736428922411,44.15530712676453,-107.12256126809838,12.720736428922411,44.15530712676453,107.12256126809838,116.5622212184999,0.011909920947756057,0.14349943469565307,0.8445906443565908
amos_0559,MRI,FOV-A,liver,4,-16.99646030231566,43.86914330503605,-68.66094666586841,16.99646030231566,43.86914330503605,68.66094666586841,83.23284804798648,0.041699174496108805,0.2777977960001473,0.680503029503744
amos_0559,MRI,FOV-A,stomach,5,-7.204419218252312,23.02110955954554,-95.14650762471148,7.204419218252312,23.02110955954554,95.14650762471148,98.15667605824986,0.005387140046027777,0.055006348628241185,0.9396065113257311
amos_0559,MRI,FOV-A,aorta,51,19.837068648867916,56.75317979091716,-37.94846816680923,19.837068648867916,56.75317979091716,37.94846816680923,71.09514009527936,0.07785296619693763,0.6372363920922043,0.28491064171085806
amos_0559,MRI,FOV-A,inferior_vena_cava,62,12.13991259213368,42.576157546686865,-35.93573286672118,12.13991259213368,42.576157546686865,35.93573286672118,57.02178150367885,0.0453262256320122,0.5575083357263052,0.39716543864168263
amos_0559,MRI,FOV-A,pancreas,6,0.5602090238215558,42.957681180872484,-77.99647094125746,0.5602090238215558,42.957681180872484,77.99647094125746,89.0456382192765,3.957991874564899e-05,0.23273213788552563,0.7672282821957288
amos_0559,MRI,FOV-A,adrenal_gland_right,7,5.082421710094636,40.74401101520385,-81.345427472781,5.082421710094636,40.74401101520385,81.345427472781,91.1207112284346,0.0031110514476811115,0.19993708655259712,0.7969518619997218
amos_0559,MRI,FOV-A,adrenal_gland_left,8,16.71932263743316,47.351027162811896,-80.16681671142578,16.71932263743316,47.351027162811896,80.16681671142578,94.59584570408613,0.031238719871356936,0.25056169615192514,0.718199583976718
amos_0559,MRI,FOV-A,duodenum,18,1.2460551848245345,46.506463503068616,-46.54248604786797,1.2460551848245345,46.506463503068616,46.54248604786797,65.80734615984652,0.0003585302458177629,0.49943373830803367,0.5002077314461486
amos_0573,MRI,FOV-B,spleen,0,-18.929685612966324,49.592217629186266,-14.549043570524134,18.929685612966324,49.592217629186266,14.549043570524134,55.03994654433566,0.11828530540269132,0.811841132775474,0.06987356182183449
amos_0573,MRI,FOV-B,kidney_right,1,2.327955906936495,45.435216967986044,-16.104084887581283,2.327955906936495,45.435216967986044,16.104084887581283,48.2609559550889,0.0023267925258569073,0.8863257609814319,0.11134744649271144
amos_0573,MRI,FOV-B,kidney_left,2,-24.60792285158241,51.52947294465132,-20.61915470591761,24.60792285158241,51.52947294465132,20.61915470591761,60.7123215649801,0.1642843648194984,0.720373487391022,0.11534214778947964
amos_0573,MRI,FOV-B,gallbladder,3,4.62723612266776,55.01732037727074,-12.036552414124706,4.62723612266776,55.01732037727074,12.036552414124706,56.508366191636995,0.006705293951637277,0.9479236674437777,0.04537103860458507
amos_0573,MRI,FOV-B,esophagus,14,-7.019282821004425,51.534697285873634,-14.851579282257418,7.019282821004425,51.534697285873634,14.851579282257418,54.08941451749184,0.016840730334850465,0.9077680594423195,0.07539121022283
amos_0573,MRI,FOV-B,liver,4,20.821017357104665,46.330757243716555,-17.136692976893933,20.821017357104665,46.330757243716555,17.136692976893933,53.60708979925485,0.1508549031246739,0.7469548214338443,0.10219027544148176
amos_0573,MRI,FOV-B,stomach,5,-2.326538618667712,73.88713853735547,-10.96360105338514,2.326538618667712,73.88713853735547,10.96360105338514,74.73233952741143,0.0009691776161813814,0.9775084921232767,0.02152233026054175
amos_0573,MRI,FOV-B,aorta,51,-6.304067914253592,48.6908413121106,-9.175079265020656,6.304067914253592,48.6908413121106,9.175079265020656,49.94718590139058,0.01593014458231618,0.9503257747310615,0.03374408068662219
amos_0573,MRI,FOV-B,inferior_vena_cava,62,-3.9463736926937685,52.45095694512732,-26.193871438232716,3.9463736926937685,52.45095694512732,26.193871438232716,58.76049396239491,0.004510508844972371,0.7967754720434013,0.19871401911162628
amos_0573,MRI,FOV-B,pancreas,6,-4.476405806519612,57.33115322148557,-11.50958293555751,4.476405806519612,57.33115322148557,11.50958293555751,58.64614086195761,0.005826128008464307,0.9556579502994718,0.03851592169206391
amos_0573,MRI,FOV-B,adrenal_gland_right,7,-2.4952370753206665,49.45427990192889,-11.873012224444551,2.4952370753206665,49.45427990192889,11.873012224444551,50.92072689938934,0.002401233757469405,0.9432321077976362,0.05436665844489433
amos_0573,MRI,FOV-B,adrenal_gland_left,8,-13.510241782176514,48.36835282541638,-13.245424727917566,13.510241782176514,48.36835282541638,13.245424727917566,51.93712991954564,0.06766597586879712,0.8672947201823111,0.06503930394889183
amos_0573,MRI,FOV-B,duodenum,18,-12.650801430656482,49.223897456081076,-26.985771220977984,12.650801430656482,49.223897456081076,26.985771220977984,57.54360699500552,0.048332795587898034,0.7317417459546581,0.21992545845744407
amos_0561,MRI,FOV-B,spleen,0,-17.503320308727552,37.200603511186245,-5.721445189206367,17.503320308727552,37.200603511186245,5.721445189206367,41.50886722712979,0.17781120185051186,0.803189842881109,0.018998955268379126
amos_0561,MRI,FOV-B,kidney_right,1,1.3377705650332885,43.72434119537428,-4.553384299884829,1.3377705650332885,43.72434119537428,4.553384299884829,43.98114313699237,0.0009251885419451571,0.9883562726374321,0.0107185388206229
amos_0561,MRI,FOV-B,kidney_left,2,-8.65284021124468,51.809720774481,-11.138726533322169,8.65284021124468,51.809720774481,11.138726533322169,53.695344670047106,0.025968334623268394,0.9309990427969698,0.04303262257976187
amos_0561,MRI,FOV-B,gallbladder,3,11.413349524451064,52.668623794794286,17.842872440425545,11.413349524451064,52.668623794794286,17.842872440425545,56.768094707592184,0.040421981413457785,0.8607862171590415,0.09879180142750064
amos_0561,MRI,FOV-B,esophagus,14,-7.348031780081168,44.21272086356489,-13.613023048484159,7.348031780081168,44.21272086356489,13.613023048484159,46.84092925763909,0.024608834602427083,0.8909297888773213,0.08446137652025172
amos_0561,MRI,FOV-B,liver,4,10.456829619673542,51.99854627749909,-2.2886736300949515,10.456829619673542,51.99854627749909,2.2886736300949515,53.0889077647411,0.03879649420045817,0.9593450161330004,0.0018584896665414926
amos_0561,MRI,FOV-B,stomach,5,-3.7288220350841925,63.310677919241655,-0.01144981192841854,3.7288220350841925,63.310677919241655,0.01144981192841854,63.42039248902103,0.003456889216632967,0.9965430781892773,3.259408962687971e-08
amos_0561,MRI,FOV-B,aorta,51,-5.037111497261034,41.71213661478593,8.894488471371229,5.037111497261034,41.71213661478593,8.894488471371229,42.94632415438788,0.013756600734984038,0.9433500501297672,0.04289334913524894
amos_0561,MRI,FOV-B,inferior_vena_cava,62,-10.062567126499639,48.951143721349624,-3.5394406873916937,10.062567126499639,48.951143721349624,3.5394406873916937,50.099873943784544,0.04034078219303693,0.9546681207909369,0.004991097016026357
amos_0561,MRI,FOV-B,pancreas,6,-7.65198128754156,50.37554253447439,2.9904996250044213,7.65198128754156,50.37554253447439,2.9904996250044213,51.04107357094555,0.02247543973777881,0.9740917649890359,0.0034327952731852598
amos_0561,MRI,FOV-B,adrenal_gland_right,7,1.345187168272715,48.781234088398165,-5.9243182000659775,1.345187168272715,48.781234088398165,5.9243182000659775,49.158070281902006,0.0007488171450782964,0.9847271540597563,0.014524028795165601
amos_0561,MRI,FOV-B,adrenal_gland_left,8,-12.524623532802934,50.94746384128266,-15.238641681104756,12.524623532802934,50.94746384128266,15.238641681104756,54.63265018999489,0.05255630503640386,0.8696421935967249,0.07780150136687107
amos_0561,MRI,FOV-B,duodenum,18,-11.496111025596067,44.21685928136599,-10.400701729315802,11.496111025596067,44.21685928136599,10.400701729315802,46.85579803912368,0.060197051631546795,0.8905311282493549,0.049271820119098246
amos_0576,MRI,FOV-B,spleen,0,-13.28058066551472,51.747311744290435,-39.61220390547358,13.28058066551472,51.747311744290435,39.61220390547358,66.50777994958814,0.03987394685948126,0.6053836453172383,0.35474240782328037
amos_0576,MRI,FOV-B,kidney_right,1,4.246936326177817,51.27878854570207,-3.4517619208646266,4.246936326177817,51.27878854570207,3.4517619208646266,51.57000371564623,0.006781990452114843,0.9887379133295007,0.004480096218384334
amos_0576,MRI,FOV-B,kidney_left,2,-0.8021799371620943,51.78021166380253,-23.40372339115126,0.8021799371620943,51.78021166380253,23.40372339115126,56.82928893774141,0.0001992503751004371,0.830200897631314,0.1695998519935854
amos_0576,MRI,FOV-B,gallbladder,3,8.285499414631744,58.87383863221796,-11.08160400225914,8.285499414631744,58.87383863221796,11.08160400225914,60.477932530016176,0.018769102654068677,0.9476562560763638,0.033574641269567586
amos_0576,MRI,FOV-B,esophagus,14,-3.5893165523503097,42.186132874780775,-13.777892007633135,3.5893165523503097,42.186132874780775,13.777892007633135,44.52396330534419,0.006498840692556297,0.8977425301018148,0.09575862920562903
amos_0576,MRI,FOV-B,liver,4,11.198337805166489,59.79804425242921,-17.333589262738005,11.198337805166489,59.79804425242921,17.333589262738005,63.25869254690148,0.031337670166013104,0.8935802007065039,0.07508212912748305
amos_0576,MRI,FOV-B,stomach,5,3.787547911730961,63.05986351367127,-5.440958084803238,3.787547911730961,63.05986351367127,5.440958084803238,63.407380725173404,0.00356809692930933,0.9890686261533974,0.007363276917293367
amos_0576,MRI,FOV-B,aorta,51,1.1358609986211956,35.605890279965706,-3.14306200147238,1.1358609986211956,35.605890279965706,3.14306200147238,35.76238864480734,0.0010087820323644943,0.9912670295454047,0.007724188422230692
amos_0576,MRI,FOV-B,inferior_vena_cava,62,2.0460485337359593,48.14834705504143,-34.82129944923259,2.0460485337359593,48.14834705504143,34.82129944923259,59.455635006854024,0.0011842566136108623,0.655808015986118,0.34300772740027097
amos_0576,MRI,FOV-B,pancreas,6,-14.526137118436854,43.243781379128805,-4.416672600726692,14.526137118436854,43.243781379128805,4.416672600726692,45.8316515566647,0.1004544693332286,0.8902588737972151,0.009286656869556221
amos_0576,MRI,FOV-B,adrenal_gland_right,7,3.7623367553580778,53.49427858039515,-14.803353055988595,3.7623367553580778,53.49427858039515,14.803353055988595,55.632115548466146,0.004573663194626843,0.9246205026718797,0.07080583413349323
amos_0576,MRI,FOV-B,adrenal_gland_left,8,5.496700511259192,45.32275367610235,-16.85807736786602,5.496700511259192,45.32275367610235,16.85807736786602,48.667858899237416,0.012756151527533089,0.8672575640771615,0.11998628439530559
amos_0576,MRI,FOV-B,duodenum,18,-8.945478874419223,48.94917205403166,-14.596669285822529,8.945478874419223,48.94917205403166,14.596669285822529,51.85658869717087,0.02975769586728343,0.8910104810752552,0.0792318230574615
amos_0575,MRI,FOV-A,spleen,0,11.839804460079733,71.60666234276935,-28.968410097131027,11.839804460079733,71.60666234276935,28.968410097131027,78.14642567053127,0.022954657776734923,0.8396313102677864,0.13741403195547874
amos_0575,MRI,FOV-A,kidney_right,1,-5.047243283720313,61.9853011563216,-7.165968369707553,5.047243283720313,61.9853011563216,7.165968369707553,62.60194347526754,0.0065002916915962074,0.9803966057099882,0.013103102598415768
amos_0575,MRI,FOV-A,kidney_left,2,18.3872494813007,61.60065006936773,-7.915737074823369,18.3872494813007,61.60065006936773,7.915737074823369,64.77182972476554,0.08058629816525266,0.9044785242840263,0.014935177550720954
amos_0575,MRI,FOV-A,gallbladder,3,-26.393041815459235,64.32157348820064,-60.67741715787989,26.393041815459235,64.32157348820064,60.67741715787989,92.28004348298688,0.08180188485571346,0.48584500144863874,0.43235311369564805
amos_0575,MRI,FOV-A,esophagus,14,3.6602231593230314,61.1711861274373,19.972998586523005,3.6602231593230314,61.1711861274373,19.972998586523005,64.45333132081593,0.003224960435372863,0.9007474993651836,0.09602754019944357
amos_0575,MRI,FOV-A,liver,4,-24.088924554408436,74.0274799694776,-53.27487343583564,24.088924554408436,74.0274799694776,53.27487343583564,94.33215897255663,0.06521016129751361,0.6158378569904489,0.3189519817120372
amos_0575,MRI,FOV-A,stomach,5,-19.08300441584776,45.180932854404254,-51.42050745414422,19.08300441584776,45.180932854404254,51.42050745414422,71.06015999117335,0.07211757911733128,0.40425744353390014,0.5236249773487683
amos_0575,MRI,FOV-A,aorta,51,4.999883821468025,69.60961355112346,31.080749187842372,4.999883821468025,69.60961355112346,31.080749187842372,76.39705561762503,0.00428318254739479,0.8302047302017076,0.1655120872508979
amos_0575,MRI,FOV-A,inferior_vena_cava,62,6.379634767043019,68.32997067105734,-15.512951543980627,6.379634767043019,68.32997067105734,15.512951543980627,70.35862631741975,0.008221611081912474,0.9431651935401502,0.04861319537793733
amos_0575,MRI,FOV-A,pancreas,6,3.0194528263523885,61.39912675719843,-26.327238976076416,3.0194528263523885,61.39912675719843,26.327238976076416,66.87371212980871,0.0020386639115209104,0.8429727313938724,0.15498860469460674
amos_0575,MRI,FOV-A,adrenal_gland_right,7,-4.815138169386696,70.47128647161048,-21.660683039256504,4.815138169386696,70.47128647161048,21.660683039256504,73.88215591251523,0.004247548901607997,0.9097986325877284,0.08595381851066358
amos_0575,MRI,FOV-A,adrenal_gland_left,8,10.637123205934977,71.1306050454324,-16.7088037557832,10.637123205934977,71.1306050454324,16.7088037557832,73.83695204419539,0.020753954356676922,0.9280374112140805,0.05120863442924262
amos_0575,MRI,FOV-A,duodenum,18,6.463648470717223,73.42806735689781,-6.92190506245775,6.463648470717223,73.42806735689781,6.92190506245775,74.03629243158929,0.007621950672674663,0.9836370325754695,0.008741016751855752
amos_0563,MRI,FOV-B,spleen,0,-17.92494178987853,79.0550455479983,3.3677537680754313,17.92494178987853,79.0550455479983,3.3677537680754313,81.13165553721313,0.048812924921054934,0.949464016726822,0.001723058352123021
amos_0563,MRI,FOV-B,kidney_right,1,8.61206676107016,58.34999897689572,15.5238627737495,8.61206676107016,58.34999897689572,15.5238627737495,60.99082217775939,0.0199381932005462,0.9152773809154138,0.06478442588403999
amos_0563,MRI,FOV-B,kidney_left,2,-6.882547837505548,63.355678548063366,18.025885855675057,6.882547837505548,63.355678548063366,18.025885855675057,66.22872511156254,0.010799550689066604,0.9151205397877467,0.07407990952318677
amos_0563,MRI,FOV-B,gallbladder,3,-7.75695326468508,75.15197312351563,-29.800879397767137,7.75695326468508,75.15197312351563,29.800879397767137,81.216265619569,0.009122131253688806,0.8562384813572315,0.1346393873890797
amos_0563,MRI,FOV-B,esophagus,14,8.822207745306217,58.015506921323286,2.2524899016288344,8.822207745306217,58.015506921323286,2.2524899016288344,58.725668183481666,0.02256828859865844,0.9759605179894021,0.0014711934119395428
amos_0563,MRI,FOV-B,liver,4,5.8714591017496645,76.69899781320927,-14.271722381121037,5.8714591017496645,76.69899781320927,14.271722381121037,78.23613204433097,0.005632190532258027,0.961091279211125,0.03327653025661697
amos_0563,MRI,FOV-B,stomach,5,6.277962936974326,73.65196160822822,-15.827670458055344,6.277962936974326,73.65196160822822,15.827670458055344,75.59457268552251,0.006896937048589868,0.9492648576756432,0.04383820527576678
amos_0563,MRI,FOV-B,aorta,51,9.646003987331317,61.2995366653396,13.416651780302807,9.646003987331317,61.2995366653396,13.416651780302807,63.487677019267515,0.02308426231432479,0.9322566936173032,0.0446590440683719
amos_0563,MRI,FOV-B,inferior_vena_cava,62,7.177090674025589,57.92296747427292,4.244393554887999,7.177090674025589,57.92296747427292,4.244393554887999,58.52004501209512,0.015041375839266374,0.9796981851500894,0.005260439010644077
amos_0563,MRI,FOV-B,pancreas,6,4.310459693756849,64.47745425833124,-6.218617320726924,4.310459693756849,64.47745425833124,6.218617320726924,64.91989965941372,0.00440850661795125,0.9864159459518973,0.009175547430151218
amos_0563,MRI,FOV-B,adrenal_gland_right,7,7.936559128916549,58.791697707174265,12.247468467451569,7.936559128916549,58.791697707174265,12.247468467451569,60.576011538890285,0.017165764984763698,0.941956077766713,0.04087815724852334
amos_0563,MRI,FOV-B,adrenal_gland_left,8,1.4483069014192296,59.08428393351729,13.349167007462711,1.4483069014192296,59.08428393351729,13.349167007462711,60.59084469299235,0.0005713565182229111,0.9508892529648179,0.048539390516959297
amos_0563,MRI,FOV-B,duodenum,18,-10.551505809734966,62.459562071818574,-7.800231686380814,10.551505809734966,62.459562071818574,7.800231686380814,63.822995725815375,0.027332195236762474,0.9577308992251291,0.014936905538108424
amos_0568,MRI,FOV-B,spleen,0,-14.646738114116424,46.1223195062852,-16.564101834440585,14.646738114116424,46.1223195062852,16.564101834440585,51.14845807651571,0.08200054536622219,0.8131247642478268,0.10487469038595099
amos_0568,MRI,FOV-B,kidney_right,1,3.950107695383153,50.00370832494309,-0.012778420609951269,3.950107695383153,50.00370832494309,0.012778420609951269,50.15948923522988,0.006201712963013637,0.9937982221364705,6.490051562481616e-08
amos_0568,MRI,FOV-B,kidney_left,2,-14.139810594349584,60.16217281884444,-12.436790667471177,14.139810594349584,60.16217281884444,12.436790667471177,63.04042388844704,0.05030937645645187,0.9107701245638733,0.038920498979674804
amos_0568,MRI,FOV-B,gallbladder,3,1.86977726295099,50.99915927203215,-9.355444009610856,1.86977726295099,50.99915927203215,9.355444009610856,51.88385727838781,0.0012987191268310058,0.9661877379666637,0.032513542906505155
amos_0568,MRI,FOV-B,esophagus,14,-8.244353421041755,44.34943197814932,-19.120454477080216,8.244353421041755,44.34943197814932,19.120454477080216,48.99421659263094,0.02831545641242898,0.8193821298631652,0.15230241372440576
amos_0568,MRI,FOV-B,liver,4,6.456001864922925,52.24330542206775,-6.847501337107751,6.456001864922925,52.24330542206775,6.847501337107751,53.084189699618044,0.01479097862222125,0.9685697667972668,0.016639254580511877
amos_0568,MRI,FOV-B,stomach,5,2.558307898241825,61.585542368171474,-21.09926089261959,2.558307898241825,61.585542368171474,21.09926089261959,65.14984864371425,0.0015419802139532595,0.8935744012640098,0.10488361852203723
amos_0568,MRI,FOV-B,aorta,51,-2.2480810706659353,48.79387845263408,10.074670826035181,2.2480810706659353,48.79387845263408,10.074670826035181,49.873795075206374,0.00203179133834531,0.9571628783886845,0.040805330272970126
amos_0568,MRI,FOV-B,inferior_vena_cava,62,-7.164105029410692,50.455175118828244,-9.911110001022447,7.164105029410692,50.455175118828244,9.911110001022447,51.91607842081699,0.019042331829353717,0.9445124266151442,0.03644524155550231
amos_0568,MRI,FOV-B,pancreas,6,-14.307172859515422,54.107993637244356,1.52168333474784,14.307172859515422,54.107993637244356,1.52168333474784,55.988263867094325,0.06530007006107828,0.9339612529551311,0.0007386769837904903
amos_0568,MRI,FOV-B,adrenal_gland_right,7,-6.086481686643637,56.8372465714597,-7.597132504464724,6.086481686643637,56.8372465714597,7.597132504464724,57.66484439792715,0.01114064640525686,0.9715022540822952,0.017357099512448158
amos_0568,MRI,FOV-B,adrenal_gland_left,8,-10.482849412309758,55.075026948139865,-15.169321876465446,10.482849412309758,55.075026948139865,15.169321876465446,58.079747342178656,0.03257686269648297,0.8992076640412594,0.0682154732622577
amos_0568,MRI,FOV-B,duodenum,18,-6.547144316804527,52.328394548057176,-0.5415875463644504,6.547144316804527,52.328394548057176,0.5415875463644504,52.73916278964412,0.01541123225547787,0.9844833118460725,0.0001054558984496888
amos_0598,MRI,FOV-A,spleen,0,-17.802709071849677,43.58481603606433,25.207448427818235,17.802709071849677,43.58481603606433,25.207448427818235,53.40400823379838,0.11112825148329056,0.6660743752534581,0.2227973732632514
amos_0598,MRI,FOV-A,kidney_right,1,5.75608039335426,34.5868891978233,30.74777022439391,5.75608039335426,34.5868891978233,30.74777022439391,46.63486613735894,0.01523464129117681,0.550049198568589,0.4347161601402344
amos_0598,MRI,FOV-A,kidney_left,2,-9.032635491703871,43.390068845625684,17.203987371290356,9.032635491703871,43.390068845625684,17.203987371290356,47.54223132989914,0.036096895139477954,0.8329550328999514,0.13094807196057054
amos_0598,MRI,FOV-A,gallbladder,3,13.863949971005361,59.992620230643894,24.08014339351758,13.863949971005361,59.992620230643894,24.08014339351758,66.11487651647828,0.043971935553494976,0.8233742461399761,0.13265381830652911
amos_0598,MRI,FOV-A,esophagus,14,1.9286380261949496,49.73706581161963,22.324121625160842,1.9286380261949496,49.73706581161963,22.324121625160842,54.55145980191952,0.0012499386490100262,0.8312804523987924,0.16746960895219748
amos_0598,MRI,FOV-A,liver,4,9.671254697368134,52.840314255928185,25.394780309996698,9.671254697368134,52.840314255928185,25.394780309996698,59.4182366372447,0.026492694015829286,0.7908448039579455,0.18266250202622505
amos_0598,MRI,FOV-A,stomach,5,14.22416698368356,55.79634200170518,7.54780895009079,14.22416698368356,55.79634200170518,7.54780895009079,58.07347180165857,0.059992657957106545,0.9231151419484525,0.016892200094441093
amos_0598,MRI,FOV-A,aorta,51,0.9032040961787224,49.98768164541483,-0.5394795279491689,0.9032040961787224,49.98768164541483,0.5394795279491689,49.99875130524535,0.0003263273548683332,0.9995572515657979,0.00011642107933353571
amos_0598,MRI,FOV-A,inferior_vena_cava,62,1.2005035620977598,49.78400863750845,18.1675547381326,1.2005035620977598,49.78400863750845,18.1675547381326,53.008949904569604,0.0005128950456335245,0.8820258726754641,0.11746123227890247
amos_0598,MRI,FOV-A,pancreas,6,0.5064282756331622,52.097471820728934,-7.343504151233152,0.5064282756331622,52.097471820728934,7.343504151233152,52.61492272092761,9.26441536057596e-05,0.980427361984059,0.019479993862335267
amos_0598,MRI,FOV-A,adrenal_gland_right,7,3.6100627597000887,48.074596465467025,19.389161276758884,3.6100627597000887,48.074596465467025,19.389161276758884,51.962861290181415,0.0048266231307320644,0.8559436625858364,0.13922971428343148
amos_0598,MRI,FOV-A,adrenal_gland_left,8,-9.939684556219142,53.22609664014094,4.791459836025062,9.939684556219142,53.22609664014094,4.791459836025062,54.35782170012891,0.033436523358560774,0.9587936448913398,0.007769831750099363
amos_0598,MRI,FOV-A,duodenum,18,0.818080262232959,44.544159052970855,-12.463154696802293,0.818080262232959,44.544159052970855,12.463154696802293,46.26209664561525,0.00031270959427835205,0.9271092316050027,0.07257805880071873
amos_0594,MRI,FOV-A,spleen,0,-3.91647173512888,44.27248786432672,42.12928201030747,3.91647173512888,44.27248786432672,42.12928201030747,61.23943447855341,0.0040900408933081025,0.5226434501425372,0.4732665089641547
amos_0594,MRI,FOV-A,kidney_right,1,0.7980503724555206,47.8897710154642,34.002595738107274,0.7980503724555206,47.8897710154642,34.002595738107274,58.73877398481962,0.00018459114094276411,0.6647154387476948,0.3350999701113623
amos_0594,MRI,FOV-A,kidney_left,2,6.8085446278007,35.359159087722965,42.5569832821047,6.8085446278007,35.359159087722965,42.5569832821047,55.74695720317831,0.014916476277772657,0.40231064218951534,0.582772881532712
amos_0594,MRI,FOV-A,gallbladder,3,10.282534568658015,41.77141611945706,41.131139396418035,10.282534568658015,41.77141611945706,41.131139396418035,59.51766418323266,0.029847543867503518,0.4925685059843161,0.47758395014818034
amos_0594,MRI,FOV-A,esophagus,14,4.04438438826949,52.10423144633873,32.32159212062416,4.04438438826949,52.10423144633873,32.32159212062416,61.44829775433739,0.004331966979438313,0.7189956709948393,0.2766723620257224
amos_0594,MRI,FOV-A,liver,4,15.246920702895256,42.882868998825934,48.85545695638985,15.246920702895256,42.882868998825934,48.85545695638985,66.77023827206628,0.05214329017620338,0.4124789732137497,0.5353777366100468
amos_0594,MRI,FOV-A,stomach,5,12.32527906220863,45.9417753452745,28.835440442502176,12.32527906220863,45.9417753452745,28.835440442502176,55.62411213988121,0.04909839984712283,0.6821648908707213,0.26873670928215593
amos_0594,MRI,FOV-A,aorta,51,0.14660208933704766,56.85316089281199,61.251856630943294,0.14660208933704766,56.85316089281199,61.251856630943294,83.57088809157287,3.0773031749060657e-06,0.4628062295002918,0.5371906931965335
amos_0594,MRI,FOV-A,inferior_vena_cava,62,-0.0827904983144574,48.85692184381603,63.49883337280708,0.0827904983144574,48.85692184381603,63.49883337280708,80.1193329105209,1.0677912162587597e-06,0.37185836345809814,0.6281405687506857
amos_0594,MRI,FOV-A,pancreas,6,6.894599511835583,44.71038793135847,37.18300556896269,6.894599511835583,44.71038793135847,37.18300556896269,58.55877555535702,0.013862262361532459,0.582952141086367,0.40318559655210046
amos_0594,MRI,FOV-A,adrenal_gland_right,7,1.0825264478006673,48.54723572981939,47.80573666522949,1.0825264478006673,48.54723572981939,47.80573666522949,68.14245679913593,0.00025237216668225074,0.5075670693737936,0.49218055845952446
amos_0594,MRI,FOV-A,adrenal_gland_left,8,1.8006002963802743,42.122284539779,43.11121918869771,1.8006002963802743,42.122284539779,43.11121918869771,60.3001346284846,0.0008916575085278891,0.4879634255950242,0.5111449168964479
amos_0594,MRI,FOV-A,duodenum,18,-2.1045600590189704,40.72408174279208,15.821031993642976,2.1045600590189704,40.72408174279208,15.821031993642976,43.73997096683426,0.0023150782086926638,0.8668533265872397,0.13083159520406765
amos_0572,MRI,FOV-B,spleen,0,-8.813688668755404,48.00123975352387,-9.30778590542053,8.813688668755404,48.00123975352387,9.30778590542053,49.683347353878766,0.03146978057549116,0.9334331322779111,0.03509708714659812
amos_0572,MRI,FOV-B,kidney_right,1,8.795793384508961,54.272786700828114,3.7399858890534503,8.795793384508961,54.272786700828114,3.7399858890534503,55.10797448633796,0.02547540757454957,0.9699187292766666,0.0046058631487838776
amos_0572,MRI,FOV-B,kidney_left,2,-6.376013862559155,53.93038398050636,-8.877391658668921,6.376013862559155,53.93038398050636,8.877391658668921,55.0267930350462,0.013426106863042122,0.9605469983825116,0.026026894754446226
amos_0572,MRI,FOV-B,esophagus,14,-8.345663406960506,52.929873600303225,12.638471996962679,8.345663406960506,52.929873600303225,12.638471996962679,55.05408787242202,0.022979606444002175,0.9243204685001466,0.05269992505585111
amos_0572,MRI,FOV-B,liver,4,-1.7357905589563103,65.39895868593129,-1.2213706484016917,1.7357905589563103,65.39895868593129,1.2213706484016917,65.43338988872185,0.000703713371494651,0.9989478722114389,0.0003484144170665682
amos_0572,MRI,FOV-B,stomach,5,-6.2839439540166495,65.81172982716922,9.938179877814001,6.2839439540166495,65.81172982716922,9.938179877814001,66.85386416464887,0.008835102181474402,0.9690665056296488,0.0220983921888771
amos_0572,MRI,FOV-B,aorta,51,3.07124733101484,52.38863961870675,3.686873377559813,3.07124733101484,52.38863961870675,3.686873377559813,52.60793815166259,0.003408215304133872,0.9916802876982306,0.004911496997635262
amos_0572,MRI,FOV-B,inferior_vena_cava,62,0.08343256538109856,54.62074828485736,-0.31176863305810265,0.08343256538109856,54.62074828485736,0.31176863305810265,54.621701766525675,2.3331396892597545e-06,0.9999650881127667,3.257874754373924e-05
amos_0572,MRI,FOV-B,pancreas,6,-2.931122655638232,64.40733726716826,3.1735066530018226,2.931122655638232,64.40733726716826,3.1735066530018226,64.55205433094909,0.0020618062349199947,0.9955212937175211,0.0024169000475590097
amos_0572,MRI,FOV-B,adrenal_gland_right,7,2.3512525970514346,50.26118906265618,5.22929185550257,2.3512525970514346,50.26118906265618,5.22929185550257,50.58716248295842,0.0021603192568257295,0.98715392795193,0.010685752791244197
amos_0572,MRI,FOV-B,adrenal_gland_left,8,-3.9089713628475486,47.58765870144953,13.400647081123603,3.9089713628475486,47.58765870144953,13.400647081123603,49.592768222736204,0.006212812912499163,0.9207717250424282,0.0730154620450725
amos_0572,MRI,FOV-B,duodenum,18,-18.264952651449736,62.805071568470275,-12.655324931965673,18.264952651449736,62.805071568470275,12.655324931965673,66.62013779041594,0.07516679764015013,0.8887474680225071,0.036085734337342815
amos_0581,MRI,FOV-B,spleen,0,-12.967930097255348,66.44295411324457,-0.8284025622373292,12.967930097255348,66.44295411324457,0.8284025622373292,67.70169579196038,0.03668953668844484,0.9631607419482695,0.00014972136328574934
amos_0581,MRI,FOV-B,kidney_right,1,5.217221158576052,62.089403202507995,17.70615475222854,5.217221158576052,62.089403202507995,17.70615475222854,64.77515961208408,0.006487263077557101,0.9187936548912752,0.07471908203116778
amos_0581,MRI,FOV-B,kidney_left,2,-10.806384515945702,63.5096892837735,1.369438642153007,10.806384515945702,63.5096892837735,1.369438642153007,64.4370541026089,0.02812480231947002,0.9714235354217787,0.0004516622587515472
amos_0581,MRI,FOV-B,gallbladder,3,9.77876826308929,72.49024287530672,1.185440201413428,9.77876826308929,72.49024287530672,1.185440201413428,73.15644120195627,0.01786747437024314,0.9818699501536969,0.00026257547606020496
amos_0581,MRI,FOV-B,esophagus,14,5.01218825342557,56.972350121627336,2.038251458590821,5.01218825342557,56.972350121627336,2.038251458590821,57.228709390283434,0.007670555999772679,0.9910609523298176,0.0012684916704096387
amos_0581,MRI,FOV-B,liver,4,7.491772736853591,68.0802552830227,4.500603097496096,7.491772736853591,68.0802552830227,4.500603097496096,68.63893389602868,0.011913191702051457,0.9837874823615973,0.004299325936351141
amos_0581,MRI,FOV-B,stomach,5,8.25599281429885,79.44938383926171,-3.2443308485868414,8.25599281429885,79.44938383926171,3.2443308485868414,79.94305280912899,0.010665400171051356,0.9876876179738912,0.0016469818550575892
amos_0581,MRI,FOV-B,aorta,51,9.662278750685704,59.105538259263284,-0.8933118936958238,9.662278750685704,59.105538259263284,0.8933118936958238,59.89676359965208,0.026022703371996067,0.9737548634745177,0.00022243315348627308
amos_0581,MRI,FOV-B,inferior_vena_cava,62,3.7821417236108523,62.77897270409643,-19.61333516679771,3.7821417236108523,62.77897270409643,19.61333516679771,65.88009506796652,0.003295847911813312,0.908071352877137,0.08863279921104965
amos_0581,MRI,FOV-B,pancreas,6,-2.589147204068528,69.44891903377138,24.982283401489255,2.589147204068528,69.44891903377138,24.982283401489255,73.85100217435098,0.0012291381512061898,0.8843378113918932,0.11443305045690064
amos_0581,MRI,FOV-B,adrenal_gland_right,7,2.4428522427087955,66.1812736374766,18.172385772858107,2.4428522427087955,66.1812736374766,18.172385772858107,68.67433372109144,0.0012653349073409102,0.9287125884997769,0.07002207659288222
amos_0581,MRI,FOV-B,adrenal_gland_left,8,-1.3993074087486335,54.41601065867281,14.682969760626506,1.3993074087486335,54.41601065867281,14.682969760626506,56.379516477355885,0.0006160040580735582,0.9315597280133777,0.0678242679285488
amos_0581,MRI,FOV-B,duodenum,18,-6.790867678840133,65.47460382513724,12.010116471403954,6.790867678840133,65.47460382513724,12.010116471403954,66.91249903827297,0.010299971812764434,0.9574834109044925,0.03221661728274265
amos_0596,MRI,FOV-A,spleen,0,-5.739886333289718,25.436027603037672,-10.19376175228011,5.739886333289718,25.436027603037672,10.19376175228011,27.997331551485928,0.04203134654963603,0.825401577392139,0.13256707605822485
amos_0596,MRI,FOV-A,kidney_right,1,2.8192863028476545,34.6728869597744,-17.3727834670257,2.8192863028476545,34.6728869597744,17.3727834670257,38.88407219897216,0.005256962524653916,0.795127045327108,0.1996159921482381
amos_0596,MRI,FOV-A,kidney_left,2,-1.0843850197768887,34.84036405499981,-21.818304726708416,1.0843850197768887,34.84036405499981,21.818304726708416,41.12256411635279,0.0006953551027088293,0.7178025486049118,0.28150209629237943
amos_0596,MRI,FOV-A,gallbladder,3,-3.343873383995213,31.01534682843726,-11.386976747148417,3.343873383995213,31.01534682843726,11.386976747148417,33.20837947772435,0.010139213841670264,0.8722840226692843,0.11757676348904522
amos_0596,MRI,FOV-A,esophagus,14,3.9275256257227866,36.519921793289484,23.305956344709045,3.9275256257227866,36.519921793289484,23.305956344709045,43.50054880654005,0.008151707398839999,0.7048069947109681,0.2870412978901919
amos_0596,MRI,FOV-A,liver,4,10.288373249587057,34.26472761658251,-2.5099631826542748,10.288373249587057,34.26472761658251,2.5099631826542748,35.86393868413912,0.08229575925679808,0.9128062412543336,0.004897999488868502
amos_0596,MRI,FOV-A,stomach,5,1.63851262328933,33.922316324183974,-14.215497896909042,1.63851262328933,33.922316324183974,14.215497896909042,36.81696142909817,0.0019806315743870102,0.8489363195743848,0.14908304885122825
amos_0596,MRI,FOV-A,aorta,51,-2.075667503637618,42.873884350833805,59.80267703632088,2.075667503637618,42.873884350833805,59.80267703632088,73.61276068471301,0.0007950773135853241,0.3392184408603565,0.6599864818260582
amos_0596,MRI,FOV-A,inferior_vena_cava,62,2.4302854342507842,43.67746141538993,-1.816752203097252,2.4302854342507842,43.67746141538993,1.816752203097252,43.78273074572058,0.0030811218767207334,0.9951970662406872,0.001721811882592268
amos_0596,MRI,FOV-A,pancreas,6,-11.226293629538084,35.401276564884014,-10.089281400630995,11.226293629538084,35.401276564884014,10.089281400630995,38.48471969835732,0.08509345138534251,0.8461769488657384,0.06872959974891935
amos_0596,MRI,FOV-A,adrenal_gland_right,7,0.993631886564978,42.67638624735075,-8.61500824103345,0.993631886564978,42.67638624735075,8.61500824103345,43.54858912125789,0.000520598438535756,0.9603445928203144,0.03913480874114991
amos_0596,MRI,FOV-A,adrenal_gland_left,8,-1.8984180063752092,35.74460890106357,-10.98932976134671,1.8984180063752092,35.74460890106357,10.98932976134671,37.443910386343774,0.0025705218191165225,0.9112944070102901,0.0861350711705934
amos_0596,MRI,FOV-A,duodenum,18,-10.554225878713863,41.28204781603381,-30.179299851052065,10.554225878713863,41.28204781603381,30.179299851052065,52.21483788430188,0.04085685198793779,0.6250785516335535,0.33406459637850844
amos_0596,MRI,FOV-A,urinary_bladder,20,-6.88619432163892,60.67729832035231,-55.400768380210735,6.88619432163892,60.67729832035231,55.400768380210735,82.45240651921664,0.006975123092683923,0.5415590268956281,0.451465850011688
amos_0596,MRI,FOV-A,prostate,21,-24.499167739271044,33.05740930958911,-87.73805644544395,24.499167739271044,33.05740930958911,87.73805644544395,96.90700737822088,0.06391345544651124,0.11636631080720039,0.8197202337462884
